tree
version=v4
num_class=1
num_tree_per_iteration=1
label_index=0
max_feature_idx=53
objective=binary sigmoid:1
feature_names=Column_0 Column_1 Column_2 Column_3 Column_4 Column_5 Column_6 Column_7 Column_8 Column_9 Column_10 Column_11 Column_12 Column_13 Column_14 Column_15 Column_16 Column_17 Column_18 Column_19 Column_20 Column_21 Column_22 Column_23 Column_24 Column_25 Column_26 Column_27 Column_28 Column_29 Column_30 Column_31 Column_32 Column_33 Column_34 Column_35 Column_36 Column_37 Column_38 Column_39 Column_40 Column_41 Column_42 Column_43 Column_44 Column_45 Column_46 Column_47 Column_48 Column_49 Column_50 Column_51 Column_52 Column_53
feature_infos=[50:1711894] [4:6] [0:1] [1:4] [0:12] [0.26500000000000001:1] none none none [0:1] none none none [0:1] none none none [0:1] none none none [0:1] none none none [56:1480] [56:1480] [60:1480] [56:1472] [1:745785] [56:2064] [56:2064] [60:2064] [56:2064] [2:1210476] [1:2] [7:20] [128:256] [5:6] [4:13] [2:31] [2:31] [0:3] [208:528] none [0:2] [208:432] none [32:384] [-224:96] [-48:272] [0:4] [180:592] [38:625]
tree_sizes=1664 1709 1707 1718 1708 1712 1709 1713 1721 1719 1716 1724 1713 1714 1680 1714 1716 1694 1710 1715 1712 1723 1721 1696 1699 1718 1717 1716 1715 1713 1712 1718 1702 1715 1715 1717 1720 1728 1716 1716 1710 1723 1720 1713 1722 1723 1719 1716 1716 1718 1718 1716 1715 1712 1718 1722 1716

Tree=0
num_leaves=15
num_cat=0
split_feature=28 28 3 26 28 31 26 28 35 35 30 32 35 34
split_gain=567.448 145.083 298.554 120.807 50.7122 53.9555 24.9387 22.909 22.5244 13.5722 9.83155 3.32146 10.1141 6.15406
threshold=98.000000000000014 70.000000000000014 1.5000000000000002 99.800000000000026 82.000000000000014 99.90000000000002 81.200000000000017 164.00000000000003 1.0000000180025095e-35 1.5000000000000002 94.000000000000014 124.00000000000003 1.0000000180025095e-35 90.500000000000014
decision_type=2 2 2 2 2 2 2 2 10 10 2 2 10 2
left_child=1 -1 3 6 9 -6 10 11 -9 -5 -3 12 13 -2
right_child=7 2 -4 4 5 -7 -8 8 -10 -11 -12 -13 -14 -15
leaf_value=0.20261536872149682 0.36499776626967911 0.26481677953778038 0.39953046052647417 0.20919837830788707 0.2251130622631578 0.39742112099953747 0.20606928440927916 0.25219793488696446 0.38673195547807976 0.328488650068542 0.37629629067478676 0.39746135592959808 0.39763729400158271 0.30472375851275307
leaf_weight=66.828951418399811 10.975557714700701 3.6585192382335654 44.1461321413517 8.2926436066627485 4.878025650978091 20.487707734107971 73.658187329769135 5.6097294986247999 4.8780256509780884 2.9268153905868521 2.4390128254890442 108.53607073426247 21.707214146852493 6.0975320637226096
leaf_count=274 45 15 181 34 20 84 302 23 20 12 10 445 89 25
internal_value=0.314462 0.263977 0.290066 0.248162 0.323317 0.362134 0.214011 0.387048 0.315573 0.238878 0.311768 0.392098 0.375391 0.344096
internal_weight=385.12 227.316 160.487 116.341 36.5852 25.3657 79.7557 157.804 10.4878 11.2195 6.09753 147.316 38.7803 17.0731
internal_count=1579 932 658 477 150 104 327 647 43 46 25 604 159 70
is_linear=0
shrinkage=1


Tree=1
num_leaves=15
num_cat=0
split_feature=28 28 3 27 31 28 28 35 13 27 21 1 25 31
split_gain=535.434 121.365 282.176 104.442 44.4262 57.8245 21.9411 25.2319 11.7691 12.4665 3.95373 2.91613 1.5359 1.05633
threshold=98.000000000000014 74.000000000000014 1.5000000000000002 96.200000000000017 99.90000000000002 82.000000000000014 164.00000000000003 1.0000000180025095e-35 1.0000000180025095e-35 86.000000000000014 0.73750000000000016 5.0000000000000009 119.84000000000002 82.40000000000002
decision_type=2 2 2 2 2 2 2 10 2 2 2 2 2 2
left_child=1 8 3 13 -5 12 10 -8 9 -1 -2 -11 -6 -3
right_child=6 2 -4 4 5 -7 7 -9 -10 11 -12 -13 -14 -15
leaf_value=0.03714166458159382 0.07524981909277384 -0.042894435651189021 0.081713183863894354 -0.090288746444083065 -0.0297247378674836 0.077654101110386647 -0.067140630272168184 0.071125675412581635 -0.10669015952963093 -0.03286891654644828 0.011727061130467465 -0.09635273778844354 -0.092858789581389573 -0.10324934131043828
leaf_weight=2.6940129250288001 148.72433000802994 2.7074357271194449 44.932920530438423 8.6447881460189802 2.7025531232357052 19.986672729253769 5.6595300883054716 5.5402529686689377 67.554299935698509 4.6655414104461652 2.9012233614921561 5.412160336971283 4.9456915259361267 67.53054678440094
leaf_count=11 618 11 187 35 11 83 23 23 273 19 12 22 20 273
internal_value=-8.87308e-05 -0.0488264 -0.0222021 -0.0663895 0.00259439 0.0337886 0.0691623 0.00147993 -0.0981349 -0.0484215 0.0741192 -0.0725827 -0.0765667 -0.101558
internal_weight=394.602 231.777 151.451 106.518 36.2797 27.6349 162.825 11.1998 80.326 12.7717 151.626 10.0777 7.64824 70.238
internal_count=1621 945 620 433 149 114 676 46 325 52 630 41 31 284
is_linear=0
shrinkage=0.05


Tree=2
num_leaves=15
num_cat=0
split_feature=28 1 21 28 27 28 32 28 3 3 25 26 48 28
split_gain=486.374 111.544 87.8505 67.4765 45.4242 56.6212 31.5625 28.8185 38.6598 25.3198 43.851 17.217 14.8722 10.7104
threshold=98.000000000000014 5.0000000000000009 0.040243902439024398 74.000000000000014 96.200000000000017 82.000000000000014 99.600000000000037 92.000000000000014 3.5000000000000004 1.5000000000000002 79.840000000000018 81.200000000000017 320.00000000000006 164.00000000000003
decision_type=2 2 2 2 2 2 2 2 2 2 2 2 8 2
left_child=1 2 4 -4 9 12 -7 -3 -9 11 -11 -1 -6 -2
right_child=13 7 3 -5 5 6 -8 8 -10 10 -12 -13 -14 -15
leaf_value=0.0072392008739610783 0.07320188645190491 -0.097283612720317769 -0.080863219367668895 0.078421600903851293 0.028398490449110747 -0.073190614431094772 0.075608022345465001 -0.091998914791669606 0.069566468301185069 -0.081274690971603836 0.071443201728140032 -0.094980842014132927 -0.086712453697140507 0.013512480255235333
leaf_weight=4.4066684842109671 142.86552685499191 81.349582687020302 7.4827735126018515 31.632871776819229 2.942654117941859 3.4719349592924145 19.702000185847282 6.7304192185401899 6.1377213895320892 9.4692267030477542 7.5541186332702628 41.879313006997108 13.926778987050055 8.4649255126714689
leaf_count=18 603 327 30 134 12 14 83 27 26 38 32 168 56 35
internal_value=0.00022783 -0.0444725 -0.0163422 0.0466944 -0.0404183 0.00135372 0.0512094 -0.0863905 -0.0154775 -0.0664495 -0.0133022 -0.0853017 -0.0661673 0.0699737
internal_weight=388.017 236.686 142.468 39.1156 103.353 40.0434 23.1739 94.2177 12.8681 63.3093 17.0233 46.286 16.8694 151.33
internal_count=1603 965 585 164 421 165 97 380 53 256 70 186 68 638
is_linear=0
shrinkage=0.05


Tree=3
num_leaves=15
num_cat=0
split_feature=28 28 3 27 27 28 35 30 28 13 27 21 27 4
split_gain=451.662 108.979 249.135 81.0932 38.3702 20.9731 21.321 16.9721 13.868 7.25005 12.99 6.5912 5.50035 2.63585
threshold=98.000000000000014 74.000000000000014 1.5000000000000002 96.200000000000017 153.60000000000005 164.00000000000003 1.0000000180025095e-35 242.00000000000003 82.000000000000014 1.0000000180025095e-35 86.000000000000014 0.73750000000000016 80.40000000000002 1.0000000180025095e-35
decision_type=2 2 2 2 2 2 10 2 2 2 2 2 2 2
left_child=1 9 3 12 8 11 -7 13 -5 10 -1 -2 -3 -6
right_child=5 2 -4 4 7 6 -8 -9 -10 -11 -12 -13 -14 -15
leaf_value=0.030946831707832453 0.07103598910219068 -0.014279732944869616 0.077189674456310253 -0.035844897866835514 -0.091112789027480323 -0.068879244944650017 0.06643059353513403 0.05508198197161332 0.069208044120427567 -0.096676472168561151 -0.075274014383675703 -0.0042753254602469022 -0.092714902101671368 -0.034267373395780183
leaf_weight=3.1744083911180487 144.22831730544567 2.7194726467132559 46.154089897871017 3.2216666787862804 8.4967419952154142 5.1985865235328657 4.4956216216087341 2.3196509480476371 15.423816949129103 69.747340187430382 10.954094156622885 2.8520772755146018 70.243637502193451 4.8815365135669699
leaf_count=13 620 11 199 13 34 21 19 10 66 279 44 12 281 20
internal_value=-0.000732559 -0.0441709 -0.0188869 -0.060542 0.0028681 0.0648906 -0.00578599 -0.0529387 0.0501558 -0.0896633 -0.0509401 0.0695566 -0.0900241 -0.0741966
internal_weight=394.111 237.336 153.461 107.307 34.3434 156.775 9.69421 15.6979 18.6455 83.8758 14.1285 147.08 72.9631 13.3783
internal_count=1642 970 634 435 143 672 40 64 79 336 57 632 292 54
is_linear=0
shrinkage=0.05


Tree=4
num_leaves=15
num_cat=0
split_feature=25 3 33 27 27 30 33 21 4 1 30 30 33 29
split_gain=389.693 79.9937 182.502 67.9652 43.7088 25.416 24.5575 20.0582 14.5394 11.2667 11.0906 8.97904 8.58376 8.04956
threshold=99.920000000000016 1.5000000000000002 74.000000000000014 178.00000000000003 242.00000000000003 99.260000000000005 98.000000000000014 0.71455463779439676 10.000000000000002 5.0000000000000009 94.000000000000014 188.00000000000003 106.00000000000001 26.500000000000004
decision_type=2 2 2 2 2 2 2 2 2 2 2 2 2 2
left_child=1 6 -3 -2 7 -6 -1 11 12 -8 -10 -5 -4 -7
right_child=3 2 8 4 5 13 9 -9 10 -11 -12 -13 -14 -15
leaf_value=-0.084725847646431166 0.065920173815037883 -0.09306740468928637 0.074875394990095476 -0.001978260986922724 -0.076953112066391119 0.0093408661816007654 0.024911242010915081 0.056079067132727201 -0.071647204239552661 -0.073690307836901003 0.053182840692360081 -0.090953971559218874 -0.0063883712554631171 0.074460245377973286
leaf_weight=101.35470046103001 150.7614614367485 36.174067571759224 34.754723846912384 3.5268410444259706 3.2435181289911297 6.8634244650602367 8.1723165661096555 2.7217413336038581 2.9935389161109915 3.2440864741802207 2.2676230370998383 14.474285230040548 3.4091030210256568 17.080917611718178
leaf_count=407 659 145 153 15 13 29 34 12 12 13 10 58 14 74
internal_value=0.00053632 -0.0500563 -0.0114524 0.0495295 -0.00234064 0.038783 -0.0769646 -0.0555954 0.0570993 -0.00678572 -0.0179431 -0.0745431 0.0676385 0.0569171
internal_weight=391.042 192.37 79.5991 198.672 47.9107 27.1879 112.771 20.7229 43.425 11.4164 5.26116 18.0011 38.1638 23.9443
internal_count=1648 788 334 860 201 116 454 85 189 47 22 73 167 103
is_linear=0
shrinkage=0.05


Tree=5
num_leaves=15
num_cat=0
split_feature=28 1 28 3 27 28 32 52 28 52 28 3 26 48
split_gain=361.488 90.4696 56.0385 108.769 56.8426 22.5727 23.5896 18.3049 16.0626 21.7279 15.5826 29.4202 11.3469 5.07958
threshold=98.000000000000014 5.0000000000000009 70.000000000000014 1.5000000000000002 96.200000000000017 82.000000000000014 99.600000000000037 236.00000000000003 164.00000000000003 236.00000000000003 92.000000000000014 3.5000000000000004 81.200000000000017 320.00000000000006
decision_type=2 2 2 2 2 2 2 10 2 10 2 2 2 8
left_child=1 2 13 4 12 7 -7 -6 -2 -10 -3 -12 -4 -1
right_child=8 10 3 -5 5 6 -8 -9 9 -11 11 -13 -14 -15
leaf_value=-0.027298969657828177 0.065816065096287235 -0.084580253145265571 0.013206807183590656 0.07277296372473098 -0.068822442668873038 -0.070150090415531677 0.070004960247467662 0.063296489574987833 -0.070134101532978929 0.065544040466400333 -0.081583703957782736 0.062835090355045489 -0.078262391286004651 -0.088178780459682526
leaf_weight=5.4610051512718227 140.47483299672604 78.764347344636917 3.4311832934617987 36.753895595669746 8.9587729573249799 2.7439081221818951 17.642134979367256 2.6846912354230872 4.731095537543295 5.0825153142213821 7.4509225934743863 5.1185401976108551 37.000505268573761 20.358758106827736
leaf_count=22 628 318 14 166 36 11 78 11 19 22 30 23 149 82
internal_value=0.00163908 -0.0382156 -0.0120377 0.00383089 -0.0316526 0.0178703 0.0487424 -0.0357623 0.0615252 -0.000302638 -0.0763695 -0.0224768 -0.0703686 -0.0768004
internal_weight=376.657 226.369 135.035 109.215 72.4612 32.0295 20.386 11.6435 150.288 9.81361 91.3338 12.5695 40.4317 25.8198
internal_count=1609 940 569 465 299 136 89 47 669 41 371 53 163 104
is_linear=0
shrinkage=0.05


Tree=6
num_leaves=15
num_cat=0
split_feature=27 27 3 25 31 32 29 26 21 36 30 30 27 27
split_gain=327.555 97.7604 48.4716 121.993 36.8375 23.5765 26.9383 18.761 12.4629 11.206 10.7554 32.2745 10.2095 9.61557
threshold=96.200000000000017 178.00000000000003 1.5000000000000002 72.080000000000013 243.20000000000007 122.80000000000004 99.500000000000014 89.600000000000009 0.80805210450385956 16.000000000000004 188.00000000000003 99.260000000000005 80.40000000000002 186.40000000000003
decision_type=2 2 2 2 2 2 2 2 2 8 2 2 2 2
left_child=2 5 12 -4 8 6 -2 -5 10 -8 11 -3 -1 -13
right_child=1 4 3 7 -6 -7 9 -9 -10 -11 -12 13 -14 -15
leaf_value=-0.0068630072072573909 0.057623177960223808 -0.07742386301779175 -0.081120004977724286 0.070318463972932191 0.044374069622016454 0.072042374820470309 0.041434903344735735 -0.05398494835685335 0.052140704806798922 -0.033599505532838553 -0.083672148090803256 -0.03692402932490528 -0.082410195257509644 0.062963432272204078
leaf_weight=4.9124443084001532 36.265857875347137 13.032176181674005 35.871190890669823 24.839942410588268 16.004686951637268 107.76537930965424 6.1168039590120342 2.6996544003486624 2.4001318365335456 15.804081127047537 14.289124667644499 2.5801134854555112 86.908284872770309 7.6693883985280991
leaf_count=20 164 53 146 115 71 493 27 11 11 68 58 11 353 34
internal_value=9.09042e-05 0.0389955 -0.0554229 -0.021327 -0.0179056 0.0581806 0.0317242 0.0566686 -0.0433173 -0.0117676 -0.0506092 -0.0277066 -0.0784859 0.0367716
internal_weight=377.159 221.928 155.232 63.4108 55.9756 165.952 58.1867 27.5396 39.9709 21.9209 37.5708 23.2817 91.8207 10.2495
internal_count=1635 990 645 272 238 752 259 126 167 95 156 98 373 45
is_linear=0
shrinkage=0.05


Tree=7
num_leaves=15
num_cat=0
split_feature=28 1 21 28 27 28 31 48 3 25 26 28 35 28
split_gain=322.67 78.7384 50.487 36.0928 34.9149 38.8264 22.0337 17.5515 17.2744 33.668 14.6735 14.4324 16.9937 9.88433
threshold=98.000000000000014 5.0000000000000009 0.060542986425339375 74.000000000000014 96.200000000000017 82.000000000000014 99.90000000000002 320.00000000000006 1.5000000000000002 79.840000000000018 81.200000000000017 182.00000000000003 1.0000000180025095e-35 92.000000000000014
decision_type=2 2 2 2 2 2 2 8 2 2 2 2 10 2
left_child=1 2 4 -4 8 7 -7 -6 10 -10 -1 -2 -13 -3
right_child=11 13 3 -5 5 6 -8 -9 9 -11 -12 12 -14 -15
leaf_value=0.013756584555654828 0.062032456473399888 -0.079265639010925024 -0.065473556291925458 0.068797826770758269 0.049320137897246687 -0.047976211023919725 0.069782300128835947 -0.074449886391180206 -0.064193728362600136 0.063434489649966092 -0.077041605057191986 -0.059729451049695063 0.062084469127166288 -0.025876026954428418
leaf_weight=4.6680764704942694 139.58724378049374 77.778855189681053 5.3656430244445827 24.83076736330986 2.8531303703784916 4.1750609129667309 19.483321473002434 13.010240644216537 11.218238279223444 7.974144533276557 40.923195913434029 4.9822652488946897 4.4916569888591766 11.134820997714995
leaf_count=19 653 320 22 118 12 17 90 53 46 38 168 20 20 48
internal_value=0.00125205 -0.0367042 -0.0123875 0.043605 -0.0288575 0.00809613 0.0478983 -0.0505844 -0.0511817 -0.0106507 -0.0676491 0.058007 -0.00156301 -0.0729417
internal_weight=372.477 223.415 134.502 30.1964 104.305 39.5218 23.6584 15.8634 64.7837 19.1924 45.5913 149.061 9.47392 88.9137
internal_count=1644 951 583 140 443 172 107 65 271 84 187 693 40 368
is_linear=0
shrinkage=0.05


Tree=8
num_leaves=15
num_cat=0
split_feature=28 28 3 26 28 32 26 28 35 33 35 21 32 35
split_gain=292.557 61.2945 177.245 51.4464 27.6694 32.483 16.4563 14.0838 15.3851 10.1796 9.82219 4.31078 2.90211 8.7301
threshold=98.000000000000014 70.000000000000014 1.5000000000000002 98.100000000000009 82.000000000000014 99.600000000000037 81.200000000000017 164.00000000000003 1.0000000180025095e-35 94.000000000000014 1.5000000000000002 0.73750000000000016 128.40000000000003 1.0000000180025095e-35
decision_type=2 2 2 2 2 2 2 2 10 2 10 2 2 10
left_child=1 -1 3 6 10 -6 9 11 -9 -3 -5 12 13 -2
right_child=7 2 -4 4 5 -7 -8 8 -10 -11 -12 -13 -14 -15
leaf_value=-0.076067825424112306 0.023520625592121494 -0.04678329620496971 0.069464318274970641 -0.076270352263711871 -0.071566887699202428 0.067003866748132287 -0.077460095311433871 -0.050237520632734615 0.060978946693610175 0.063898492314669486 0.019144489111231899 -0.0047695526867510369 0.066880661069420949 0.068158912883644771
leaf_weight=68.151967778801918 22.077181607484818 3.4692945331335059 40.675399929285049 10.019027784466742 4.6423402130603817 16.922963872551918 77.772928833961487 5.9765818715095502 4.6102179288864136 2.8888070285320282 3.1132802069187155 2.4442109465599051 81.474096029996872 24.348614886403084
leaf_count=284 104 14 196 41 19 79 324 24 21 12 13 11 393 117
internal_value=-0.00170618 -0.0367024 -0.0195134 -0.0502963 0.000992354 0.0353243 -0.0712121 0.054686 -0.000723323 0.00535472 -0.0538963 0.0591577 0.0604069 0.0478753
internal_weight=368.587 227.656 159.504 118.829 34.6976 21.5653 84.131 140.931 10.5868 6.3581 13.1323 130.344 127.9 46.4258
internal_count=1652 982 698 502 152 98 350 670 45 26 54 625 614 221
is_linear=0
shrinkage=0.05


Tree=9
num_leaves=15
num_cat=0
split_feature=27 27 3 26 4 30 32 35 3 21 30 32 29 13
split_gain=244.272 69.8691 42.4772 86.4809 23.709 20.3959 19.7993 18.8694 11.7019 10.7942 11.0474 25.9276 9.03893 7.49664
threshold=96.200000000000017 178.00000000000003 1.5000000000000002 73.800000000000026 10.000000000000002 242.00000000000003 122.80000000000004 1.0000000180025095e-35 3.5000000000000004 0.71455463779439676 188.00000000000003 99.600000000000037 91.500000000000014 0.057477746068370889
decision_type=2 2 2 2 2 2 2 10 2 2 2 2 2 2
left_child=2 6 -1 13 -5 9 7 8 12 10 11 -3 -2 -4
right_child=1 5 3 4 -6 -7 -8 -9 -10 -11 -12 -13 -14 -15
leaf_value=-0.071085768535084068 0.015616548704597414 -0.066061580207222054 0.0095699835831562219 0.061310933416600766 -0.059154907432111839 0.038571316504167424 0.066384992516698382 0.05973742016693593 0.060928602612144361 0.043736652833769998 -0.07406981186163579 0.037071102730651041 -0.043986901172516267 -0.077946218793656388
leaf_weight=86.12044794857502 11.622996538877493 11.694164067506792 2.428298130631446 26.007287800312046 3.9916310310363761 13.011601388454435 96.932246953248978 23.626826196908951 5.3202874362468711 3.4893696606159201 13.488071799278258 10.818220406770704 12.082311123609541 30.813198491930962
leaf_count=364 54 49 10 130 17 61 478 114 25 17 57 50 53 131
internal_value=-0.000105117 0.0356613 -0.0484127 -0.0169107 0.0438906 -0.0137719 0.0529877 0.0275459 0.000225261 -0.0315452 -0.0398268 -0.0170328 -0.0153134 -0.0714604
internal_weight=351.447 202.086 149.361 63.2404 29.9989 52.5014 149.585 52.6524 29.0256 39.4898 36.0005 22.5124 23.7053 33.2415
internal_count=1610 958 652 288 147 234 724 246 132 173 156 99 107 141
is_linear=0
shrinkage=0.05


Tree=10
num_leaves=15
num_cat=0
split_feature=27 27 3 25 32 32 35 4 3 21 31 30 29 27
split_gain=237.937 54.7147 36.1382 89.1103 24.1255 17.9651 20.1777 15.4885 13.3533 10.7439 11.3436 34.6027 9.1667 8.53337
threshold=96.200000000000017 178.00000000000003 1.5000000000000002 72.080000000000013 242.00000000000003 122.80000000000004 1.0000000180025095e-35 10.000000000000002 3.5000000000000004 0.71455463779439676 177.50000000000006 99.260000000000005 91.500000000000014 80.40000000000002
decision_type=2 2 2 2 2 2 10 2 2 2 2 2 2 2
left_child=2 5 13 -4 9 6 8 -5 12 10 11 -3 -2 -1
right_child=1 4 3 7 -6 -7 -8 -9 -10 -11 -12 -13 -14 -15
leaf_value=-0.0056999921529740849 0.014663559109895509 -0.068229267949464434 -0.070917882760436785 0.065475627707306361 0.041348592391010131 0.064565662010995964 0.061660989211831642 -0.044550184792284779 0.060834505627708382 0.051122959591181211 -0.07029631237913718 0.064124158809627366 -0.045409359727760674 -0.073335280889917975
leaf_weight=5.1429345160722724 11.34437114000321 10.410562604665758 33.121508881449699 22.505067214369777 16.017778545618057 95.08558164536953 22.856544226408005 2.9870253503322592 6.0179196149110785 2.8012631088495246 14.658623054623602 7.7283394783735266 12.420698657631872 78.100793287158012
leaf_count=21 53 44 143 116 76 483 113 13 29 14 63 37 54 337
internal_value=0.00104456 0.0361971 -0.0482603 -0.017755 -0.00801245 0.0515943 0.0273965 0.0513884 -4.8119e-05 -0.0307455 -0.0390437 -0.0114341 -0.0172991 -0.0692739
internal_weight=341.199 199.342 141.857 58.6136 51.6166 147.725 52.6395 25.4921 29.783 35.5988 32.7975 18.1389 23.7651 83.2437
internal_count=1596 966 630 272 234 732 249 129 136 158 144 81 107 358
is_linear=0
shrinkage=0.05


Tree=11
num_leaves=15
num_cat=0
split_feature=28 1 21 28 27 28 32 32 28 53 28 13 2 32
split_gain=249.978 52.1436 40.7167 22.9468 20.7577 25.4949 17.6401 13.9477 12.8844 14.2979 9.87713 20.4749 8.93228 11.2211
threshold=98.000000000000014 5.0000000000000009 0.060542986425339375 74.000000000000014 96.200000000000017 82.000000000000014 99.600000000000037 1426.0000000000002 164.00000000000003 1.0000000180025095e-35 92.000000000000014 0.00088966242783771387 1.0000000180025095e-35 1470.4000000000003
decision_type=2 2 2 2 2 2 2 2 2 10 2 2 2 2
left_child=1 2 4 -4 12 7 -7 -6 -2 -10 -3 -12 13 -1
right_child=8 10 3 -5 5 6 -8 -9 9 -11 11 -13 -14 -15
leaf_value=-0.0028829881222178343 0.058012230463013681 -0.069477918826835003 -0.049195092831226417 0.063650630847042297 -0.059517410937827711 -0.052858861303602872 0.06260006838278516 0.056327391408558948 -0.051658118277617231 0.058597095255883004 -0.068475924813944142 0.056788087514262911 -0.063284849069321067 -0.064354593282723235
leaf_weight=21.198567077517509 122.54862594604492 76.078596472740173 4.8518573343753841 21.328068628907204 14.282039240002634 3.299464866518977 15.944619208574293 2.3053720146417609 5.4228989928960782 4.4236725121736526 6.9255036860704404 4.5993428379297256 31.192993998527527 10.508616596460344
leaf_count=99 635 334 21 114 61 14 80 10 22 21 30 23 137 46
internal_value=-7.2805e-05 -0.0336207 -0.0126957 0.0416967 -0.027392 0.00298943 0.041171 -0.0411297 0.0536252 -0.0012892 -0.0629771 -0.0179428 -0.044475 -0.024601
internal_weight=344.91 212.515 124.912 26.1799 98.7317 35.8315 19.2441 16.5874 132.395 9.84657 87.6034 11.5248 62.9002 31.7072
internal_count=1647 969 582 135 447 165 94 71 678 43 387 53 282 145
is_linear=0
shrinkage=0.05


Tree=12
num_leaves=15
num_cat=0
split_feature=27 27 3 33 30 32 29 4 27 34 32 32 35 34
split_gain=200.05 58.0849 32.1912 80.2862 21.0453 17.4734 17.5063 17.0957 6.7934 6.76266 6.36507 27.2661 8.23136 5.89752
threshold=96.200000000000017 178.00000000000003 1.5000000000000002 74.000000000000014 242.00000000000003 128.40000000000003 99.500000000000014 10.000000000000002 80.40000000000002 98.500000000000014 99.600000000000037 178.00000000000003 1.0000000180025095e-35 135.50000000000003
decision_type=2 2 2 2 2 2 2 2 2 2 2 2 10 2
left_child=2 5 8 -4 10 6 -2 -5 9 -1 -3 -12 -13 -8
right_child=1 4 3 7 -6 -7 13 -9 -10 -11 11 12 -14 -15
leaf_value=0.04387174154197853 0.048929730522535429 -0.064128484266596855 -0.072329756360696162 0.060561557864683903 0.039638474933129282 0.064658201937478829 -0.030275070191223788 -0.047000493277344194 -0.068074682310433607 -0.050901734900619638 0.058039677489816546 -0.063424094937284695 0.020100656497501961 0.018453912475311786
leaf_weight=2.4410984665155402 37.815199956297874 10.283730015158651 28.802260145545006 23.742173075675968 12.953544095158575 80.97747266292572 11.351258233189585 3.5811469405889502 79.078603163361549 3.1974097043275833 7.4386182874441173 15.805155768990518 3.0812245458364478 11.54446069896221
leaf_count=10 195 45 130 126 64 437 53 16 355 13 37 72 14 55
internal_value=1.87442e-05 0.0332521 -0.0450252 -0.015273 -0.0131433 0.0494595 0.0284678 0.0453022 -0.064328 -0.00944315 -0.0323768 -0.0180802 -0.0494719 -0.00596094
internal_weight=332.093 191.251 140.843 56.1256 49.5623 141.688 60.7109 27.3233 84.7171 5.63851 36.6087 26.325 18.8864 22.8957
internal_count=1622 972 650 272 232 740 303 142 378 23 168 123 86 108
is_linear=0
shrinkage=0.05


Tree=13
num_leaves=15
num_cat=0
split_feature=25 1 17 33 25 21 30 32 21 33 32 29 30 30
split_gain=181.959 41.3274 46.5712 39.7742 27.9968 13.1192 12.4955 9.81778 8.12564 7.82521 8.84987 16.8027 7.85867 6.69845
threshold=97.040000000000006 5.0000000000000009 0.025500000000000005 74.000000000000014 167.68000000000004 0.0021610724086974886 242.00000000000003 1478.0000000000002 0.71455463779439676 212.00000000000003 122.80000000000004 99.500000000000014 242.00000000000003 100.88000000000001
decision_type=2 2 2 2 2 2 2 2 2 2 2 2 2 2
left_child=1 2 -1 -4 9 7 8 13 -6 10 11 -2 -11 -5
right_child=4 -3 3 5 6 -7 -8 -9 -10 12 -12 -13 -14 -15
leaf_value=-0.054938351782552831 0.057135053227370405 -0.065802521402644157 -0.064191033615847715 -0.0059071980823845625 -0.049633481654473309 0.057834843138352215 0.030582763346883271 -0.060131778342863096 0.044394504673578604 -0.040936024477025941 0.060040065669123802 -0.0025063347744690785 0.044208239917469687 0.065641976880188607
leaf_weight=40.016135424375534 26.602321431040764 67.646374478936195 11.38853959739208 7.7461714446544665 13.811183601617815 27.18573859333992 11.094762712717054 3.8083840757608405 1.9176850169897068 4.4757317006587964 82.907604530453682 20.498271912336349 4.3664780110120773 4.4817939251661301
leaf_count=181 142 311 52 37 62 151 55 17 10 21 461 97 24 20
internal_value=0.00128236 -0.0362371 -0.0146344 0.0153553 0.0380286 0.0372925 -0.00847158 0.00111724 -0.036201 0.047008 0.0500808 0.0316665 0.00132977 0.0232969
internal_weight=327.947 162.273 94.6268 54.6106 165.674 43.2221 26.8236 16.0363 15.7289 138.85 130.008 47.1006 8.84221 12.228
internal_count=1641 769 458 277 872 225 127 74 72 745 700 239 45 57
is_linear=0
shrinkage=0.05


Tree=14
num_leaves=15
num_cat=0
split_feature=28 1 28 3 27 28 32 28 35 35 28 3 21 26
split_gain=184.552 45.6271 29.0313 58.1356 35.6519 13.3206 16.033 13.3084 15.3573 10.5373 7.61767 15.9442 7.32138 6.7134
threshold=98.000000000000014 5.0000000000000009 70.000000000000014 1.5000000000000002 96.200000000000017 82.000000000000014 99.600000000000037 164.00000000000003 inf inf 92.000000000000014 3.5000000000000004 0.73750000000000016 81.200000000000017
decision_type=2 2 2 2 2 2 2 2 8 8 2 2 2 2
left_child=1 2 -1 4 13 9 -7 12 -9 -6 -3 -12 -2 -4
right_child=7 10 3 -5 5 6 -8 8 -10 -11 11 -13 -14 -15
leaf_value=-0.057705076990402795 0.05425085025429971 -0.065571532074844091 0.011654505415871496 0.062551344029843678 0.051004520207446349 -0.055823457232626161 0.061212570333219335 0.056936812519522463 -0.053890637949937675 -0.055247125016356508 -0.063154349356944278 0.053516507736925671 -0.027151318957288464 -0.060876968755194563
leaf_weight=24.628286734223366 109.98996894061565 68.791959270834923 3.1864974796771994 27.207187533378601 2.3544798493385324 2.7114542424678829 16.158800557255745 4.5919116437435124 6.0993731021881112 7.3486161231994638 6.276530981063841 3.9571373909711838 2.2660708725452414 34.213887497782707
leaf_count=112 621 322 13 156 11 12 85 23 25 32 29 21 11 159
internal_value=-0.000494438 -0.0304649 -0.010575 0.00236225 -0.0230227 0.0186994 0.0424327 0.0473461 -0.00549162 -0.0271084 -0.0596137 -0.0172923 0.0523824 -0.0545547
internal_weight=319.782 196.835 117.809 93.1809 65.9737 28.5734 18.8703 122.947 10.6913 9.7031 79.0256 10.2337 112.256 37.4004
internal_count=1632 952 580 468 312 140 97 680 48 43 372 50 632 172
is_linear=0
shrinkage=0.05


Tree=15
num_leaves=15
num_cat=0
split_feature=28 28 3 27 32 28 28 52 40 26 21 9 38 9
split_gain=170.092 46.2369 102.76 43.4527 22.6232 26.8153 11.1349 13.1099 6.27518 4.78823 4.41509 10.9102 2.41551 1.83235
threshold=98.000000000000014 74.000000000000014 1.5000000000000002 96.200000000000017 99.600000000000037 82.000000000000014 164.00000000000003 236.00000000000003 14.500000000000002 81.200000000000017 0.51750000000000018 0.01989262393083786 5.5000000000000009 0.097500000000000017
decision_type=2 2 2 2 2 2 2 10 8 2 2 2 8 2
left_child=1 8 3 9 -5 -6 10 -8 -1 -3 -2 -12 13 -10
right_child=6 2 -4 4 5 -7 7 -9 12 -11 11 -13 -14 -15
leaf_value=0.016419787959316434 0.053914733045782641 0.0050358504505561971 0.063230061216971126 -0.064707996926368111 -0.045608534205857365 0.064559482666394871 -0.050348615675294764 0.055372642814296248 -0.044719584147908491 -0.064066153411557566 -0.067645812191674801 0.052830059564110035 -0.067329611514254567 0.0048962614396235588
leaf_weight=2.1629109531640998 101.01495896279812 2.4680135995149604 33.533017382025719 6.7963447868824032 7.0215370506048229 17.637810364365578 5.597419008612631 4.2819972783327103 6.3177251219749433 60.09185528755188 2.0300850421190253 3.9762341380119324 60.473827883601189 2.2495776861906052
leaf_count=10 588 10 195 31 32 94 23 22 29 289 10 22 287 10
internal_value=-0.000821374 -0.0289279 -0.0107354 -0.0375049 0.0102574 0.0326352 0.046805 -0.00364843 -0.0609164 -0.0613037 0.0514531 0.00826713 -0.063539 -0.0325415
internal_weight=315.653 198.753 127.549 94.0156 31.4557 24.6593 116.901 9.87942 71.204 62.5599 107.021 6.00632 69.0411 8.5673
internal_count=1652 987 651 456 157 126 665 45 336 299 620 32 326 39
is_linear=0
shrinkage=0.05


Tree=16
num_leaves=15
num_cat=0
split_feature=28 1 28 5 30 28 35 30 26 48 28 13 40 21
split_gain=160.212 47.4612 28.8246 46.2565 33.0073 13.544 11.6765 10.2516 7.37586 6.23881 5.69871 13.6944 3.36323 2.92457
threshold=98.000000000000014 5.0000000000000009 70.000000000000014 0.99724055188962224 99.260000000000005 164.00000000000003 1.0000000180025095e-35 159.84000000000003 242.00000000000003 320.00000000000006 92.000000000000014 0.0055382281736817375 14.500000000000002 0.77738888888888902
decision_type=2 2 2 2 2 2 10 2 2 8 2 2 8 2
left_child=1 2 9 -4 -5 13 -7 -6 -9 -1 12 -12 -3 -2
right_child=5 10 3 4 7 6 -8 8 -10 -11 11 -13 -14 -15
leaf_value=-0.003181528996373504 0.053626351183550261 0.0012193647861989336 0.060859217883426721 -0.048949710995433264 0.048359289449899624 -0.053804103115254756 0.052279174050224947 -0.045381855098025156 0.04513807951590202 -0.065456932886798713 -0.060712783646610938 0.050763350371425264 -0.0644939543751301 -0.0065046189785247944
leaf_weight=5.135889574885371 100.91043730080128 1.9672803282737721 26.528252437710762 33.876867011189461 16.121577963232998 5.3220767676830274 3.4276206940412521 5.9903358221054059 2.3927682340145111 19.478149712085724 6.184979632496832 3.5399873852729797 66.286232560873032 1.8545937836170185
leaf_count=23 606 9 163 163 83 22 18 29 14 94 30 20 327 9
internal_value=0.000227375 -0.0279552 -0.00658615 0.00735692 -0.0175697 0.0474412 -0.0111471 0.0260304 -0.017488 -0.0530943 -0.0575054 -0.0191847 -0.0626096 0.0524889
internal_weight=299.017 187.502 109.524 84.9098 58.3815 111.515 8.7497 24.5047 8.3831 24.614 77.9785 9.72497 68.2535 102.765
internal_count=1610 955 569 452 289 655 40 126 43 117 386 50 336 615
is_linear=0
shrinkage=0.05


Tree=17
num_leaves=15
num_cat=0
split_feature=28 1 9 28 5 30 28 28 5 35 30 48 26 33
split_gain=148.914 44.8494 29.8156 37.4384 16.1681 20.4046 9.21732 8.88979 12.8151 7.09718 6.99688 6.61831 5.99873 5.29369
threshold=98.000000000000014 5.0000000000000009 0.77806587372418401 70.000000000000014 0.99724055188962224 94.000000000000014 164.00000000000003 92.000000000000014 0.99724055188962224 inf 996.00000000000011 320.00000000000006 81.200000000000017 74.000000000000014
decision_type=2 2 2 2 2 2 2 2 2 8 2 8 2 2
left_child=1 2 3 11 -5 -6 -2 -3 -9 -8 -7 13 -4 -1
right_child=6 7 12 4 5 10 9 8 -10 -11 -12 -13 -14 -15
leaf_value=-0.048496010928452425 0.051249746425679144 -0.062033975327026009 0.0085524143537458342 0.059860379584903381 -0.032790657527839821 0.057358234879918937 0.049551511895909076 0.051735884083336028 -0.057447880870514383 -0.036000780315003554 -0.030347220366579959 -0.062707036420109274 -0.051636174473484335 0.037348002776410288
leaf_weight=2.1018438935279873 101.65565693378448 65.506353184580803 4.4753645062446585 26.278573498129845 15.520900055766107 14.069088295102121 2.9482147246599171 4.0059870928525907 4.823646605014801 5.2892652451992044 2.0325122773647299 14.594358399510382 30.08078995347023 3.2667913883924484
leaf_count=10 627 332 20 169 76 76 16 23 24 22 10 72 151 14
internal_value=0.00122812 -0.0259099 -0.00585019 0.0113428 0.0316375 0.00706803 0.0471652 -0.0557664 -0.00768767 -0.00333191 0.04516 -0.0462218 -0.0438199 0.00140204
internal_weight=296.649 186.756 112.42 77.8641 57.9011 31.6225 109.893 74.336 8.82963 8.23748 16.1016 19.963 34.5562 5.36864
internal_count=1642 977 598 427 331 162 665 379 47 38 86 96 171 24
is_linear=0
shrinkage=0.05


Tree=18
num_leaves=15
num_cat=0
split_feature=27 27 1 5 33 32 52 26 30 29 27 31 17 26
split_gain=122.461 40.7639 18.66 18.7328 32.093 18.4828 21.4385 11.337 10.5536 9.01017 4.97687 5.13771 4.86201 4.77666
threshold=96.200000000000017 178.00000000000003 5.0000000000000009 0.99724055188962224 74.000000000000014 122.80000000000004 236.00000000000003 81.200000000000017 242.00000000000003 99.500000000000014 90.000000000000014 1478.0000000000002 1.0000000180025095e-35 234.00000000000003
decision_type=2 2 2 2 2 2 10 2 2 2 2 2 2 2
left_child=2 5 3 4 -1 6 9 -5 12 -2 11 -6 -3 -14
right_child=1 8 -4 7 10 -7 -8 -9 -10 -11 -12 -13 13 -15
leaf_value=-0.061774293401108266 0.021926405954852835 -0.044169851288732603 -0.060521676956645537 0.023466777635097604 0.059987646877799727 0.058116334786270332 0.056144792959226579 -0.054284513336928034 0.027931455282242175 -0.03545365151786866 -0.028213182091562861 -0.019158208632236447 -0.03117549893809789 0.023035761194983163
leaf_weight=9.7257660478353518 10.794896617531778 17.937357723712921 51.941055104136467 4.8850996792316428 16.79358126223088 75.14351449906826 19.18790391087532 32.048416525125504 10.663697004318236 15.531413629651068 1.5422031879425038 1.8471751958131779 7.3770909011363965 6.9227609932422638
leaf_count=50 60 93 274 20 110 485 115 163 59 75 8 10 37 37
internal_value=0.000213074 0.0282077 -0.0382478 -0.0203025 0.00901195 0.0429989 0.0173273 -0.043653 -0.0134241 -0.011984 0.0444284 0.0515687 -0.0275328 -0.00514078
internal_weight=282.342 163.559 118.783 66.8422 29.9087 120.658 45.5142 36.9335 42.9009 26.3263 20.183 18.6408 32.2372 14.2999
internal_count=1596 961 635 361 178 735 250 183 226 135 128 120 167 74
is_linear=0
shrinkage=0.05


Tree=19
num_leaves=15
num_cat=0
split_feature=27 28 3 28 27 21 30 48 26 27 28 3 25 34
split_gain=128.891 57.1905 19.3814 64.8602 14.0528 12.3693 10.6244 10.5365 8.21861 6.01694 5.09904 4.73905 2.26229 2.11309
threshold=96.200000000000017 82.000000000000014 1.5000000000000002 74.000000000000014 307.60000000000014 0.085101209865053526 99.260000000000005 80.000000000000014 81.200000000000017 575.20000000000039 164.00000000000003 2.5000000000000004 80.160000000000011 155.50000000000003
decision_type=2 2 2 2 2 2 2 10 2 2 2 2 2 2
left_child=2 5 8 11 10 7 -6 12 -1 -8 13 -4 -2 -3
right_child=1 4 3 -5 6 -7 9 -9 -10 -11 -12 -13 -14 -15
leaf_value=-0.0005201157879208498 -0.011354954491247118 0.043292566806755445 0.0096514318847940716 0.059143748215638538 -0.046586289714310426 0.035115751849442385 -0.025874329640101876 0.030328437082274763 -0.059813415618031107 0.048348962594029606 -0.01466676272189044 -0.064047086159311636 -0.06510991799748006 0.059978967473046235
leaf_weight=6.4145566374063483 2.6979926228523352 62.972586244344711 2.1008933931589153 18.071125745773315 6.2194828093051937 4.8282698243856421 3.034229487180709 3.2125141173601142 66.827174216508865 8.9779132306575757 2.6193140894174567 27.203665226697922 18.901864483952522 49.667553067207336
leaf_count=28 12 397 10 122 30 29 15 16 357 50 12 147 93 327
internal_value=0.000289542 0.0291947 -0.0387225 -0.0134054 0.0431044 -0.0328119 0.00216882 -0.0468783 -0.0546974 0.0290528 0.0495051 -0.0586194 -0.059195 0.0511133
internal_weight=283.749 163.132 120.617 47.3757 133.491 29.6406 18.2316 24.8124 73.2417 12.0121 115.259 29.3046 21.5999 112.64
internal_count=1645 981 664 279 831 150 95 121 385 65 736 157 105 724
is_linear=0
shrinkage=0.05


Tree=20
num_leaves=15
num_cat=0
split_feature=28 1 33 5 27 28 32 26 28 35 32 28 32 52
split_gain=119.628 31.6213 22.6289 34.806 16.1661 15.5496 13.6285 10.1842 10.0873 10.6543 10.0572 8.79576 4.85857 5.11801
threshold=98.000000000000014 5.0000000000000009 74.000000000000014 0.99192641261498038 96.200000000000017 82.000000000000014 99.600000000000037 81.200000000000017 164.00000000000003 1.0000000180025095e-35 326.00000000000006 62.000000000000007 95.200000000000017 460.00000000000006
decision_type=2 2 2 2 2 2 2 2 2 10 2 2 2 8
left_child=1 2 -1 11 7 10 -7 -5 -2 -10 -6 -4 13 -9
right_child=8 -3 3 4 5 6 -8 12 9 -11 -12 -13 -14 -15
leaf_value=-0.062902066037524226 0.04701018995449753 -0.05250289828788858 -0.043688189626772289 0.032205811996116641 -0.051120293412127017 -0.050820862032028895 0.059709689852959158 -0.050458723250892491 -0.046519424151558658 0.05161065243461363 0.051843456506769886 0.054381922583608355 -0.061594903083324486 0.027845873294202541
leaf_weight=15.306407317519186 92.98144668340683 66.916234657168388 1.7641083300113702 3.4212020933628073 10.763967320322992 2.6455764174461391 13.424764826893805 3.0327118635177639 5.7112817317247373 3.717298611998558 2.1106986701488486 25.908318623900414 24.026943564414978 3.3984053581953049
leaf_count=82 625 368 9 14 51 13 81 16 24 21 10 177 130 18
internal_value=-0.000520872 -0.0258645 -0.00868301 0.00107473 -0.0194947 0.0078784 0.0396024 -0.0424364 0.0420592 -0.0065917 -0.0317203 0.0468243 -0.0515779 -0.0109012
internal_weight=275.129 172.719 105.803 90.4967 62.8243 28.945 16.0703 33.8793 102.41 9.42858 12.8747 27.6724 30.4581 6.43112
internal_count=1639 969 601 519 333 155 94 178 670 45 61 186 164 34
is_linear=0
shrinkage=0.05


Tree=21
num_leaves=15
num_cat=0
split_feature=28 28 5 26 28 32 28 35 13 26 26 21 32 29
split_gain=116.167 32.6552 74.4904 26.7623 12.5342 14.9468 10.9158 8.80305 5.63604 6.61234 3.28228 2.75957 1.65024 1.50038
threshold=98.000000000000014 74.000000000000014 0.99724055188962224 98.100000000000009 82.000000000000014 99.600000000000037 164.00000000000003 1.0000000180025095e-35 1.0000000180025095e-35 73.800000000000026 81.200000000000017 0.77738888888888902 95.200000000000017 152.50000000000003
decision_type=2 2 2 2 2 2 2 10 2 2 2 2 2 2
left_child=1 8 -3 10 -5 -6 11 -8 9 -1 -4 13 -12 -2
right_child=6 2 3 4 5 -7 7 -9 -10 -11 12 -13 -14 -15
leaf_value=0.02728735984819395 0.041945622106461071 0.059941695467718603 -0.0027550263356200429 -0.04670847098563799 -0.051422894101556232 0.059273593182475805 -0.047652697666346056 0.048367439008225016 -0.0616015015035054 -0.044938942502641299 -0.031754698249642721 -0.0078542906891455651 -0.060793107572219708 0.058629865711233187
leaf_weight=3.9703423976898184 52.154584273695946 28.339646741747856 3.2027725726366034 5.4576255530118969 3.0990924835205069 12.546407729387282 5.1350945532321912 2.9401479065418243 48.151856198906898 8.3972438573837263 9.7536525875329954 1.8906542509794224 39.984731927514076 37.006792038679123
leaf_count=17 359 198 13 28 16 79 22 17 270 42 54 10 226 265
internal_value=0.000849718 -0.0250754 -0.00769411 -0.0340348 0.0131444 0.0355746 0.0432794 -0.011215 -0.0538773 -0.0214455 -0.0527361 0.0481818 -0.0558368 0.049444
internal_weight=262.031 162.903 102.384 74.0443 21.1031 15.6455 99.1273 8.07524 60.5194 12.3676 52.9412 91.052 49.7384 89.1614
internal_count=1616 943 614 416 123 95 673 39 329 59 293 634 280 624
is_linear=0
shrinkage=0.05


Tree=22
num_leaves=15
num_cat=0
split_feature=28 1 9 28 3 27 28 35 28 3 32 35 29 34
split_gain=110.395 28.2092 21.5287 31.7371 12.2891 13.0571 9.3844 10.2095 5.37166 11.1805 5.29594 10.4735 5.82052 12.0598
threshold=98.000000000000014 5.0000000000000009 0.82900000000000007 70.000000000000014 1.5000000000000002 93.200000000000017 164.00000000000003 1.0000000180025095e-35 92.000000000000014 3.5000000000000004 128.40000000000003 1.0000000180025095e-35 123.50000000000001 97.500000000000014
decision_type=2 2 2 2 2 2 2 10 2 2 2 10 2 2
left_child=1 2 3 -1 5 -5 10 -8 -3 -10 11 12 13 -2
right_child=6 8 -4 4 -6 -7 7 -9 9 -11 -12 -13 -14 -15
leaf_value=-0.046015381036514383 0.012379967979948706 -0.055547429305606882 -0.042188927429283866 -0.025694201246020561 0.05682709641974059 0.041062794544092077 -0.047328574892822543 0.050183022826698377 -0.054367743804718663 0.048986703165301806 0.05587878660948279 0.056520861124702462 0.049738934605827616 -0.089751223945838926
leaf_weight=18.644866913557053 10.256389871239664 57.890813589096069 30.357863366603851 14.326670020818712 21.151302494108677 13.06301264464855 5.3282945007085782 3.6738217025995255 5.2521007806062681 3.5363824814558029 56.122863277792931 16.113865256309509 3.5943669825792304 2.9257287979125968
leaf_count=101 66 336 169 77 161 77 23 22 30 22 419 116 22 16
internal_value=-0.0002415 -0.0252591 -0.00796059 0.00789736 0.0291164 0.00646925 0.0415069 -0.00649489 -0.0500733 -0.0120233 0.0463796 0.0290001 0.000873834 -0.0150179
internal_weight=262.238 164.223 97.5437 67.1859 48.541 27.3897 98.0153 9.00212 66.6793 8.78848 89.0132 32.8904 16.7765 13.1821
internal_count=1657 973 585 416 315 154 684 45 388 52 639 220 104 82
is_linear=0
shrinkage=0.05


Tree=23
num_leaves=15
num_cat=0
split_feature=28 1 33 9 28 35 27 35 34 0 2 28 21 17
split_gain=101.238 28.9595 18.3211 25.8451 10.2567 13.9016 8.44746 5.78017 8.64513 7.17126 5.73399 5.20084 5.2505 4.77678
threshold=98.000000000000014 5.0000000000000009 74.000000000000014 0.9967765931068685 74.000000000000014 inf 86.000000000000014 1.0000000180025095e-35 135.50000000000003 201.50000000000003 1.0000000180025095e-35 164.00000000000003 0.51750000000000018 0.9968553459119498
decision_type=2 2 2 2 2 8 2 10 2 2 2 2 2 2
left_child=1 2 -1 4 5 -4 10 8 9 11 -6 12 -2 -8
right_child=7 -3 3 -5 6 -7 13 -9 -10 -11 -12 -13 -14 -15
leaf_value=-0.0583313269128415 0.036230959586265279 -0.048698533080628305 0.052006206567755855 -0.03679944765978526 0.038886161014810489 -0.046172375605547634 0.057376891364674998 0.057949761197272742 0.055431888902546168 -0.061503705104677668 -0.043522518762506908 -0.024280172169175357 -0.028118845515180679 0.014335154204724832
leaf_weight=12.863679245114325 25.792484343051914 64.420806527137756 4.5336207896470997 25.545714735984802 2.4858078509569159 9.4862578511238098 24.046104677021503 36.532164394855499 21.715283095836639 1.8769186884164799 4.4953337758779526 4.6105836629867545 2.8517611324787131 9.7907180115580541
leaf_count=75 181 384 21 144 16 48 184 275 167 11 26 20 16 60
internal_value=0.00120479 -0.0231913 -0.00523956 0.003869 0.0231338 -0.0130755 0.035586 0.0422061 0.0312617 0.0152011 -0.0129832 0.0211995 0.029092 0.0456917
internal_weight=251.047 157.668 93.2472 80.3836 54.8378 14.0199 40.818 93.3792 56.847 35.1317 6.98114 33.2548 28.6442 33.8368
internal_count=1628 958 574 499 355 69 286 670 395 228 42 217 197 244
is_linear=0
shrinkage=0.05


Tree=24
num_leaves=15
num_cat=0
split_feature=27 28 3 28 32 32 21 27 13 34 28 35 21 25
split_gain=96.4289 43.4515 15.1936 46.4906 14.0869 10.1823 8.26107 7.78676 6.24252 5.44275 4.99248 6.47077 3.49771 2.69286
threshold=96.200000000000017 82.000000000000014 1.5000000000000002 74.000000000000014 98.200000000000017 326.00000000000006 0.12194876734595587 80.40000000000002 0.025833333333333337 98.500000000000014 164.00000000000003 inf 0.85433578104138863 80.160000000000011
decision_type=2 2 2 2 2 2 2 2 2 2 2 8 2 2
left_child=2 5 7 8 -3 6 13 9 -4 -1 12 -12 -6 -2
right_child=1 4 3 -5 10 -7 -8 -9 -10 -11 11 -13 -14 -15
leaf_value=0.050311117288721743 -0.0034481490128422327 -0.032130011062476774 0.023319768793832105 0.056444538277949236 0.050060585728917244 0.051837569513675019 0.021373215041553033 -0.054480673287483329 -0.058241577210459777 -0.034407888819479232 0.049180849934442161 -0.031877405764217562 -0.015762078198855233 -0.06181576867878389
leaf_weight=2.5738025158643714 2.3764937222004034 5.4149684160947791 2.0675207078456905 15.426678359508513 100.89247654378414 2.4938170909881583 3.798883542418479 57.756868839263916 23.109231874346733 3.057962566614151 3.6392414569854727 4.2746051549911499 1.6304311156272877 15.889697939157484
leaf_count=11 12 29 10 126 753 14 25 353 145 13 23 18 9 89
internal_value=0.00234253 0.0292851 -0.033968 -0.0097451 0.0420468 -0.0302053 -0.0413233 -0.0490915 -0.0509088 0.00605813 0.0459396 0.00673347 0.0488717 -0.0547951
internal_weight=244.403 140.411 103.992 40.6034 115.852 24.5589 22.0651 63.3886 25.1768 5.63177 110.437 7.91385 102.523 18.2662
internal_count=1630 972 658 281 832 140 126 377 155 24 803 41 762 101
is_linear=0
shrinkage=0.05


Tree=25
num_leaves=15
num_cat=0
split_feature=28 1 33 5 30 28 28 35 35 28 32 28 26 27
split_gain=87.3116 25.8453 16.2366 20.1719 13.5769 8.26531 8.09603 8.71371 6.81288 9.96851 9.28245 8.76687 6.46994 6.46227
threshold=98.000000000000014 5.0000000000000009 74.000000000000014 0.99192641261498038 99.260000000000005 74.000000000000014 82.000000000000014 1.5000000000000002 1.0000000180025095e-35 182.00000000000003 130.40000000000003 114.00000000000001 93.600000000000009 122.00000000000001
decision_type=2 2 2 2 2 2 2 10 10 2 2 2 2 2
left_child=1 2 -1 5 -5 -4 7 12 9 10 11 -2 -6 -13
right_child=8 -3 3 4 6 -7 -8 -9 -10 -11 -12 13 -14 -15
leaf_value=-0.057763444188406871 0.036189851222497259 -0.047314617970059779 -0.016987461331329248 -0.034595045030553433 0.037422257401273105 0.055149716332978709 0.040288571333111506 0.052707130900318255 0.056868295991836681 -0.038840634933259566 0.049804747589550266 -0.071214264144562681 -0.053023139754660199 0.010871029936299211
leaf_weight=11.873502343893049 9.0277974754571932 61.431079089641571 4.4731858074665096 31.821897596120834 1.7378363162279153 18.681998617947102 12.80536040663719 2.7860817015171042 34.953670464456081 4.341805934906005 31.539284974336624 3.8548565059900266 8.3670207560062391 4.2864267826080322
leaf_count=74 59 388 23 183 8 160 88 14 285 19 258 22 46 31
internal_value=0.000219846 -0.0224482 -0.00561294 0.00267584 -0.0132256 0.0410877 0.0135427 -0.0140134 0.0396881 0.0275257 0.0341039 0.00410799 -0.0354991 -0.0315345
internal_weight=241.982 153.978 92.5469 80.6734 57.5182 23.1552 25.6963 12.8909 88.0038 53.0502 48.7084 17.1691 10.1049 8.14128
internal_count=1658 984 596 522 339 183 156 68 674 389 370 112 54 53
is_linear=0
shrinkage=0.05


Tree=26
num_leaves=15
num_cat=0
split_feature=27 28 32 17 3 28 32 21 34 0 21 35 28 33
split_gain=78.5708 39.917 17.9417 12.8183 15.9221 12.9509 10.6419 6.14587 5.38337 11.0107 6.54576 4.37214 6.51391 3.48291
threshold=96.200000000000017 82.000000000000014 98.200000000000017 0.22333648185498833 1.5000000000000002 74.000000000000014 326.00000000000006 0.12194876734595587 155.50000000000003 201.50000000000003 0.73750000000000016 1.0000000180025095e-35 164.00000000000003 102.00000000000001
decision_type=2 2 2 2 2 2 2 2 2 2 2 10 2 2
left_child=3 6 -3 -1 13 -6 7 -2 9 10 11 12 -4 -5
right_child=1 2 8 4 5 -7 -8 -9 -10 -11 -12 -13 -14 -15
leaf_value=-0.046429458319857626 -0.052706837048537958 -0.037311999134392058 0.035401575274322382 -0.049968530983662315 -0.033856545069612012 0.055677745735781506 0.05079060780068223 0.016874090179746545 0.056699541018404825 -0.05291894508151776 -0.03904097084485568 0.05654023785746385 -0.027468688840966267 0.0081012510378699869
leaf_weight=63.539789900183678 19.270612254738815 6.7237435579299918 29.485167242586613 14.336080193519594 5.2623573243618038 11.059104733169077 2.6697135269641867 3.2719710171222678 43.277105450630188 2.7319396883249274 1.9497631490230549 24.48583247512579 4.0103692412376395 2.7986209988594046
leaf_count=416 111 37 219 90 32 95 16 22 358 17 10 198 17 15
internal_value=0.000888619 0.0250748 0.0377624 -0.0333962 -0.00801441 0.0265221 -0.0308988 -0.0423197 0.0428315 0.0325136 0.0372126 0.0403953 0.0272961 -0.0405602
internal_weight=234.872 137.876 112.664 96.996 33.4562 16.3215 25.2123 22.5426 105.94 62.6631 59.9311 57.9814 33.4955 17.1347
internal_count=1653 1005 856 648 232 127 149 133 819 461 444 434 236 105
is_linear=0
shrinkage=0.05


Tree=27
num_leaves=15
num_cat=0
split_feature=27 28 32 17 3 33 32 21 35 0 0 33 32 9
split_gain=64.8235 31.6432 15.6168 11.9124 15.8825 12.9134 9.67469 7.30632 6.23803 11.0885 13.754 5.39461 8.87472 9.51856
threshold=96.200000000000017 82.000000000000014 98.200000000000017 0.22333648185498833 1.5000000000000002 74.000000000000014 326.00000000000006 0.039319541802017445 1.0000000180025095e-35 360.00000000000006 201.50000000000003 106.00000000000001 124.00000000000003 0.01989262393083786
decision_type=2 2 2 2 2 2 2 2 10 2 2 2 2 2
left_child=3 6 -3 -1 -5 -6 7 -2 9 10 11 -4 13 -13
right_child=1 2 8 4 5 -7 -8 -9 -10 -11 -12 12 -14 -15
leaf_value=-0.045042511608551938 -0.051382524810649713 -0.038794307468108358 0.053228063877843415 -0.03899172058594836 -0.047711872485356716 0.049621338073481756 0.050283583710775973 0.015348506346656922 0.05608196965510346 0.054784845296794338 -0.081831381849721732 -0.074131062166148537 0.025435957078392399 0.041190292679233437
leaf_weight=57.345023177564144 17.747720912098892 5.9024493396282187 8.3189199790358526 18.275103613734245 3.6361740976572063 12.943001195788382 2.7625360041856757 4.7503418922424308 38.463621482253075 24.251964338123798 2.631754256784915 4.4755061566829708 18.729862153530121 1.8861860185861585
leaf_count=389 103 33 57 114 25 109 17 32 328 205 15 26 145 12
internal_value=0.000662203 0.0233474 0.0354202 -0.0312117 -0.00783448 0.0267743 -0.0261172 -0.0372391 0.0402002 0.029319 0.0111673 0.0206581 0.00823353 -0.0389886
internal_weight=222.12 129.921 104.66 92.1993 34.8543 16.5792 25.2606 22.4981 98.7578 60.2942 36.0422 33.4105 25.0916 6.36169
internal_count=1610 973 821 637 248 134 152 135 788 460 255 240 183 38
is_linear=0
shrinkage=0.05


Tree=28
num_leaves=15
num_cat=0
split_feature=28 1 33 5 30 28 28 17 28 3 26 30 32 28
split_gain=68.273 20.227 13.4742 19.8453 11.6967 8.97045 7.34342 6.68736 6.55611 9.00818 5.93469 5.62163 4.95623 7.95852
threshold=98.000000000000014 5.0000000000000009 74.000000000000014 0.99192641261498038 99.260000000000005 164.00000000000003 62.000000000000007 0.079500000000000015 92.000000000000014 3.5000000000000004 81.200000000000017 159.84000000000003 112.80000000000003 82.000000000000014
decision_type=2 2 2 2 2 2 2 2 2 2 2 2 2 2
left_child=1 2 -1 6 10 -2 -4 -7 -3 -10 -5 12 13 -6
right_child=5 8 3 4 11 7 -8 -9 9 -11 -12 -13 -14 -15
leaf_value=-0.054619856697407869 0.041235488010403595 -0.052622046938640359 -0.040133888122839169 0.022156427760265676 -0.044514987373239945 -0.049737472430433055 0.050369426535698127 0.031586654197868567 -0.048723746607406068 0.048274057403887127 -0.042702905254917073 -0.019791332066252516 0.053559243160531789 0.047350132387898328
leaf_weight=11.533798187971113 72.891144327819347 45.645216658711433 1.7728000730276132 3.4111124575138119 4.0065879225730914 4.3903986662626249 19.381755217909813 3.8363928496837616 3.9679557085037223 3.6209006011486053 26.833363220095634 8.6267396137118322 7.9762012735009193 3.4566198587417603
leaf_count=78 634 314 11 14 20 22 169 22 27 24 171 57 52 24
internal_value=-0.000556156 -0.0216328 -0.00661036 0.00134557 -0.0146888 0.0356999 0.0413158 -0.0125005 -0.0456089 -0.00221075 -0.0349128 0.011106 0.0285236 -0.00139978
internal_weight=221.351 140.233 86.999 75.4652 54.3106 81.1179 21.1546 8.22679 53.2341 7.58886 30.2445 24.0661 15.4394 7.46321
internal_count=1639 961 596 518 338 678 180 44 365 51 185 153 96 44
is_linear=0
shrinkage=0.05


Tree=29
num_leaves=15
num_cat=0
split_feature=27 28 32 3 28 32 21 3 26 29 35 34 32 25
split_gain=65.6588 31.6984 13.71 9.67521 33.5258 8.53788 7.0811 6.26661 5.79822 5.66395 5.33121 7.03403 3.74567 3.67795
threshold=96.200000000000017 82.000000000000014 98.200000000000017 1.5000000000000002 74.000000000000014 326.00000000000006 0.12194876734595587 2.5000000000000004 81.200000000000017 26.500000000000004 1.0000000180025095e-35 25.500000000000004 95.200000000000017 80.160000000000011
decision_type=2 2 2 2 2 2 2 2 2 2 10 2 2 2
left_child=3 5 -3 8 7 6 13 -5 -1 10 11 -4 -10 -2
right_child=1 2 9 4 -6 -7 -8 -9 12 -11 -12 -13 -14 -15
leaf_value=0.0010709948043799377 -0.00049747040573881371 -0.031388319421106974 -0.0257259903325078 0.028532849423810819 0.05408195748055479 0.046648352603795962 0.019251370641318155 -0.055140920285208408 -0.024528971026435881 0.046875248111018702 0.050282468337400556 0.041284732569061178 -0.05871307723414565 -0.059810710185164428
leaf_weight=6.091925546526908 3.150868773460398 6.4180537313222876 9.5232200920581835 1.8919077366590524 11.92209532856941 2.6415072456002227 4.0156806558370581 19.774525716900826 12.931213840842245 75.121916718780994 6.7669614478945723 5.2376171052455893 36.33380962908268 14.825052604079245
leaf_count=28 17 37 60 10 114 18 28 144 88 648 60 43 258 94
internal_value=0.000644736 0.0235475 0.0356761 -0.0321335 -0.0105283 -0.0266118 -0.0370576 -0.0468981 -0.0448233 0.0404054 0.01675 -0.00083764 -0.0504068 -0.0499882
internal_weight=216.646 127.701 103.068 88.9455 33.5885 24.6331 21.9916 21.6664 55.3569 96.6497 21.5278 14.7608 49.265 17.9759
internal_count=1647 1005 848 642 268 157 139 154 374 811 163 103 346 111
is_linear=0
shrinkage=0.05


Tree=30
num_leaves=15
num_cat=0
split_feature=27 28 1 26 33 31 3 29 35 29 3 31 21 33
split_gain=60.2422 27.3589 11.1222 13.264 13.5019 9.47832 8.80401 7.28195 6.82536 7.55847 6.4386 6.31619 6.21985 4.79413
threshold=96.200000000000017 82.000000000000014 5.0000000000000009 89.600000000000009 74.000000000000014 99.90000000000002 1.5000000000000002 26.500000000000004 1.0000000180025095e-35 24.500000000000004 3.5000000000000004 308.40000000000151 0.039319541802017445 1478.0000000000002
decision_type=2 2 2 2 2 2 2 2 10 2 2 2 2 2
left_child=2 11 3 4 -1 10 -6 8 9 -7 -3 12 -2 -8
right_child=1 5 -4 -5 6 7 13 -9 -10 -11 -12 -13 -14 -15
leaf_value=-0.053446504805273687 -0.047005700737466467 -0.043659848899646254 -0.052468647817560658 -0.056012613014519166 -0.0096430317422000825 0.040179306846422375 0.053526811007267749 0.047223954400264889 0.050362038091354727 -0.02981446764748177 0.048653645150223981 0.044446637771082265 0.019486794573145151 -0.031424107071912483
leaf_weight=7.9561204314231864 16.569712027907379 5.4850293397903434 35.083852879703045 13.550297886133192 15.098910838365555 4.902786090970042 12.427088208496569 68.354678735136986 7.1945170611143103 10.186746895313261 1.7350665479898451 2.024646781384944 3.8011315315961829 1.2330739870667464
leaf_count=59 104 33 267 97 90 41 121 614 66 63 11 14 28 7
internal_value=0.000725741 0.0234515 -0.0311948 -0.0156124 0.000387674 0.034812 0.0165763 0.0391924 0.0135859 -0.0059888 -0.0182558 -0.0255555 -0.0342672 0.044238
internal_weight=205.604 120.254 85.3493 50.2655 36.7152 97.8588 28.7591 90.6387 22.2841 15.0895 7.2201 22.3955 20.3708 13.6602
internal_count=1615 974 641 374 277 828 218 784 170 104 44 146 132 128
is_linear=0
shrinkage=0.05


Tree=31
num_leaves=15
num_cat=0
split_feature=27 28 3 28 32 27 35 34 0 42 28 48 32 28
split_gain=59.7402 31.1214 9.92291 31.2812 7.87698 6.50117 6.31135 10.2883 9.89469 6.31096 6.00721 4.42333 3.75947 6.47428
threshold=96.200000000000017 82.000000000000014 1.5000000000000002 74.000000000000014 99.600000000000037 80.40000000000002 1.0000000180025095e-35 410.50000000000006 201.50000000000003 1.0000000180025095e-35 164.00000000000003 80.000000000000014 130.40000000000003 106.00000000000001
decision_type=2 2 2 2 2 2 10 2 2 2 2 8 2 2
left_child=2 9 5 11 -3 -1 7 8 10 -2 12 -4 13 -6
right_child=1 4 3 -5 6 -7 -8 -9 -10 -11 -12 -13 -14 -15
leaf_value=0.0064896763669020632 -0.039665373035459445 -0.023236963697079411 0.011437875587317028 0.053348726887596322 0.044750156299242817 -0.052091607885907332 0.054382300444323274 0.05407509290408205 -0.05927451878314486 0.040997162914545034 -0.027892043143902319 -0.056103291968121451 0.04651536164061762 -0.018132029402172008
leaf_weight=5.022371679544448 19.919384822249416 5.0419006794691077 2.4441142007708612 11.232103124260901 6.2475003898143795 47.140072599053383 34.21262788772583 20.250151187181473 3.5976066440343848 1.926099158823489 4.9263776391744605 17.252267345786095 13.158384546637533 8.5223934501409513
leaf_count=22 130 30 14 116 46 355 334 200 22 16 21 134 123 59
internal_value=-0.00106192 0.0217695 -0.0333052 -0.0103999 0.0339953 -0.0464352 0.0373875 0.0263686 0.0099441 -0.0310702 0.0190506 -0.0475744 0.0280089 0.00961747
internal_weight=200.893 117.802 83.0909 30.9285 95.9569 52.1624 90.915 56.7024 36.4523 21.8455 32.8547 19.6964 27.9283 14.7699
internal_count=1622 981 641 264 835 377 805 471 271 146 249 148 228 105
is_linear=0
shrinkage=0.05


Tree=32
num_leaves=15
num_cat=0
split_feature=27 27 32 35 1 26 3 30 9 32 40 32 25 29
split_gain=54.1558 17.0868 15.6269 17.4356 8.73555 10.5512 8.61811 7.58544 9.45677 6.03621 9.44561 5.96729 4.87759 3.65269
threshold=96.200000000000017 178.00000000000003 124.00000000000003 inf 5.0000000000000009 89.600000000000009 3.5000000000000004 73.800000000000011 1.0000000180025095e-35 339.40000000000003 14.500000000000002 242.00000000000003 107.56000000000002 92.500000000000014
decision_type=2 2 2 8 2 2 2 2 2 2 10 2 2 2
left_child=4 2 3 -2 5 7 12 -1 9 10 13 -3 -5 -9
right_child=1 11 -4 6 -6 -7 -8 8 -10 -11 -12 -13 -14 -15
leaf_value=-0.051067143329765467 0.05014590052801346 -0.022434889362565297 0.05195198342698748 -0.010739633012287763 -0.049485658447495057 -0.053852316544324055 0.045658864381002397 0.0082583596210510628 0.036628397954926777 -0.049986839145661405 -0.047296238524994011 0.022554889131051796 -0.064394846057325095 0.089202005826649181
leaf_weight=5.4188764095306388 13.139623917639254 22.461694665253162 48.626337297260761 9.8143877163529449 34.946629509329796 12.46852397918701 3.0731809362769118 3.0422176718711871 14.337336249649523 6.810515195131301 3.3259671628475189 9.8197716772556287 7.1745765209197989 1.9861863106489179
leaf_count=42 120 161 496 65 283 96 22 19 136 49 22 74 41 10
internal_value=-8.65645e-05 0.0221384 0.0341752 0.00738201 -0.0307841 -0.0162554 -0.0216771 -0.00170598 0.00873749 -0.0182661 0.0101721 -0.00848285 -0.0357187 0.0497239
internal_weight=196.446 114.11 81.8281 33.2018 82.3363 47.3896 20.0621 34.9211 29.5022 15.1649 8.35437 32.2815 16.989 5.0284
internal_count=1636 979 744 248 657 374 128 278 236 100 51 235 106 29
is_linear=0
shrinkage=0.05


Tree=33
num_leaves=15
num_cat=0
split_feature=27 28 32 3 28 32 35 29 0 28 21 21 26 3
split_gain=49.0581 25.6436 11.8887 7.98627 31.6105 7.21677 6.39857 10.4838 9.86583 6.87082 5.74524 5.52681 5.34117 2.84254
threshold=96.200000000000017 82.000000000000014 98.200000000000017 1.5000000000000002 74.000000000000014 326.00000000000006 1.0000000180025095e-35 152.50000000000003 214.50000000000003 164.00000000000003 0.73750000000000016 0.12194876734595587 81.200000000000017 2.5000000000000004
decision_type=2 2 2 2 2 2 10 2 2 2 2 2 2 2
left_child=3 5 -3 12 13 11 7 8 9 10 -4 -2 -1 -5
right_child=1 2 6 4 -6 -7 -8 -9 -10 -11 -12 -13 -14 -15
leaf_value=0.0039604260583366267 -0.0508823198161098 -0.033817436498219597 0.030768680222547331 0.0096457429959229436 0.053417930928423785 0.044975501846425528 0.053421205628657403 0.052926375957786223 -0.075880212764514843 -0.038329867121780846 -0.046715608148463914 0.01761902979401354 -0.049586392454457492 -0.054970843410895635
leaf_weight=5.0442285016179076 15.745563797652727 5.8420312553644171 26.159807853400711 1.5758498162031234 11.048210494220255 2.056901015341281 31.898696303367615 19.331620529294014 2.2624992504715911 4.2055372148752204 1.739944428205489 3.0482754036784163 43.41450372338295 17.247953556478024
leaf_count=25 106 35 227 10 121 14 337 197 14 18 9 22 348 146
internal_value=-0.00153194 0.0195915 0.0309689 -0.0316786 -0.0108405 -0.0294379 0.03573 0.0244366 0.00736791 0.0153494 0.0244872 -0.0394429 -0.0440452 -0.0493477
internal_weight=190.622 112.291 91.4401 78.3307 29.872 20.8507 85.5981 53.6994 34.3678 32.1053 27.8998 18.7938 48.4587 18.8238
internal_count=1629 979 837 650 277 142 802 465 268 254 236 128 373 156
is_linear=0
shrinkage=0.05


Tree=34
num_leaves=15
num_cat=0
split_feature=27 28 32 1 26 28 32 3 21 35 29 0 28 32
split_gain=48.9212 22.1776 12.7484 10.0067 9.63342 8.27303 7.23236 7.01112 4.91352 4.68628 8.02545 7.62575 6.5408 4.62736
threshold=96.200000000000017 82.000000000000014 98.200000000000017 5.0000000000000009 89.600000000000009 74.000000000000014 326.00000000000006 1.5000000000000002 0.039319541802017445 1.0000000180025095e-35 142.00000000000003 201.50000000000003 182.00000000000003 99.600000000000037
decision_type=2 2 2 2 2 2 2 2 2 10 2 2 2 2
left_child=3 6 -3 4 5 -1 8 13 -2 10 11 12 -4 -7
right_child=1 2 9 -5 -6 7 -8 -9 -10 -11 -12 -13 -14 -15
leaf_value=-0.030692723589813314 -0.049710861673675395 -0.031905034032675958 0.02785108000808293 -0.051027575415137708 -0.052341128632555606 0.017340926748577765 0.045447121659629344 0.049507764241862803 0.011173888045997681 0.053402264048152515 0.052501925346847 -0.059249373304820024 -0.039408315526153946 -0.040690138166789881
leaf_weight=12.874164775013922 13.368024341762071 6.2921656519174567 27.066003225743774 30.504432074725628 11.052002124488352 7.6214284300804138 2.3137542307376853 9.0430352389812469 3.8886566236615172 31.924958154559135 19.639304906129837 2.427798703312873 3.2577545046806327 4.7408809512853622
leaf_count=92 93 39 232 267 92 44 17 111 27 349 210 14 14 35
internal_value=0.00138943 0.0225851 0.0329665 -0.0292979 -0.0138898 -0.000360588 -0.0247453 0.0184382 -0.0361304 0.0381249 0.0279895 0.0121708 0.0195978 -0.00629335
internal_weight=186.014 110.178 90.608 75.8359 45.3315 34.2795 19.5704 21.4053 17.2567 84.3158 52.3909 32.7516 30.3238 12.3623
internal_count=1636 995 858 641 374 282 137 190 120 819 470 260 246 79
is_linear=0
shrinkage=0.05


Tree=35
num_leaves=15
num_cat=0
split_feature=27 28 32 1 26 28 5 35 28 13 32 21 34 34
split_gain=41.0016 21.1657 10.8029 8.93244 8.54255 6.55347 7.72189 6.358 9.11409 9.90895 5.46596 5.42824 5.19468 4.84326
threshold=96.200000000000017 82.000000000000014 99.600000000000037 5.0000000000000009 89.600000000000009 74.000000000000014 0.99724055188962224 1.0000000180025095e-35 106.00000000000001 0.22056034482758624 326.00000000000006 0.039319541802017445 106.50000000000001 24.500000000000004
decision_type=2 2 2 2 2 2 2 10 2 2 2 2 2 2
left_child=3 10 -3 4 5 -1 -7 8 -4 -10 11 -2 13 -8
right_child=1 2 7 -5 -6 6 12 -9 9 -11 -12 -13 -14 -15
leaf_value=-0.029768478866792677 -0.046990361925867835 -0.030263750865011253 0.050436757603864749 -0.050387385952646246 -0.051610097989167464 0.049055916726754294 -0.037629652172796207 0.054382086641734106 0.021340505105024388 -0.044581953729031475 0.041162769561576107 0.017609797020973917 -0.040715667046183714 0.047425134826579118
leaf_weight=11.462233476340772 14.839337870478635 6.0423651188611975 18.491442278027534 29.635722152888775 10.345393292605875 8.6480805352330208 1.6139592081308363 27.949394308030605 23.727028556168083 6.4231744781136504 1.8825892433524121 3.5261393114924422 5.859795056283474 4.1051670014858246
leaf_count=83 104 38 178 270 89 111 11 319 219 48 14 26 41 23
internal_value=-0.000953171 0.0192055 0.030383 -0.0297567 -0.0143785 -0.00101674 0.0159111 0.0354959 0.023767 0.0063161 -0.0256935 -0.0343184 -0.010776 0.0213943
internal_weight=174.552 102.881 82.6334 71.6704 42.0346 31.6892 20.227 76.591 48.6416 30.1502 20.2481 18.3655 11.5789 5.71913
internal_count=1574 946 802 628 358 269 186 764 445 267 144 130 75 34
is_linear=0
shrinkage=0.05


Tree=36
num_leaves=15
num_cat=0
split_feature=27 28 1 2 27 33 21 48 13 31 29 37 33 28
split_gain=44.3507 21.4056 8.34031 9.79299 7.56023 6.83153 6.19296 6.99871 5.24929 4.78378 4.56359 4.49061 3.97451 3.09708
threshold=96.200000000000017 82.000000000000014 5.0000000000000009 1.0000000180025095e-35 307.60000000000014 74.000000000000014 0.080500000000000016 80.000000000000014 0.002148304103515766 99.90000000000002 30.500000000000004 192.00000000000003 90.000000000000014 114.00000000000001
decision_type=2 2 2 2 2 2 2 10 2 2 2 10 2 2
left_child=2 6 3 5 13 -1 7 -2 11 -6 -11 -7 -10 -3
right_child=1 4 -4 -5 9 8 -8 -9 12 10 -12 -13 -14 -15
leaf_value=-0.046861124966816665 -0.048142067479986797 0.048563075716162925 -0.049435969955754659 -0.041342896021005854 -0.044219323048137298 -0.027931815547580764 0.030003728517286745 0.034216207830922538 0.05145110810912016 -0.019347586672914099 0.050238306910775923 0.039120824249969488 -0.031613767427846266 0.025679319541172529
leaf_weight=3.9535368680954006 14.71791528165341 39.210568249225616 29.746605738997459 18.209916390478611 3.7830854654312116 7.0932332277297991 3.68420236557722 2.3423597142100325 9.4312964826822245 3.7260283976793289 3.9465840235352516 2.6370809823274612 0.98771416395902711 30.484296977519989
leaf_count=34 107 420 278 155 25 50 30 14 114 23 35 16 6 315
internal_value=0.000278947 0.0214298 -0.0295133 -0.0146893 0.0329494 0.00629256 -0.0230765 -0.0355659 0.0184445 -0.00437021 0.0181111 -0.00780714 0.0414977 0.0390586
internal_weight=173.954 101.895 72.0594 42.3128 81.1506 24.1029 20.7445 17.0603 20.1493 11.4557 7.67261 9.73031 10.419 69.6949
internal_count=1622 969 653 375 818 220 151 121 186 83 58 66 120 735
is_linear=0
shrinkage=0.05


Tree=37
num_leaves=15
num_cat=0
split_feature=28 26 5 35 34 26 3 28 34 29 32 26 28 13
split_gain=39.0479 24.4394 30.7982 10.1087 6.8573 6.85165 5.65072 4.86814 4.51743 4.95492 4.55571 7.60869 5.20937 3.46223
threshold=74.000000000000014 96.500000000000014 0.99724055188962224 1.0000000180025095e-35 450.50000000000006 81.200000000000017 2.5000000000000004 82.000000000000014 23.500000000000004 24.500000000000004 124.00000000000003 164.00000000000003 106.00000000000001 1.0000000180025095e-35
decision_type=2 2 2 10 2 2 2 2 2 2 2 2 2 2
left_child=13 2 -2 4 6 -4 8 -6 -3 -10 12 -12 -11 -1
right_child=1 3 5 -5 7 -7 -8 -9 9 10 11 -13 -14 -15
leaf_value=-0.01300863994670986 0.053365735029560393 0.039309587022537514 0.025719342519371542 0.052619839674027793 -0.015722386497715846 -0.044394726310060799 0.049307257395073328 0.050867018065115947 0.038952325109829343 -0.0047221214882687901 0.023721483275094948 -0.045000395859544573 -0.075787349730143852 -0.050331502634775829
leaf_weight=8.7821604311466199 11.458082184195517 4.0710850581526747 3.2340815365314475 29.447558559477329 2.8064278140664127 32.941330529749393 4.7425208762288085 15.551244534552096 3.236898414790633 4.7891419157385844 9.8272367268800718 5.4155132547020903 4.9696954116225243 30.862223230302334
leaf_count=55 145 34 14 348 22 290 39 190 32 37 102 34 28 276
internal_value=0.000324039 0.0133869 -0.0150736 0.0293523 0.0162732 -0.0376033 0.00357143 0.0404008 -0.00442058 -0.0118539 -0.0196768 -0.00196165 -0.0445926 -0.0425871
internal_weight=172.135 132.491 47.6335 84.8573 55.4098 36.1754 37.0521 18.3577 32.3096 28.2385 25.0016 15.2427 9.75884 39.6444
internal_count=1646 1315 449 866 518 304 306 212 267 233 201 136 65 331
is_linear=0
shrinkage=0.05


Tree=38
num_leaves=15
num_cat=0
split_feature=28 26 3 39 34 35 2 40 29 25 26 28 13 33
split_gain=32.441 14.037 18.8736 9.04498 6.85193 9.71266 5.72615 5.31559 5.11972 8.43244 6.63242 4.87861 4.74545 3.91732
threshold=86.000000000000014 96.500000000000014 2.5000000000000004 12.500000000000002 439.50000000000006 1.0000000180025095e-35 1.0000000180025095e-35 14.500000000000002 99.500000000000014 182.00000000000003 129.20000000000005 70.000000000000014 0.43500000000000005 114.00000000000001
decision_type=2 2 2 8 2 10 2 8 2 2 2 2 2 2
left_child=3 2 -2 6 5 8 12 -5 9 -3 -10 -9 -1 -13
right_child=1 4 -4 7 -6 -7 -8 11 10 -11 -12 13 -14 -15
leaf_value=0.050340298925383789 -0.042124957435494978 0.029330127364788253 0.051007530002387329 0.034508344504418607 0.051194175054796322 0.048004085352951947 -0.043570674832440065 -0.052551803549264413 -0.064092505727539967 -0.047422238259224876 0.0081657551577751595 -0.031945726749800916 -0.020112229795497677 0.0096996760532711349
leaf_weight=6.862823083996771 16.911336652934555 19.235397547483448 6.8594477623701087 1.9597785174846638 23.60703033208847 17.125935405492783 2.5640031397342673 26.209994323551655 4.5621822252869588 3.411056011915206 6.9470449686050415 21.055710405111316 2.787200815975666 7.0633069649338713
leaf_count=54 155 183 91 14 308 211 21 246 29 16 56 185 24 56
internal_value=0.000470657 0.0187534 -0.0142758 -0.0257516 0.0292874 0.0184165 0.0124384 -0.0341109 0.00263753 0.016253 -0.0233108 -0.0371651 0.0300138 -0.0215108
internal_weight=167.162 98.6594 23.7708 68.5028 74.8886 51.2816 12.214 56.2888 34.1557 22.6465 11.5092 54.329 9.65002 28.119
internal_count=1649 1049 246 600 803 495 99 501 284 199 85 487 78 241
is_linear=0
shrinkage=0.05


Tree=39
num_leaves=15
num_cat=0
split_feature=28 27 5 31 40 5 35 28 26 9 33 33 31 27
split_gain=33.0684 21.3612 25.256 7.97794 5.4514 5.14119 4.83848 5.95034 4.67138 2.67293 5.00272 2.67216 3.22702 3.91012
threshold=74.000000000000014 96.200000000000017 0.99724055188962224 99.90000000000002 14.500000000000002 0.99724055188962224 1.0000000180025095e-35 164.00000000000003 81.200000000000017 0.42585431173004823 74.000000000000014 106.00000000000001 131.00000000000003 178.00000000000003
decision_type=2 2 2 2 8 2 10 2 2 2 2 2 2 2
left_child=4 2 -2 5 -1 -3 7 11 -4 -6 -11 -5 -13 -14
right_child=1 3 8 6 9 -7 -8 -9 -10 10 -12 12 13 -15
leaf_value=0.042055263483375523 0.052274180966405542 0.040890173954533919 0.022113291323128406 0.047320297361703505 -0.048257299808390108 -0.041742614878849983 0.050207335782981359 -0.028099591307188965 -0.042297446936456456 -0.039731701197753877 0.057443698213965777 0.0021425199214749539 0.048605325091489862 0.0012418651547993513
leaf_weight=1.1794039085507382 9.4877464249730092 1.7224660627543915 2.4857929646968833 12.602648217231033 32.460304103791714 5.6825948134064674 25.068564385175705 4.4381626844406119 29.915855079889297 2.386691108345985 1.1760735213756559 15.071342177689074 12.268864020705225 6.5680506452918044
leaf_count=7 126 13 11 138 293 38 331 20 286 24 5 125 154 62
internal_value=0.000647647 0.0129719 -0.0159093 0.0274908 -0.040118 -0.0199436 0.0323104 0.0227076 -0.0368419 -0.0438716 -0.00209463 0.0280452 0.0197308 0.0329858
internal_weight=162.515 125.312 41.8894 83.4227 37.2025 7.40506 76.0176 50.9491 32.4016 36.0231 3.56276 46.5109 33.9083 18.8369
internal_count=1633 1304 423 881 329 51 830 499 297 322 29 479 341 216
is_linear=0
shrinkage=0.05


Tree=40
num_leaves=15
num_cat=0
split_feature=27 27 32 52 1 25 33 3 29 0 28 3 31 32
split_gain=27.8402 13.5477 11.1252 9.49598 9.13796 8.532 9.26585 5.46711 4.79127 4.61112 3.96031 5.31661 3.89149 6.87283
threshold=96.200000000000017 178.00000000000003 128.40000000000003 236.00000000000003 5.0000000000000009 88.02000000000001 74.000000000000014 3.5000000000000004 99.500000000000014 259.50000000000006 78.000000000000014 1.5000000000000002 99.90000000000002 178.00000000000003
decision_type=2 2 2 10 2 2 2 2 2 2 2 2 2 2
left_child=4 2 3 7 5 6 -1 8 -2 -10 -3 12 -12 -14
right_child=1 10 -4 -5 -6 -7 -8 -9 9 -11 11 -13 13 -15
leaf_value=-0.04873388242690567 0.0064191092294105584 -0.044238157949140162 0.051236310732228431 0.045039026706663508 -0.045746270756591739 -0.05011427433956131 0.018559313899604326 0.044427507247917775 -0.065501573771912472 0.0022723712054845344 -0.04922230034225656 0.04644417314186771 0.050628433269078711 -0.020804173533726388
leaf_weight=5.4234906062483814 9.1892402321100288 5.7507728710770634 32.074317704886198 11.436723187565802 26.880965478718281 8.107286371290682 24.253856617957354 3.0336644798517218 6.1658390536904317 3.7621162757277489 4.1869404315948549 3.8318190276622763 3.8887673467397681 9.8242059946060163
leaf_count=53 76 53 434 138 287 82 231 25 39 32 30 32 35 77
internal_value=0.000990978 0.0184141 0.0306142 0.0100093 -0.0240035 -0.00775442 0.00507386 -0.00924117 -0.0195428 -0.0419614 -0.0107864 -0.000377504 -0.0123276 0.00151716
internal_weight=157.81 93.1444 65.6619 33.5876 64.6656 37.7846 29.6773 22.1509 19.1172 9.92796 27.4825 21.7317 17.8999 13.713
internal_count=1624 971 744 310 653 366 284 172 147 71 227 174 142 112
is_linear=0
shrinkage=0.05


Tree=41
num_leaves=15
num_cat=0
split_feature=27 28 27 2 3 33 28 31 35 31 27 26 21 17
split_gain=32.7076 15.1618 7.41551 6.58786 7.89534 9.14834 3.7883 4.53577 6.81882 3.70654 3.22685 3.60682 3.15696 3.11124
threshold=96.200000000000017 82.000000000000014 307.60000000000014 1.0000000180025095e-35 1.5000000000000002 74.000000000000014 114.00000000000001 128.40000000000003 1.0000000180025095e-35 308.40000000000151 178.00000000000003 193.60000000000008 0.80805210450385956 0.079500000000000015
decision_type=2 2 2 2 2 2 2 2 10 2 2 2 2 2
left_child=3 9 6 4 -1 -6 -3 8 -8 12 -9 -12 -2 -4
right_child=1 2 13 -5 5 -7 7 10 -10 -11 11 -13 -14 -15
leaf_value=-0.030917524432213368 -0.033160903004663976 0.047795489868564273 -0.025517138793879554 -0.045248639679642516 -0.043088147029016116 0.044677127735762073 -0.031714474085157228 0.05066676543478274 0.04291942137982984 0.039406559647062439 -0.043957047052130993 0.036622018794644419 0.032347009428355021 0.022416642965009149
leaf_weight=19.822169095277786 16.258578330278404 33.089481499046087 7.1720088869333249 28.979019466787577 3.363957546651366 8.7214131355285627 7.0058663338422793 11.009415380656717 3.9593543782830238 1.485461939126252 1.6858715638518327 1.8796834647655485 1.2618456631898869 4.8219176754355431
leaf_count=182 128 416 54 306 36 118 53 155 61 12 10 20 11 37
internal_value=-0.000323804 0.0188121 0.0294055 -0.028342 -0.0120787 0.0188218 0.0366286 0.0209051 -0.00343071 -0.0200542 0.0382585 -0.00276049 -0.0269511 -0.00600422
internal_weight=150.516 89.6295 70.6236 60.8866 31.9075 12.0854 58.6297 25.5402 10.9652 19.0059 14.575 3.56556 17.5204 11.9939
internal_count=1599 957 806 642 336 154 715 299 114 151 185 30 139 91
is_linear=0
shrinkage=0.05


Tree=42
num_leaves=15
num_cat=0
split_feature=30 35 17 21 27 32 27 32 27 3 33 29 21 40
split_gain=25.0217 14.3369 8.74669 9.07781 3.81557 8.31018 9.18913 8.21703 11.3208 5.60736 6.7304 4.15085 3.6731 3.0313
threshold=96.060000000000016 1.0000000180025095e-35 0.22333648185498833 0.060542986425339375 96.200000000000017 242.00000000000003 307.60000000000014 178.00000000000003 122.00000000000001 3.5000000000000004 106.00000000000001 230.50000000000003 0.077500000000000013 14.500000000000002
decision_type=2 10 2 2 2 2 2 2 2 2 2 2 2 8
left_child=2 4 13 -4 -2 7 -7 8 9 10 -6 -12 -9 -1
right_child=1 -3 3 -5 5 6 -8 12 -10 -11 11 -13 -14 -15
leaf_value=0.016875680148157681 -0.026986536092838461 0.04806001551508033 -0.019663173807901849 0.049537439395778614 0.0078477190396912498 0.051030324637325368 -0.040998211870842897 -0.058121645009306971 0.043282983056859098 0.041131513706459212 -0.074155669126386103 0.011098674688050841 0.023770615969405301 -0.040630053757977375
leaf_weight=1.9020022936165322 8.023368299007414 24.136111874133348 14.114457644522192 5.9058098830282679 6.2344288006424957 14.503466539084913 2.5026866197586051 7.2564202956855279 11.797590032219885 2.3935053572058669 6.4228241741657257 1.473334342241287 1.0718917772173879 40.458418931812048
leaf_count=17 81 327 145 74 56 210 11 68 119 21 39 13 9 416
internal_value=-0.00121893 0.0162267 -0.0250958 0.00213594 0.00320176 0.00812707 0.0359623 -0.00540103 0.00775119 -0.0186395 -0.0308131 -0.0587887 -0.0461634 -0.0377184
internal_weight=148.196 85.8156 62.3807 20.0203 61.6795 53.6561 17.0062 36.65 28.3217 16.5241 14.1306 7.89616 8.32831 42.3604
internal_count=1606 954 652 219 627 546 221 325 248 129 108 52 77 433
is_linear=0
shrinkage=0.05


Tree=43
num_leaves=15
num_cat=0
split_feature=27 32 35 32 27 32 27 33 3 26 29 32 3 32
split_gain=24.2801 11.1603 9.31446 7.33297 7.0174 6.44775 11.9254 6.12238 17.9293 6.13374 5.41574 4.54109 4.18763 4.73102
threshold=96.200000000000017 99.600000000000037 1.0000000180025095e-35 242.00000000000003 307.60000000000014 178.00000000000003 128.80000000000004 74.000000000000014 1.5000000000000002 81.200000000000017 24.500000000000004 95.200000000000017 3.5000000000000004 124.00000000000003
decision_type=2 2 10 2 2 2 2 2 2 2 2 2 2 2
left_child=7 -2 3 5 -5 6 10 -1 9 -9 -3 -11 13 -12
right_child=1 2 -4 4 -6 -7 -8 8 -10 11 12 -13 -14 -15
leaf_value=-0.052015543654940002 -0.039577798662798758 0.042171828958495416 0.046134496631696227 0.047652582954293851 -0.04434274721325572 -0.042449815507989479 0.054197387036490442 0.018219826000453888 0.03562177582498862 -0.0057769628524058456 -0.045623586750393491 -0.053244477183058851 0.036923360445909242 0.012234575511230188
leaf_weight=14.951265864074228 7.2888156026601783 2.8754744455218377 25.180471010506153 14.539228718727829 1.592433065176009 7.1566047444939604 8.527283411473034 4.2869911715388289 11.770001158118246 6.828525364398959 12.442670620977884 21.537713564932346 1.7542389258742321 4.3037960492074481
leaf_count=177 57 29 359 218 8 68 82 20 144 63 84 240 16 49
internal_value=-0.000901185 0.016064 0.0216723 0.00945448 0.036513 -0.00297356 0.00754195 -0.025238 -0.0152789 -0.0341395 -0.01266 -0.0424036 -0.0229078 -0.0309027
internal_weight=145.036 85.661 78.3722 53.1917 16.1317 37.0601 29.9035 59.3745 44.4232 32.6532 21.3762 28.3662 18.5007 16.7465
internal_count=1614 970 913 554 226 328 260 644 467 323 178 303 149 133
is_linear=0
shrinkage=0.05


Tree=44
num_leaves=15
num_cat=0
split_feature=28 3 26 35 26 34 34 28 41 32 34 32 27 28
split_gain=23.7065 18.5412 17.2723 8.7886 7.80525 6.37459 4.61383 4.40422 4.24466 3.83867 3.79176 3.52007 7.76353 6.04773
threshold=74.000000000000014 2.5000000000000004 98.100000000000009 1.0000000180025095e-35 81.200000000000017 490.50000000000006 23.500000000000004 82.000000000000014 14.500000000000002 95.200000000000017 98.500000000000014 124.00000000000003 178.00000000000003 106.00000000000001
decision_type=2 2 2 10 2 2 2 2 8 2 2 2 2 2
left_child=8 2 4 5 10 6 -4 -7 -1 -6 -2 13 -13 -8
right_child=1 -3 3 -5 9 7 11 -9 -10 -11 -12 12 -14 -15
leaf_value=0.028870196754982182 0.067959121766696787 0.055005307193425605 0.039646695783630878 0.047204095253039181 -0.0056230716126407275 -0.032648061455518101 0.0064542502509762319 0.047569206541446245 -0.039664802528460566 -0.047670700713254306 -0.013693237583486584 0.030681859032482873 -0.038081140326700513 -0.060780800126232409
leaf_weight=1.7305105179548252 2.0363240987062481 19.771351438015699 3.7611836716532734 17.436733774840832 7.7555424273014095 1.3020651191472996 5.55285692214966 9.9029994271695596 31.229572124779224 19.689869463443756 2.1509462296962738 9.0698715932667238 5.9338739216327658 6.792510412633419
leaf_count=12 12 270 34 267 71 12 46 158 316 221 12 115 40 37
internal_value=0.00128701 0.0123606 0.00263875 0.0183716 -0.0267319 0.00567525 -0.00615577 0.0363365 -0.0353223 -0.0364042 0.0314615 -0.0136311 0.00280638 -0.0323214
internal_weight=144.116 111.156 91.3848 59.7521 31.6327 42.3154 31.1103 11.2051 32.9601 27.4454 4.18727 27.3491 15.0037 12.3454
internal_count=1623 1295 1025 709 316 442 272 170 328 292 24 238 155 83
is_linear=0
shrinkage=0.05


Tree=45
num_leaves=15
num_cat=0
split_feature=28 3 26 4 26 31 28 28 35 29 29 30 13 32
split_gain=20.1846 18.4697 17.7674 11.3998 7.38654 6.73174 6.76326 5.18154 5.06619 4.74411 5.56799 4.90402 3.86362 4.04052
threshold=74.000000000000014 2.5000000000000004 98.100000000000009 10.000000000000002 81.200000000000017 99.90000000000002 82.000000000000014 114.00000000000001 1.0000000180025095e-35 142.00000000000003 99.500000000000014 131.64000000000001 0.00095582990916267998 122.80000000000004
decision_type=2 2 2 2 2 2 2 2 10 2 2 2 2 2
left_child=12 2 4 5 -2 -4 -7 -8 9 10 -9 -12 13 -1
right_child=1 -3 3 -5 -6 6 7 8 -10 -11 11 -13 -14 -15
leaf_value=-0.035811585034874846 0.030300249091653332 0.054857266618576941 -0.03717019380434855 -0.076562778019333366 -0.038069929224785658 -0.034949736607674017 0.050369834493605915 0.010926195069445957 0.047796160211761446 0.045122260216594781 -0.076247717447154445 0.014013979562088139 -0.044394940728019978 0.027332898770443578
leaf_weight=3.9770991653203982 3.8335025422275093 18.539005488157272 3.5791951641440383 2.1121765077114096 27.086604684591293 3.3085114434361449 20.594898860901594 10.880955789238223 8.1593441478908044 4.0911017134785643 3.4490401670336714 1.8646034747362135 22.982268936932087 4.1750466972589493
leaf_count=26 23 263 27 11 299 28 302 100 137 62 19 21 260 28
internal_value=0.000533352 0.0108384 0.00115715 0.0173933 -0.0289096 0.0222242 0.0269058 0.031694 0.0169208 0.00283998 -0.00984443 -0.0473712 -0.0342773 -0.00401969
internal_weight=138.633 107.499 88.9599 58.0398 30.9201 55.9277 52.3485 49.0399 28.445 20.2857 16.1946 5.31364 31.1344 8.15215
internal_count=1606 1292 1029 707 322 696 669 641 339 202 140 40 314 54
is_linear=0
shrinkage=0.05


Tree=46
num_leaves=15
num_cat=0
split_feature=28 3 30 35 4 32 52 29 0 33 28 26 27 1
split_gain=21.9675 17.5104 15.9996 8.7366 4.94178 4.00972 2.94462 2.91513 4.98043 3.82255 2.82163 2.20379 4.31924 2.07937
threshold=70.000000000000014 2.5000000000000004 99.260000000000005 1.0000000180025095e-35 10.000000000000002 86.000000000000014 268.00000000000006 131.50000000000003 201.50000000000003 98.000000000000014 82.000000000000014 99.800000000000026 1112.0000000000002 5.0000000000000009
decision_type=2 2 2 10 2 2 10 2 2 2 2 2 2 2
left_child=-1 2 5 4 7 6 13 8 -4 -9 -11 -7 -13 -2
right_child=1 -3 3 -5 -6 11 -8 9 -10 10 -12 12 -14 -15
leaf_value=-0.043450975126659103 0.011414590621002946 0.053051640756662924 0.0037839868964712527 0.044181045470067598 -0.062383977295503247 -0.043545446694254197 0.041855865886213678 -0.026606077320391431 -0.066819066941213257 -0.011673466129072625 0.042416893521949356 0.04063638382881609 -0.042210428889960502 -0.041791910441903418
leaf_weight=22.931272678077221 3.0114521607756606 18.007330562919378 23.640388280153278 17.551876571029425 1.7127553224563588 20.393484681844715 2.2698191180825233 2.5162766762077835 1.7825236581265915 2.5165430009365073 11.701698809862135 1.992801297456025 2.3235446810722351 2.6674061194062233
leaf_count=267 22 273 227 278 9 233 15 33 10 19 175 18 18 26
internal_value=7.0129e-05 0.0092793 0.000431276 0.0154094 0.0031701 -0.0273594 0.00328342 0.00721719 -0.00350782 0.0227896 0.0327052 -0.036961 -0.00351212 -0.0160924
internal_weight=135.019 112.088 94.0806 61.4221 43.8702 32.6585 7.94868 42.1574 25.4229 16.7345 14.2182 24.7098 4.31635 5.67886
internal_count=1623 1356 1083 751 473 332 63 464 237 227 194 269 36 48
is_linear=0
shrinkage=0.05


Tree=47
num_leaves=15
num_cat=0
split_feature=28 3 26 4 32 26 13 25 32 17 26 2 32 26
split_gain=19.6722 16.9071 15.6091 9.4016 8.10131 7.89112 5.88767 5.47032 5.05382 4.36431 3.84251 3.4312 2.47056 3.93237
threshold=74.000000000000014 2.5000000000000004 98.100000000000009 10.000000000000002 95.200000000000017 164.00000000000003 0.00088966242783771387 80.160000000000011 94.000000000000014 0.079500000000000015 81.200000000000017 1.0000000180025095e-35 122.80000000000004 109.20000000000002
decision_type=2 2 2 2 2 2 2 2 2 2 2 2 2 2
left_child=6 2 4 5 11 12 7 8 -1 -7 -6 -2 13 -4
right_child=1 -3 3 -5 10 9 -8 -9 -10 -11 -12 -13 -14 -15
leaf_value=-0.028170423053175478 0.028520255662426514 0.053947035626223411 0.045973834119269807 -0.065172778928943076 0.030500629336344006 -0.028956612802057483 -0.04693197158639368 -0.040777522184468243 0.061468821319037165 0.026171342043892477 -0.05035488873948063 -0.030267268271974096 0.043549674570296279 -0.0028324653114259793
leaf_weight=1.7099716514348999 6.6320259384810942 18.10333825647831 5.8248782567679873 2.3218353018164626 0.94236654043197887 9.1738253682851774 21.876384109258652 3.4742808043956757 3.4301492273807526 4.6213599555194369 18.512250579893589 2.737567625939846 23.240002278238535 10.169510357081888
leaf_count=12 54 285 74 12 4 83 271 29 17 44 231 25 394 99
internal_value=0.000938222 0.0114797 0.00182031 0.0172808 -0.0274526 0.0220304 -0.0336641 0.00140674 0.0319171 -0.00996817 -0.0451387 0.0100815 0.0332495 0.0166013
internal_weight=132.77 102.279 84.1756 55.3514 28.8242 53.0296 30.4908 8.6144 5.14012 13.7952 19.4546 9.36959 39.2344 15.9944
internal_count=1634 1305 1020 706 314 694 329 58 29 127 235 79 567 173
is_linear=0
shrinkage=0.05


Tree=48
num_leaves=15
num_cat=0
split_feature=27 27 32 52 52 3 27 33 17 28 3 35 34 28
split_gain=17.9229 9.66364 9.26815 7.35435 6.65276 5.43786 7.87731 7.08663 3.81678 5.18234 3.69186 3.55116 3.08855 3.65651
threshold=96.200000000000017 178.00000000000003 128.40000000000003 236.00000000000003 524.00000000000011 1.5000000000000002 80.40000000000002 74.000000000000014 1.0000000180025095e-35 78.000000000000014 3.5000000000000004 1.0000000180025095e-35 24.500000000000004 106.00000000000001
decision_type=2 2 2 10 8 2 2 2 2 2 2 10 2 2
left_child=4 2 3 10 5 6 -1 -7 11 -10 12 -3 -2 -14
right_child=1 8 -4 -5 -6 7 -8 -9 9 -11 -12 -13 13 -15
leaf_value=0.063014935477212139 0.016987519896729447 -0.038540247989295208 0.048680857429455104 0.041344156501137326 -0.03600831064266357 -0.036350300165132077 -0.039552047908324908 0.05931165126794128 -0.035842053407530015 0.032457822252141985 0.039099067805686762 0.024378793150076704 -0.0039847391219561641 -0.055368260131196834
leaf_weight=1.3775886297225977 3.8649429082870581 11.35489857196808 24.386339090764523 9.1826662085950357 33.009614538401365 1.9933243244886387 8.7402296811342222 5.3769761808216572 3.1817181259393674 7.4749597907066345 2.2464884147047988 2.0213924050331107 7.0256170853972417 6.1637278087437153
leaf_count=6 33 104 438 142 435 27 105 65 33 73 24 24 65 42
internal_value=-0.00023488 0.0148964 0.0266899 0.00684956 -0.0231201 0.00183893 -0.0211752 0.0321877 -0.0110776 0.0107404 -0.01079 -0.0279977 -0.0191633 -0.0302074
internal_weight=127.4 76.9028 52.8698 28.4834 50.4977 17.4881 10.1178 7.3703 24.033 10.6567 19.3008 13.3763 17.0543 13.1893
internal_count=1616 978 744 306 638 203 111 92 234 106 164 128 140 107
is_linear=0
shrinkage=0.05


Tree=49
num_leaves=15
num_cat=0
split_feature=30 52 28 28 3 34 3 4 34 29 29 25 28 30
split_gain=16.6039 11.3732 6.29404 6.03782 16.8324 5.45683 4.06589 7.27507 3.80815 6.74284 7.41033 2.87824 6.33124 4.52126
threshold=96.060000000000016 1.0000000180025095e-35 70.000000000000014 74.000000000000014 1.5000000000000002 99.500000000000014 2.5000000000000004 10.000000000000002 24.500000000000004 24.500000000000004 108.50000000000001 80.160000000000011 82.000000000000014 115.68000000000002
decision_type=2 10 2 2 2 2 2 2 2 2 2 2 2 2
left_child=3 2 -2 -1 5 8 7 11 -5 -10 -11 -4 -13 -14
right_child=1 -3 6 4 -6 -7 -8 -9 9 10 -12 12 13 -15
leaf_value=-0.04533210883960339 -0.045994865722887746 0.046642702235146473 0.056448942236400047 -0.038360421634579644 0.048902012159501344 -0.046647891492219387 0.046029543524785929 -0.070800375565013812 -0.040677053584442242 0.073432998007966904 -0.032692190948707553 -0.046866596451742314 0.045086116571684605 0.0024521443366902675
leaf_weight=16.789586931467056 4.919506359845399 19.527097105979919 1.9114804118871678 3.9749143719673183 8.4407145269215089 15.751041263341902 5.3246964402496806 2.1149819642305365 2.7286380380392057 4.3130397126078606 1.6973783075809477 4.2232394963502875 7.0565685480833045 27.827860984951258
leaf_count=217 63 335 8 47 142 187 78 10 33 28 15 40 86 329
internal_value=-0.000450417 0.0150089 0.00279152 -0.0213311 -0.00950441 -0.0278955 0.0085741 0.00301223 -0.00295615 0.0154326 0.0430744 0.00841245 0.00471566 0.0120924
internal_weight=126.601 72.9054 53.3783 53.6953 36.9057 28.465 48.4588 43.1341 12.714 8.73906 6.01042 41.0191 39.1077 34.8844
internal_count=1618 949 614 669 452 310 551 473 123 76 43 463 455 415
is_linear=0
shrinkage=0.05


Tree=50
num_leaves=15
num_cat=0
split_feature=28 3 26 35 32 32 33 26 26 25 26 34 2 4
split_gain=14.4849 13.6328 11.2355 8.36363 6.99819 4.79035 4.44356 9.19401 3.87857 3.86241 3.68794 3.59892 3.32822 4.02356
threshold=74.000000000000014 2.5000000000000004 98.100000000000009 1.0000000180025095e-35 576.8000000000003 93.200000000000031 74.000000000000014 72.40000000000002 105.60000000000001 122.40000000000002 81.200000000000017 6061.5000000000009 1.0000000180025095e-35 10.000000000000002
decision_type=2 2 2 10 2 2 2 2 2 2 2 2 2 2
left_child=6 2 5 4 8 -2 -1 -8 -4 12 -7 -9 -10 -14
right_child=1 -3 3 -5 -6 10 7 11 9 -11 -12 -13 13 -15
leaf_value=-0.050769282507191073 0.0054159026458099327 0.051812047790366515 0.033703514046317461 0.045637985774372863 0.043049091480339238 0.033970647678642621 0.047909471654156377 -0.044369298122291262 -0.058320653061526763 0.0031775524280546136 -0.044079887559110909 0.024132097494626102 0.012101237243520902 -0.06616705243928496
leaf_weight=12.644187904894354 9.0123301595449465 15.503377474844454 3.7232314050197628 14.882818315178154 7.306388694792985 0.9320297390222575 3.9241055250167838 9.6374088786542398 6.0419036783278006 13.645123358815907 16.835586782544851 1.6688906624913205 5.7093153297901154 1.1906866878271101
leaf_count=182 80 274 42 277 133 4 21 106 42 146 229 14 58 5
internal_value=0.00111677 0.010466 0.00183592 0.0152098 0.00230105 -0.0239861 -0.0299351 -0.0105763 -0.0085826 -0.0155114 -0.0383937 -0.0331187 -0.0340304 -0.00807092
internal_weight=122.657 94.7828 79.2794 52.4995 37.6166 26.7799 27.8746 15.2304 30.3103 26.587 17.7676 11.3063 12.9419 6.9
internal_count=1613 1290 1016 703 426 313 323 141 293 251 233 120 105 63
is_linear=0
shrinkage=0.05


Tree=51
num_leaves=15
num_cat=0
split_feature=30 52 28 17 38 3 33 3 4 30 28 32 28 27
split_gain=15.246 10.2829 6.25887 5.18341 5.25644 4.92113 4.96378 3.90294 4.81594 3.60038 3.146 3.74079 4.32018 3.70252
threshold=96.060000000000016 1.0000000180025095e-35 70.000000000000014 0.22333648185498833 5.5000000000000009 1.5000000000000002 74.000000000000014 2.5000000000000004 10.000000000000002 111.96000000000002 182.00000000000003 130.40000000000003 110.00000000000001 128.80000000000004
decision_type=2 10 2 2 8 2 2 2 2 2 2 2 2 2
left_child=3 2 -2 4 -1 -5 -7 8 9 -4 11 13 -13 -11
right_child=1 -3 7 5 -6 6 -8 -9 -10 10 -12 12 -14 -15
leaf_value=0.0090258750030494123 -0.045808015249375583 0.046232191144624873 0.040485723912572297 -0.022466383099474591 -0.041021080977998808 -0.033626538976651979 0.049367407927831057 0.045836582739079146 -0.057684668154584541 -0.029762519489995528 -0.040747764570602418 -0.0064178858547010694 0.039427985914086472 0.036739864045267322
leaf_weight=6.0667415447533122 4.7645523734390727 18.488127585500479 6.0789575427770606 8.5296121165156382 26.918256931006908 1.6408657394349564 5.9828282371163368 5.367494359612464 1.9900977164506901 8.7978215515613574 2.9783790707588187 8.835488788783552 10.521577477455137 1.7536491416394699
leaf_count=75 63 347 77 94 350 24 108 85 9 64 15 111 172 17
internal_value=0.000349716 0.0153238 0.00346559 -0.0207352 -0.0318215 0.00243831 0.0296765 0.00939446 0.00363987 0.00813687 0.00113909 0.00649369 0.0192144 -0.0164861
internal_weight=118.714 69.5761 51.088 49.1383 32.985 16.1533 7.62369 46.3235 40.956 38.9659 32.8869 29.9085 19.3571 10.5515
internal_count=1611 960 613 651 425 226 132 550 465 456 379 364 283 81
is_linear=0
shrinkage=0.05


Tree=52
num_leaves=15
num_cat=0
split_feature=28 17 5 27 33 26 13 13 25 1 26 32 27 32
split_gain=16.7791 10.8976 5.23727 5.8551 5.17882 5.63521 4.57162 4.45879 4.61428 4.35306 4.30545 3.94223 3.26243 3.12748
threshold=74.000000000000014 1.0000000180025095e-35 0.99724055188962224 93.200000000000017 110.00000000000001 164.00000000000003 0.54358490566037754 0.00095582990916267998 80.160000000000011 5.0000000000000009 81.200000000000017 94.000000000000014 242.00000000000003 130.40000000000003
decision_type=2 2 2 2 2 2 2 2 2 2 2 2 2 2
left_child=7 4 -3 -4 6 13 10 8 11 -8 -2 -1 -7 -6
right_child=1 2 3 -5 5 12 9 -9 -10 -11 -12 -13 -14 -15
leaf_value=-0.025715626507748657 0.01320082664068156 0.051621529398404337 -0.02275243087406956 0.028766749366472607 0.0044071944040167225 -0.055893788568985192 0.028321937940748346 -0.046473186372552058 -0.039449152321742668 -0.029931962924752545 -0.04839498315847849 0.056518701438455055 0.0080855892548324561 0.046197254791089326
leaf_weight=1.5650076046586052 3.1221584826707849 15.620378620922564 6.8114959634840515 18.693424750119448 8.811636604368692 3.0375296398997298 6.8295309096574783 18.585783515125513 3.4987894892692566 4.4494836665689945 12.54574231430888 2.9852875024080276 3.501527477055788 8.6190054118633253
leaf_count=12 14 300 86 273 95 28 92 271 31 59 153 16 36 163
internal_value=0.000619934 0.0107758 0.0295963 0.0146684 -0.00470289 0.011948 -0.0194117 -0.0335954 -0.00201025 0.00477512 -0.0360651 0.028698 -0.025106 0.0264567
internal_weight=118.677 92.0419 41.1253 25.5049 50.9166 23.9697 26.9469 26.6349 8.04908 11.279 15.6679 4.5503 6.53906 17.4306
internal_count=1629 1299 659 359 640 322 318 330 59 151 167 28 64 258
is_linear=0
shrinkage=0.05


Tree=53
num_leaves=15
num_cat=0
split_feature=28 3 27 27 31 21 40 9 52 48 26 30 30 31
split_gain=14.1978 12.3843 12.7615 6.9164 5.09762 4.48621 3.64423 3.4128 3.14408 3.13853 2.66424 2.41047 4.23657 2.22867
threshold=74.000000000000014 2.5000000000000004 96.200000000000017 178.00000000000003 87.600000000000009 0.51750000000000018 14.500000000000002 0.54560803695371229 236.00000000000003 80.000000000000014 242.00000000000003 99.260000000000005 316.00000000000006 128.40000000000003
decision_type=2 2 2 2 2 2 8 2 10 8 2 2 2 2
left_child=6 2 4 5 -2 13 -1 -8 10 -9 -5 -12 -13 -4
right_child=1 -3 3 8 -6 -7 7 9 -10 -11 11 12 -14 -15
leaf_value=0.030941222413246001 0.0065742365120047015 0.051263798535937169 0.019610560550578686 -0.049305515653566223 -0.043091019724470186 -0.039471828144915476 -0.043331327281612764 0.054532249516903566 0.027189936899560188 -0.030184731046812848 -0.038417945169084908 0.044978201820248358 -0.040751403697517619 0.046947431090813056
leaf_weight=1.396014198660853 6.9977762065827873 13.820435982197521 22.878683693706989 4.9819774851202947 16.462503388524055 1.6158717870712269 21.40422693639994 1.1617639362812036 2.8206169307231894 1.3002917133271692 1.9847177267074583 3.1897993460297585 1.2792941182851789 12.572018437087534
leaf_count=11 64 280 293 43 240 8 284 5 35 22 19 38 6 264
internal_value=3.19136e-05 0.00950723 0.00121572 0.0151373 -0.0286136 0.0263274 -0.0322979 -0.0370925 -0.0137754 0.0139952 -0.0252534 -0.00256265 0.0174737 0.0303271
internal_weight=113.866 88.6037 74.7833 51.323 23.4603 37.0666 25.2623 23.8663 14.2564 2.46206 11.4358 6.45381 4.46909 35.4507
internal_count=1612 1290 1010 706 304 565 322 311 141 27 106 63 44 557
is_linear=0
shrinkage=0.05


Tree=54
num_leaves=15
num_cat=0
split_feature=30 35 33 3 41 4 13 30 32 34 34 21 29 34
split_gain=12.9822 8.94633 4.80207 12.8569 3.6119 3.16994 2.69916 3.17025 5.003 2.68856 3.83262 2.52397 2.02414 1.99398
threshold=96.060000000000016 1.0000000180025095e-35 74.000000000000014 1.5000000000000002 14.500000000000002 10.000000000000002 0.97000000000000008 174.00000000000003 130.40000000000003 95.500000000000014 135.50000000000003 0.51750000000000018 152.50000000000003 155.50000000000003
decision_type=2 10 2 2 8 2 2 2 2 2 2 2 2 2
left_child=2 6 -1 4 -4 -5 7 8 9 11 -11 -2 -8 -6
right_child=1 -3 3 5 13 -7 12 -9 -10 10 -12 -13 -14 -15
leaf_value=-0.046527009496632056 0.031740394045520065 0.0443412864289532 0.032222128337253693 0.052843858752615262 -0.019062220593116463 -0.018816046525708015 -0.029993902670756151 -0.0093197182172360567 0.046166222102680537 -0.051305397647103818 0.017026423359639616 -0.032625524696311789 0.011521994705956502 -0.048996248216040358
leaf_weight=11.283420149236916 6.4759917035698908 17.273155026137829 1.6682128198444868 7.2016641534864885 17.347127698361877 1.3634826093912122 7.9204429201781732 13.261092903092502 9.7270334847271425 3.4516894072294235 3.103733129799366 1.0507593899965284 3.7246031761169434 9.2869985327124578
leaf_count=178 59 346 18 141 194 20 82 181 170 21 39 7 65 132
internal_value=0.000181953 0.0144997 -0.0193356 -0.0100046 -0.0262022 0.0406618 0.00323955 0.00982859 0.0204395 0.00078636 -0.0209815 0.0199823 -0.0168542 -0.0308952
internal_weight=114.139 65.9885 48.1509 36.8675 28.3023 8.56515 48.7153 37.0703 23.8092 14.0822 6.55542 7.52675 11.645 26.6341
internal_count=1653 970 683 505 344 161 624 477 296 126 60 66 147 326
is_linear=0
shrinkage=0.05


Tree=55
num_leaves=15
num_cat=0
split_feature=33 52 17 33 3 30 27 27 28 3 2 33 32 27
split_gain=10.8907 10.4603 4.89242 4.19659 4.17271 5.9744 8.14358 4.00566 3.72986 4.96026 8.75012 3.82746 3.43412 3.146
threshold=74.000000000000014 236.00000000000003 1.0000000180025095e-35 110.00000000000001 1.5000000000000002 99.260000000000005 80.40000000000002 178.00000000000003 70.000000000000014 1.5000000000000002 1.0000000180025095e-35 102.00000000000001 130.40000000000003 242.00000000000003
decision_type=2 10 2 2 2 2 2 2 2 2 2 2 2 2
left_child=-1 2 3 -2 5 6 -3 12 -4 10 -10 -12 -5 -9
right_child=1 4 8 7 -6 -7 -8 13 9 -11 11 -13 -14 -15
leaf_value=-0.042377193970130927 -0.032601705104827162 0.066869081658694776 -0.040008784341979978 -0.0081631876081221261 0.055726866439806802 0.039024745705738745 -0.032884594618429262 -0.057084171533106701 -0.034245694599265034 0.047128190372995427 -0.031472551539210913 0.041067178228778138 0.041243679664230301 0.0061426581454622139
leaf_weight=13.224037550389765 20.739297665655613 1.6327606588602126 2.5249526388943222 6.7766078747808951 8.8474059831351024 11.073173988610504 8.4611752741038782 3.3913374952971926 8.7130793258547818 7.3287372309714547 1.431062355637551 9.474991098046301 5.749436404556036 3.2459077313542366
leaf_count=211 261 7 32 59 167 236 110 40 94 147 24 113 115 30
internal_value=-0.00144218 0.00437218 -0.00633628 -0.0175647 0.0285299 0.015161 -0.0121757 -0.000481321 0.0089432 0.0147973 0.00102019 0.0297048 0.0158871 -0.0294078
internal_weight=112.614 99.3899 69.3754 39.9026 30.0145 21.1671 10.0939 19.1633 29.4728 26.9479 19.6191 10.9061 12.526 6.63725
internal_count=1646 1435 915 505 520 353 117 244 410 378 231 137 174 70
is_linear=0
shrinkage=0.05


Tree=56
num_leaves=15
num_cat=0
split_feature=33 52 3 33 29 33 32 27 3 30 27 29 29 27
split_gain=10.9093 8.2714 4.7107 4.17238 5.71504 4.4357 4.25101 4.83448 2.61052 3.88858 5.14179 2.04785 5.762 2.4913
threshold=74.000000000000014 268.00000000000006 3.5000000000000004 98.000000000000014 131.50000000000003 106.00000000000001 124.00000000000003 178.00000000000003 1.5000000000000002 99.260000000000005 80.40000000000002 116.50000000000001 100.50000000000001 96.200000000000017
decision_type=2 10 2 2 2 2 2 2 2 2 2 2 2 2
left_child=-1 2 3 11 5 -5 -7 -8 9 10 -3 12 13 -2
right_child=1 8 -4 4 -6 6 7 -9 -10 -11 -12 -13 -14 -15
leaf_value=-0.045201417622853457 -0.035950754558458385 0.05653268687785195 0.028226333564449507 0.028594156235392517 0.02686898264247993 -0.05318481013854881 0.016091060468431017 -0.036266868908927483 0.054164896087822878 0.037847962598236085 -0.027505562420363727 -0.040468908302726821 0.056932541963098673 0.023249526312330699
leaf_weight=11.225235458463429 8.0585619155317563 1.4142480939626754 9.0019087214022857 4.5754040256142643 13.132506985217331 6.2617617137730148 9.3795457407832163 6.7097125276923171 6.833960657939314 9.2895952388644201 6.5289596654474735 10.736795352771876 1.6778749078512181 1.4780765734612931
leaf_count=191 121 6 183 58 228 38 133 61 126 191 86 156 13 11
internal_value=-0.000720745 0.00494655 -0.00372024 -0.00873223 0.000982622 -0.0121527 -0.0213612 -0.0065883 0.0296473 0.0174869 -0.00789474 -0.0257312 -0.00946332 -0.0254396
internal_weight=106.304 95.0789 71.0121 62.0102 40.0589 26.9264 22.351 16.0893 24.0668 17.2328 7.94321 21.9513 11.2145 9.53664
internal_count=1602 1411 1002 819 518 290 232 194 409 283 92 301 145 132
is_linear=0
shrinkage=0.05


end of trees

feature_importances:
Column_28=137
Column_27=80
Column_32=77
Column_3=61
Column_26=52
Column_35=46
Column_33=39
Column_30=37
Column_21=35
Column_29=30
Column_34=25
Column_1=24
Column_25=18
Column_31=18
Column_13=16
Column_52=14
Column_5=13
Column_17=13
Column_4=12
Column_0=9
Column_9=9
Column_48=9
Column_2=8
Column_40=7
Column_38=2
Column_41=2
Column_36=1
Column_37=1
Column_39=1
Column_42=1
Column_53=1

parameters:
[boosting: gbdt]
[objective: binary]
[metric: binary_logloss]
[tree_learner: serial]
[device_type: cpu]
[data_sample_strategy: bagging]
[data: ]
[valid: ]
[num_iterations: 57]
[learning_rate: 0.05]
[num_leaves: 15]
[num_threads: 4]
[seed: 26006]
[deterministic: 1]
[force_col_wise: 0]
[force_row_wise: 1]
[histogram_pool_size: -1]
[max_depth: -1]
[min_data_in_leaf: 10]
[min_sum_hessian_in_leaf: 0.001]
[bagging_fraction: 0.8]
[pos_bagging_fraction: 1]
[neg_bagging_fraction: 1]
[bagging_freq: 1]
[bagging_seed: 19736]
[bagging_by_query: 0]
[feature_fraction: 0.8]
[feature_fraction_bynode: 1]
[feature_fraction_seed: 22478]
[extra_trees: 0]
[extra_seed: 25246]
[early_stopping_round: 0]
[early_stopping_min_delta: 0]
[first_metric_only: 0]
[max_delta_step: 0]
[lambda_l1: 0]
[lambda_l2: 1]
[linear_lambda: 0]
[min_gain_to_split: 0]
[drop_rate: 0.1]
[max_drop: 50]
[skip_drop: 0.5]
[xgboost_dart_mode: 0]
[uniform_drop: 0]
[drop_seed: 12177]
[top_rate: 0.2]
[other_rate: 0.1]
[min_data_per_group: 100]
[max_cat_threshold: 32]
[cat_l2: 10]
[cat_smooth: 10]
[max_cat_to_onehot: 4]
[top_k: 20]
[monotone_constraints: ]
[monotone_constraints_method: basic]
[monotone_penalty: 0]
[feature_contri: ]
[forcedsplits_filename: ]
[refit_decay_rate: 0.9]
[cegb_tradeoff: 1]
[cegb_penalty_split: 0]
[cegb_penalty_feature_lazy: ]
[cegb_penalty_feature_coupled: ]
[path_smooth: 0]
[interaction_constraints: ]
[verbosity: -1]
[saved_feature_importance_type: 0]
[use_quantized_grad: 0]
[num_grad_quant_bins: 4]
[quant_train_renew_leaf: 0]
[stochastic_rounding: 1]
[linear_tree: 0]
[max_bin: 255]
[max_bin_by_feature: ]
[min_data_in_bin: 3]
[bin_construct_sample_cnt: 200000]
[data_random_seed: 19427]
[is_enable_sparse: 1]
[enable_bundle: 1]
[use_missing: 1]
[zero_as_missing: 0]
[feature_pre_filter: 1]
[pre_partition: 0]
[two_round: 0]
[header: 0]
[label_column: ]
[weight_column: ]
[group_column: ]
[ignore_column: ]
[categorical_feature: ]
[forcedbins_filename: ]
[precise_float_parser: 0]
[parser_config_file: ]
[objective_seed: 10829]
[num_class: 1]
[is_unbalance: 0]
[scale_pos_weight: 1]
[sigmoid: 1]
[boost_from_average: 1]
[reg_sqrt: 0]
[alpha: 0.9]
[fair_c: 1]
[poisson_max_delta_step: 0.7]
[tweedie_variance_power: 1.5]
[lambdarank_truncation_level: 30]
[lambdarank_norm: 1]
[label_gain: ]
[lambdarank_position_bias_regularization: 0]
[eval_at: ]
[multi_error_top_k: 1]
[auc_mu_weights: ]
[num_machines: 1]
[local_listen_port: 12400]
[time_out: 120]
[machine_list_filename: ]
[machines: ]
[gpu_platform_id: -1]
[gpu_device_id: -1]
[gpu_device_id_list: ]
[gpu_use_dp: 0]
[num_gpu: 1]

end of parameters

pandas_categorical:null
