tree
version=v4
num_class=4
num_tree_per_iteration=4
label_index=0
max_feature_idx=53
objective=multiclass num_class:4
feature_names=Column_0 Column_1 Column_2 Column_3 Column_4 Column_5 Column_6 Column_7 Column_8 Column_9 Column_10 Column_11 Column_12 Column_13 Column_14 Column_15 Column_16 Column_17 Column_18 Column_19 Column_20 Column_21 Column_22 Column_23 Column_24 Column_25 Column_26 Column_27 Column_28 Column_29 Column_30 Column_31 Column_32 Column_33 Column_34 Column_35 Column_36 Column_37 Column_38 Column_39 Column_40 Column_41 Column_42 Column_43 Column_44 Column_45 Column_46 Column_47 Column_48 Column_49 Column_50 Column_51 Column_52 Column_53
feature_infos=[50:1711894] [4:6] [0:1] [1:4] [0:12] [0.26500000000000001:1] none none none [0:1] none none none [0:1] none none none [0:1] none none none [0:1] none none none [56:1480] [56:1480] [60:1480] [56:1472] [1:745785] [56:2064] [56:2064] [60:2064] [56:2064] [2:1210476] [1:2] [7:20] [128:256] [5:6] [4:13] [2:31] [2:31] [0:3] [208:528] none [0:2] [208:432] none [32:384] [-224:96] [-48:272] [0:4] [180:592] [38:625]
tree_sizes=944 355 515 552 1088 364 361 463 1074 364 464 464 973 365 363 561 1074 365 466 467 866 365 464 668 973 366 464 669 1405 367 468 565 1082 1706 466 670 1086 365 465 667 1174 470 468 1714 1191 362 467 669 1186 470 566 776 982 671 468 464 1615 471 465 669 1302 469 567 668 1193 468 569 676 1197 469 468 668 1501 366 467 771 1197 469 569 673 1510 680 466 770 1298 471 469 669 1507 470 469 775 1398 365 567 778 1503 365 467 669 1292 468 570 666 1399 470 571 880 1398 469 669 568 1508 472 570 672 1397 471 569 977 1302 472 570 672 1082 472 669 667 1291 468 569 968 1285 573 568 779 1488 469 677 773 1289 468 569 868 1626 470 467 779 1193 471 566 773 1176 471 572 770 1300 575 676 1078 1403 471 566 879 1489 472 574 975 1285 470 570 773 995 677 572 671 1391 576 570 1200 1193 575 571 671 1391 367 568 975 1310 473 573 872 1302 470 567 671 1413 471 681 883 1613 676 781 978 1278 470 570 874 1401 674 568 878 1306 678 569 873 1523 468 565 987 1506 679 575 983 1189 781 676 994 1405 471 677 1211 1281 679 570 766 1305 680 568 876 1523 780 572 1100 1414 678 573 1424 1201 680 675 884 1733 677 679 988 1202 682 571 787 1308 469 574 889 1419 471 570 986 1635 683 574 782 1204 1547 678 781 1430 1768 574 988 1309 678 889 791 1208 782 676 1536 1417 685 780 676 1194 785 575 879 1308 683 576 887 1314 678 784 678 1501 683 567 883 1420 682 575 788 1283 1564 573 998 1421 678 782 886 1213 784 572 782 1757 579 573 678 1204 681 574 769 1423 1666 787 886 1315 788 468 681 1419 470 575 788 993 783 572 469 1318 680 684 676 1332 788 573 683 1429 788 572 889 1323 469 904 998 1650 687 794 895 1100 1793 679 891 1326 683 578 997 1635 1795 574 884 1769 793 791 891 1544 471 575 890 1768 797 580 901 1433 1799 793 896 1322 683 791 1001 1771 1568 1464 685 1444 580 797 680 1775 1691 577 798 1770 1809 470 681 1539 1810 789 787 1770 1800 795 1797 1779 688 791 686 1776 688 579 684 1112 685 576 909 1774 1806 792 897 1679 691 794 900 1789 1810 801 907 1794 585 795 1795 1785 1806 1024 899 1552 1804 579 806 1671 684 1477 688 1780 694 580 795 1776 1803 904 904 1330 685 693 803 1573 1364 578 899 1774 1811 688 1463 1773 1812 577 796 1787 1810 581 1576 1228 1818 697 1014 1774 1820 914 688 1779 690 581 580 1795 1472 472 795 1651 1811 580 691 1789 1820 794 1808 1336 1583 1817 684 1781 1821 797 1820 1815 696 470 693 1452 474 1028 789 1785 796 1826 1823 1800 1826 807 1473 1785 1821 1478 798 1799 689 693 916 1231 801 582 691 1229 692 583 1123 1782 695 1833 799 1691 697 801 1595 1805 1821 1828 809 1792 1822 795 670 1352 696 698 808 1800 1827 1830 691 1466 797 1832 692 1343 472 913 690 1315 584 477 899 1800 1829 1831 902 1797 1492 697 1017 1014 475 805 580 1794 701 692 1809 1813 687 470 1121 1785 1831 691 1819 1790 1487 1831 1819 1799 476 1837 803 1787 805 584 692 1804 1834 580 687 1232 1837 803 691 1807 1367 1843 811 1798 1600 1827 676 1583 1717 474 906 1807 475 585 802 1807 1837 692 1032 1807 812 584 684 1804 1377 584 581 1810 1602 695 685 1676 589 584 694 1704 1719 1841 1831 1817 1830 584 583 1453 694 585 690 1813 1495 584 1484 1790 1824 585 1817 1458 1826 698 470 1783 798 583 472 1810 921 919 584 1809 703 809 803 1804 699 587 1853 1815 809 586 815 1711 476 586 798 1814 480 1840 1853 1467 591 585 1018 1809 478 585 801 1795 1499 590 585 1800 479 582 1829 1721 480 585 1262 1803 1843 908 1834 1820 1845 581 692 1808 1849 479 813 1805 1844 1842 1369 1816 1838 588 1833 1684 696 809 689 1796 1601 1615 1844 1349 1848 479 694 1838 1839 813 692 1567 812 588 1271 1819 1853 582 921 1358 589 581 800 1348 696 923 806 1800 1843 923 696 1601 809 584 1837 1238 810 698 691 1813 703 703 1388 1584 695 589 690 1824 1602 1859 808 1812 813 587 1840

Tree=0
num_leaves=8
num_cat=0
split_feature=3 28 32 29 28 29 28
split_gain=1091.33 13.171 3.51014 1.17814 2.68622 1.6107 3.81424
threshold=1.5000000000000002 572.00000000000011 80.800000000000011 25.500000000000004 122.00000000000001 24.500000000000004 142.00000000000003
decision_type=2 2 2 2 2 2 2
left_child=1 2 -1 4 -4 -6 -7
right_child=-2 -3 3 -5 5 6 -8
leaf_value=-1.14788737979745 -1.026507577463232 -1.1206714284268853 -1.1918266598375833 -1.19741183453307 -1.1842251729689253 -1.1072107061376482 -1.1748794588097722
leaf_weight=4.0535206794738761 138.97785186767578 5.5012066364288321 30.401405096054077 268.98005080223083 2.8953719139099103 2.8953719139099121 3.4744462966918945
leaf_count=14 480 19 105 929 10 10 12
internal_value=-1.14291 -1.19395 -1.19531 -1.19592 -1.18471 -1.1589 -1.1434
internal_weight=457.179 318.201 312.7 308.647 39.6666 9.26519 6.36982
internal_count=1579 1099 1080 1066 137 32 22
is_linear=0
shrinkage=1


Tree=1
num_leaves=2
num_cat=0
split_feature=13
split_gain=1164.9
threshold=0.97000000000000008
decision_type=2
left_child=-1
right_child=-2
leaf_value=-1.6541995306686939 -1.4244821556799765
leaf_weight=268.98216457664967 68.367190361022949
leaf_count=1259 320
internal_value=-1.60724
internal_weight=337.349
internal_count=1579
is_linear=0
shrinkage=1


Tree=2
num_leaves=4
num_cat=0
split_feature=9 13 28
split_gain=428.102 710.852 1.19511
threshold=1.0000000180025095e-35 0.22056034482758624 138.00000000000003
decision_type=2 2 2
left_child=1 2 -1
right_child=-2 -3 -4
leaf_value=-1.2398749237797371 -1.4360536872330072 -1.4357309808382004 -1.3140721388976684
leaf_weight=96.75 206.75 87.75 3.4999999999999991
leaf_count=387 827 351 14
internal_value=-1.38652 -1.33206 -1.24173
internal_weight=394.75 188 100.25
internal_count=1579 752 401
is_linear=0
shrinkage=1


Tree=3
num_leaves=4
num_cat=0
split_feature=9 28 27
split_gain=1097.47 12.6204 2.94831
threshold=0.9967765931068685 310.00000000000006 93.200000000000017
decision_type=2 2 2
left_child=-1 2 -2
right_child=1 -3 -4
leaf_value=-1.5145935982538457 -1.4041267009244818 -1.4408931411393717 -1.3095552553510625
leaf_weight=284.32550124824047 2.6041469722986212 2.367406338453292 84.516406282782555
leaf_count=1201 11 10 357
internal_value=-1.46648 -1.31475 -1.31165
internal_weight=373.813 89.488 87.1206
internal_count=1579 378 368
is_linear=0
shrinkage=1


Tree=4
num_leaves=9
num_cat=0
split_feature=3 25 35 29 27 27 29 27
split_gain=982.749 10.3113 11.751 1.95319 2.22425 1.76763 1.14194 2.72155
threshold=1.5000000000000002 572.00000000000011 1.0000000180025095e-35 25.500000000000004 122.00000000000001 80.40000000000002 24.500000000000004 140.80000000000004
decision_type=2 2 10 2 2 2 2 2
left_child=1 3 -3 4 -1 -5 -6 -8
right_child=-2 2 -4 5 6 -7 7 -9
leaf_value=-0.045394797439661794 0.10474613800086303 -0.043523805133437989 0.073576575869050226 -0.015946005141058827 -0.039781895821632288 -0.053114642561340721 0.024099363574999682 -0.027825146083504934
leaf_weight=29.268799722194672 152.16832160949707 3.7633133530616751 2.9173325598239899 4.2962543964385977 2.8213114738464329 264.55478689074516 3.4811866283416748 4.8367992341518402
leaf_count=104 498 13 10 15 10 942 12 17
internal_value=0.000756571 -0.0495011 0.0105338 -0.0508278 -0.0381684 -0.052582 -0.0170055 -0.00583989
internal_weight=468.108 315.94 6.68065 309.259 40.4081 268.851 11.1393 8.31799
internal_count=1621 1123 23 1100 143 957 39 29
is_linear=0
shrinkage=0.05


Tree=5
num_leaves=2
num_cat=0
split_feature=13
split_gain=963.56
threshold=0.97000000000000008
decision_type=2
left_child=-1
right_child=-2
leaf_value=-0.046151842094508538 0.15216110939547597
leaf_weight=267.08160904049873 78.390745937824249
leaf_count=1299 322
internal_value=-0.000843577
internal_weight=345.472
internal_count=1621
is_linear=0
shrinkage=0.05


Tree=6
num_leaves=2
num_cat=0
split_feature=17
split_gain=1004.35
threshold=0.9968553459119498
decision_type=2
left_child=-1
right_child=-2
leaf_value=-0.04899065304900245 0.126821281532493
leaf_weight=292.80287158489227 111.27501374483109
leaf_count=1214 407
internal_value=-0.000381984
internal_weight=404.078
internal_count=1621
is_linear=0
shrinkage=0.05


Tree=7
num_leaves=3
num_cat=0
split_feature=9 33
split_gain=970.151 5.87765
threshold=0.9967765931068685 558.00000000000011
decision_type=2 2
left_child=-1 -2
right_child=1 -3
leaf_value=-0.047845040842502552 0.13332157111948614 0.036175558670536498
leaf_weight=280.50421334803104 99.768801301717758 2.4836241900920859
leaf_count=1230 381 10
internal_value=0.000239986 0.131335
internal_weight=382.757 102.252
internal_count=1621 391
is_linear=0
shrinkage=0.05


Tree=8
num_leaves=9
num_cat=0
split_feature=3 28 35 32 53 28 29 29
split_gain=861.611 9.91888 10.2383 1.90086 0.620501 1.49879 0.0877371 0.0986107
threshold=1.5000000000000002 182.00000000000003 inf 80.800000000000011 269.00000000000006 114.00000000000001 26.500000000000004 24.500000000000004
decision_type=2 2 8 2 8 2 2 2
left_child=1 3 -3 -1 5 -5 7 -6
right_child=-2 2 -4 4 6 -7 -8 -9
leaf_value=-0.010742947067168832 0.095224161072077165 0.065547290258259602 -0.04235315016530658 -0.04314431009348961 -0.05031426692121832 0.0014475662075519756 -0.052020592642173472 -0.037325060721156669
leaf_weight=3.6966708004474631 158.47749570012093 3.1828279495239249 3.6664558351039886 4.6227708458900443 21.328044325113297 2.7392246723175049 233.72048935294151 28.03983935713768
leaf_count=13 499 11 13 17 78 10 860 102
internal_value=0.00121045 -0.0484401 0.00975044 -0.0498235 -0.0502824 -0.0283638 -0.0507505 -0.0438242
internal_weight=459.474 300.996 6.84928 294.147 290.45 7.362 283.088 49.3679
internal_count=1603 1104 24 1080 1067 27 1040 180
is_linear=0
shrinkage=0.05


Tree=9
num_leaves=2
num_cat=0
split_feature=13
split_gain=801.306
threshold=0.97000000000000008
decision_type=2
left_child=-1
right_child=-2
leaf_value=-0.045594463423665882 0.13107300187923224
leaf_weight=254.09495648741722 84.762197077274323
leaf_count=1287 316
internal_value=-0.00114698
internal_weight=338.857
internal_count=1603
is_linear=0
shrinkage=0.05


Tree=10
num_leaves=3
num_cat=0
split_feature=17 53
split_gain=871.612 4.20928
threshold=0.9968553459119498 269.00000000000006
decision_type=2 8
left_child=-1 -2
right_child=1 -3
leaf_value=-0.048183576220390274 0.044991265327976482 0.11383882579591875
leaf_weight=275.51532375812531 4.0480239987373343 117.66302201151848
leaf_count=1187 14 402
internal_value=0.00103479 0.111934
internal_weight=397.226 121.711
internal_count=1603 416
is_linear=0
shrinkage=0.05


Tree=11
num_leaves=3
num_cat=0
split_feature=9 48
split_gain=808.658 0.440103
threshold=0.9967765931068685 80.000000000000014
decision_type=2 8
left_child=-1 -2
right_child=1 -3
leaf_value=-0.047143944949958133 0.089073999010154573 0.1202545402997684
leaf_weight=270.54456177353859 16.871901631355286 87.396759390830994
leaf_count=1234 60 309
internal_value=-0.00154238 0.116103
internal_weight=374.813 104.269
internal_count=1603 369
is_linear=0
shrinkage=0.05


Tree=12
num_leaves=8
num_cat=0
split_feature=3 33 35 32 29 29 29
split_gain=777.381 5.01155 12.4551 3.63156 0.745388 0.411026 0.347418
threshold=1.5000000000000002 316.00000000000006 inf 80.800000000000011 26.500000000000004 24.500000000000004 25.500000000000004
decision_type=2 2 8 2 2 2 2
left_child=1 3 -3 -1 5 -5 -7
right_child=-2 2 -4 4 -6 6 -8
leaf_value=0.00081247257523330571 0.087559510794993023 0.065702982177644212 -0.041744610493841566 -0.048833488596111696 -0.050703873758633528 -0.025274936106733745 -0.041212344911846749
leaf_weight=3.6526113450527182 165.26858371496201 2.7130022644996616 9.0643632709980011 17.73008981347084 237.04299744963646 15.692796915769577 13.521125823259354
leaf_count=13 507 9 34 67 903 58 51
internal_value=0.000818753 -0.0471915 -0.0137883 -0.0485066 -0.0491416 -0.0403599 -0.0337712
internal_weight=464.686 299.417 11.7774 287.64 283.987 46.944 29.2139
internal_count=1642 1135 43 1092 1079 176 109
is_linear=0
shrinkage=0.05


Tree=13
num_leaves=2
num_cat=0
split_feature=13
split_gain=710.488
threshold=0.97000000000000008
decision_type=2
left_child=-1
right_child=-2
leaf_value=-0.045074933203018974 0.11617834110292501
leaf_weight=249.88969779014587 92.866081446409225
leaf_count=1320 322
internal_value=-0.00117418
internal_weight=342.756
internal_count=1642
is_linear=0
shrinkage=0.05


Tree=14
num_leaves=2
num_cat=0
split_feature=17
split_gain=762.024
threshold=0.9968553459119498
decision_type=2
left_child=-1
right_child=-2
leaf_value=-0.047445472896172881 0.10136656666869602
leaf_weight=276.52547416090965 123.67214149236679
leaf_count=1240 402
internal_value=-0.0013204
internal_weight=400.198
internal_count=1642
is_linear=0
shrinkage=0.05


Tree=15
num_leaves=4
num_cat=0
split_feature=9 33 32
split_gain=746.72 4.96165 2.60171
threshold=0.9967765931068685 316.00000000000006 95.200000000000017
decision_type=2 2 2
left_child=-1 2 -2
right_child=1 -3 -4
leaf_value=-0.046483354010656674 0.037742377918642663 0.030079357949515891 0.1060393863054287
leaf_weight=259.6035317927599 2.8491134047508231 3.2605503499507895 115.86587655544281
leaf_count=1234 10 12 386
internal_value=0.00144307 0.102995 0.104729
internal_weight=381.579 121.976 118.715
internal_count=1642 408 396
is_linear=0
shrinkage=0.05


Tree=16
num_leaves=9
num_cat=0
split_feature=5 28 35 29 29 28 31 31
split_gain=680.864 9.91488 13.351 2.24258 2.83891 1.29628 0.131483 0.507106
threshold=0.99724055188962224 182.00000000000003 inf 25.500000000000004 24.500000000000004 122.00000000000001 111.60000000000001 99.90000000000002
decision_type=2 2 8 2 2 2 2 2
left_child=-1 3 -3 4 -2 6 7 -6
right_child=1 2 -4 -5 5 -7 -8 -9
leaf_value=0.081250137169785699 -0.045819214017933665 0.066446092831117839 -0.043585299908909178 -0.049146059781600103 -0.024854620526598953 0.0066482962033476492 -0.032454423055377733 0.00066478611501367328
leaf_weight=163.87633207440376 20.401344150304794 3.8980013430118534 5.3162431716918954 247.9927419424057 4.7152330577373522 4.0997133553028098 4.4241525232791901 2.8750037252902985
leaf_count=495 80 13 20 979 18 15 17 11
internal_value=-0.000115198 -0.045633 0.00491056 -0.0472813 -0.0336448 -0.0164547 -0.0242433 -0.0162363
internal_weight=457.599 293.722 9.21424 284.508 36.5154 16.1141 12.0144 7.59024
internal_count=1648 1153 33 1120 141 61 46 29
is_linear=0
shrinkage=0.05


Tree=17
num_leaves=2
num_cat=0
split_feature=13
split_gain=622.79
threshold=0.97000000000000008
decision_type=2
left_child=-1
right_child=-2
leaf_value=-0.044575531082762576 0.10377556594111875
leaf_weight=239.50732545554638 99.228111356496811
leaf_count=1322 326
internal_value=-0.000940475
internal_weight=338.735
internal_count=1648
is_linear=0
shrinkage=0.05


Tree=18
num_leaves=3
num_cat=0
split_feature=17 53
split_gain=695.033 1.38773
threshold=0.9968553459119498 269.00000000000006
decision_type=2 8
left_child=-1 -2
right_child=1 -3
leaf_value=-0.046741655407616559 0.045085068308461186 0.093124202969792139
leaf_weight=260.43298627436161 4.3452090322971335 132.71305873990059
leaf_count=1218 14 416
internal_value=0.00118723 0.0919388
internal_weight=397.491 137.058
internal_count=1648 430
is_linear=0
shrinkage=0.05


Tree=19
num_leaves=3
num_cat=0
split_feature=9 28
split_gain=643.048 4.42227
threshold=0.9967765931068685 188.00000000000003
decision_type=2 2
left_child=-1 -2
right_child=1 -3
leaf_value=-0.045863700031108567 0.094778863753658557 0.026508219066100722
leaf_weight=252.65338872373104 119.45778056979179 3.3711957335472098
leaf_count=1254 382 12
internal_value=-0.000267632 0.0931343
internal_weight=375.482 122.829
internal_count=1648 394
is_linear=0
shrinkage=0.05


Tree=20
num_leaves=7
num_cat=0
split_feature=3 28 35 32 29 28
split_gain=600.657 11.3646 12.261 2.3221 1.40441 4.55965
threshold=1.5000000000000002 182.00000000000003 inf 80.800000000000011 25.500000000000004 122.00000000000001
decision_type=2 2 8 2 2 2
left_child=1 3 -3 -1 5 -5
right_child=-2 2 -4 4 -6 -7
leaf_value=-0.0018966148450589777 0.076005083961024136 0.070618843815379848 -0.041317672203184552 -0.043149028152864692 -0.048475694235800705 0.0031345659710439872
leaf_weight=2.9969643950462332 164.60606899857521 3.6857978105545035 4.1739872694015503 28.809735491871834 227.62488950788975 6.319681152701377
leaf_count=11 494 12 16 116 936 24
internal_value=0.000797746 -0.0445595 0.0132202 -0.0463115 -0.046809 -0.0349664
internal_weight=438.217 273.611 7.85979 265.751 262.754 35.1294
internal_count=1609 1115 28 1087 1076 140
is_linear=0
shrinkage=0.05


Tree=21
num_leaves=2
num_cat=0
split_feature=13
split_gain=523.999
threshold=0.97000000000000008
decision_type=2
left_child=-1
right_child=-2
leaf_value=-0.044098330434317629 0.094631309432855054
leaf_weight=225.84958064556122 96.245238184928894
leaf_count=1305 304
internal_value=-0.0024799
internal_weight=322.095
internal_count=1609
is_linear=0
shrinkage=0.05


Tree=22
num_leaves=3
num_cat=0
split_feature=17 28
split_gain=603.042 5.06275
threshold=0.9968553459119498 182.00000000000003
decision_type=2 2
left_child=-1 -2
right_child=1 -3
leaf_value=-0.046081527817974026 0.08610078938694278 0.015627468444100963
leaf_weight=243.33587369322777 134.01264688372612 3.1011568307876578
leaf_count=1189 410 10
internal_value=0.00112575 0.0846316
internal_weight=380.45 137.114
internal_count=1609 420
is_linear=0
shrinkage=0.05


Tree=23
num_leaves=5
num_cat=0
split_feature=9 28 29 29
split_gain=558.994 3.31966 0.0350212 2.08554
threshold=0.9967765931068685 310.00000000000006 25.500000000000004 24.500000000000004
decision_type=2 2 2 2
left_child=-1 2 3 -2
right_child=1 -3 -4 -5
leaf_value=-0.045270650244575182 0.082248237163043469 0.026201485479017142 0.089040179779365458 0.035117489023412808
leaf_weight=235.12831023335457 8.69973576068878 3.3894074261188498 106.14514124393463 6.3498733639717093
leaf_count=1221 27 12 329 20
internal_value=5.94511e-05 0.0852904 0.086715 0.0657895
internal_weight=359.712 124.584 121.195 15.0496
internal_count=1609 388 376 47
is_linear=0
shrinkage=0.05


Tree=24
num_leaves=8
num_cat=0
split_feature=3 28 35 31 28 53 29
split_gain=542.968 10.1104 12.8837 1.27736 0.941101 5.37254 0.526023
threshold=1.5000000000000002 182.00000000000003 inf 82.40000000000002 122.00000000000001 315.00000000000006 25.500000000000004
decision_type=2 2 8 2 2 8 2
left_child=1 3 -3 -1 -5 -6 -7
right_child=-2 2 -4 4 5 6 -8
leaf_value=-0.015121670057301596 0.071577410740097672 0.062359610452289709 -0.042797183380333115 -0.047432644047234969 0.021368778171090529 -0.022355418001420487 -0.046246301724883601
leaf_weight=4.6110751032829276 162.38781201839447 4.3655604124069187 5.3847268372774133 226.94166307151318 3.2044098675251034 5.9721688479185131 20.565418809652328
leaf_count=18 488 14 21 970 13 23 88
internal_value=-0.000469222 -0.0437381 0.00570645 -0.0455978 -0.0460845 -0.0345893 -0.0418768
internal_weight=433.433 271.045 9.75029 261.295 256.684 29.742 26.5376
internal_count=1635 1147 35 1112 1094 124 111
is_linear=0
shrinkage=0.05


Tree=25
num_leaves=2
num_cat=0
split_feature=13
split_gain=498.201
threshold=0.97000000000000008
decision_type=2
left_child=-1
right_child=-2
leaf_value=-0.043648148683777893 0.086827883136055412
leaf_weight=214.10082127153873 109.87244844436646
leaf_count=1297 338
internal_value=0.000732575
internal_weight=323.973
internal_count=1635
is_linear=0
shrinkage=0.05


Tree=26
num_leaves=3
num_cat=0
split_feature=17 53
split_gain=537.344 2.37501
threshold=0.9968553459119498 269.00000000000006
decision_type=2 8
left_child=-1 -2
right_child=1 -3
leaf_value=-0.04546626555823538 0.033487858115061497 0.080172163807219324
leaf_weight=239.660778388381 4.7955610156059256 130.5300081372261
leaf_count=1226 15 394
internal_value=-0.000539436 0.0787756
internal_weight=374.986 135.326
internal_count=1635 409
is_linear=0
shrinkage=0.05


Tree=27
num_leaves=5
num_cat=0
split_feature=9 52 33 33
split_gain=509.715 2.27429 9.41095 0.231656
threshold=0.9967765931068685 276.00000000000006 124.00000000000001 94.000000000000014
decision_type=2 8 2 2
left_child=-1 2 3 -2
right_child=1 -3 -4 -5
leaf_value=-0.044723344403457016 0.040236176155855466 0.082589677897908956 -0.0054347888370494327 0.079787326995612098
leaf_weight=227.1633356064558 3.889615058898932 108.61819797754288 4.5754996538162223 13.451636612415312
leaf_count=1236 12 331 15 41
internal_value=0.000470031 0.0788599 0.0575778 0.0735935
internal_weight=357.698 130.535 21.9168 17.3413
internal_count=1635 399 68 53
is_linear=0
shrinkage=0.05


Tree=28
num_leaves=12
num_cat=0
split_feature=3 28 32 29 29 53 30 30 28 53 29
split_gain=489.643 8.11347 3.51602 2.09268 2.32557 2.15095 0.38445 1.0773 0.195047 0.168091 0.0952085
threshold=1.5000000000000002 572.00000000000011 80.800000000000011 25.500000000000004 24.500000000000004 315.00000000000006 131.64000000000001 117.76000000000001 98.000000000000014 269.00000000000006 13.500000000000002
decision_type=2 2 2 2 2 8 2 2 2 8 2
left_child=1 2 -1 4 10 -6 7 8 -7 -5 -4
right_child=-2 -3 3 9 5 6 -8 -9 -10 -11 -12
leaf_value=0.0049747898400940588 0.067809692834866653 0.016968218507530122 -0.01843073018647521 -0.027319065551673457 0.015159057771099497 -0.035813419403314596 -0.039231549903267708 0.0097086323682280089 -0.014086477322505276 -0.046957976246287225 -0.045327833188199426
leaf_weight=3.4428821802139273 161.39514720439911 5.1122208535671225 2.2980106920003918 5.8998382538557044 3.5370376259088543 2.8122327476739866 3.5131592750549308 2.3109813630580902 4.6224149316549301 211.52171744406223 16.865202635526657
leaf_count=13 489 18 10 25 14 12 14 9 19 947 74
internal_value=-0.000454237 -0.0426139 -0.0438611 -0.0445416 -0.0314521 -0.0164008 -0.0252926 -0.0170845 -0.0255765 -0.0465526 -0.0431764
internal_weight=423.331 261.936 256.823 253.381 35.959 16.7958 13.2588 9.74563 7.43465 217.422 19.1632
internal_count=1644 1155 1137 1124 152 68 54 40 31 972 84
is_linear=0
shrinkage=0.05


Tree=29
num_leaves=2
num_cat=0
split_feature=13
split_gain=441.643
threshold=0.97000000000000008
decision_type=2
left_child=-1
right_child=-2
leaf_value=-0.043231881504768484 0.080867236836921402
leaf_weight=206.95628133416176 108.41213423013687
leaf_count=1316 328
internal_value=-0.000450375
internal_weight=315.368
internal_count=1644
is_linear=0
shrinkage=0.05


Tree=30
num_leaves=3
num_cat=0
split_feature=17 28
split_gain=489.252 2.07419
threshold=0.9968553459119498 182.00000000000003
decision_type=2 2
left_child=-1 -2
right_child=1 -3
leaf_value=-0.044910913097341541 0.074692920148281119 0.023590783908822605
leaf_weight=228.97047564387321 135.60876131057739 3.1747401952743521
leaf_count=1227 407 10
internal_value=-7.04843e-05 0.0737011
internal_weight=367.754 138.784
internal_count=1644 417
is_linear=0
shrinkage=0.05


Tree=31
num_leaves=4
num_cat=0
split_feature=9 32 28
split_gain=464.433 2.73518 2.64617
threshold=0.9967765931068685 90.800000000000026 310.00000000000006
decision_type=2 2 2
left_child=-1 -2 -3
right_child=1 2 -4
leaf_value=-0.044214970436651117 0.017823195115828794 0.075968186108394578 0.022951395447026245
leaf_weight=216.71911941468716 2.8827867507934561 128.20825812220573 3.4766357243061057
leaf_count=1237 9 386 12
internal_value=0.00102536 0.0736729 0.074752
internal_weight=351.287 134.568 131.685
internal_count=1644 407 398
is_linear=0
shrinkage=0.05


Tree=32
num_leaves=9
num_cat=0
split_feature=3 25 35 0 34 25 32 27
split_gain=455.019 6.38962 7.54834 1.96847 3.54412 1.76184 3.37835 0.0588508
threshold=1.5000000000000002 572.00000000000011 1.5000000000000002 154.50000000000003 37.500000000000007 127.60000000000001 141.20000000000002 230.00000000000003
decision_type=2 2 10 2 2 2 2 2
left_child=1 3 -3 4 5 7 -7 -1
right_child=-2 2 -4 -5 -6 6 -8 -9
leaf_value=-0.042432507304319425 0.064581955132743785 -0.038577727080314844 0.05737842636596413 -0.046682951728302204 0.015179986155990236 0.0094398516282178258 -0.038143275977756019 -0.017736922938200932
leaf_weight=49.756125509738922 164.6507385969162 3.4364769756793967 2.8237912356853485 174.14519757032394 2.8556565940380088 5.6781949996948233 8.3017764389514905 2.2370622754096976
leaf_count=228 506 14 9 814 12 23 36 10
internal_value=0.00030286 -0.04225 0.0066463 -0.0435319 -0.035005 -0.0373715 -0.0194766 -0.0417247
internal_weight=413.885 249.234 6.26027 242.974 68.8288 65.9732 13.98 51.9932
internal_count=1652 1146 23 1123 309 297 59 238
is_linear=0
shrinkage=0.05


Tree=33
num_leaves=15
num_cat=0
split_feature=9 28 28 25 25 25 25 27 27 27 31 38 29 26
split_gain=173.575 55.8498 23.0965 33.1198 9.60319 32.1624 8.75619 4.80641 3.36596 10.2771 3.08381 2.01894 0.895206 0.166506
threshold=1.0000000180025095e-35 86.000000000000014 98.000000000000014 118.88000000000001 114.72000000000001 103.48000000000002 129.84000000000003 80.40000000000002 86.000000000000014 90.000000000000014 151.20000000000002 5.5000000000000009 25.500000000000004 1346.0000000000002
decision_type=2 2 2 2 2 2 2 2 2 2 2 8 2 2
left_child=1 7 -3 4 5 -4 -5 -1 -9 -10 13 -11 -12 -8
right_child=-2 2 3 6 -6 -7 10 8 9 11 12 -13 -14 -15
leaf_value=0.0037612064088329965 -0.042703100123386017 -0.04093712132424096 0.065194932235171074 -0.040946080983740432 0.072368831721838722 -0.039579922419123045 0.041306479332894712 0.075483856762669888 -0.031937326013213883 0.019895811575255037 0.0070085586212232419 0.064157594799035697 -0.031032102662850336 0.014746642615156763
leaf_weight=3.390855371952056 131.84196262061596 19.089645832777023 18.090001329779625 19.227861598134044 18.463455125689507 11.035788074135782 3.7832530587911588 45.629869043827057 2.8618457019329098 4.1307165622711208 2.193803682923317 24.763676583766937 2.5662525296211243 2.5526929348707199
leaf_count=18 884 127 56 128 56 73 14 137 19 19 10 82 17 12
internal_value=0.00058913 0.0327541 0.00701781 0.0191372 0.0447989 0.0254996 -0.0212798 0.0631962 0.0657193 0.0498127 0.0133668 0.0587072 -0.015327 0.0340746
internal_weight=309.622 177.78 97.0028 77.9131 47.5892 29.1258 30.3239 80.777 77.3861 31.7562 11.096 28.8944 4.76006 6.33595
internal_count=1652 768 493 366 185 129 181 275 257 120 53 101 27 26
is_linear=0
shrinkage=0.05


Tree=34
num_leaves=3
num_cat=0
split_feature=17 28
split_gain=439.735 1.21489
threshold=0.9968553459119498 182.00000000000003
decision_type=2 2
left_child=-1 -2
right_child=1 -3
leaf_value=-0.044374348090666905 0.071108129905339365 0.030001998621145679
leaf_weight=222.26296870410442 129.3417110145092 3.8630684316158286
leaf_count=1251 389 12
internal_value=-0.00138271 0.0701484
internal_weight=355.468 133.205
internal_count=1652 401
is_linear=0
shrinkage=0.05


Tree=35
num_leaves=5
num_cat=0
split_feature=9 48 29 34
split_gain=420.989 1.82953 5.60727 1.36408
threshold=0.9967765931068685 80.000000000000014 26.500000000000004 82.500000000000014
decision_type=2 8 2 2
left_child=-1 2 -2 -4
right_child=1 -3 3 -5
leaf_value=-0.043733785762332306 -0.0098053087588903659 0.072930238884442264 0.030849948976122227 0.070253522315073591
leaf_weight=208.51071089506149 3.0321998894214657 111.76920840144157 5.5644526779651668 12.660215020179747
leaf_count=1251 10 336 17 38
internal_value=0.000537878 0.0697397 0.0504408 0.0604531
internal_weight=341.537 133.026 21.2569 18.2247
internal_count=1652 401 65 55
is_linear=0
shrinkage=0.05


Tree=36
num_leaves=9
num_cat=0
split_feature=3 0 0 28 48 27 31 27
split_gain=401.271 5.01329 10.6031 2.48785 6.60815 0.151393 0.0643956 0.0221033
threshold=1.5000000000000002 163.00000000000003 52.000000000000007 122.00000000000001 80.000000000000014 140.80000000000004 1458.0000000000002 238.00000000000003
decision_type=2 2 2 2 8 2 2 2
left_child=1 2 3 6 -5 -6 7 -1
right_child=-2 -3 -4 4 5 -7 -8 -9
leaf_value=-0.039626347048296234 0.061786413407923263 -0.045979181063819659 0.055634941711233898 0.042367906791829411 -0.017817927434487728 -0.036600708609067036 -0.015581209096298633 -0.016842869760320626
leaf_weight=47.857741162180901 159.89043337106705 160.71677228808403 2.6552409529685965 3.1049829423427555 5.2537233978509903 7.1402618288993835 2.1075672507286063 2.1716801524162284
leaf_count=228 501 787 10 11 22 31 10 10
internal_value=0.00111063 -0.040971 -0.0290356 -0.0331217 -0.0142705 -0.0305636 -0.0383517 -0.0389868
internal_weight=390.898 231.008 70.2912 67.636 15.499 12.394 52.137 50.0294
internal_count=1610 1109 322 312 64 53 248 238
is_linear=0
shrinkage=0.05


Tree=37
num_leaves=2
num_cat=0
split_feature=13
split_gain=347.622
threshold=0.97000000000000008
decision_type=2
left_child=-1
right_child=-2
leaf_value=-0.042479353311193228 0.071061504546553064
leaf_weight=184.54054871201515 104.8842000067234
leaf_count=1295 315
internal_value=-0.00123045
internal_weight=289.425
internal_count=1610
is_linear=0
shrinkage=0.05


Tree=38
num_leaves=3
num_cat=0
split_feature=17 28
split_gain=387.66 1.11974
threshold=0.9968553459119498 182.00000000000003
decision_type=2 2
left_child=-1 -2
right_child=1 -3
leaf_value=-0.043885510344104511 0.066761518701460271 0.027959700455323762
leaf_weight=204.97784408926964 127.2810645699501 3.8959852755069724
leaf_count=1212 386 12
internal_value=-0.00100344 0.0658293
internal_weight=336.155 131.177
internal_count=1610 398
is_linear=0
shrinkage=0.05


Tree=39
num_leaves=5
num_cat=0
split_feature=9 52 38 30
split_gain=374.226 2.01138 2.34804 0.446907
threshold=0.9967765931068685 276.00000000000006 5.5000000000000009 111.96000000000002
decision_type=2 8 10 2
left_child=-1 2 3 -2
right_child=1 -3 -4 -5
leaf_value=-0.043279870209338087 0.034672315633903127 0.069183265238714514 0.065195266556749065 0.011011118879843747
leaf_weight=192.88611014187336 5.6113108396530169 111.35358992218971 7.9883043467998496 4.7726963758468628
leaf_count=1218 17 336 24 15
internal_value=0.0008047 0.0661826 0.0453631 0.0257197
internal_weight=322.612 129.726 18.3723 10.384
internal_count=1610 392 56 32
is_linear=0
shrinkage=0.05


Tree=40
num_leaves=10
num_cat=0
split_feature=3 28 52 32 29 53 28 29 29
split_gain=352.918 10.4669 10.675 3.46205 1.61609 1.14837 2.91139 0.0301703 0.00927825
threshold=1.5000000000000002 182.00000000000003 inf 80.800000000000011 26.500000000000004 315.00000000000006 118.00000000000001 24.500000000000004 25.500000000000004
decision_type=2 2 8 2 2 8 2 2 2
left_child=1 3 -3 -1 5 6 -5 -7 -9
right_child=-2 2 -4 4 -6 7 -8 8 -10
leaf_value=0.0072065633250130131 0.059325721778616274 0.063933991313014901 -0.038564691227742177 -0.035038415813323488 -0.044699918074698884 -0.04026145901735264 0.02967547674361766 -0.021337824756526534 -0.033374439812026618
leaf_weight=3.3198631554841986 152.31959316134453 4.1538653969764683 4.0795267820358285 2.9663654118776313 168.14937527477741 15.51866379380226 2.1307782232761383 10.067565724253654 10.304410666227341
leaf_count=13 489 13 18 14 867 77 9 45 51
internal_value=0.00100268 -0.0393377 0.014471 -0.041481 -0.0422844 -0.0315465 -0.00755564 -0.0346565 -0.0287028
internal_weight=373.01 220.69 8.23339 212.457 209.137 40.9878 5.09714 35.8906 20.372
internal_count=1596 1107 31 1076 1063 196 23 173 96
is_linear=0
shrinkage=0.05


Tree=41
num_leaves=3
num_cat=0
split_feature=13 48
split_gain=313.337 0.418631
threshold=0.97000000000000008 320.00000000000006
decision_type=2 10
left_child=-1 -2
right_child=1 -3
leaf_value=-0.042117646076686215 0.068113855027683759 0.031508553632971378
leaf_weight=173.19801073521376 100.60476091504097 3.3002321422100058
leaf_count=1282 304 10
internal_value=-0.00100907 0.0672626
internal_weight=277.103 103.905
internal_count=1596 314
is_linear=0
shrinkage=0.05


Tree=42
num_leaves=3
num_cat=0
split_feature=17 33
split_gain=349.41 0.899468
threshold=0.9968553459119498 1062.0000000000002
decision_type=2 2
left_child=-1 -2
right_child=1 -3
leaf_value=-0.043415552278339632 0.063471907553684023 0.033389073198889167
leaf_weight=191.89608688652515 124.18900394439697 6.1282561421394339
leaf_count=1195 382 19
internal_value=-0.000590011 0.0623223
internal_weight=322.213 130.317
internal_count=1596 401
is_linear=0
shrinkage=0.05


Tree=43
num_leaves=15
num_cat=0
split_feature=13 27 27 27 27 26 52 38 27 27 27 34 27 31
split_gain=136.924 30.6892 22.112 27.8816 18.5648 32.8018 14.4433 8.4774 3.17733 5.21007 2.44516 4.50725 2.02341 1.38041
threshold=1.0000000180025095e-35 93.200000000000017 101.20000000000002 122.00000000000001 116.20000000000003 109.20000000000002 302.00000000000006 5.5000000000000009 128.80000000000004 140.80000000000004 86.000000000000014 98.500000000000014 1112.0000000000002 127.60000000000004
decision_type=2 2 2 2 2 2 8 10 2 2 2 2 2 2
left_child=1 10 -3 4 5 -4 7 12 -8 -10 11 -1 -5 -11
right_child=-2 2 3 6 -6 -7 8 -9 9 13 -12 -13 -14 -15
leaf_value=-0.039413647521785576 -0.042686522657077425 0.064899503071040671 -0.037817682453119991 -0.04439089305009656 -0.041148517985856455 0.063232421654062315 0.063448694292998362 0.049886311105050915 -0.028994600458433495 0.019335701848021615 -0.040375531857485818 0.033787210940302563 0.0083821552663649167 0.047893963103147807
leaf_weight=3.2133660167455682 115.00365747511387 40.517814233899117 13.565475910902025 7.0082759410142881 20.974460303783417 17.066588193178177 28.573676288127899 3.4687796533107749 2.0100941807031623 7.1353816837072364 14.780835345387459 3.2051297724246979 1.9830951690673826 30.079889595508575
leaf_count=17 768 124 88 37 139 52 87 11 13 32 98 13 9 108
internal_value=0.000311099 0.0259432 0.0329284 0.0226903 -0.00594327 0.0187013 0.0409482 -0.00799091 0.0499277 0.0387458 -0.0297822 -0.00323307 -0.0330775 0.0430677
internal_weight=308.587 193.583 172.384 131.866 51.6065 30.6321 80.2592 12.4602 67.799 39.2254 21.1993 6.4185 8.99137 37.2153
internal_count=1596 828 700 576 279 140 297 57 240 153 128 30 46 140
is_linear=0
shrinkage=0.05


Tree=44
num_leaves=10
num_cat=0
split_feature=3 53 29 41 26 32 26 29 29
split_gain=332.225 15.3865 4.76138 5.35405 4.78051 1.94442 0.6167 0.193083 0.15854
threshold=1.5000000000000002 212.50000000000003 25.500000000000004 19.500000000000004 120.70000000000003 82.800000000000011 102.80000000000003 24.500000000000004 13.500000000000002
decision_type=2 8 2 8 2 2 2 2 2
left_child=1 -1 3 4 6 -4 -3 8 -5
right_child=-2 2 5 7 -6 -7 -8 -9 -10
leaf_value=0.074814745020948106 0.057182256625606921 -0.00024564545240279639 -0.0042011043052225553 -0.014479602742368336 0.055103793310218974 -0.044263232689890485 -0.031442197846964032 -0.023617632630840314 -0.041775512534904802
leaf_weight=2.0538757145404807 150.76298201084137 3.1882652938365919 3.3047433495521537 2.0309216082096109 2.8490758836269379 180.9078344553709 2.1801509112119675 11.128243178129196 11.343359768390654
leaf_count=7 498 15 13 10 9 975 11 50 59
internal_value=0.000274614 -0.0389857 -0.0404015 -0.0217941 0.0120509 -0.0435711 -0.0158626 -0.0331723 -0.0389262
internal_weight=369.749 218.986 216.933 32.72 8.21749 184.213 5.36842 24.5025 13.3743
internal_count=1647 1149 1142 154 35 988 26 119 69
is_linear=0
shrinkage=0.05


Tree=45
num_leaves=2
num_cat=0
split_feature=13
split_gain=299.521
threshold=0.97000000000000008
decision_type=2
left_child=-1
right_child=-2
leaf_value=-0.041792631957726034 0.06413284971449533
leaf_weight=168.1919119656086 109.2080805003643
leaf_count=1313 334
internal_value=-1.08371e-05
internal_weight=277.4
internal_count=1647
is_linear=0
shrinkage=0.05


Tree=46
num_leaves=3
num_cat=0
split_feature=17 28
split_gain=330.086 2.76238
threshold=0.9968553459119498 182.00000000000003
decision_type=2 2
left_child=-1 -2
right_child=1 -3
leaf_value=-0.042991153680883895 0.060993588713204254 0.012220173233713168
leaf_weight=188.00696249306202 128.61514708399773 3.5486249625682822
leaf_count=1233 403 11
internal_value=-0.00051172 0.0597856
internal_weight=320.171 132.164
internal_count=1647 414
is_linear=0
shrinkage=0.05


Tree=47
num_leaves=5
num_cat=0
split_feature=9 52 34 30
split_gain=311.981 3.05327 5.35896 3.37378
threshold=0.9967765931068685 276.00000000000006 82.500000000000014 124.24000000000002
decision_type=2 8 2 2
left_child=-1 2 3 -2
right_child=1 -3 -4 -5
leaf_value=-0.042491113785621641 0.029321494369534663 0.062959982064244649 0.060329873253654825 -0.026740868087296206
leaf_weight=178.42974099516869 6.2325608432292956 108.00952923297882 11.102697074413298 3.328151524066925
leaf_count=1249 19 334 34 11
internal_value=0.000212765 0.0593009 0.0381512 0.00912163
internal_weight=307.103 128.673 20.6634 9.56071
internal_count=1647 398 64 30
is_linear=0
shrinkage=0.05


Tree=48
num_leaves=10
num_cat=0
split_feature=3 0 52 1 25 25 52 31 28
split_gain=295.164 7.65555 11.6152 10.5172 6.7082 2.3947 0.746663 0.104565 0.0492915
threshold=1.5000000000000002 154.50000000000003 302.00000000000006 5.0000000000000009 119.84000000000002 87.38000000000001 588.00000000000011 1458.0000000000002 86.000000000000014
decision_type=2 2 8 2 2 2 10 2 2
left_child=1 2 3 4 5 -1 7 -4 -5
right_child=-2 -3 6 8 -6 -7 -8 -9 -10
leaf_value=0.030495213414168873 0.055276669490648668 -0.044193242172529956 -0.036813956489769518 -0.013529977828972459 0.080661872383916464 -0.031083383349463367 -0.0057540974127185257 -0.013200824628314648 -0.03725307034751061
leaf_weight=2.1010483503341657 144.48909705877304 142.00316768884659 43.706800982356071 1.9448827654123295 4.93231400847435 2.2172900587320328 2.5536526143550864 1.9403611123561848 4.3224211484193802
leaf_count=9 493 807 230 10 16 12 13 10 22
internal_value=0.000718187 -0.0376831 -0.0227159 0.0142241 0.0461507 -0.00102234 -0.0346559 -0.0361147 -0.032766
internal_weight=350.211 205.722 63.7188 15.518 9.25065 4.31834 48.2008 45.6472 6.2673
internal_count=1622 1129 322 69 37 21 253 240 32
is_linear=0
shrinkage=0.05


Tree=49
num_leaves=3
num_cat=0
split_feature=13 48
split_gain=269.825 0.0682926
threshold=0.97000000000000008 320.00000000000006
decision_type=2 10
left_child=-1 -2
right_child=1 -3
leaf_value=-0.041473730231126098 0.062020054788252003 0.034011694022457177
leaf_weight=156.35856047272682 102.48770228028297 4.2039383053779593
leaf_count=1290 319 13
internal_value=0.000261546 0.0612425
internal_weight=263.05 106.692
internal_count=1622 332
is_linear=0
shrinkage=0.05


Tree=50
num_leaves=4
num_cat=0
split_feature=4 3 28
split_gain=173.659 116.745 2.24624
threshold=6.0000000000000009 1.5000000000000002 138.00000000000003
decision_type=2 2 2
left_child=-1 2 -2
right_child=1 -3 -4
leaf_value=-0.042549297512964462 0.058034080054297589 -0.041471228967764402 0.0180004949827718
leaf_weight=136.46425081044436 121.46178531646729 38.96465952694416 4.7507238239049903
leaf_count=937 390 280 15
internal_value=-0.000977784 0.0334167 0.0566805
internal_weight=301.641 165.177 126.213
internal_count=1622 685 405
is_linear=0
shrinkage=0.05


Tree=51
num_leaves=6
num_cat=0
split_feature=4 3 52 33 33
split_gain=224.498 50.8365 3.72559 5.93807 2.14055
threshold=1.0000000180025095e-35 1.5000000000000002 302.00000000000006 124.00000000000001 94.000000000000014
decision_type=2 2 8 2 2
left_child=1 2 3 4 -1
right_child=-2 -3 -4 -5 -6
leaf_value=0.013912211831626373 -0.042113905879507786 -0.039522833126186908 0.059944874810988792 -0.01627141687394312 0.058258109241815459
leaf_weight=4.5240923166275051 151.35690352320671 14.955619767308233 104.67805111408234 4.2511952072381964 10.935018479824064
leaf_count=14 1116 114 330 14 34
internal_value=-8.70017e-05 0.0455379 0.0559986 0.0331583 0.0469141
internal_weight=290.701 139.344 124.388 19.7103 15.4591
internal_count=1622 506 392 62 48
is_linear=0
shrinkage=0.05


Tree=52
num_leaves=8
num_cat=0
split_feature=5 28 28 29 34 26 31
split_gain=285.678 6.73797 1.34019 3.46187 1.40135 2.34138 0.571223
threshold=0.99724055188962224 572.00000000000011 122.00000000000001 25.500000000000004 26.500000000000004 142.00000000000003 82.40000000000002
decision_type=2 2 2 2 2 2 2
left_child=-1 2 6 4 5 -4 -2
right_child=1 -3 3 -5 -6 -7 -8
leaf_value=0.053605464953755615 -0.016203152104367954 0.016511140463326454 0.039165767449982632 -0.03943275926387791 -0.029379344808915166 -0.015456947347018638 -0.042875315547628218
leaf_weight=142.52904209494591 3.6466881632804862 4.8045781552791587 2.831028729677203 17.499329701066017 1.8680595159530637 3.2052742838859558 162.4497836381197
leaf_count=504 17 18 11 101 10 14 966
internal_value=-6.52309e-05 -0.0391076 -0.0405815 -0.0275983 8.79083e-05 0.0120865 -0.0423902
internal_weight=338.834 196.305 191.5 25.4037 7.90436 6.0363 166.096
internal_count=1641 1137 1119 136 35 25 983
is_linear=0
shrinkage=0.05


Tree=53
num_leaves=5
num_cat=0
split_feature=17 9 48 26
split_gain=110.51 124.6 0.365049 0.35204
threshold=1.0000000180025095e-35 0.27771180976452692 320.00000000000006 68.40000000000002
decision_type=2 2 10 2
left_child=1 2 3 -1
right_child=-2 -3 -4 -5
leaf_value=0.021913342394020222 -0.040958391588342524 -0.040717310643680858 0.03090876583776624 0.05799433602891102
leaf_weight=2.2875455915927878 100.70217834413052 47.108056291937828 5.1463075354695311 97.658245265483856
leaf_count=11 893 400 18 319
internal_value=-0.000554359 0.0262715 0.0564004 0.0573938
internal_weight=252.902 152.2 105.092 99.9458
internal_count=1641 748 348 330
is_linear=0
shrinkage=0.05


Tree=54
num_leaves=3
num_cat=0
split_feature=17 53
split_gain=282.508 0.274123
threshold=0.9968553459119498 269.00000000000006
decision_type=2 8
left_child=-1 -2
right_child=1 -3
leaf_value=-0.042208910312689994 0.030024549936067596 0.057408516476610709
leaf_weight=167.87578559666872 4.3951691389083853 120.74045887589455
leaf_count=1229 14 398
internal_value=7.77649e-05 0.0566924
internal_weight=293.011 125.136
internal_count=1641 412
is_linear=0
shrinkage=0.05


Tree=55
num_leaves=3
num_cat=0
split_feature=9 28
split_gain=262.026 1.78678
threshold=0.9967765931068685 310.00000000000006
decision_type=2 2
left_child=-1 -2
right_child=1 -3
leaf_value=-0.041772456520941394 0.05614299891257573 0.014702699979978842
leaf_weight=159.01577260345221 119.36926013231277 3.5173508673906317
leaf_count=1244 385 12
internal_value=0.00049507 0.0550851
internal_weight=281.902 122.887
internal_count=1641 397
is_linear=0
shrinkage=0.05


Tree=56
num_leaves=14
num_cat=0
split_feature=3 29 52 25 32 34 31 25 33 32 31 29 34
split_gain=243.283 7.23926 7.62847 4.99481 2.43188 1.30233 0.703748 1.74703 0.613334 0.377591 0.320391 0.101925 3.6675
threshold=1.5000000000000002 25.500000000000004 302.00000000000006 127.60000000000001 82.800000000000011 25.500000000000004 143.40000000000003 127.60000000000001 558.00000000000011 111.60000000000004 1458.0000000000002 52.000000000000007 26.500000000000004
decision_type=2 2 8 2 2 2 2 2 2 2 2 2 2
left_child=1 2 3 -1 -3 6 7 9 11 -4 -7 12 -6
right_child=-2 4 5 -5 8 10 -8 -9 -10 -11 -12 -13 -14
leaf_value=-0.01284431917736171 0.052108692072066559 0.0054054489253129176 -0.0053735827245334723 0.063870163459335605 -0.038589554616687741 -0.040448188918624249 -0.028162530534014796 0.027150112727824617 -0.012306679066213242 -0.030504207974098103 -0.0097541046607440025 -0.043121745381879961 0.027282237479023905
leaf_weight=3.4309302866458884 131.7100977897644 2.6197098493576041 3.8761458694934863 3.5817820131778717 24.817470952868465 11.229128465056418 3.9862792491912833 2.2150407731533051 2.8207974433898917 2.1532651782035828 1.7295148223638523 125.66184623539448 1.6049117594957341
leaf_count=18 484 11 21 11 149 67 19 9 15 12 10 798 8
internal_value=0.000123208 -0.0360496 -0.0138868 0.0294191 -0.040464 -0.0266061 -0.0132667 -0.00379704 -0.0412695 -0.0174112 -0.0373439 -0.0417228 -0.0337395
internal_weight=321.437 189.727 32.2021 7.01271 157.525 25.1894 12.2307 8.24445 154.905 6.02941 12.9586 152.084 26.4224
internal_count=1632 1148 167 29 981 138 61 42 970 33 77 955 157
is_linear=0
shrinkage=0.05


Tree=57
num_leaves=3
num_cat=0
split_feature=13 48
split_gain=225.389 0.253492
threshold=0.97000000000000008 320.00000000000006
decision_type=2 10
left_child=-1 -2
right_child=1 -3
leaf_value=-0.040920106647224057 0.057304967923674149 0.028431438771508402
leaf_weight=141.30637028813362 97.048816472291946 3.7756470441818228
leaf_count=1303 317 12
internal_value=-0.000282683 0.0565136
internal_weight=242.131 100.824
internal_count=1632 329
is_linear=0
shrinkage=0.05


Tree=58
num_leaves=3
num_cat=0
split_feature=17 53
split_gain=256.102 2.13153
threshold=0.9968553459119498 269.00000000000006
decision_type=2 8
left_child=-1 -2
right_child=1 -3
leaf_value=-0.041873399565882784 0.017043531352971288 0.054841089996395254
leaf_weight=155.34648574143648 4.9964954853057852 122.03381779789925
leaf_count=1201 16 415
internal_value=0.00106837 0.0534991
internal_weight=282.377 127.03
internal_count=1632 431
is_linear=0
shrinkage=0.05


Tree=59
num_leaves=5
num_cat=0
split_feature=9 52 0 34
split_gain=228.206 2.70249 6.19073 6.22822
threshold=0.9967765931068685 302.00000000000006 163.00000000000003 24.500000000000004
decision_type=2 8 2 2
left_child=-1 2 3 -2
right_child=1 -3 -4 -5
leaf_value=-0.041457629509844197 0.046953146491548928 0.055378500095972998 0.054250157175264324 -0.029303806894679176
leaf_weight=150.83835121244192 3.4345136582851428 94.25592514872551 12.563802421092985 5.7593329697847366
leaf_count=1248 11 313 41 19
internal_value=-0.00102202 0.0514565 0.0327792 0.000994736
internal_weight=266.852 116.014 21.7576 9.19385
internal_count=1632 384 71 30
is_linear=0
shrinkage=0.05


Tree=60
num_leaves=11
num_cat=0
split_feature=3 28 0 0 52 30 31 52 31 27
split_gain=233.684 6.75609 2.46615 6.71537 0.870123 3.13339 0.157953 0.147229 0.0780349 0.000504036
threshold=1.5000000000000002 572.00000000000011 154.50000000000003 52.000000000000007 276.00000000000006 117.76000000000001 537.80000000000052 588.00000000000011 87.600000000000009 101.20000000000002
decision_type=2 2 2 2 8 2 2 10 2 2
left_child=1 2 3 4 5 8 7 -6 -1 -8
right_child=-2 -3 -4 -5 6 -7 9 -9 -10 -11
leaf_value=-0.0131380783724598 0.050763993897657782 0.019806555082941185 -0.042732865286012132 0.044932336660488834 -0.038505412887993834 0.021734745788319364 -0.0077463677452631573 -0.013945218440099853 -0.037253480142748367 -0.021795579564736555
leaf_weight=1.9632404744625072 128.12222614884377 4.5047175437211981 124.42306625843048 2.1218407005071631 33.390807807445526 2.9648514986038208 1.6083356887102116 2.1354691982269278 5.3722833544015884 3.1151309609413147
leaf_count=11 491 17 833 9 205 13 10 13 32 18
internal_value=-0.000719698 -0.0371216 -0.0386727 -0.0284642 -0.0323569 -0.0168265 -0.035827 -0.0374513 -0.0331498 -0.0192011
internal_weight=309.722 181.6 177.095 52.672 50.5501 10.3004 40.2497 35.5263 7.33552 4.72347
internal_count=1652 1161 1144 311 302 56 246 218 43 28
is_linear=0
shrinkage=0.05


Tree=61
num_leaves=3
num_cat=0
split_feature=13 48
split_gain=212.119 0.599994
threshold=0.97000000000000008 320.00000000000006
decision_type=2 10
left_child=-1 -2
right_child=1 -3
leaf_value=-0.040647797517375017 0.055867583736396997 0.022068534209781752
leaf_weight=134.32597021013498 97.11251825094223 3.1046135425567618
leaf_count=1315 327 10
internal_value=0.000302236 0.0550489
internal_weight=234.543 100.217
internal_count=1652 337
is_linear=0
shrinkage=0.05


Tree=62
num_leaves=4
num_cat=0
split_feature=17 53 33
split_gain=236.102 1.63672 0.176444
threshold=0.9968553459119498 269.00000000000006 1442.0000000000002
decision_type=2 8 2
left_child=-1 -2 -3
right_child=1 2 -4
leaf_value=-0.041527856595168555 0.015560675777349077 0.053786769790614621 0.028644239678796753
leaf_weight=149.54441983252764 4.0098651051521292 112.92761242389679 4.3620998561382285
leaf_count=1226 13 398 15
internal_value=0.000395673 0.0519981 0.0531018
internal_weight=270.844 121.3 117.29
internal_count=1652 426 413
is_linear=0
shrinkage=0.05


Tree=63
num_leaves=5
num_cat=0
split_feature=9 53 33 28
split_gain=219.918 2.29945 4.28901 0.843499
threshold=0.9967765931068685 315.00000000000006 124.00000000000001 92.000000000000014
decision_type=2 8 2 2
left_child=-1 2 3 -2
right_child=1 -3 -4 -5
leaf_value=-0.041142096094747206 0.016448564060882454 0.054289841696836053 -0.011326599406761428 0.052321499987651565
leaf_weight=143.1319909915328 3.4118729829788235 99.065681457519531 4.1535374522209159 9.091842442750929
leaf_count=1257 11 340 14 30
internal_value=0.000172693 0.0511876 0.0307079 0.0444759
internal_weight=258.855 115.723 16.6573 12.5037
internal_count=1652 395 55 41
is_linear=0
shrinkage=0.05


Tree=64
num_leaves=10
num_cat=0
split_feature=5 53 29 33 39 30 46 52 26
split_gain=210.763 10.9328 3.74179 3.99477 4.66453 2.14873 0.477425 0.299045 0.295993
threshold=0.99724055188962224 212.50000000000003 25.500000000000004 124.00000000000001 12.500000000000002 142.16000000000003 256.00000000000006 524.00000000000011 109.20000000000002
decision_type=2 8 2 2 8 2 8 10 2
left_child=-1 -2 3 7 -5 -6 -4 -3 -7
right_child=1 2 6 4 5 8 -8 -9 -10
leaf_value=0.049562710789792519 0.063535293581070587 -0.037261274302092105 -0.0074105774183749655 0.055423436178033671 0.017836698815258453 -0.0059222747897820878 -0.041450568704243379 -0.0081219704911583389 -0.036389687975668931
leaf_weight=124.30126723647118 1.836542785167693 13.538978651165962 1.5251931548118589 2.2673557698726627 2.7659487128257751 1.4758310616016386 136.15983939170837 1.62827716767788 4.037458598613739
leaf_count=498 6 85 10 7 14 9 949 10 22
internal_value=0.000597594 -0.0363138 -0.0378158 -0.0191961 0.00435506 -0.0140962 -0.0411296 -0.0348289 -0.0303954
internal_weight=289.537 165.235 163.399 25.7138 10.5466 8.27924 137.685 15.1673 5.51329
internal_count=1610 1112 1106 147 52 45 959 95 31
is_linear=0
shrinkage=0.05


Tree=65
num_leaves=3
num_cat=0
split_feature=13 48
split_gain=187.401 0.304028
threshold=0.97000000000000008 320.00000000000006
decision_type=2 10
left_child=-1 -2
right_child=1 -3
leaf_value=-0.040388216497133533 0.053589183012757592 0.025426030507817367
leaf_weight=123.28328964859247 90.761452794075012 3.6585564017295829
leaf_count=1282 316 12
internal_value=7.44821e-05 0.0527758
internal_weight=217.703 94.42
internal_count=1610 328
is_linear=0
shrinkage=0.05


Tree=66
num_leaves=4
num_cat=0
split_feature=17 53 33
split_gain=208.661 1.57569 0.111698
threshold=0.9968553459119498 269.00000000000006 1442.0000000000002
decision_type=2 8 2
left_child=-1 -2 -3
right_child=1 2 -4
leaf_value=-0.04121029662697677 0.014638898674770818 0.052230887629337856 0.028753238012575622
leaf_weight=138.39998732507229 3.9624609053134909 102.91966199874878 4.5583807528018943
leaf_count=1204 13 377 16
internal_value=-0.000336597 0.0503402 0.0515094
internal_weight=249.84 111.441 107.478
internal_count=1610 406 393
is_linear=0
shrinkage=0.05


Tree=67
num_leaves=5
num_cat=0
split_feature=4 3 29 52
split_gain=160.033 34.602 0.633478 2.01171
threshold=1.0000000180025095e-35 1.5000000000000002 25.500000000000004 302.00000000000006
decision_type=2 2 2 8
left_child=1 2 3 -1
right_child=-2 -3 -4 -5
leaf_value=0.00012530570759535141 -0.040834037657868541 -0.037796020955048693 0.052001162089376864 0.04342983234279392
leaf_weight=3.2637855410575893 120.51680271327496 11.894633524119852 89.065795809030533 14.193404614925383
leaf_count=11 1120 115 316 48
internal_value=-0.000439621 0.0406686 0.0497001 0.0357791
internal_weight=238.934 118.418 106.523 17.4572
internal_count=1610 490 375 59
is_linear=0
shrinkage=0.05


Tree=68
num_leaves=10
num_cat=0
split_feature=3 32 53 28 29 33 30 25 34
split_gain=196.045 5.44808 7.18514 2.65013 1.18237 2.02055 1.80433 0.127709 0.109594
threshold=1.5000000000000002 80.800000000000011 212.50000000000003 310.00000000000006 25.500000000000004 124.00000000000001 142.16000000000003 590.00000000000011 31.500000000000004
decision_type=2 2 8 2 2 2 2 2 2
left_child=1 -1 -3 4 5 -4 -7 -5 -8
right_child=-2 2 3 7 -6 6 8 -9 -10
leaf_value=0.024613526385203643 0.048483822654184196 0.056499953142105555 -0.035486146900371801 0.0073686175247520847 -0.041251694541168747 0.021024018294554379 -0.030132047515939359 -0.0067124409174093352 -0.0071459551566036882
leaf_weight=3.0268308222293845 120.53181433677673 1.1926616132259358 16.86380156874657 2.0735436379909506 127.52595509588718 3.2040755003690711 2.1685712039470677 2.3821952193975449 1.572854161262512
leaf_count=13 506 4 110 9 951 15 13 11 10
internal_value=0.000546867 -0.0356397 -0.0369499 -0.0380211 -0.0391328 -0.0265784 -0.00320615 -1.00844e-05 -0.0240141
internal_weight=280.542 160.01 156.984 155.791 151.335 23.8093 6.9455 4.45574 3.74143
internal_count=1642 1136 1123 1119 1099 148 38 20 23
is_linear=0
shrinkage=0.05


Tree=69
num_leaves=3
num_cat=0
split_feature=13 48
split_gain=176.999 0.356915
threshold=0.97000000000000008 320.00000000000006
decision_type=2 10
left_child=-1 -2
right_child=1 -3
leaf_value=-0.040165224274811562 0.052576826345311134 0.02410745175440145
leaf_weight=118.70666485279799 88.572119981050491 3.5924348831176749
leaf_count=1310 320 12
internal_value=5.70378e-05 0.0517378
internal_weight=210.871 92.1646
internal_count=1642 332
is_linear=0
shrinkage=0.05


Tree=70
num_leaves=3
num_cat=0
split_feature=17 33
split_gain=197.946 0.577658
threshold=0.9968553459119498 1062.0000000000002
decision_type=2 2
left_child=-1 -2
right_child=1 -3
leaf_value=-0.04093020770758099 0.050648812696957736 0.024516874002973289
leaf_weight=133.51413954049349 103.22364771366119 5.0242159068584433
leaf_count=1232 392 18
internal_value=-0.000326215 0.0496714
internal_weight=241.762 108.248
internal_count=1642 410
is_linear=0
shrinkage=0.05


Tree=71
num_leaves=5
num_cat=0
split_feature=9 32 29 29
split_gain=179.212 3.88892 0.351072 1.1353
threshold=0.9967765931068685 90.800000000000026 25.500000000000004 24.500000000000004
decision_type=2 2 2 2
left_child=-1 -2 3 -3
right_child=1 2 -4 -5
leaf_value=-0.040581037540647617 -0.0055235545731849925 0.047952602288108138 0.050513481058098275 0.017739296310045397
leaf_weight=126.3152099698782 3.2281626462936392 8.1126219332218152 88.38346254825592 7.5141880810260764
leaf_count=1251 10 29 327 25
internal_value=-0.000370313 0.0469309 0.048596 0.0353652
internal_weight=233.554 107.238 104.01 15.6268
internal_count=1642 391 381 54
is_linear=0
shrinkage=0.05


Tree=72
num_leaves=13
num_cat=0
split_feature=3 0 0 29 34 40 32 33 32 31 9 32
split_gain=169.197 7.01547 9.55871 2.28553 4.55751 2.4992 1.43737 3.3958 0.439308 0.395899 0.382978 0.0621339
threshold=1.5000000000000002 154.50000000000003 52.000000000000007 25.500000000000004 25.500000000000004 19.500000000000004 143.20000000000002 124.00000000000001 1454.0000000000002 537.80000000000052 0.9967765931068685 103.20000000000002
decision_type=2 2 2 2 2 8 2 2 2 2 2 2
left_child=1 2 3 4 5 10 7 11 -6 -5 -1 -7
right_child=-2 -3 -4 9 8 6 -8 -9 -10 -11 -12 -13
leaf_value=0.010234862695688809 0.047480145188811676 -0.041581022124372251 0.058370417707406141 -0.037845034258913161 -0.038683174948924585 -0.0079954291997787648 -0.033109427296666272 0.045959220435931973 -0.0050477068587274822 -0.0057608094518754906 0.042214742100903688 -0.028560622448757879
leaf_weight=2.3726845681667337 108.87620164453983 101.56909853219986 2.8823232948780051 18.986513115465645 9.661836236715315 1.652744308114052 2.9246841222047806 2.0204669684171677 1.4286353439092625 1.4253066033124913 2.6984560340642929 1.8256076574325559
leaf_count=13 480 806 11 142 69 11 17 8 9 9 10 11
internal_value=0.000313043 -0.0341364 -0.0178159 -0.023859 -0.012784 0.00673433 -0.00987283 0.00567909 -0.0351262 -0.0359784 0.0314024 -0.0227563
internal_weight=258.325 149.448 47.8793 44.9969 24.5851 13.4946 8.4235 5.49882 11.0905 20.4118 5.07114 3.47835
internal_count=1596 1116 310 299 148 70 47 30 78 151 23 22
is_linear=0
shrinkage=0.05


Tree=73
num_leaves=2
num_cat=0
split_feature=13
split_gain=157.092
threshold=0.97000000000000008
decision_type=2
left_child=-1
right_child=-2
leaf_value=-0.039943830499692051 0.050197623946118854
leaf_weight=109.0572542399168 85.180496871471405
leaf_count=1277 319
internal_value=-0.000358804
internal_weight=194.238
internal_count=1596
is_linear=0
shrinkage=0.05


Tree=74
num_leaves=3
num_cat=0
split_feature=17 28
split_gain=178.641 0.73999
threshold=0.9968553459119498 182.00000000000003
decision_type=2 2
left_child=-1 -2
right_child=1 -3
leaf_value=-0.040656511821744651 0.048850237416407719 0.016339011660630499
leaf_weight=120.57789714634418 102.30895943939686 3.0699081420898429
leaf_count=1180 406 10
internal_value=0.000750065 0.0480656
internal_weight=225.957 105.379
internal_count=1596 416
is_linear=0
shrinkage=0.05


Tree=75
num_leaves=6
num_cat=0
split_feature=9 32 28 29 28
split_gain=157.45 3.607 1.3435 0.162964 1.19247
threshold=0.9967765931068685 90.800000000000026 310.00000000000006 25.500000000000004 122.00000000000001
decision_type=2 2 2 2 2
left_child=-1 -2 3 4 -3
right_child=1 2 -4 -5 -6
leaf_value=-0.040329983921157775 -0.0054862614586419075 0.047052831780189791 0.0089434014419799875 0.049316265813006882 0.013387423965511512
leaf_weight=115.8857015222311 3.2276262640953055 6.9315460920333845 2.8218784779310218 81.339139431715012 5.5577456057071686
leaf_count=1218 10 25 10 314 19
internal_value=-0.000836671 0.0449319 0.0466546 0.0476824 0.0341747
internal_weight=215.764 99.8779 96.6503 93.8284 12.4893
internal_count=1596 378 368 358 44
is_linear=0
shrinkage=0.05


Tree=76
num_leaves=10
num_cat=0
split_feature=3 53 28 32 29 34 25 25 25
split_gain=163.573 11.8038 3.95894 3.63629 0.798355 1.29304 0.912145 0.686399 0.0905189
threshold=1.5000000000000002 212.50000000000003 572.00000000000011 82.800000000000011 25.500000000000004 25.500000000000004 99.920000000000016 114.72000000000001 140.28000000000003
decision_type=2 8 2 2 2 2 2 2 2
left_child=1 -1 3 -3 5 6 -5 -8 -9
right_child=-2 2 -4 4 -6 -7 7 8 -10
leaf_value=0.062768804658376393 0.046603498005285904 0.013320756743990733 0.011406911560384828 -0.032350738724696619 -0.040895359166508938 -0.038821592112616488 0.016998003175077419 -0.004339590119540433 -0.018097130617375307
leaf_weight=2.18914870917797 106.70210081338882 2.953891232609748 3.7937618196010581 2.9921300858259219 115.45790918171406 11.040506497025488 2.1402715742588043 3.3899554014205933 2.0669843554496765
leaf_count=7 495 13 16 20 969 83 13 18 11
internal_value=-0.000210933 -0.0345032 -0.0364068 -0.0377738 -0.0389632 -0.0272983 -0.0129709 -0.00246311 -0.0115464
internal_weight=252.727 146.025 143.835 140.042 137.088 21.6298 10.5893 7.59721 5.45694
internal_count=1645 1150 1143 1127 1114 145 62 42 29
is_linear=0
shrinkage=0.05


Tree=77
num_leaves=3
num_cat=0
split_feature=13 52
split_gain=150.504 0.454943
threshold=0.97000000000000008 524.00000000000011
decision_type=2 10
left_child=-1 -2
right_child=1 -3
leaf_value=-0.039735874538392613 0.049412595697402896 0.020678615610426287
leaf_weight=104.36163529753685 84.702033519744873 3.4163663089275351
leaf_count=1301 332 12
internal_value=0.000720734 0.0485431
internal_weight=192.48 88.1184
internal_count=1645 344
is_linear=0
shrinkage=0.05


Tree=78
num_leaves=4
num_cat=0
split_feature=4 3 53
split_gain=102.118 60.8183 2.13071
threshold=6.0000000000000009 1.5000000000000002 269.00000000000006
decision_type=2 2 8
left_child=-1 2 -2
right_child=1 -3 -4
leaf_value=-0.040306464438124467 0.010172388442612985 -0.038953989848037801 0.047566667277560863
leaf_weight=91.798086121678352 4.6117196083068839 25.733334600925446 96.583328619599342
leaf_count=944 16 284 401
internal_value=-0.000377444 0.0285897 0.0459787
internal_weight=218.726 126.928 101.195
internal_count=1645 701 417
is_linear=0
shrinkage=0.05


Tree=79
num_leaves=5
num_cat=0
split_feature=9 32 28 53
split_gain=155.551 2.10148 1.44977 0.294129
threshold=0.9967765931068685 95.200000000000017 310.00000000000006 269.00000000000006
decision_type=2 2 2 8
left_child=-1 -2 3 -3
right_child=1 2 -4 -5
leaf_value=-0.040096504520485181 0.0042369052884525076 0.020170530021381677 0.0083065082337388779 0.048646486784896262
leaf_weight=112.23891422897577 3.1901799142360678 2.8754478693008414 2.8360233008861533 89.647938936948776
leaf_count=1256 10 10 10 359
internal_value=-1.41352e-05 0.0455802 0.046905 0.0479866
internal_weight=210.789 98.5496 95.3594 92.5234
internal_count=1645 389 379 369
is_linear=0
shrinkage=0.05


Tree=80
num_leaves=13
num_cat=0
split_feature=3 53 28 32 34 34 33 33 33 31 31 30
split_gain=144.878 10.9644 4.42986 3.74616 1.38779 1.66722 1.79836 4.06626 0.838767 0.431968 0.328725 0.545256
threshold=1.5000000000000002 212.50000000000003 572.00000000000011 80.800000000000011 25.500000000000004 24.500000000000004 124.00000000000001 146.00000000000003 1462.0000000000002 354.00000000000006 103.20000000000002 87.760000000000005
decision_type=2 8 2 2 2 2 2 2 2 2 2 2
left_child=1 -1 3 -3 5 9 10 -8 -6 -5 11 -7
right_child=-2 2 -4 4 8 6 7 -9 -10 -11 -12 -13
leaf_value=0.06084260408596797 0.045800460890203988 0.016897475950246262 0.013695114456962918 -0.036942022628312365 -0.040938487813687655 -0.024926876847286707 0.049697342883698759 -0.030102486644616056 0.0016318255903183738 -0.0040548238874905437 -0.033740199669506477 0.0083078345395896699
leaf_weight=2.2039396166801444 101.25515061616898 2.7264359742403022 4.1324496865272513 17.647528387606148 97.994597494602203 1.4078337550163289 2.3490932434797287 2.1351454257965088 1.0947217643260945 1.3335773497819889 3.5706117004156113 1.7824413776397703
leaf_count=7 495 12 17 148 875 10 9 13 8 9 24 12
internal_value=0.000602009 -0.0325622 -0.0345065 -0.0361066 -0.0373452 -0.0261764 -0.00972238 0.0131404 -0.0404566 -0.03495 -0.0246257 -0.00880699
internal_weight=239.634 138.378 136.174 132.042 129.316 30.2262 11.2451 4.48424 99.0893 18.9811 6.76089 3.19028
internal_count=1639 1144 1137 1120 1108 225 68 22 883 157 46 22
is_linear=0
shrinkage=0.05


Tree=81
num_leaves=5
num_cat=0
split_feature=17 4 53 31
split_gain=64.9279 64.6972 0.751034 0.218835
threshold=1.0000000180025095e-35 1.0000000180025095e-35 557.00000000000011 82.40000000000002
decision_type=2 2 10 2
left_child=1 -1 3 -3
right_child=-2 2 -4 -5
leaf_value=-0.038784630355585645 -0.039232200695809218 0.013417987029048709 0.017181234576586497 0.046429593833716254
leaf_weight=30.605181977152824 64.929729752242565 1.494429975748061 3.9377793967723838 80.460333146154881
leaf_count=388 885 10 17 339
internal_value=0.000483008 0.0227637 0.0448885 0.0459966
internal_weight=181.427 116.498 85.8925 81.9548
internal_count=1639 754 366 349
is_linear=0
shrinkage=0.05


Tree=82
num_leaves=3
num_cat=0
split_feature=17 25
split_gain=151.612 1.04871
threshold=0.9968553459119498 580.00000000000011
decision_type=2 2
left_child=-1 -2
right_child=1 -3
leaf_value=-0.0401865969990432 0.046076134216771578 0.0090267100751649856
leaf_weight=110.74264100939035 93.654400691390038 2.5094724446535102
leaf_count=1225 405 9
internal_value=-0.000469291 0.0452122
internal_weight=206.907 96.1639
internal_count=1639 414
is_linear=0
shrinkage=0.05


Tree=83
num_leaves=6
num_cat=0
split_feature=9 27 25 29 29
split_gain=137.961 2.43811 1.50041 0.695685 1.03832
threshold=0.9967765931068685 93.200000000000017 572.00000000000011 25.500000000000004 24.500000000000004
decision_type=2 2 2 2 2
left_child=-1 -2 3 4 -3
right_child=1 2 -4 -5 -6
leaf_value=-0.039873966199466433 -0.0020923348817839436 0.043157484187991153 0.0043347739320520702 0.047673940818008992 0.012388542950161842
leaf_weight=105.12741196155548 2.8147066682577124 6.0267153382301313 2.498124659061431 76.49891722202301 6.3613096475601196
leaf_count=1252 9 24 9 323 22
internal_value=-0.000675938 0.0430286 0.0444259 0.0454919 0.029463
internal_weight=199.327 94.1998 91.3851 88.8869 12.388
internal_count=1639 387 378 369 46
is_linear=0
shrinkage=0.05


Tree=84
num_leaves=11
num_cat=0
split_feature=5 29 29 1 25 32 48 31 28 25
split_gain=134.045 8.30489 5.3242 2.81921 3.26744 0.825757 0.729996 0.475943 0.253451 0.0968785
threshold=0.99724055188962224 25.500000000000004 24.500000000000004 5.0000000000000009 119.84000000000002 82.800000000000011 80.000000000000014 1458.0000000000002 1062.0000000000002 114.72000000000001
decision_type=2 2 2 2 2 2 10 2 2 2
left_child=-1 2 7 4 -4 -3 9 -2 -7 -5
right_child=1 5 3 6 -6 8 -8 -9 -10 -11
leaf_value=0.045073246439159137 -0.037352138660349955 -0.0074282250631844795 -0.00987469122937671 -0.0050576860354255484 0.049612658970121501 -0.039743860593058788 0.01297031869463266 -0.0030809075753855638 -0.0078209564739822428 -0.024746855258305681
leaf_weight=96.708525881171227 8.3208017498254758 2.5839374363422385 3.1139297783374769 1.4499403163790709 5.5775964260101318 99.626466445624828 1.4547687247395513 1.3496685102581985 1.180376961827277 3.3493914157152176
leaf_count=499 69 12 20 10 21 940 9 10 6 20
internal_value=0.000900306 -0.0325628 -0.00616286 0.0123873 0.0294802 -0.0387291 -0.0121567 -0.033306 -0.0394506 -0.0206963
internal_weight=224.715 128.007 24.6161 14.9456 8.69153 103.391 6.2541 9.67047 100.807 4.79933
internal_count=1616 1117 159 80 41 958 39 79 946 30
is_linear=0
shrinkage=0.05


Tree=85
num_leaves=3
num_cat=0
split_feature=13 48
split_gain=123.572 0.304228
threshold=0.97000000000000008 320.00000000000006
decision_type=2 10
left_child=-1 -2
right_child=1 -3
leaf_value=-0.039359110324552457 0.047174713391471723 0.021943335741607135
leaf_weight=91.411825187504292 72.798426553606987 3.8011593818664542
leaf_count=1290 312 14
internal_value=-0.000298643 0.0462215
internal_weight=168.011 76.5996
internal_count=1616 326
is_linear=0
shrinkage=0.05


Tree=86
num_leaves=3
num_cat=0
split_feature=17 28
split_gain=138.081 2.29894
threshold=0.9968553459119498 182.00000000000003
decision_type=2 2
left_child=-1 -2
right_child=1 -3
leaf_value=-0.039956895867220864 0.045764625804232323 -0.0028851034212890548
leaf_weight=102.75232358276844 87.489553734660149 2.3786384165287009
leaf_count=1209 399 8
internal_value=-0.000545795 0.0444594
internal_weight=192.621 89.8682
internal_count=1616 407
is_linear=0
shrinkage=0.05


Tree=87
num_leaves=5
num_cat=0
split_feature=9 29 52 27
split_gain=127.362 1.6114 2.19596 0.187891
threshold=0.9967765931068685 25.500000000000004 302.00000000000006 93.200000000000017
decision_type=2 2 8 2
left_child=-1 2 -2 -3
right_child=1 3 -4 -5
leaf_value=-0.039648625715035031 -0.0046082239624125896 0.019937165477527028 0.03594025505022358 0.046659741894572934
leaf_weight=97.230709478259087 4.2795051783323261 2.7610404044389716 11.431746572256088 70.800561636686325
leaf_count=1235 15 9 44 313
internal_value=-0.00025099 0.0426225 0.0252806 0.0459376
internal_weight=186.504 89.2729 15.7113 73.5616
internal_count=1616 381 59 322
is_linear=0
shrinkage=0.05


Tree=88
num_leaves=13
num_cat=0
split_feature=3 53 0 40 34 4 28 32 33 25 4 25
split_gain=124.57 8.9957 4.34053 4.52097 4.41108 2.38198 0.33112 1.13088 1.03509 1.07744 0.304712 0.135318
threshold=1.5000000000000002 212.50000000000003 154.50000000000003 19.500000000000004 24.500000000000004 1.0000000180025095e-35 98.000000000000014 141.20000000000002 124.00000000000001 110.88000000000001 6.0000000000000009 103.48000000000002
decision_type=2 8 2 8 2 2 2 2 2 2 2 2
left_child=1 -1 3 4 -3 -6 -5 8 9 11 -7 -8
right_child=-2 2 -4 6 5 10 7 -9 -10 -11 -12 -13
leaf_value=0.057833146035600608 0.044399314929910449 -0.032734568577439657 -0.040405753890336196 -0.037974300986187953 0.047307920795824736 0.0090976195008442232 -0.0067297455618089072 -0.037451917392082611 0.010442738841269292 -0.034345562364965047 -0.014532545981989857 0.0093489062932766483
leaf_weight=1.8680905699729908 91.445924520492554 3.8969894647598249 82.499293573200703 11.668340131640436 4.4102101400494576 1.6199893802404404 1.6257205158472081 7.1230418607592574 3.220992811024189 4.3208274990320206 1.9611349254846573 1.6426815986633299
leaf_count=6 499 37 831 108 18 10 14 54 19 35 14 12
internal_value=0.000256868 -0.0319135 -0.0337176 -0.0197807 0.00593155 0.0263308 -0.0299634 -0.0230206 -0.0111456 -0.0204571 -0.00419049 0.00164833
internal_weight=217.303 125.857 123.989 41.4899 11.8883 7.99133 29.6016 17.9333 10.8102 7.58923 3.58112 3.2684
internal_count=1657 1158 1152 321 79 42 242 134 80 61 24 26
is_linear=0
shrinkage=0.05


Tree=89
num_leaves=3
num_cat=0
split_feature=13 48
split_gain=118.848 0.355719
threshold=0.97000000000000008 320.00000000000006
decision_type=2 10
left_child=-1 -2
right_child=1 -3
leaf_value=-0.039196527079322266 0.046330954031010514 0.020623749517468842
leaf_weight=87.411423861980438 73.642855763435364 3.7010513544082633
leaf_count=1312 331 14
internal_value=0.000541806 0.0453798
internal_weight=164.755 77.3439
internal_count=1657 345
is_linear=0
shrinkage=0.05


Tree=90
num_leaves=3
num_cat=0
split_feature=17 53
split_gain=131.136 2.11353
threshold=0.9968553459119498 269.00000000000006
decision_type=2 8
left_child=-1 -2
right_child=1 -3
leaf_value=-0.039761011754038365 0.0085560910464599887 0.045722452149472348
leaf_weight=99.594548344612122 4.5515227466821662 82.139046266674995
leaf_count=1247 17 393
internal_value=-0.000805833 0.0438909
internal_weight=186.285 86.6906
internal_count=1657 410
is_linear=0
shrinkage=0.05


Tree=91
num_leaves=6
num_cat=0
split_feature=9 32 29 33 33
split_gain=119.794 2.21915 1.11509 2.02795 0.138005
threshold=0.9967765931068685 90.800000000000026 25.500000000000004 124.00000000000001 142.00000000000003
decision_type=2 2 2 2 2
left_child=-1 -2 3 -3 -5
right_child=1 2 -4 4 -6
leaf_value=-0.039465738418731619 -0.0016411168308946616 0.043772648313399103 0.045254289790374158 -0.0010064507246885827 0.012095544395275073
leaf_weight=93.045301184058189 2.8562295138835898 6.4253813177347165 73.206109970808029 4.0810161828994751 2.7099932432174683
leaf_count=1257 9 26 340 15 10
internal_value=2.74826e-05 0.0411681 0.0425855 0.0256598 0.00510339
internal_weight=182.324 89.2787 86.4225 13.2164 6.79101
internal_count=1657 400 391 51 25
is_linear=0
shrinkage=0.05


Tree=92
num_leaves=12
num_cat=0
split_feature=3 0 0 4 53 25 28 53 31 28 25
split_gain=110.34 7.56435 5.36233 5.1701 2.64267 2.80312 1.47428 0.988232 0.425596 0.383916 0.602493
threshold=1.5000000000000002 154.50000000000003 71.000000000000014 10.000000000000002 315.00000000000006 119.84000000000002 82.000000000000014 621.00000000000011 1458.0000000000002 122.00000000000001 129.84000000000003
decision_type=2 2 2 2 8 2 2 10 2 2 2
left_child=1 2 3 4 5 6 -1 8 9 -6 -11
right_child=-2 -3 -4 -5 7 -7 -8 -9 -10 10 -12
leaf_value=0.017851524208957938 0.043777208379534943 -0.04015612405729084 0.049648722654119223 0.058173356333272142 -0.036429961376592691 0.031254138724135926 -0.033379854154489817 0.0040616806231046137 -0.00093103682223032831 -0.0021119187707400859 -0.029086938633132338
leaf_weight=1.2390033826231936 84.822567313909531 75.005895338952541 2.2028978914022437 1.1912280619144429 19.036524400115024 3.6753191724419594 3.9040061309933662 1.9547365754842747 1.2098716422915448 3.5600984543561918 4.5728062763810158
leaf_count=8 490 802 9 4 187 17 33 15 9 23 31
internal_value=0.000600597 -0.0306609 -0.0133839 -0.0179434 -0.0216504 0.00228121 -0.0201408 -0.0284583 -0.0307602 -0.0320083 -0.018803
internal_weight=202.375 117.552 42.5465 40.3436 39.1524 8.81833 5.14301 30.334 28.3793 27.1694 8.1329
internal_count=1628 1138 336 327 323 58 41 265 250 241 54
is_linear=0
shrinkage=0.05


Tree=93
num_leaves=2
num_cat=0
split_feature=13
split_gain=105.818
threshold=0.97000000000000008
decision_type=2
left_child=-1
right_child=-2
leaf_value=-0.039048250148009465 0.044337506001790185
leaf_weight=81.676778584718704 69.4808040112257
leaf_count=1303 325
internal_value=-0.000679825
internal_weight=151.158
internal_count=1628
is_linear=0
shrinkage=0.05


Tree=94
num_leaves=4
num_cat=0
split_feature=17 53 30
split_gain=120.565 1.37367 1.48259
threshold=0.9968553459119498 269.00000000000006 1462.0000000000002
decision_type=2 8 2
left_child=-1 -2 -3
right_child=1 2 -4
leaf_value=-0.039594858229512045 0.01065358219965137 0.04539258429369869 -0.00015393991182605083
leaf_weight=90.814372196793556 3.902976691722869 78.621670231223106 1.8208018839359272
leaf_count=1208 15 397 8
internal_value=0.000174026 0.0429552 0.0443724
internal_weight=175.16 84.3454 80.4425
internal_count=1628 420 405
is_linear=0
shrinkage=0.05


Tree=95
num_leaves=6
num_cat=0
split_feature=9 27 33 29 29
split_gain=107.899 2.80576 0.898315 0.281551 1.18232
threshold=0.9967765931068685 93.200000000000017 316.00000000000006 25.500000000000004 24.500000000000004
decision_type=2 2 2 2 2
left_child=-1 -2 3 4 -3
right_child=1 2 -4 -5 -6
leaf_value=-0.039290959952402719 -0.0030966369841967331 0.042060380566247765 0.0092580900975043224 0.044879022721537015 0.0086064292333551517
leaf_weight=86.152394965291023 3.4714590013027182 6.6054754257202131 2.6734165996313086 65.470064118504524 5.0159740000963211
leaf_count=1239 11 29 10 321 18
internal_value=-0.000289703 0.0400651 0.0419586 0.0429596 0.0294471
internal_weight=169.389 83.2364 79.7649 77.0915 11.6214
internal_count=1628 389 378 368 47
is_linear=0
shrinkage=0.05


Tree=96
num_leaves=13
num_cat=0
split_feature=5 53 4 29 40 25 31 25 29 27 25 28
split_gain=99.6511 9.36935 6.40602 4.00561 4.07579 1.61536 1.52969 0.759835 0.539669 0.844072 1.98145 0.37009
threshold=0.99724055188962224 212.50000000000003 10.000000000000002 25.500000000000004 19.500000000000004 127.60000000000001 82.40000000000002 103.48000000000002 24.500000000000004 128.80000000000004 127.60000000000001 572.00000000000011
decision_type=2 8 2 2 8 2 2 2 2 2 2 2
left_child=-1 -2 3 4 5 7 -5 -3 -6 10 -10 -8
right_child=1 2 -4 6 8 -7 11 -9 9 -11 -12 -13
leaf_value=0.043218116950255375 0.056842722124587922 0.012395587208942117 0.055444987321060436 -0.0036234679033065732 -0.036104851572772677 0.041740660075130484 -0.039350470889364518 -0.024493271984386056 -0.020100457921137831 -0.03194009552346088 0.037358505662289057 -0.0039266714647590599
leaf_weight=80.984229117631912 2.2021999061107627 2.3436155542731316 1.2195302546024311 3.3964052051305762 7.348257936537264 2.7426761090755463 82.799058347940445 1.4217470213770864 3.2404033243656158 2.644980251789093 1.3220518827438352 0.98021997511386771
leaf_count=496 7 15 4 19 72 9 941 12 27 17 6 5
internal_value=0.00128628 -0.0292392 -0.03147 -0.0329479 -0.0125984 0.0184271 -0.0376661 -0.00375007 -0.0267631 -0.0140003 0.000272243 -0.0389872
internal_weight=192.645 111.661 109.459 108.239 21.0637 6.50804 87.1757 3.76536 14.5557 7.20744 4.56246 83.7793
internal_count=1630 1134 1127 1123 158 36 965 27 122 50 33 946
is_linear=0
shrinkage=0.05


Tree=97
num_leaves=2
num_cat=0
split_feature=13
split_gain=97.8899
threshold=0.97000000000000008
decision_type=2
left_child=-1
right_child=-2
leaf_value=-0.038888828754196636 0.04402927118529007
leaf_weight=77.155677799135447 64.362326622009277
leaf_count=1313 317
internal_value=-0.00113338
internal_weight=141.518
internal_count=1630
is_linear=0
shrinkage=0.05


Tree=98
num_leaves=3
num_cat=0
split_feature=17 53
split_gain=111.875 2.39539
threshold=0.9968553459119498 269.00000000000006
decision_type=2 8
left_child=-1 -2
right_child=1 -3
leaf_value=-0.039404029772726161 0.0032830463979148898 0.044253292558520022
leaf_weight=85.218137919902802 3.9149369448423377 76.497249275445938
leaf_count=1208 15 407
internal_value=0.000289877 0.0423234
internal_weight=165.63 80.4122
internal_count=1630 422
is_linear=0
shrinkage=0.05


Tree=99
num_leaves=5
num_cat=0
split_feature=9 52 33 30
split_gain=96.0228 3.94896 4.56373 4.39181
threshold=0.9967765931068685 302.00000000000006 124.00000000000001 94.000000000000014
decision_type=2 8 2 2
left_child=-1 2 3 -2
right_child=1 -3 -4 -5
leaf_value=-0.039106897616994027 -0.024762223512137527 0.043381804509373061 -0.026881737943865822 0.042787764814921365
leaf_weight=80.655594490468502 2.3509918302297619 63.440172791481018 4.054180994629859 10.235748410224913
leaf_count=1239 8 319 15 49
internal_value=-0.000839986 0.0377084 0.0148467 0.0292767
internal_weight=160.737 80.0811 16.6409 12.5867
internal_count=1630 391 72 57
is_linear=0
shrinkage=0.05


Tree=100
num_leaves=11
num_cat=0
split_feature=3 0 0 29 34 25 17 27 31 40
split_gain=96.7097 6.38861 6.64221 2.68895 4.02603 1.58099 1.24566 1.37675 0.661119 0.091109
threshold=1.5000000000000002 154.50000000000003 52.000000000000007 25.500000000000004 25.500000000000004 99.920000000000016 0.9968553459119498 140.80000000000004 1458.0000000000002 17.000000000000004
decision_type=2 2 2 2 2 2 2 2 2 10
left_child=1 2 3 4 5 9 7 -7 -6 -1
right_child=-2 -3 -4 -5 8 6 -8 -9 -10 -11
leaf_value=-0.024382051613927508 0.042704378572384044 -0.039658482077595439 0.051339198744430797 -0.035248259676102969 -0.036230457550126091 0.04380393103990543 -0.0079403632787875527 -0.00073582086381808562 0.0030715854281305023 -0.003848848540845746
leaf_weight=1.4415102154016524 77.073463693261147 67.616276107728481 2.6472234055399886 15.042224466800688 7.6939577311277372 4.5089560598134977 2.5048408582806587 2.485047459602356 1.0505541488528249 1.2620875090360639
leaf_count=13 501 823 11 164 78 22 17 12 9 8
internal_value=0.000372401 -0.0304462 -0.0137303 -0.0197751 -0.00756384 0.0108074 0.0200898 0.0298661 -0.0316781 -0.0184241
internal_weight=183.326 106.253 38.6364 35.9892 20.947 12.2024 9.49884 6.994 8.74451 2.7036
internal_count=1658 1157 334 323 159 72 51 34 87 21
is_linear=0
shrinkage=0.05


Tree=101
num_leaves=3
num_cat=0
split_feature=13 48
split_gain=91.514 0.447275
threshold=0.97000000000000008 320.00000000000006
decision_type=2 10
left_child=-1 -2
right_child=1 -3
leaf_value=-0.038716284985568138 0.043872154786461726 0.01771505076230993
leaf_weight=72.94299278408289 60.150715887546539 3.5774439722299567
leaf_count=1328 315 15
internal_value=-0.00071834 0.0427002
internal_weight=136.671 63.7282
internal_count=1658 330
is_linear=0
shrinkage=0.05


Tree=102
num_leaves=4
num_cat=0
split_feature=17 28 33
split_gain=105.87 0.83529 0.0337065
threshold=0.9968553459119498 182.00000000000003 1442.0000000000002
decision_type=2 2 2
left_child=-1 2 -2
right_child=1 -3 -4
leaf_value=-0.039183016784790872 0.043980619652822094 0.011669794044762108 0.020792802536984543
leaf_weight=81.371812961995602 70.445402264595032 3.0396943092346183 2.8031942099332801
leaf_count=1235 398 11 14
internal_value=0.000257522 0.0422889 0.0433852
internal_weight=157.66 76.2883 73.2486
internal_count=1658 423 412
is_linear=0
shrinkage=0.05


Tree=103
num_leaves=5
num_cat=0
split_feature=9 52 0 26
split_gain=93.0238 2.67102 4.90945 1.56205
threshold=0.9967765931068685 302.00000000000006 163.00000000000003 120.70000000000003
decision_type=2 8 2 2
left_child=-1 2 3 -2
right_child=1 -3 -4 -5
leaf_value=-0.03892513009743323 0.0061984203793969076 0.042725045470937473 0.04071810127821511 -0.038494761893449893
leaf_weight=76.591247200965881 3.8261209130287162 63.065520390868187 8.3186892420053464 2.5566766560077667
leaf_count=1257 15 334 43 9
internal_value=-6.82737e-05 0.0382094 0.0173512 -0.014493
internal_weight=154.358 77.767 14.7015 6.3828
internal_count=1658 401 67 24
is_linear=0
shrinkage=0.05


Tree=104
num_leaves=12
num_cat=0
split_feature=3 0 0 21 29 52 25 9 35 48 32
split_gain=85.613 8.23282 6.25965 4.27356 3.31896 4.49094 2.51268 0.708667 0.393012 0.474524 0.436951
threshold=1.5000000000000002 163.00000000000003 52.000000000000007 0.99724055188962224 25.500000000000004 302.00000000000006 127.60000000000001 0.9967765931068685 1.5000000000000002 192.00000000000003 1466.4000000000003
decision_type=2 2 2 2 2 8 2 2 10 8 2
left_child=1 2 3 4 5 6 7 -1 10 -10 -7
right_child=-2 -3 -4 -5 -6 8 -8 -9 9 -11 -12
leaf_value=-0.02492582621655938 0.042225166863198632 -0.039447026044209244 0.050063829971270825 0.051939299768553472 -0.037803737629121613 -0.02913586558668126 0.049703003469738744 0.013701790294284397 -0.020926352946277482 0.011315031852776207 0.0024938160370017682
leaf_weight=1.5261624157428768 72.136082038283348 63.637794531881809 2.9864009171724311 1.2448329627513874 14.06871175020933 9.7514820843934995 3.4440498054027557 1.3611445128917694 1.0355710461735719 1.644434370100498 1.0480514392256726
leaf_count=14 498 825 12 4 163 87 11 7 10 14 8
internal_value=0.000882735 -0.0285532 -0.00981921 -0.0161556 -0.020075 -0.00627333 0.0259526 -0.00787558 -0.0221569 -0.00344435 -0.0261151
internal_weight=173.885 101.749 38.1108 35.1244 33.8796 19.8109 6.33136 2.88731 13.4795 2.68001 10.7995
internal_count=1653 1155 330 318 314 151 32 21 119 24 95
is_linear=0
shrinkage=0.05


Tree=105
num_leaves=3
num_cat=0
split_feature=13 48
split_gain=86.7233 0.00536737
threshold=0.97000000000000008 320.00000000000006
decision_type=2 10
left_child=-1 -2
right_child=1 -3
leaf_value=-0.038594432238914546 0.0432301275854566 0.019834396804391755
leaf_weight=67.965728718787432 59.319209292531013 2.481289491057395
leaf_count=1314 328 11
internal_value=0.000114427 0.0426216
internal_weight=129.766 61.8005
internal_count=1653 339
is_linear=0
shrinkage=0.05


Tree=106
num_leaves=4
num_cat=0
split_feature=17 28 29
split_gain=94.6189 2.22235 0.0922703
threshold=0.9968553459119498 182.00000000000003 21.500000000000004
decision_type=2 2 2
left_child=-1 2 -2
right_child=1 -3 -4
leaf_value=-0.039068943136197125 0.019335362696867597 0.00062595450069233597 0.043366187456126942
leaf_weight=77.275727681815624 2.709908038377761 3.3253633230924597 63.70191478729248
leaf_count=1245 15 12 381
internal_value=-0.00120148 0.0407185 0.042687
internal_weight=147.013 69.7372 66.4118
internal_count=1653 408 396
is_linear=0
shrinkage=0.05


Tree=107
num_leaves=7
num_cat=0
split_feature=4 3 52 0 34 25
split_gain=72.4058 12.0977 3.98535 4.58874 4.07766 0.423969
threshold=1.0000000180025095e-35 1.5000000000000002 302.00000000000006 163.00000000000003 24.500000000000004 127.60000000000001
decision_type=2 2 8 2 2 2
left_child=1 2 3 4 -1 -6
right_child=-2 -3 -4 -5 5 -7
leaf_value=0.033759140366024933 -0.038742819254627421 -0.033455294180822881 0.042833391113324425 0.039768138485711889 -0.012728247161362198 -0.044584680481543612
leaf_weight=2.5117341428995115 65.438714679330587 5.8726414293050757 59.357062146067619 7.4159423410892478 2.941056877374649 2.9459812790155411
leaf_count=12 1140 109 331 40 10 11
internal_value=5.75979e-05 0.0314771 0.0369224 0.0135088 -0.0114419 -0.0328288
internal_weight=146.483 81.0444 75.1718 15.8147 8.39877 5.88704
internal_count=1653 513 404 73 33 21
is_linear=0
shrinkage=0.05


Tree=108
num_leaves=12
num_cat=0
split_feature=3 0 52 34 25 30 28 27 29 32 32
split_gain=78.87 6.76169 5.72208 4.69331 1.17494 0.426088 0.565134 1.96178 0.229886 0.138974 0.658359
threshold=1.5000000000000002 141.00000000000003 302.00000000000006 24.500000000000004 119.84000000000002 1458.0000000000002 98.000000000000014 108.40000000000002 25.500000000000004 141.20000000000002 127.20000000000003
decision_type=2 2 8 2 2 2 2 2 2 2 2
left_child=1 2 3 -1 -5 6 -4 8 -8 10 -9
right_child=-2 -3 5 4 -6 -7 7 9 -10 -11 -12
leaf_value=-0.029758633804664453 0.041775689594351274 -0.039180659443399789 -0.035845813137061415 0.010707802313904752 0.053863878165483894 0.0042001506833962872 0.022480299722921312 -0.030058086902480182 -0.0019612077804944551 -0.034242529113857459 0.0012379935237493956
leaf_weight=2.6780475676059705 67.275843143463135 58.481951728463173 8.3928184658289009 3.123422771692276 4.2403108924627304 1.0040660724043835 1.8609552904963487 2.7571437433361989 1.2249137759208677 4.8093092665076256 2.9028671383857727
leaf_count=30 494 812 105 19 16 9 15 30 13 47 20
internal_value=0.00102246 -0.0290771 -0.0105427 0.0196492 0.0390276 -0.0240209 -0.0254387 -0.016975 0.0146729 -0.0267694 -0.0162313
internal_weight=158.752 91.4758 32.9939 10.0418 7.36373 22.9521 21.948 13.5552 3.08587 10.4693 5.66001
internal_count=1610 1116 304 65 35 239 230 125 28 97 50
is_linear=0
shrinkage=0.05


Tree=109
num_leaves=3
num_cat=0
split_feature=13 48
split_gain=75.3976 0.100128
threshold=0.97000000000000008 320.00000000000006
decision_type=2 10
left_child=-1 -2
right_child=1 -3
leaf_value=-0.038410312299690892 0.0424436199442495 0.016902461039662722
leaf_weight=62.560503631830215 51.343247652053833 2.1879239976406089
leaf_count=1300 300 10
internal_value=-0.00141648 0.0417288
internal_weight=116.092 53.5312
internal_count=1610 310
is_linear=0
shrinkage=0.05


Tree=110
num_leaves=5
num_cat=0
split_feature=4 3 33 53
split_gain=53.3075 30.6803 1.47694 0.43278
threshold=6.0000000000000009 1.5000000000000002 1062.0000000000002 269.00000000000006
decision_type=2 2 2 8
left_child=-1 2 3 -2
right_child=1 -3 -4 -5
leaf_value=-0.038599727269341383 0.014872239737370752 -0.03676325382356288 0.0069206146231630579 0.041932351418182919
leaf_weight=52.181470062583685 2.966349482536315 15.53720313310623 3.8217302709817877 62.770258590579033
leaf_count=890 13 292 19 396
internal_value=0.000763996 0.0250702 0.0392072 0.0409524
internal_weight=137.277 85.0955 69.5583 65.7366
internal_count=1610 720 428 409
is_linear=0
shrinkage=0.05


Tree=111
num_leaves=4
num_cat=0
split_feature=9 27 25
split_gain=76.1342 3.21423 1.7216
threshold=0.9967765931068685 93.200000000000017 310.00000000000006
decision_type=2 2 2
left_child=-1 -2 -3
right_child=1 2 -4
leaf_value=-0.03858916314607172 -0.017722217069451592 0.040352886972601316 -0.0048035157610072004
leaf_weight=65.677207741886377 2.0623334497213355 61.906516879796982 1.9761371016502369
leaf_count=1232 7 363 8
internal_value=-0.000777587 0.0368944 0.0389035
internal_weight=131.622 65.945 63.8827
internal_count=1610 378 371
is_linear=0
shrinkage=0.05


Tree=112
num_leaves=13
num_cat=0
split_feature=3 0 32 53 4 33 35 29 52 31 25 25
split_gain=73.3116 6.93198 5.08052 5.10581 2.8939 2.11211 1.90268 0.448002 0.391676 0.265523 0.149695 0.556036
threshold=1.5000000000000002 154.50000000000003 82.800000000000011 212.50000000000003 10.000000000000002 558.00000000000011 1.0000000180025095e-35 45.000000000000007 588.00000000000011 1454.0000000000002 127.60000000000001 128.08000000000001
decision_type=2 2 2 8 2 2 10 2 10 2 2 2
left_child=1 2 -1 -4 5 7 9 8 10 -7 -5 -12
right_child=-2 -3 3 4 -6 6 -8 -9 -10 -11 11 -13
leaf_value=0.057904871836353511 0.041375126347497244 -0.039026845748286826 0.050146844042647964 -0.035173331952591813 0.040819584989422827 -0.02531607054384747 0.040736158885819898 0.0016376236072777235 -0.0020127292342506918 0.0024046529205271495 -0.003279798577265606 -0.031529489342580055
leaf_weight=1.5937700271606434 64.235577389597893 55.1727190092206 1.8429037630558003 16.529895685613173 0.95499688386917014 1.5526050180196755 1.4733791053295133 1.0524952635169018 1.3185354024171818 1.0640475153923032 3.4107962846755973 3.2161399349570274
leaf_count=5 502 813 6 204 3 15 5 7 13 9 24 33
internal_value=0.00100539 -0.0282082 -0.010044 -0.0150177 -0.0204096 -0.0236526 0.00807409 -0.0288485 -0.0301723 -0.0164955 -0.031626 -0.0193261
internal_weight=153.418 89.1823 34.0096 32.4158 30.5729 29.6179 4.09003 25.5279 24.4754 2.61665 23.1568 6.62694
internal_count=1639 1137 324 319 313 310 29 281 274 24 261 57
is_linear=0
shrinkage=0.05


Tree=113
num_leaves=3
num_cat=0
split_feature=13 48
split_gain=71.2559 0.558193
threshold=0.97000000000000008 320.00000000000006
decision_type=2 10
left_child=-1 -2
right_child=1 -3
leaf_value=-0.038285534070192334 0.041862473579667152 0.014311475332107691
leaf_weight=59.245831914246082 50.592364609241486 3.2867193818092337
leaf_count=1310 314 15
internal_value=-0.000748395 0.0404732
internal_weight=113.125 53.8791
internal_count=1639 329
is_linear=0
shrinkage=0.05


Tree=114
num_leaves=4
num_cat=0
split_feature=17 53 33
split_gain=80.751 1.71449 0.627967
threshold=0.9968553459119498 269.00000000000006 1442.0000000000002
decision_type=2 8 2
left_child=-1 -2 -3
right_child=1 2 -4
leaf_value=-0.03871218065972528 0.0019653177351701702 0.042457646587908224 0.01357476920892995
leaf_weight=66.532896179705858 3.0232192128896704 57.675158709287643 3.1597816795110694
leaf_count=1223 13 386 17
internal_value=-0.000447226 0.0394027 0.0412013
internal_weight=130.391 63.8582 60.8349
internal_count=1639 416 403
is_linear=0
shrinkage=0.05


Tree=115
num_leaves=5
num_cat=0
split_feature=9 32 33 53
split_gain=73.0336 3.15881 0.364935 0.36873
threshold=0.9967765931068685 95.200000000000017 558.00000000000011 269.00000000000006
decision_type=2 2 2 8
left_child=-1 -2 3 -3
right_child=1 2 -4 -5
leaf_value=-0.038454313901599355 -0.010523200039481775 0.012563454811283657 0.0095366203632961128 0.040437393491461505
leaf_weight=62.488245397806168 3.0096965432167044 2.3493926078081122 1.7799498587846745 58.447989955544472
leaf_count=1250 10 11 8 360
internal_value=-8.58315e-05 0.0364984 0.0388899 0.039581
internal_weight=128.075 65.587 62.5773 60.7974
internal_count=1639 389 379 371
is_linear=0
shrinkage=0.05


Tree=116
num_leaves=12
num_cat=0
split_feature=3 0 52 1 4 26 31 52 28 28 29
split_gain=66.4756 7.60988 4.83519 5.24645 4.39559 1.94087 2.68102 1.32707 0.139636 0.567443 0.502113
threshold=1.5000000000000002 154.50000000000003 302.00000000000006 5.0000000000000009 10.000000000000002 117.60000000000001 82.40000000000002 588.00000000000011 122.00000000000001 130.00000000000003 25.500000000000004
decision_type=2 2 8 2 2 2 2 10 2 2 2
left_child=1 2 3 5 7 6 -1 8 -4 10 -10
right_child=-2 -3 4 -5 -6 -7 -8 -9 9 -11 -12
leaf_value=0.044773861291551378 0.040995561742893628 -0.038873935228982824 -0.033819351006270711 -0.030771064694331787 0.047822594566798209 0.058898761947182299 -0.026704252380777518 0.012164683257149431 0.0081029835729079357 -0.031839677486513916 -0.022096652621727372
leaf_weight=1.4344580024480804 60.433132842183113 51.828259784728289 13.610112201422462 2.9663727208971977 1.2688176035881031 4.2031286954879761 1.8861132860183714 1.5350903943181027 2.6905026584863658 3.0334661602973938 1.2312441319227216
leaf_count=5 503 812 183 32 4 14 21 14 18 25 16
internal_value=0.00121391 -0.0269923 -0.00821162 0.0188282 -0.0206239 0.0396995 0.0073899 -0.0264536 -0.0297667 -0.0185819 -0.00394148
internal_weight=146.121 85.6876 33.8593 10.4901 23.3692 7.5237 3.32057 22.1004 20.5653 6.95521 3.92175
internal_count=1647 1144 332 72 260 40 26 256 242 59 34
is_linear=0
shrinkage=0.05


Tree=117
num_leaves=3
num_cat=0
split_feature=13 48
split_gain=66.4189 0.586465
threshold=0.97000000000000008 320.00000000000006
decision_type=2 10
left_child=-1 -2
right_child=1 -3
leaf_value=-0.038175710667605688 0.041373706929626407 0.013394736019293297
leaf_weight=55.880570385605097 48.03192301094532 3.2015302777290335
leaf_count=1318 314 15
internal_value=-0.000800501 0.0399152
internal_weight=107.114 51.2335
internal_count=1647 329
is_linear=0
shrinkage=0.05


Tree=118
num_leaves=4
num_cat=0
split_feature=17 53 28
split_gain=75.1874 5.50376 0.0180945
threshold=0.9968553459119498 212.50000000000003 322.00000000000006
decision_type=2 8 2
left_child=-1 -2 -3
right_child=1 2 -4
leaf_value=-0.038621857482407478 -0.038798044199060411 0.042015298457919931 0.01502642857072627
leaf_weight=63.090756367892027 1.4591551721096028 56.778752282261848 1.500646486878394
leaf_count=1234 5 402 6
internal_value=-0.00085236 0.0390157 0.0415856
internal_weight=122.829 59.7386 58.2794
internal_count=1647 413 408
is_linear=0
shrinkage=0.05


Tree=119
num_leaves=8
num_cat=0
split_feature=9 48 34 25 29 29 29
split_gain=67.342 1.86164 2.31559 1.36471 0.378234 0.622578 0.183906
threshold=0.9967765931068685 80.000000000000014 82.500000000000014 127.60000000000001 25.500000000000004 24.500000000000004 26.500000000000004
decision_type=2 8 2 2 2 2 2
left_child=-1 2 3 6 5 -3 -2
right_child=1 4 -4 -5 -6 -7 -8
leaf_value=-0.038324445199078551 0.020144487945922589 0.036289718666870689 0.037130928195592466 -0.029010196720249626 0.042207986521001772 0.0086402004321249459 0.0013355680085472815
leaf_weight=58.440031982958317 2.0216434746980649 4.5441205203533155 5.7226888686418533 2.2640152275562286 42.170528009533882 4.512849286198616 2.5487966537475586
leaf_count=1249 8 27 36 9 287 19 12
internal_value=0.000109561 0.0353711 0.0162674 -0.00371189 0.0396528 0.0247417 0.0117781
internal_weight=122.225 63.7846 12.5571 6.83446 51.2275 9.05697 4.57044
internal_count=1647 398 65 29 333 46 20
is_linear=0
shrinkage=0.05


Tree=120
num_leaves=11
num_cat=0
split_feature=3 0 52 34 4 29 25 52 29 29
split_gain=58.4658 7.47537 4.96646 4.9027 4.10231 0.608971 0.488285 0.350549 0.00895594 0.413284
threshold=1.5000000000000002 154.50000000000003 302.00000000000006 24.500000000000004 10.000000000000002 13.500000000000002 119.84000000000002 588.00000000000011 25.500000000000004 24.500000000000004
decision_type=2 2 8 2 2 2 2 10 2 2
left_child=1 2 3 -1 5 -4 -5 8 9 -7
right_child=-2 -3 4 6 -6 7 -8 -9 -10 -11
leaf_value=-0.029579452479461549 0.040603334118789886 -0.038624276777368113 0.0079357215645546007 0.015160754715124259 0.045863696591906741 -0.033110266269853771 0.049828431621081581 -0.001170288438584764 -0.035241996738427393 -0.011839623908712727
leaf_weight=2.7326935268938524 53.981275245547295 47.520923435688019 0.86152349412441864 2.6914425939321518 1.2759825289249409 4.8104733526706749 4.6400325000286102 1.2724855020642269 7.8727803379297248 6.7912310287356377
leaf_count=35 479 801 9 17 4 65 18 13 118 56
internal_value=0.000768526 -0.0261242 -0.00748896 0.0204794 -0.0201314 -0.0258847 0.0404489 -0.0275894 -0.0291742 -0.0225868
internal_weight=134.451 80.4696 32.9486 10.0642 22.8845 21.6085 7.33148 20.747 19.4745 11.6017
internal_count=1615 1136 335 70 265 261 35 252 239 121
is_linear=0
shrinkage=0.05


Tree=121
num_leaves=3
num_cat=0
split_feature=13 48
split_gain=61.5036 0.0452895
threshold=0.97000000000000008 320.00000000000006
decision_type=2 10
left_child=-1 -2
right_child=1 -3
leaf_value=-0.038028212324760141 0.040834150849820179 0.017720688758179694
leaf_weight=51.059375043958426 45.495363682508469 2.386800840497016
leaf_count=1287 316 12
internal_value=-0.000211222 0.0400681
internal_weight=98.9415 47.8822
internal_count=1615 328
is_linear=0
shrinkage=0.05


Tree=122
num_leaves=4
num_cat=0
split_feature=17 53 30
split_gain=67.4079 5.0595 1.60959
threshold=0.9968553459119498 212.50000000000003 1462.0000000000002
decision_type=2 8 2
left_child=-1 -2 -3
right_child=1 2 -4
leaf_value=-0.038459265629459734 -0.037393727730247135 0.041705893162089898 -0.0067208905924786098
leaf_weight=57.457185674458742 1.4281191378831852 53.768695414066315 1.5056074112653721
leaf_count=1201 5 401 8
internal_value=-0.000622435 0.0377201 0.0402908
internal_weight=114.16 56.7024 55.2743
internal_count=1615 414 409
is_linear=0
shrinkage=0.05


Tree=123
num_leaves=5
num_cat=0
split_feature=9 52 34 34
split_gain=60.4732 2.6331 2.66926 2.70765
threshold=0.9967765931068685 302.00000000000006 84.500000000000014 24.500000000000004
decision_type=2 8 2 2
left_child=-1 2 3 -2
right_child=1 -3 -4 -5
leaf_value=-0.038173768915111185 0.030168835697797353 0.039581118280688582 0.035812539703338357 -0.029391381458802615
leaf_weight=53.664415210485458 1.9872792661190013 47.785020813345909 4.9949612021446228 4.4555036872625351
leaf_count=1225 11 327 34 18
internal_value=-9.92942e-05 0.0344627 0.0116157 -0.00943492
internal_weight=112.887 59.2228 11.4377 6.44278
internal_count=1615 390 63 29
is_linear=0
shrinkage=0.05


Tree=124
num_leaves=9
num_cat=0
split_feature=5 0 52 1 4 52 25 25
split_gain=56.7949 5.95563 5.58541 5.60426 2.81837 1.38588 0.83561 2.36451
threshold=0.99724055188962224 154.50000000000003 302.00000000000006 5.0000000000000009 10.000000000000002 588.00000000000011 119.84000000000002 83.440000000000012
decision_type=2 2 8 2 2 10 2 2
left_child=-1 2 3 6 5 -4 7 -2
right_child=1 -3 4 -5 -6 -7 -8 -9
leaf_value=0.040288492093162973 0.047421719659055062 -0.038468326288827431 -0.032897560509600569 -0.030703942559329497 0.036394702518931364 0.0099686550488874755 0.054628481408386102 -0.024012726406410077
leaf_weight=52.159515894949436 1.3171109557151814 44.819049179553986 17.65299133583904 3.0370914787054062 0.95505958795547385 1.6488632112741459 4.3149178475141525 1.4356104545295236
leaf_count=494 4 803 235 35 3 16 15 17
internal_value=0.000629913 -0.0270524 -0.00951135 0.0196121 -0.0242781 -0.0289251 0.0423596 0.0136956
internal_weight=127.34 75.1807 30.3616 10.1047 20.2569 19.3019 7.06764 2.75272
internal_count=1622 1128 325 71 254 251 36 21
is_linear=0
shrinkage=0.05


Tree=125
num_leaves=3
num_cat=0
split_feature=13 48
split_gain=56.8362 0.845205
threshold=0.97000000000000008 320.00000000000006
decision_type=2 10
left_child=-1 -2
right_child=1 -3
leaf_value=-0.037874417231666346 0.040424689453529145 0.0078445446531504853
leaf_weight=47.460619475692511 44.575098052620888 2.6505994945764533
leaf_count=1281 328 13
internal_value=0.000371827 0.0387967
internal_weight=94.6863 47.2257
internal_count=1622 341
is_linear=0
shrinkage=0.05


Tree=126
num_leaves=5
num_cat=0
split_feature=4 3 53 28
split_gain=40.1451 21.8161 1.02707 0.107863
threshold=6.0000000000000009 1.5000000000000002 269.00000000000006 580.00000000000011
decision_type=2 2 8 2
left_child=-1 2 -2 -4
right_child=1 -3 3 -5
leaf_value=-0.038007147704440178 0.0045874240144455364 -0.035640098475852991 0.03996568281735325 0.010847394293436815
leaf_weight=42.364938788115978 2.494464471936225 11.603007733821867 48.348760083317757 1.2159406840801228
leaf_count=934 12 287 384 5
internal_value=-0.000794429 0.0241741 0.0379261 0.03948
internal_weight=106.027 63.6622 52.0592 49.5647
internal_count=1622 688 401 389
is_linear=0
shrinkage=0.05


Tree=127
num_leaves=5
num_cat=0
split_feature=9 52 0 40
split_gain=56.0996 3.60693 3.36519 1.3464
threshold=0.9967765931068685 302.00000000000006 163.00000000000003 19.500000000000004
decision_type=2 8 2 8
left_child=-1 2 3 -2
right_child=1 -3 -4 -5
leaf_value=-0.038018985904195418 -0.02759085261074944 0.040789621249527008 0.03591170510310026 0.013607181671222619
leaf_weight=50.504487738013268 4.4851578623056394 43.32820675522089 5.2492761760950089 2.3467050343751907
leaf_count=1236 18 319 37 12
internal_value=-0.000293661 0.0341566 0.00906811 -0.013509
internal_weight=105.914 55.4093 12.0811 6.83186
internal_count=1622 386 67 30
is_linear=0
shrinkage=0.05


Tree=128
num_leaves=11
num_cat=0
split_feature=3 0 52 4 34 25 25 25 32 25
split_gain=50.4711 7.01246 4.40415 3.78723 3.75894 1.57941 2.74113 0.620284 1.01144 0.442086
threshold=1.5000000000000002 154.50000000000003 302.00000000000006 10.000000000000002 24.500000000000004 119.84000000000002 82.280000000000015 127.60000000000001 130.40000000000003 580.00000000000011
decision_type=2 2 8 2 2 2 2 2 2 2
left_child=1 2 4 7 -1 6 -6 -4 -9 -10
right_child=-2 -3 3 -5 5 -7 -8 8 9 -11
leaf_value=-0.028208952554035324 0.039962187246543122 -0.038292733633975382 -0.032817473391366349 0.043208595716854675 0.044586798804319566 0.051818125307737155 -0.027535089642796464 0.010852733019027307 -0.031214955174453204 0.0041737511217383224
leaf_weight=2.3718861415982264 47.918930135667324 42.791194923222065 12.142230983823543 1.2787600755691517 1.4053612351417544 4.4069351628422737 1.9409364238381384 2.5430549085140219 3.3134142719209194 0.83788989484310139
leaf_count=34 484 822 189 4 5 16 18 19 41 4
internal_value=0.000557587 -0.0254879 -0.00672284 -0.0199548 0.0189956 0.0350094 0.00604386 -0.0262049 -0.0115046 -0.0246485
internal_weight=120.951 73.0317 30.2405 20.1154 10.1251 7.75323 3.3463 18.8366 6.69436 4.1513
internal_count=1636 1152 330 257 73 39 23 253 64 45
is_linear=0
shrinkage=0.05


Tree=129
num_leaves=3
num_cat=0
split_feature=13 28
split_gain=54.113 0.371476
threshold=0.97000000000000008 164.00000000000003
decision_type=2 2
left_child=-1 -2
right_child=1 -3
leaf_value=-0.037781301722790199 0.040055603510845028 0.0067038024305117174
leaf_weight=45.109538171440363 42.814723618328571 1.3042816519737233
leaf_count=1297 332 7
internal_value=0.000314693 0.0392401
internal_weight=89.2285 44.119
internal_count=1636 339
is_linear=0
shrinkage=0.05


Tree=130
num_leaves=4
num_cat=0
split_feature=17 53 30
split_gain=59.5513 4.68112 0.224252
threshold=0.9968553459119498 212.50000000000003 1462.0000000000002
decision_type=2 8 2
left_child=-1 -2 -3
right_child=1 2 -4
leaf_value=-0.038219079570503647 -0.035566497389960809 0.04093009938007397 0.0088974446126456139
leaf_weight=51.443691000342369 1.3803648054599751 47.59822154790163 1.195981591939925
leaf_count=1224 5 400 7
internal_value=-0.000782923 0.0375969 0.0403394
internal_weight=101.618 50.1746 48.7942
internal_count=1636 412 407
is_linear=0
shrinkage=0.05


Tree=131
num_leaves=8
num_cat=0
split_feature=4 3 0 0 35 33 25
split_gain=43.9598 7.34439 2.27156 3.28869 0.873155 1.67057 0.0152841
threshold=1.0000000180025095e-35 1.5000000000000002 163.00000000000003 52.000000000000007 inf 124.00000000000001 110.88000000000001
decision_type=2 2 2 2 8 2 2
left_child=1 2 3 4 5 6 -1
right_child=-2 -3 -4 -5 -6 -7 -8
leaf_value=0.012369078130108773 -0.037845400633334747 -0.031025037306935545 0.040827245034962427 -0.03565988073404202 0.032718704768094811 -0.020765936046786577 0.030359456328693576
leaf_weight=2.6062155961990419 43.318907517939806 4.1149935834109774 34.068492360413074 1.6662400513887394 11.569020494818686 2.2753483206033707 2.1425255686044693
leaf_count=13 1124 115 277 6 77 11 13
internal_value=-0.000156189 0.0279465 0.0328932 0.0182583 0.0246636 0.00897239 0.0243551
internal_weight=101.762 58.4428 54.3278 20.2594 18.5931 7.02409 4.74874
internal_count=1636 512 397 120 114 37 26
is_linear=0
shrinkage=0.05


Tree=132
num_leaves=11
num_cat=0
split_feature=3 0 53 4 40 34 34 25 25 9
split_gain=48.3542 5.51253 3.31511 2.33789 2.57934 2.06447 0.759852 0.400074 0.746648 0.221188
threshold=1.5000000000000002 154.50000000000003 212.50000000000003 10.000000000000002 19.500000000000004 24.500000000000004 41.000000000000007 127.60000000000001 87.38000000000001 0.9967765931068685
decision_type=2 2 8 2 8 2 2 2 2 2
left_child=1 2 -1 4 5 -4 -6 8 -7 -10
right_child=-2 -3 3 -5 6 7 -8 -9 9 -11
leaf_value=0.043460691367470654 0.039685356272823012 -0.038113454682233372 -0.027503346739336732 0.039665244054253902 -0.02984202179105332 0.026400624688109664 0.010651833237035856 0.033495982250507844 0.0041584639943827951 -0.021236857719845591
leaf_weight=1.7933969795703912 45.824385829269886 39.309483017772436 2.2977035976946407 0.98916441202163596 16.951404996216301 1.3998649269342425 0.75722510367631812 2.3488090038299561 1.0198422968387604 1.0051446482539177
leaf_count=6 494 803 38 3 241 8 7 9 12 8
internal_value=0.00048713 -0.0261698 -0.00899911 -0.0139522 -0.0174138 0.0055833 -0.0276337 0.020867 0.00659331 -0.0113004
internal_weight=113.696 67.872 28.5626 26.7692 25.78 8.07136 17.7086 5.77366 3.42485 2.02499
internal_count=1629 1135 332 326 323 75 248 37 28 20
is_linear=0
shrinkage=0.05


Tree=133
num_leaves=4
num_cat=0
split_feature=13 29 29
split_gain=49.5797 0.167366 0.292811
threshold=0.97000000000000008 25.500000000000004 24.500000000000004
decision_type=2 2 2
left_child=-1 2 -2
right_child=1 -3 -4
leaf_value=-0.037645757972476449 0.031902820167217925 0.040618033995152625 0.0076962402892212017
leaf_weight=42.038990935310721 3.1650669500231734 35.144251681864262 2.9750704318284988
leaf_count=1293 25 292 19
internal_value=0.000134524 0.0385858 0.0228946
internal_weight=83.3234 41.2844 6.14014
internal_count=1629 336 44
is_linear=0
shrinkage=0.05


Tree=134
num_leaves=4
num_cat=0
split_feature=17 53 33
split_gain=53.8973 3.62871 1.89187
threshold=0.9968553459119498 212.50000000000003 1462.0000000000002
decision_type=2 8 2
left_child=-1 -2 -3
right_child=1 2 -4
leaf_value=-0.038068850600897347 -0.032783635434646699 0.040591750420487439 -0.014384238819161977
leaf_weight=48.059565603733063 1.110450193285941 44.451241664588451 1.1530040949583042
leaf_count=1223 4 396 6
internal_value=-0.00128274 0.0365671 0.038923
internal_weight=94.7743 46.7147 45.6042
internal_count=1629 406 402
is_linear=0
shrinkage=0.05


Tree=135
num_leaves=6
num_cat=0
split_feature=4 17 52 33 25
split_gain=43.0472 6.43722 1.46602 2.11468 1.88103
threshold=1.0000000180025095e-35 0.0051160450764690104 302.00000000000006 124.00000000000001 92.080000000000013
decision_type=2 2 8 2 2
left_child=1 2 3 4 -1
right_child=-2 -3 -4 -5 -6
leaf_value=-0.015306277959566525 -0.0377117796568818 -0.029929588336892472 0.038791611580371366 -0.016239169475898631 0.037933667022505876
leaf_weight=1.4949605911970119 40.819800563156605 3.4938595257699481 39.198204074054956 2.9650356620550147 7.1843015179038048
leaf_count=6 1134 104 319 14 52
internal_value=0.000578619 0.0295057 0.0340886 0.0164409 0.0281294
internal_weight=95.1562 54.3364 50.8425 11.6443 8.67926
internal_count=1629 495 391 72 58
is_linear=0
shrinkage=0.05


Tree=136
num_leaves=13
num_cat=0
split_feature=3 0 34 29 4 35 29 31 25 27 25 4
split_gain=40.2294 8.64274 4.36548 5.22626 2.32542 2.29392 0.922694 0.689541 0.670997 2.18401 0.170006 0.0619832
threshold=1.5000000000000002 154.50000000000003 24.500000000000004 24.500000000000004 10.000000000000002 inf 11.500000000000002 143.40000000000003 119.84000000000002 80.40000000000002 99.920000000000016 1.0000000180025095e-35
decision_type=2 2 2 2 2 8 2 2 2 2 2 2
left_child=1 2 4 6 -1 8 -4 11 9 -5 -11 -7
right_child=-2 -3 3 5 -6 7 -8 -9 -10 10 -12 -13
leaf_value=-0.035380715421609206 0.039382966159845378 -0.037988547595466104 0.014595827802700937 0.049077733698809856 0.032395584811790668 0.00037605243184992462 -0.032997372574100202 -0.023810368430854843 0.050970059351991427 -0.021878791992780627 0.0011147383312151537 0.014656646648425052
leaf_weight=8.7809137292206287 41.780326724052429 37.781939025968313 0.63445543497801082 1.6495630145072904 0.66265705227851945 1.1222813352942478 4.9078177437186241 1.3353203535079954 5.6528477221727371 1.1144095882773402 1.1481979787349699 1.7637444660067556
leaf_count=157 481 824 6 5 2 8 77 13 24 11 11 17
internal_value=0.00145638 -0.0225831 -0.00175715 0.0118 -0.0279783 0.0277935 -0.0261509 -0.00273867 0.0402521 0.0175418 -0.0134451 0.0106292
internal_weight=108.334 66.5541 28.7722 19.3286 9.44357 13.7864 5.54227 4.22135 9.56502 3.91217 2.26261 2.88603
internal_count=1636 1155 331 172 159 89 83 38 51 27 22 25
is_linear=0
shrinkage=0.05


Tree=137
num_leaves=3
num_cat=0
split_feature=13 48
split_gain=44.5663 0.724707
threshold=0.97000000000000008 320.00000000000006
decision_type=2 10
left_child=-1 -2
right_child=1 -3
leaf_value=-0.037550142039962681 0.038987080636532043 0.008950254547246031
leaf_weight=40.045307289808989 35.28376517444849 2.8606542795896521
leaf_count=1311 309 16
internal_value=-0.0011631 0.0370207
internal_weight=78.1897 38.1444
internal_count=1636 325
is_linear=0
shrinkage=0.05


Tree=138
num_leaves=5
num_cat=0
split_feature=4 21 53 30
split_gain=31.8352 16.8267 4.042 2.02983
threshold=6.0000000000000009 1.0000000180025095e-35 212.50000000000003 1462.0000000000002
decision_type=2 2 8 2
left_child=-1 2 -2 -4
right_child=1 -3 3 -5
leaf_value=-0.037581302705415466 -0.033442962795384688 -0.035590370951834538 0.039838771007455892 -0.0097423840473217557
leaf_weight=34.889028560370207 1.3477673046290863 9.4421050772070867 43.153548680245876 1.7963190302252758
leaf_count=931 6 265 416 18
internal_value=-0.000732639 0.0225878 0.0349545 0.0376885
internal_weight=90.6288 55.7397 46.2976 44.9499
internal_count=1636 705 440 434
is_linear=0
shrinkage=0.05


Tree=139
num_leaves=6
num_cat=0
split_feature=9 52 38 37 25
split_gain=44.02 3.10859 2.81406 3.42105 0.0168007
threshold=0.9967765931068685 302.00000000000006 5.5000000000000009 192.00000000000003 127.60000000000001
decision_type=2 8 10 8 2
left_child=-1 2 3 -2 -5
right_child=1 -3 -4 4 -6
leaf_value=-0.037647696671941594 0.031022293581351352 0.03831397214379708 0.035306334672932004 -0.016191568121196053 -0.038931405293079396
leaf_weight=41.365088125690818 2.408881761133669 37.710971035063267 4.6682088673114777 2.594827800989151 2.4904623031616211
leaf_count=1233 17 328 35 12 11
internal_value=3.88872e-08 0.0313514 0.00849242 -0.0104004 -0.0318957
internal_weight=91.2384 49.8734 12.1624 7.49417 5.08529
internal_count=1636 403 75 40 23
is_linear=0
shrinkage=0.05


Tree=140
num_leaves=11
num_cat=0
split_feature=5 0 52 1 31 25 26 32 26 28
split_gain=38.3582 5.80911 3.90053 3.41491 1.62364 1.2049 2.23118 0.973378 1.07115 0.580087
threshold=0.99724055188962224 154.50000000000003 302.00000000000006 5.0000000000000009 127.60000000000004 119.84000000000002 81.200000000000017 143.20000000000002 109.20000000000002 580.00000000000011
decision_type=2 2 8 2 2 2 2 2 2 2
left_child=-1 2 3 5 -4 6 -2 -6 -9 -10
right_child=1 -3 4 -5 7 -7 -8 8 9 -11
leaf_value=0.039098933946905182 0.041536726220900932 -0.037749679046727706 -0.035052190097489409 -0.027740839632279281 0.017369408071498307 0.049412861774775912 -0.025478275440145959 0.017064173871234468 -0.031769709234706699 0.0079658630248008854
leaf_weight=38.316879577934742 1.3274584412574788 33.634182658046484 8.054646275937559 2.1910232827067375 2.6246085762977582 4.0950557440519333 1.7026314623653886 1.2628027796745298 3.805647823959589 0.70717136561870564
leaf_count=471 4 788 145 29 23 15 23 14 58 4
internal_value=0.000668392 -0.0243566 -0.00611981 0.0185201 -0.0203319 0.034409 0.00690223 -0.00398977 -0.014827 -0.0252276
internal_weight=97.7221 59.4052 25.771 9.31617 16.4549 7.12515 3.03009 8.40023 5.77562 4.51282
internal_count=1574 1103 315 71 244 42 27 99 76 62
is_linear=0
shrinkage=0.05


Tree=141
num_leaves=3
num_cat=0
split_feature=13 25
split_gain=42.3784 0.511106
threshold=0.97000000000000008 401.44000000000239
decision_type=2 2
left_child=-1 -2
right_child=1 -3
leaf_value=-0.03733584865330921 0.040129350047145546 0.002968319743485021
leaf_weight=35.546536959707737 33.953594416379929 1.1214947253465641
leaf_count=1254 313 7
internal_value=0.000620851 0.0390564
internal_weight=70.6216 35.0751
internal_count=1574 320
is_linear=0
shrinkage=0.05


Tree=142
num_leaves=4
num_cat=0
split_feature=17 53 33
split_gain=44.3432 3.21353 1.88488
threshold=0.9968553459119498 212.50000000000003 1462.0000000000002
decision_type=2 8 2
left_child=-1 -2 -3
right_child=1 2 -4
leaf_value=-0.037684133866963433 -0.030713365016735317 0.039893262063932469 -0.015662114663000513
leaf_weight=40.297516990453005 1.061877280473708 38.325504839420319 1.0889041125774372
leaf_count=1176 4 388 6
internal_value=-0.00102089 0.0355089 0.0380089
internal_weight=80.7738 40.4763 39.4144
internal_count=1574 398 394
is_linear=0
shrinkage=0.05


Tree=143
num_leaves=7
num_cat=0
split_feature=9 0 0 1 25 25
split_gain=38.2634 2.59292 3.2387 1.19649 3.16919 0.0598127
threshold=0.9967765931068685 169.50000000000003 52.000000000000007 5.0000000000000009 127.60000000000001 93.440000000000012
decision_type=2 2 2 2 2 2
left_child=-1 2 3 4 5 -2
right_child=1 -3 -4 -5 -6 -7
leaf_value=-0.037443728925353748 0.0097152910785770485 0.039711490042083325 -0.03578759686815762 0.03718405188753187 -0.023595208771565682 0.03423190383280017
leaf_weight=37.034173101186752 1.3337836861610428 27.643351837992668 1.9172708243131626 6.392207443714141 3.659973993897438 4.1563448533415794
leaf_count=1191 9 269 7 48 17 33
internal_value=-0.000324394 0.0303055 0.0140687 0.0220105 0.00879122 0.0306904
internal_weight=82.1371 45.1029 17.4596 15.5423 9.1501 5.49013
internal_count=1574 383 114 107 59 42
is_linear=0
shrinkage=0.05


Tree=144
num_leaves=14
num_cat=0
split_feature=5 53 29 29 30 35 30 32 32 28 30 27 27
split_gain=39.9224 3.55582 2.14663 1.94486 0.866054 1.10958 1.10982 0.81565 0.491892 0.233291 0.0349515 0.0082847 0.398931
threshold=0.99724055188962224 212.50000000000003 25.500000000000004 24.500000000000004 124.24000000000002 1.0000000180025095e-35 142.16000000000003 82.800000000000011 103.20000000000002 572.00000000000011 87.760000000000005 322.00000000000006 1030.0000000000002
decision_type=2 8 2 2 2 10 2 2 2 2 2 2 2
left_child=-1 -2 3 -3 8 6 -6 -4 10 11 -5 -9 -13
right_child=1 2 7 4 5 -7 -8 9 -10 -11 -12 12 -14
leaf_value=0.038881608226841127 0.035444968823530459 -0.032809934187163298 -0.0015044731508427956 -0.0011548271941394198 0.021248078470757676 0.040937175599171843 -0.025271609315678262 -0.037734938335515125 -0.025893311477982146 -0.0017515377604836032 0.0093820438561921723 0.0086169791393399791 -0.025746902329946336
leaf_weight=37.265454523265362 1.3886570632457722 4.911727670580146 1.839348331093787 1.0481507629156115 1.5719136893749239 1.6109263151884077 1.5654780119657514 36.305890038609505 1.7737509608268736 0.58251748234033485 0.81394442170858372 0.61490296572446768 1.9710752107203005
leaf_count=490 5 86 13 11 8 7 16 896 22 5 10 6 47
internal_value=-0.000629133 -0.0271434 -0.0293437 -0.0108026 0.00421242 0.016822 -0.00246182 -0.0349144 -0.0123318 -0.0363956 0.00511976 -0.0368575 -0.0174514
internal_weight=93.2637 55.9983 54.6096 13.2959 8.38416 4.74832 3.13739 41.3137 3.63585 39.4744 1.8621 38.8919 2.58598
internal_count=1622 1132 1127 160 74 31 24 967 43 954 21 949 53
is_linear=0
shrinkage=0.05


Tree=145
num_leaves=3
num_cat=0
split_feature=13 28
split_gain=38.8397 0.462427
threshold=0.97000000000000008 322.00000000000006
decision_type=2 2
left_child=-1 -2
right_child=1 -3
leaf_value=-0.037230564573624163 0.038326763423436688 0.0024977588629998488
leaf_weight=34.110256597399712 32.749899476766586 1.0738010108470906
leaf_count=1295 321 6
internal_value=-0.000122877 0.0372937
internal_weight=67.934 33.8237
internal_count=1622 327
is_linear=0
shrinkage=0.05


Tree=146
num_leaves=3
num_cat=0
split_feature=17 53
split_gain=44.0682 3.23321
threshold=0.9968553459119498 212.50000000000003
decision_type=2 8
left_child=-1 -2
right_child=1 -3
leaf_value=-0.037571759937755189 -0.02993025146868411 0.03962536600791898
leaf_weight=38.731654232367873 1.0508595556020726 37.430319227278233
leaf_count=1214 4 404
internal_value=-0.000400899 0.0370159
internal_weight=77.2128 38.4812
internal_count=1622 408
is_linear=0
shrinkage=0.05


Tree=147
num_leaves=6
num_cat=0
split_feature=9 29 29 35 32
split_gain=39.7169 1.19223 1.4101 0.807151 0.408007
threshold=0.9967765931068685 25.500000000000004 24.500000000000004 1.0000000180025095e-35 95.200000000000017
decision_type=2 2 2 10 2
left_child=-1 2 -2 -4 -3
right_child=1 4 3 -5 -6
leaf_value=-0.037338138690031962 0.034125289154419057 0.0095629503747724481 0.012679683067355455 -0.020400063288682484 0.039085001455677476
leaf_weight=35.549381105229259 4.1822614818811399 2.0050193965435019 3.2728348225355148 2.2526599317789078 31.503756836056709
leaf_count=1227 34 9 16 11 325
internal_value=0.00124276 0.0331056 0.0153786 -0.00186595 0.0376468
internal_weight=78.7659 43.2165 9.70776 5.52549 33.5088
internal_count=1622 395 61 27 334
is_linear=0
shrinkage=0.05


Tree=148
num_leaves=10
num_cat=0
split_feature=3 0 34 39 37 4 4 53 35
split_gain=34.7671 5.47775 3.4086 1.89358 2.08472 1.57779 0.830621 0.633813 0.00843275
threshold=1.5000000000000002 163.00000000000003 37.500000000000007 12.500000000000002 192.00000000000003 10.000000000000002 6.0000000000000009 269.00000000000006 1.5000000000000002
decision_type=2 2 2 8 10 2 2 8 10
left_child=1 2 3 4 -1 7 -6 -5 -9
right_child=-2 -3 -4 5 6 -7 -8 8 -10
leaf_value=-0.02670178905431669 0.038689893994409585 -0.037463022659412225 0.037674779877206209 0.0050831366426474373 0.035299256960492291 0.027718133232866479 -0.0069672944828194682 -0.03196107387251914 -0.013882626099662086
leaf_weight=1.9762510396540225 36.612425699830055 30.224584240466356 2.9428262673318377 1.1443845704197837 3.4888293817639351 0.65951409935951311 1.178135674446821 10.186371225863693 2.3820290006697187
leaf_count=31 515 811 17 9 24 2 20 181 36
internal_value=0.0016365 -0.0236486 -0.00541825 -0.0128898 0.00834798 -0.0226109 0.0252828 -0.0267509 -0.0298104
internal_weight=90.7954 54.1829 23.9583 21.0155 6.64322 14.3723 4.66697 13.7128 12.5684
internal_count=1646 1131 320 303 75 228 44 226 217
is_linear=0
shrinkage=0.05


Tree=149
num_leaves=3
num_cat=0
split_feature=13 52
split_gain=34.7721 1.22501
threshold=0.97000000000000008 524.00000000000011
decision_type=2 10
left_child=-1 -2
right_child=1 -3
leaf_value=-0.037152475114548063 0.037756157726720301 -0.0019698312289261511
leaf_weight=32.703740237280726 29.600146882236007 1.9689622074365605
leaf_count=1321 313 12
internal_value=-0.00157312 0.035294
internal_weight=64.2728 31.5691
internal_count=1646 325
is_linear=0
shrinkage=0.05


Tree=150
num_leaves=4
num_cat=0
split_feature=17 33 28
split_gain=40.9553 1.82722 0.253243
threshold=0.9968553459119498 1462.0000000000002 182.00000000000003
decision_type=2 2 2
left_child=-1 2 -2
right_child=1 -3 -4
leaf_value=-0.03750937105768052 0.03917933111520238 -0.016751872841182788 0.0088463878639519593
leaf_weight=37.079760262742639 33.748206488788128 1.0420340001583088 1.3898087143897999
leaf_count=1237 395 6 8
internal_value=-0.00107734 0.0362653 0.0382576
internal_weight=73.2598 36.18 35.138
internal_count=1646 409 403
is_linear=0
shrinkage=0.05


Tree=151
num_leaves=6
num_cat=0
split_feature=9 52 26 30 29
split_gain=35.7387 3.12405 2.46202 2.42458 0.224917
threshold=0.9967765931068685 302.00000000000006 93.600000000000009 124.24000000000002 27.500000000000004
decision_type=2 8 2 2 2
left_child=-1 2 -2 -4 -5
right_child=1 -3 3 4 -6
leaf_value=-0.03723661976923396 -0.037766447028362557 0.038563438076703649 0.035779112302862369 -0.02106022191764826 0.0017442758134136899
leaf_weight=33.829234886914492 1.5723720490932453 31.542687222361565 5.4451332315802556 2.0069172531366353 1.4660894498229025
leaf_count=1251 5 323 47 10 10
internal_value=0.000422338 0.0308921 0.00647726 0.0172992 -0.0131958
internal_weight=75.8624 42.0332 10.4905 8.91814 3.47301
internal_count=1646 395 72 67 20
is_linear=0
shrinkage=0.05


Tree=152
num_leaves=10
num_cat=0
split_feature=3 0 34 29 35 32 41 27 30
split_gain=30.184 6.3092 3.54536 4.77242 1.18397 1.08409 0.813601 0.608643 0.0814162
threshold=1.5000000000000002 154.50000000000003 24.500000000000004 24.500000000000004 inf 158.40000000000003 19.500000000000004 322.00000000000006 124.24000000000002
decision_type=2 2 2 2 8 2 10 2 2
left_child=1 2 7 -4 6 8 -5 -1 -6
right_child=-2 -3 3 4 5 -7 -8 -9 -10
leaf_value=-0.033732693375363547 0.038395404164626737 -0.037342814830719009 -0.031679594079078062 0.042166913603212397 0.0037273689682402211 -0.024035857091251413 0.0022142428329573879 0.0080259432404490242 0.024895436491614537
leaf_weight=6.5820345096290138 32.353874064981937 29.109133154153824 4.0767302438616779 6.6626886948943103 1.0630667321383969 1.4270689189434049 1.6663557402789591 0.60225084424018849 1.4234879463911054
leaf_count=156 487 834 76 37 16 17 14 4 8
internal_value=0.00106142 -0.0221848 -0.00265384 0.0102702 0.0255766 0.00197144 0.0352679 -0.0296792 0.0195103
internal_weight=84.9667 52.6128 23.5037 16.3194 12.2427 3.91362 8.32904 7.18429 2.48655
internal_count=1649 1162 328 168 92 41 51 160 24
is_linear=0
shrinkage=0.05


Tree=153
num_leaves=3
num_cat=0
split_feature=13 48
split_gain=33.3936 1.03394
threshold=0.97000000000000008 320.00000000000006
decision_type=2 10
left_child=-1 -2
right_child=1 -3
leaf_value=-0.036989870703512416 0.037591152132084554 0.0015385937999408165
leaf_weight=29.968426810577512 29.922389350831509 2.2187354564666739
leaf_count=1300 335 14
internal_value=0.000346104 0.0352239
internal_weight=62.1096 32.1411
internal_count=1649 349
is_linear=0
shrinkage=0.05


Tree=154
num_leaves=4
num_cat=0
split_feature=17 28 52
split_gain=37.7557 1.54255 0.224127
threshold=0.9968553459119498 182.00000000000003 236.00000000000003
decision_type=2 2 8
left_child=-1 2 -2
right_child=1 -3 -4
leaf_value=-0.037334222720415561 0.01034128377808706 -0.0034306737674226644 0.038878237449376768
leaf_weight=34.326021622866392 1.5880816355347622 2.2529255151748648 31.596571400761604
leaf_count=1228 11 12 398
internal_value=-0.000508283 0.0352082 0.037855
internal_weight=69.7636 35.4376 33.1847
internal_count=1649 421 409
is_linear=0
shrinkage=0.05


Tree=155
num_leaves=6
num_cat=0
split_feature=9 0 1 28 26
split_gain=31.3053 2.42326 2.61504 3.01964 2.66796
threshold=0.9967765931068685 163.00000000000003 5.0000000000000009 122.00000000000001 81.200000000000017
decision_type=2 2 2 2 2
left_child=-1 2 3 4 -2
right_child=1 -3 -4 -5 -6
leaf_value=-0.037114357624680884 -0.032011625868994802 0.038788804280788472 0.035982973075226569 -0.034741905193238699 0.034145712981831298
leaf_weight=31.896592551842332 1.2191931903362254 23.365020856261253 5.7768018543720236 3.702561616897583 4.5436216667294502
leaf_count=1259 4 275 50 18 43
internal_value=-0.00107856 0.028879 0.0122351 -0.00431184 0.0174855
internal_weight=70.5038 38.6072 15.2422 9.46538 5.76281
internal_count=1649 390 115 65 47
is_linear=0
shrinkage=0.05


Tree=156
num_leaves=11
num_cat=0
split_feature=3 0 52 38 4 1 30 28 28 28
split_gain=28.6795 5.18213 2.75591 1.95974 1.21064 1.00898 0.800222 0.277058 0.0325322 0.215232
threshold=1.5000000000000002 154.50000000000003 302.00000000000006 5.5000000000000009 10.000000000000002 5.0000000000000009 1474.0000000000002 590.00000000000011 122.00000000000001 130.00000000000003
decision_type=2 2 8 10 2 2 2 2 2 2
left_child=1 2 3 5 6 -1 7 8 -4 -10
right_child=-2 -3 4 -5 -6 -7 -8 -9 9 -11
leaf_value=0.037347541382807097 0.038198516098484493 -0.037131174761838096 -0.029068278383167556 -0.023820010490420103 0.026231845668851901 -0.0060376544518873157 0.017882109237911642 0.0011251450557284211 -0.003197178764212437 -0.024989083060148923
leaf_weight=5.2458402216434497 30.985282722860575 26.297121904790401 8.0272286385297686 1.4904539212584493 0.65210348367691118 1.3858938589692114 0.54697151109576303 0.95980283617973405 2.6274806335568437 1.5903314277529714
leaf_count=30 499 807 190 24 2 17 6 7 31 20
internal_value=0.00126506 -0.0224707 -0.00450516 0.0174891 -0.0172377 0.0286778 -0.0209375 -0.0236911 -0.0255744 -0.0146283
internal_weight=79.8085 48.8232 22.5261 8.12219 14.4039 6.63173 13.7518 13.2048 12.245 4.21781
internal_count=1633 1134 327 71 256 47 254 248 241 51
is_linear=0
shrinkage=0.05


Tree=157
num_leaves=4
num_cat=0
split_feature=9 4 28
split_gain=14.7017 14.8277 0.594851
threshold=1.0000000180025095e-35 6.0000000000000009 590.00000000000011
decision_type=2 2 2
left_child=1 2 -1
right_child=-2 -3 -4
leaf_value=0.03615877700298769 -0.036183415289620706 -0.03461203307096633 -0.0034647401022591742
leaf_weight=27.624608920887116 18.361632525920868 9.4630014989525062 0.80715560913085838
leaf_count=339 860 429 5
internal_value=-0.000592881 0.0171392 0.0349544
internal_weight=56.2564 37.8948 28.4318
internal_count=1633 773 344
is_linear=0
shrinkage=0.05


Tree=158
num_leaves=5
num_cat=0
split_feature=4 21 53 30
split_gain=21.4211 11.3081 3.3495 1.24034
threshold=6.0000000000000009 1.0000000180025095e-35 212.50000000000003 1462.0000000000002
decision_type=2 2 8 2
left_child=-1 2 -2 -4
right_child=1 -3 3 -5
leaf_value=-0.036818737768127073 -0.030544226657700697 -0.033786313300129191 0.038444922429607981 -0.0067865606676740858
leaf_weight=24.50274858251214 1.2429734636098135 6.8407875392585984 31.214737683534622 1.3008982185274351
leaf_count=917 7 279 411 19
internal_value=-0.000749178 0.0213815 0.033211 0.0364868
internal_weight=65.1021 40.5994 33.7586 32.5156
internal_count=1633 716 437 430
is_linear=0
shrinkage=0.05


Tree=159
num_leaves=9
num_cat=0
split_feature=4 27 3 35 29 35 53 34
split_gain=25.4587 4.17414 2.10874 0.993812 0.695556 0.954047 0.220208 0.0856189
threshold=1.0000000180025095e-35 93.200000000000017 1.5000000000000002 inf 25.500000000000004 1.0000000180025095e-35 269.00000000000006 99.500000000000014
decision_type=2 2 2 8 2 10 8 2
left_child=1 3 4 -1 5 -3 -6 -5
right_child=-2 2 -4 7 6 -7 -8 -9
leaf_value=-0.036449604368799814 -0.036879540451326624 0.028231283525130536 -0.021155632946255946 -0.005834236581803009 0.0068360901801296503 -0.0050929609488110962 0.038045770988920896 0.013026272071552309
leaf_weight=2.301410928368568 26.97752695903182 4.9647221416234961 1.2450625095516432 0.18049525097012509 1.0783068090677286 2.9392731487751007 25.201446898281574 1.1776592209935186
leaf_count=40 1133 36 56 8 8 18 316 18
internal_value=-0.000279706 0.0252702 0.0305224 -0.0212156 0.0329525 0.0166587 0.0370627 0.0091086
internal_weight=66.0659 39.0884 35.4288 3.65957 34.1837 7.904 26.2798 1.35815
internal_count=1633 500 434 66 378 54 324 26
is_linear=0
shrinkage=0.05


Tree=160
num_leaves=12
num_cat=0
split_feature=3 0 32 33 27 1 28 26 52 25 1
split_gain=25.3494 5.98986 2.18036 2.19484 1.36384 1.86904 2.99155 1.35255 0.839222 0.251681 0.0914642
threshold=1.5000000000000002 163.00000000000003 80.800000000000011 98.000000000000014 101.20000000000002 5.0000000000000009 118.00000000000001 109.20000000000002 460.00000000000006 276.20000000000005 5.0000000000000009
decision_type=2 2 2 2 2 2 2 2 10 2 2
left_child=1 2 -1 -4 10 6 -6 -7 -9 -8 -5
right_child=-2 -3 3 4 5 7 9 8 -10 -11 -12
leaf_value=0.042020106833759729 0.037981702961342026 -0.037010482963990274 -0.032520652464524499 0.0091451926813630752 -0.026438753415403346 0.023004296062172126 0.047110753968980096 -0.033592108319439103 0.014213049985510011 0.013796892204283533 0.047484355636088847
leaf_weight=1.6148741543293024 28.860353630036116 24.955359727144241 4.8000610321760204 0.83637183904647716 2.0367013048380596 0.80687665566802014 2.2410281896591187 5.3676192667335272 0.50562065094709385 2.097622349858284 0.59759480133652687
leaf_count=5 496 815 105 16 43 6 11 99 5 13 10
internal_value=0.00200262 -0.020967 -0.000999247 -0.00649425 0.00367067 -0.00254692 0.0156112 -0.0196529 -0.0280075 0.0366057 0.0380674
internal_weight=74.7201 45.8597 20.9044 19.2895 14.4894 13.0555 6.37535 6.68012 5.87324 4.33865 1.43397
internal_count=1624 1128 313 308 203 177 67 110 104 24 26
is_linear=0
shrinkage=0.05


Tree=161
num_leaves=3
num_cat=0
split_feature=13 48
split_gain=27.1305 1.52333
threshold=0.97000000000000008 320.00000000000006
decision_type=2 10
left_child=-1 -2
right_child=1 -3
leaf_value=-0.036765151310572911 0.036596360356608765 -0.0093527410395072338
leaf_weight=26.27539743296802 24.880493395030502 1.5502286180853833
leaf_count=1297 317 10
internal_value=-0.00148035 0.0336586
internal_weight=52.7061 26.4307
internal_count=1624 327
is_linear=0
shrinkage=0.05


Tree=162
num_leaves=4
num_cat=0
split_feature=17 53 33
split_gain=30.6152 3.07348 1.81234
threshold=0.9968553459119498 212.50000000000003 1462.0000000000002
decision_type=2 8 2
left_child=-1 -2 -3
right_child=1 2 -4
leaf_value=-0.037144979586497699 -0.029541125524021147 0.03856780220323168 -0.016859978415376172
leaf_weight=29.881532134488225 1.1647788733243967 28.492568694055084 1.0160721540451039
leaf_count=1217 5 396 6
internal_value=-0.00174756 0.03282 0.0361692
internal_weight=60.555 30.6734 29.5086
internal_count=1624 407 402
is_linear=0
shrinkage=0.05


Tree=163
num_leaves=7
num_cat=0
split_feature=9 32 29 33 53 28
split_gain=28.3131 2.10338 0.340292 0.727689 0.167945 0.0187244
threshold=0.9967765931068685 90.800000000000026 25.500000000000004 124.00000000000001 269.00000000000006 150.00000000000003
decision_type=2 2 2 2 8 2
left_child=-1 -2 3 -3 -4 -6
right_child=1 2 4 -5 5 -7
leaf_value=-0.036848270087673572 -0.0093234031492537093 0.03273582972320703 0.008391294735825415 0.0016606913976199449 0.038290349706036717 0.0086306448152151903
leaf_weight=27.25843402557075 2.7014218419790259 3.2785921543836585 1.1688900291919733 3.5675052553415298 23.300197966396812 0.72747745364904304
leaf_count=1232 12 27 9 23 314 7
internal_value=0.000562459 0.0301228 0.0336299 0.0188181 0.0367824 0.0377731
internal_weight=62.0025 34.7441 32.0427 6.8461 25.1966 24.0277
internal_count=1624 392 380 50 330 321
is_linear=0
shrinkage=0.05


Tree=164
num_leaves=13
num_cat=0
split_feature=3 0 34 35 40 31 34 31 1 25 31 25
split_gain=23.3571 5.01819 2.69561 2.68765 2.14609 0.4363 0.418254 0.738236 0.753363 0.361785 1.07278 0.51404
threshold=1.5000000000000002 154.50000000000003 24.500000000000004 inf 19.500000000000004 537.80000000000052 25.500000000000004 143.40000000000003 5.0000000000000009 127.60000000000001 82.40000000000002 99.920000000000016
decision_type=2 2 2 8 10 2 2 2 2 2 2 2
left_child=1 2 5 4 9 -1 7 8 -5 10 -4 -12
right_child=-2 -3 3 6 -6 -7 -8 -9 -10 -11 11 -13
leaf_value=-0.032769158932729102 0.037727933519037249 -0.036803262605154152 0.040896857732214159 0.028866584218473063 -0.022328824395407135 0.0036825717467609317 -0.027689970941160227 -0.023963099630631857 -0.012829115818938565 0.047894609446207076 -0.021113668166099438 0.012820689189158513
leaf_weight=5.4299291446805027 26.196372635662556 22.702094562351704 1.6027682125568352 1.4394129924476156 1.2717610523104665 0.72425381839275349 2.4261623155325651 1.4140188694000242 1.1631130129098892 3.2006055116653442 1.0820821821689608 1.4455964192748068
leaf_count=146 482 796 5 12 20 10 56 17 11 14 14 16
internal_value=0.00117645 -0.0209885 -0.00315793 0.00836673 0.0254404 -0.0285642 -0.0147864 -0.00302612 0.0118435 0.0354127 0.0182906 -0.0035735
internal_weight=70.0982 43.9018 21.1997 15.0455 8.60281 6.15418 6.44271 4.01654 2.60253 7.33105 4.13045 2.52768
internal_count=1599 1117 321 165 69 156 96 40 23 49 35 30
is_linear=0
shrinkage=0.05


Tree=165
num_leaves=3
num_cat=0
split_feature=13 48
split_gain=26.6664 0.396897
threshold=0.97000000000000008 320.00000000000006
decision_type=2 10
left_child=-1 -2
right_child=1 -3
leaf_value=-0.036640170996560105 0.038161633811630659 0.0069869563465662227
leaf_weight=24.624255103990436 21.786563061177734 1.5967151373624791
leaf_count=1291 296 12
internal_value=-0.00104395 0.0364067
internal_weight=48.0075 23.3833
internal_count=1599 308
is_linear=0
shrinkage=0.05


Tree=166
num_leaves=4
num_cat=0
split_feature=17 53 25
split_gain=30.0843 2.45059 0.327305
threshold=0.9968553459119498 212.50000000000003 1164.0000000000002
decision_type=2 8 2
left_child=-1 -2 -3
right_child=1 2 -4
leaf_value=-0.036994022617009112 -0.026329080043274219 0.038388279492429699 0.0016485334094856864
leaf_weight=27.539969004690647 0.90510831773281353 27.348007321357731 0.71333599835634132
leaf_count=1188 4 402 5
internal_value=-0.000259315 0.0347354 0.0375432
internal_weight=56.5064 28.9665 28.0613
internal_count=1599 411 407
is_linear=0
shrinkage=0.05


Tree=167
num_leaves=8
num_cat=0
split_feature=9 0 0 34 29 27 30
split_gain=23.9562 2.3459 2.45763 0.755197 1.07798 0.648657 0.75948
threshold=0.9967765931068685 163.00000000000003 52.000000000000007 24.500000000000004 24.500000000000004 140.80000000000004 124.24000000000002
decision_type=2 2 2 2 2 2 2
left_child=-1 2 3 -2 -5 6 -6
right_child=1 -3 -4 4 5 -7 -8
leaf_value=-0.036686677042403838 0.033206442239311677 0.03791176316628099 -0.033228081468755298 0.029913807317117964 0.0064844710656621497 0.015022389396909926 -0.030773463358591831
leaf_weight=24.963695503771305 4.5898327380418769 19.166753172874451 1.7811822667717923 2.5710950121283513 1.9733963608741762 1.9315679669380186 2.0206288844347
leaf_count=1204 56 274 7 25 11 13 9
internal_value=-0.000292835 0.0266866 0.0107385 0.0186567 0.00812809 -0.00427908 -0.0147525
internal_weight=58.9982 34.0345 14.8677 13.0865 8.49669 5.92559 3.99403
internal_count=1599 395 121 114 58 33 20
is_linear=0
shrinkage=0.05


Tree=168
num_leaves=11
num_cat=0
split_feature=3 34 34 1 33 48 25 26 33 25
split_gain=21.0497 5.35011 3.00972 2.59796 2.89117 2.2094 1.36888 0.897122 0.239821 0.1561
threshold=1.5000000000000002 66.000000000000014 24.500000000000004 5.0000000000000009 118.00000000000001 320.00000000000006 182.00000000000003 81.200000000000017 106.00000000000001 132.40000000000003
decision_type=2 2 2 2 2 10 2 2 2 2
left_child=1 2 -1 4 7 9 -6 -4 -9 -5
right_child=-2 -3 3 5 6 -7 -8 8 -10 -11
leaf_value=-0.027937902682135887 0.037548261064172188 -0.036642705205507192 0.02438308503128785 -0.0317541366524485 0.068204257047873973 0.038385922030793718 0.015298015524794043 -0.026492808281892863 0.0030173712962786609 -0.0014515966513535226
leaf_weight=5.9864884987473514 25.026336397975683 21.065291231498122 0.6355735063552842 3.7985844649374476 2.5702231153845787 0.65883337706327427 3.0087755620479584 2.0899146702140574 0.64332703128457058 0.57475667446851719
leaf_count=161 493 784 2 72 13 5 18 45 6 7
internal_value=0.00224206 -0.0196731 -0.000875862 0.011804 0.0269214 -0.0150833 0.0463339 -0.00847407 -0.0205993 -0.028783
internal_weight=66.0581 41.0318 19.9665 13.98 8.94781 5.03217 5.579 3.36882 2.73324 4.37334
internal_count=1606 1113 329 168 84 84 31 53 51 79
is_linear=0
shrinkage=0.05


Tree=169
num_leaves=3
num_cat=0
split_feature=13 52
split_gain=24.6571 2.65308
threshold=0.97000000000000008 588.00000000000011
decision_type=2 10
left_child=-1 -2
right_child=1 -3
leaf_value=-0.036474615867098999 0.038230943540053207 -0.029771647929621427
leaf_weight=22.572511770762503 23.15808313339949 0.81302060186862846
leaf_count=1276 326 4
internal_value=0.000206366 0.0348246
internal_weight=46.5436 23.9711
internal_count=1606 330
is_linear=0
shrinkage=0.05


Tree=170
num_leaves=4
num_cat=0
split_feature=17 53 33
split_gain=25.3801 2.71683 1.53923
threshold=0.9968553459119498 212.50000000000003 1442.0000000000002
decision_type=2 8 2
left_child=-1 -2 -3
right_child=1 2 -4
leaf_value=-0.036894188374185927 -0.027985835964606017 0.03800111143473206 -0.011611409234593896
leaf_weight=26.186423914507031 1.1005429774522806 23.632469303905967 1.2332986891269673
leaf_count=1214 5 375 12
internal_value=-0.00285361 0.0315707 0.0351866
internal_weight=52.1527 25.9663 24.8658
internal_count=1606 392 387
is_linear=0
shrinkage=0.05


Tree=171
num_leaves=6
num_cat=0
split_feature=9 0 1 25 25
split_gain=23.1566 1.73202 2.1298 2.70285 0.719883
threshold=0.9967765931068685 150.50000000000003 5.0000000000000009 127.60000000000001 93.440000000000012
decision_type=2 2 2 2 2
left_child=-1 2 3 4 -2
right_child=1 -3 -4 -5 -6
leaf_value=-0.036571338053100949 -0.010159727094400293 0.037641872287121556 0.034880796700614836 -0.031299683980581361 0.030886316676346354
leaf_weight=23.620223751291633 0.89386214315891432 18.192114047706127 4.9630005732178688 3.6890106126666069 3.1279303804039955
leaf_count=1218 6 278 49 18 37
internal_value=-0.000152873 0.0279895 0.0123949 -0.00442084 0.0215571
internal_weight=54.4861 30.8659 12.6738 7.7108 4.02179
internal_count=1606 388 110 61 43
is_linear=0
shrinkage=0.05


Tree=172
num_leaves=8
num_cat=0
split_feature=5 0 34 29 37 37 31
split_gain=20.6599 4.26352 2.77435 3.59482 0.945964 0.654881 0.655233
threshold=0.99724055188962224 154.50000000000003 24.500000000000004 24.500000000000004 192.00000000000003 1.0000000180025095e-35 143.40000000000003
decision_type=2 2 2 2 10 10 2
left_child=-1 2 -2 -4 5 6 -5
right_child=1 -3 3 4 -6 -7 -8
leaf_value=0.037324757106906109 -0.032092356738607025 -0.036517200629402495 -0.030242539064779091 0.026227232020271149 0.037648579948522033 -0.019537221028642596 -0.0088737722755273911
leaf_weight=23.135130856186152 4.8980717379599836 20.382328853011131 3.3876219466328612 2.7991924583911878 4.7532832399010658 0.92833812534809101 1.4286264851689336
leaf_count=488 148 817 79 27 28 12 15
internal_value=0.000877958 -0.0213702 -0.00338399 0.00869598 0.0235594 0.00656527 0.0149376
internal_weight=61.7126 38.5775 18.1951 13.2971 9.90944 5.15616 4.22782
internal_count=1614 1126 309 161 82 54 42
is_linear=0
shrinkage=0.05


Tree=173
num_leaves=5
num_cat=0
split_feature=13 29 29 48
split_gain=22.5217 0.502283 0.304294 0.539675
threshold=0.97000000000000008 25.500000000000004 24.500000000000004 320.00000000000006
decision_type=2 2 2 8
left_child=-1 2 -2 -4
right_child=1 -3 3 -5
leaf_value=-0.036310748529675536 0.025030073595037585 0.037551913882586108 0.020129974929425733 -0.015023878884353817
leaf_weight=21.111922344192863 1.6986111626029039 18.484037451446056 0.9413176849484447 1.4954589232802389
leaf_count=1277 24 289 9 15
internal_value=-4.70345e-05 0.0339042 0.0134622 0.000461829
internal_weight=43.7313 22.6194 4.13539 2.43678
internal_count=1614 337 48 24
is_linear=0
shrinkage=0.05


Tree=174
num_leaves=4
num_cat=0
split_feature=17 53 28
split_gain=25.678 1.82994 0.374885
threshold=0.9968553459119498 212.50000000000003 1164.0000000000002
decision_type=2 8 2
left_child=-1 -2 -3
right_child=1 2 -4
leaf_value=-0.036675561777155329 -0.023064836888866194 0.037850534163278847 -0.0011650130995439223
leaf_weight=24.398198639973998 0.69667145609855907 23.221592109650377 0.57144472002982993
leaf_count=1217 3 391 3
internal_value=-0.00111565 0.0343604 0.0369043
internal_weight=48.8879 24.4897 23.793
internal_count=1614 397 394
is_linear=0
shrinkage=0.05


Tree=175
num_leaves=5
num_cat=0
split_feature=9 32 28 1
split_gain=21.387 2.08484 0.63448 3.11725
threshold=0.9967765931068685 90.800000000000026 122.00000000000001 5.0000000000000009
decision_type=2 2 2 2
left_child=-1 -2 -3 -4
right_child=1 2 3 -5
leaf_value=-0.036396736943684435 -0.013182358432763421 0.037607757989798672 -0.018829725610946244 0.035281946435046528
leaf_weight=21.99583257548511 2.3652080148458507 16.887496888637546 3.1769944205880147 7.2189258523285389
leaf_count=1224 11 260 17 102
internal_value=5.13264e-05 0.0273968 0.0312564 0.0185442
internal_weight=51.6445 29.6486 27.2834 10.3959
internal_count=1614 390 379 119
is_linear=0
shrinkage=0.05


Tree=176
num_leaves=12
num_cat=0
split_feature=3 0 32 30 35 26 32 35 28 26 31
split_gain=17.9055 4.92268 1.80018 2.08032 2.09273 0.977008 0.473237 0.417786 0.881157 0.332414 0.137482
threshold=1.5000000000000002 154.50000000000003 80.800000000000011 124.24000000000002 inf 109.20000000000002 141.20000000000002 1.5000000000000002 98.000000000000014 109.20000000000002 119.20000000000003
decision_type=2 2 2 2 8 2 2 10 2 2 2
left_child=1 2 -1 7 -5 -6 -7 8 -4 -10 -11
right_child=-2 -3 3 4 5 6 -8 -9 9 10 -12
leaf_value=0.038818638655306943 0.037133907768438598 -0.036298841060103192 -0.026049775450347236 0.0366129367861424 0.02238153602952362 0.0029167644628716369 -0.029006462497677722 -0.031803418253928101 0.024913398431431928 -0.014362589671991886 0.0068155654872003937
leaf_weight=1.5627036690712 21.821571163833141 18.629060797393322 2.1063917465508002 3.3813241478055689 0.98797981254756528 1.4448563065379856 2.7043887879699469 4.3257867004722357 0.96687624789774451 0.56885940209031083 0.65599342994391918
leaf_count=5 493 804 72 20 12 17 59 102 18 11 10
internal_value=0.00210231 -0.018808 -0.000430146 -0.0059505 0.0109877 -0.00909631 -0.0194825 -0.022085 -0.00814734 0.0118291 -0.00505487
internal_weight=59.1558 37.3342 18.7052 17.1425 8.51855 5.13722 4.14925 8.62391 4.29812 2.19173 1.22485
internal_count=1623 1130 326 321 108 88 76 213 111 39 21
is_linear=0
shrinkage=0.05


Tree=177
num_leaves=4
num_cat=0
split_feature=9 4 52
split_gain=9.92686 10.0906 0.777408
threshold=1.0000000180025095e-35 6.0000000000000009 588.00000000000011
decision_type=2 2 10
left_child=1 2 -1
right_child=-2 -3 -4
leaf_value=0.034600943649657566 -0.03524910361723823 -0.03332419280121119 -0.0097365103100817106
leaf_weight=20.545206198468811 12.932781702838836 6.8704827427864066 0.63025478087365527
leaf_count=341 847 429 6
internal_value=-0.000566575 0.0160895 0.0329017
internal_weight=40.9787 28.0459 21.1755
internal_count=1623 776 347
is_linear=0
shrinkage=0.05


Tree=178
num_leaves=4
num_cat=0
split_feature=17 53 33
split_gain=22.6579 2.52141 1.79183
threshold=0.9968553459119498 212.50000000000003 1462.0000000000002
decision_type=2 8 2
left_child=-1 -2 -3
right_child=1 2 -4
leaf_value=-0.036655734289634985 -0.02681298715529561 0.037671065733122448 -0.018474753506181229
leaf_weight=22.819783179089427 1.0697255432605768 22.535082347691063 0.93666301667690177
leaf_count=1208 5 404 6
internal_value=-0.00160903 0.0311383 0.0347671
internal_weight=47.3613 24.5415 23.4717
internal_count=1623 415 410
is_linear=0
shrinkage=0.05


Tree=179
num_leaves=10
num_cat=0
split_feature=4 26 5 36 34 33 33 29 33
split_gain=17.2551 2.727 1.33274 1.21562 0.344812 0.57792 0.709022 0.0255502 0.0252929
threshold=1.0000000180025095e-35 93.600000000000009 0.99724055188962224 1.0000000180025095e-35 27.500000000000004 124.00000000000001 142.00000000000003 99.500000000000014 268.00000000000006
decision_type=2 2 2 10 2 2 2 2 2
left_child=1 3 -3 7 5 -4 -7 -1 -6
right_child=-2 2 4 -5 8 6 -8 -9 -10
leaf_value=0.00042695775467919956 -0.036185488890469832 -0.017517686686248996 0.031884984659843754 -0.034142554721480388 0.037020792036028941 -0.010262256208129684 0.022456282493803492 0.015985013397272263 0.0069846756982630768
leaf_weight=0.36288223415613474 19.225603678263724 0.85703997500241058 3.6043754890561122 1.9682101756334303 15.600269727408886 2.6645934656262398 2.1037055626511574 1.2325483262538908 0.59697308391332704
leaf_count=14 1131 54 45 39 271 20 20 22 7
internal_value=-0.000505258 0.0235743 0.0292156 -0.014259 0.0314671 0.0190875 0.00556329 0.0139743 0.0363843
internal_weight=48.2162 28.9906 25.427 3.56364 24.5699 8.37267 4.7683 1.59543 16.1972
internal_count=1623 492 417 75 363 85 40 36 278
is_linear=0
shrinkage=0.05


Tree=180
num_leaves=10
num_cat=0
split_feature=21 0 34 52 27 33 5 30 26
split_gain=15.8838 4.48169 3.03651 2.25324 1.53229 2.89896 0.834248 0.337322 1.46299
threshold=1.0000000180025095e-35 163.00000000000003 24.500000000000004 302.00000000000006 101.20000000000002 98.000000000000014 0.99724055188962224 117.76000000000001 81.200000000000017
decision_type=2 2 2 8 2 2 2 2 2
left_child=1 2 -1 7 5 -5 -3 8 -4
right_child=-2 6 3 4 -6 -7 -8 -9 -10
leaf_value=-0.029899871893213349 0.038050702154692299 0.012381394116457644 0.035431214965483515 -0.021829692398018692 -0.023689718366801379 0.060328652339562416 -0.036120897550363407 0.03850101711131234 -0.021698555041166152
leaf_weight=4.9615532569587257 19.032548520714045 0.46896127611398952 1.4117540307342982 1.4986570961773407 4.3557582665234804 1.0157360937446354 17.412529239431024 4.3187148198485374 1.1882669255137441
leaf_count=164 436 11 8 46 66 16 805 36 18
internal_value=0.0021185 -0.0170655 0.000236993 0.0123694 -0.00760019 0.019082 -0.0342605 0.0306545 0.0105469
internal_weight=55.6645 36.6319 18.7504 13.7889 6.87015 2.51439 17.8815 6.91874 2.60002
internal_count=1606 1170 354 190 128 62 816 62 26
is_linear=0
shrinkage=0.05


Tree=181
num_leaves=4
num_cat=0
split_feature=13 29 34
split_gain=19.1559 0.767377 0.559098
threshold=0.97000000000000008 25.500000000000004 25.500000000000004
decision_type=2 2 2
left_child=-1 2 -2
right_child=1 -3 -4
leaf_value=-0.036108306742133452 -0.0094770355940101327 0.037071744927504272 0.023701902675640044
leaf_weight=18.723116435110569 1.7659781724214583 16.366963267326355 1.5030968300998209
leaf_count=1275 18 289 24
internal_value=-0.000895086 0.0328037 0.00775692
internal_weight=38.3592 19.636 3.26908
internal_count=1606 331 42
is_linear=0
shrinkage=0.05


Tree=182
num_leaves=4
num_cat=0
split_feature=17 53 33
split_gain=20.8704 2.38817 1.92484
threshold=0.9968553459119498 212.50000000000003 1462.0000000000002
decision_type=2 8 2
left_child=-1 -2 -3
right_child=1 2 -4
leaf_value=-0.036572790271986018 -0.026220116480639405 0.037457154868989082 -0.022065506812308115
leaf_weight=21.397714176215231 1.0391605198383356 21.013289958238605 0.81590665131807227
leaf_count=1195 5 401 5
internal_value=-0.00194688 0.0306271 0.0343633
internal_weight=44.2661 22.8684 21.8292
internal_count=1606 411 406
is_linear=0
shrinkage=0.05


Tree=183
num_leaves=5
num_cat=0
split_feature=9 52 38 37
split_gain=18.8134 2.40829 1.41587 0.91166
threshold=0.9967765931068685 302.00000000000006 5.5000000000000009 192.00000000000003
decision_type=2 8 10 10
left_child=-1 2 3 -2
right_child=1 -3 -4 -5
leaf_value=-0.03618758892039467 0.013486353646747079 0.03581483338280176 0.027799151108003902 -0.026201576521691822
leaf_weight=19.464482920244336 1.4418674446642423 19.456274647265673 2.2123012878000736 3.2362118735909462
leaf_count=1220 16 319 30 21
internal_value=7.0784e-05 0.0272016 0.00142398 -0.0137482
internal_weight=45.8111 26.3467 6.89038 4.67808
internal_count=1606 386 67 37
is_linear=0
shrinkage=0.05


Tree=184
num_leaves=12
num_cat=0
split_feature=21 0 34 29 52 30 35 32 3 9 34
split_gain=14.1785 5.27512 3.13925 1.85177 1.57126 1.06914 0.696537 0.983324 0.491409 0.141925 0.0231244
threshold=1.0000000180025095e-35 163.00000000000003 24.500000000000004 24.500000000000004 302.00000000000006 1478.0000000000002 inf 130.40000000000003 1.5000000000000002 0.19482608695652179 16.500000000000004
decision_type=2 2 2 2 10 2 8 2 2 2 2
left_child=1 2 10 5 6 -4 9 -8 -3 -5 -1
right_child=-2 8 3 4 -6 -7 7 -9 -10 -11 -12
leaf_value=-0.0035342274502364159 0.037833506336583091 -0.035951181160075445 -0.027900460049563033 0.013862165179750302 -0.020429152571009822 0.022745979826816379 0.024794091632206014 -0.020888032940086947 0.0085753487327053825 0.043464482002286801 -0.030311144252873391
leaf_weight=0.37251888215542095 18.424084711819887 16.327804571017627 2.5884106457233425 1.7791644036769838 1.0407325290143479 0.61478609219193447 1.8396870493888866 1.067761819809675 0.28448263928294082 5.0883731283247471 4.1407221686094999
leaf_count=9 452 807 77 16 17 8 20 15 7 45 150
internal_value=0.00343714 -0.0151426 0.00330831 0.0150004 0.0244318 -0.015081 0.0306608 0.00696515 -0.0347451 0.0385322 -0.0291429
internal_weight=53.5685 35.1444 18.5322 14.0189 10.8157 3.2032 9.77499 2.90745 16.6123 6.86754 4.51324
internal_count=1623 1171 357 198 113 85 96 35 814 61 159
is_linear=0
shrinkage=0.05


Tree=185
num_leaves=2
num_cat=0
split_feature=13
split_gain=19.3393
threshold=0.97000000000000008
decision_type=2
left_child=-1
right_child=-2
leaf_value=-0.035962723708268175 0.034925920278688863
leaf_weight=17.625360961072147 18.901952262967825
leaf_count=1287 336
internal_value=0.000673517
internal_weight=36.5273
internal_count=1623
is_linear=0
shrinkage=0.05


Tree=186
num_leaves=4
num_cat=0
split_feature=17 53 33
split_gain=19.6596 1.82453 1.73642
threshold=0.9968553459119498 212.50000000000003 1462.0000000000002
decision_type=2 8 2
left_child=-1 -2 -3
right_child=1 2 -4
leaf_value=-0.036439642998733 -0.023281231016568281 0.037186889828976902 -0.01895438328107036
leaf_weight=20.291483148001134 0.81042774021625774 19.479793645441536 0.88614217936992545
leaf_count=1214 4 400 5
internal_value=-0.00217044 0.0308292 0.0339713
internal_weight=41.4678 21.1764 20.3659
internal_count=1623 409 405
is_linear=0
shrinkage=0.05


Tree=187
num_leaves=8
num_cat=0
split_feature=9 0 52 2 1 0 25
split_gain=15.0898 2.66739 1.74771 0.568576 2.0395 0.415251 0.175019
threshold=0.9967765931068685 163.00000000000003 302.00000000000006 1.0000000180025095e-35 5.0000000000000009 52.000000000000007 116.08000000000001
decision_type=2 2 8 2 2 2 2
left_child=-1 2 5 4 -4 6 -2
right_child=1 -3 3 -5 -6 -7 -8
leaf_value=-0.036053914445622746 0.0051833500869583925 0.03648678948084582 -0.03125488494586548 0.031081771052519726 0.028503078870447049 -0.033015302046216312 -0.013774338620299593
leaf_weight=18.420243142172694 1.8195753954350959 13.472728159278629 1.4996374361217033 3.3078644201159477 2.3459112346172333 1.5198418498039243 1.2584727704524992
leaf_count=1239 14 266 11 46 32 6 9
internal_value=-0.00270272 0.0220986 0.004035 0.0185369 0.0035585 -0.017808 -0.00404461
internal_weight=43.6443 25.224 11.7513 7.15341 3.84555 4.59789 3.07805
internal_count=1623 384 118 89 43 29 23
is_linear=0
shrinkage=0.05


Tree=188
num_leaves=11
num_cat=0
split_feature=21 0 35 38 37 5 9 2 1 41
split_gain=14.2731 4.05402 2.30904 2.31036 2.8258 0.745242 0.369989 0.640101 1.06863 0.0601267
threshold=1.0000000180025095e-35 163.00000000000003 1.0000000180025095e-35 5.5000000000000009 192.00000000000003 0.99724055188962224 0.15750000000000003 1.0000000180025095e-35 5.0000000000000009 19.500000000000004
decision_type=2 2 10 10 8 2 2 2 2 10
left_child=1 2 6 4 -4 -3 -1 8 -8 -6
right_child=-2 5 3 -5 9 -7 7 -9 -10 -11
leaf_value=-0.029730016202857586 0.03763330424332656 0.011582472385886439 -0.024057442345607818 -0.025920772399308289 0.042127690328397777 -0.035796568608189631 0.035765928534730124 -0.022942407372308595 -0.018302980532008441 0.012559729522465672
leaf_weight=3.5529124159365901 18.052979346364737 0.42770549654960355 1.5671799816191168 1.909687569364906 5.6089197527617225 15.370904695242643 0.90972067601978779 1.5320217274129391 0.89152567647397518 1.2984501421451566
leaf_count=112 475 11 39 41 60 804 13 36 26 17
internal_value=0.00302904 -0.0164122 0.000565879 0.0149422 0.0259143 -0.0339008 -0.020259 -0.00563277 0.0120241 0.0388608
internal_weight=51.122 33.069 17.2704 10.3842 8.47455 15.7986 6.88618 3.33327 1.80125 6.90737
internal_count=1634 1159 344 157 116 815 187 75 39 77
is_linear=0
shrinkage=0.05


Tree=189
num_leaves=3
num_cat=0
split_feature=13 48
split_gain=17.7785 0.540719
threshold=0.97000000000000008 320.00000000000006
decision_type=2 10
left_child=-1 -2
right_child=1 -3
leaf_value=-0.035848670508169388 0.036869130046443363 0.0018875108554980678
leaf_weight=16.846907037310302 15.817846640944481 1.3013722300529487
leaf_count=1311 310 13
internal_value=-0.000439987 0.0344608
internal_weight=33.9661 17.1192
internal_count=1634 323
is_linear=0
shrinkage=0.05


Tree=190
num_leaves=4
num_cat=0
split_feature=17 28 52
split_gain=19.0009 1.07844 0.263111
threshold=0.9968553459119498 182.00000000000003 236.00000000000003
decision_type=2 2 8
left_child=-1 2 -2
right_child=1 -3 -4
leaf_value=-0.036322503693501935 0.0057834413478894233 -0.0043648211011125563 0.036785605261757177
leaf_weight=19.382340051233768 1.1404231414198935 1.6655057221651066 16.75781000033021
leaf_count=1237 12 12 373
internal_value=-0.00216195 0.0318024 0.0352208
internal_weight=38.9461 19.5637 17.8982
internal_count=1634 397 385
is_linear=0
shrinkage=0.05


Tree=191
num_leaves=7
num_cat=0
split_feature=9 0 1 25 31 38
split_gain=14.8616 2.26267 1.40774 2.47107 1.19639 0.181647
threshold=0.9967765931068685 163.00000000000003 5.0000000000000009 127.60000000000001 95.600000000000009 5.5000000000000009
decision_type=2 2 2 2 2 8
left_child=-1 2 3 4 -2 -4
right_child=1 -3 5 -5 -6 -7
leaf_value=-0.035887960703190842 -0.020280339932435471 0.03639156766430509 0.0027437078723791699 -0.03508439652867279 0.03027219589189983 0.030657309949739343
leaf_weight=17.151519199833274 0.84645425528288099 13.420548260211943 0.92340468615293492 3.195270948112011 3.0564734414219856 3.1445472687482834
leaf_count=1237 4 281 7 17 45 43
internal_value=-0.00131343 0.0232655 0.00579485 -0.00763588 0.0174083 0.0261127
internal_weight=41.7382 24.5867 11.1662 7.0982 3.90293 4.06795
internal_count=1634 397 116 66 49 50
is_linear=0
shrinkage=0.05


Tree=192
num_leaves=11
num_cat=0
split_feature=21 0 39 37 53 31 3 34 32 31
split_gain=13.3144 3.44474 2.31589 1.84814 1.45797 1.18171 0.704438 0.610598 0.13415 0.811834
threshold=1.0000000180025095e-35 163.00000000000003 12.500000000000002 192.00000000000003 110.00000000000001 1478.0000000000002 1.5000000000000002 24.500000000000004 103.20000000000002 99.90000000000002
decision_type=2 2 8 10 8 2 2 2 2 2
left_child=1 2 3 -1 -4 8 -3 -5 9 -6
right_child=-2 6 4 7 5 -7 -8 -9 -10 -11
leaf_value=-0.021584427597624013 0.037361707809300641 -0.035598868795956078 0.024782568013021918 -0.0070140693252948834 -0.023915092604590005 0.022577356742528958 0.011206488461779997 0.039245224336914547 -0.033164892310179023 0.022745158219797397
leaf_weight=1.233183782547713 16.349096622318029 14.390680847689506 1.083665195852517 0.50634875334799279 2.0476174484938388 0.55768550187349308 0.40896022692322809 4.4025715291500092 5.2787974085658789 0.4428657367825507
leaf_count=35 459 812 6 20 73 7 11 46 134 13
internal_value=0.00226101 -0.0172344 -0.000497621 0.0214583 -0.0155125 -0.0228513 -0.0336781 0.0340941 -0.0283149 -0.0114786
internal_weight=46.7015 30.3524 15.5527 6.1421 9.41063 8.32697 14.7996 4.90892 7.76928 2.49048
internal_count=1616 1157 334 101 233 227 823 66 220 86
is_linear=0
shrinkage=0.05


Tree=193
num_leaves=3
num_cat=0
split_feature=13 52
split_gain=14.2472 2.8193
threshold=0.97000000000000008 588.00000000000011
decision_type=2 10
left_child=-1 -2
right_child=1 -3
leaf_value=-0.035633148135848607 0.033901549532389073 -0.040188657329237626
leaf_weight=15.403844650834801 15.944589253515005 0.56317494809627611
leaf_count=1290 324 2
internal_value=-0.00221486 0.0292228
internal_weight=31.9116 16.5078
internal_count=1616 326
is_linear=0
shrinkage=0.05


Tree=194
num_leaves=4
num_cat=0
split_feature=17 30 53
split_gain=17.1855 1.32027 1.07977
threshold=0.9968553459119498 1462.0000000000002 110.00000000000001
decision_type=2 2 8
left_child=-1 2 -2
right_child=1 -3 -4
leaf_value=-0.036104918061909401 -0.015406994042970509 -0.01318134769226195 0.036715633258370614
leaf_weight=17.578287820331752 0.52647972106934204 1.0747783035039891 16.903502251952887
leaf_count=1209 3 8 396
internal_value=-0.00173384 0.0310935 0.0343907
internal_weight=36.083 18.5048 17.43
internal_count=1616 407 399
is_linear=0
shrinkage=0.05


Tree=195
num_leaves=5
num_cat=0
split_feature=9 52 29 25
split_gain=15.8196 2.20735 1.39892 0.0960969
threshold=0.9967765931068685 302.00000000000006 71.500000000000014 127.60000000000001
decision_type=2 8 2 2
left_child=-1 2 3 -2
right_child=1 -3 -4 -5
leaf_value=-0.035718540235398284 -0.0051155204014594257 0.037352041309420707 0.02680259306024467 -0.023151008424432365
leaf_weight=15.989113888703285 2.074538603425029 15.772900726646183 2.1806332655251026 1.5856309086084364
leaf_count=1233 16 313 43 11
internal_value=0.000759974 0.0281318 0.00141232 -0.01622
internal_weight=37.6028 21.6137 5.8408 3.66017
internal_count=1616 383 70 27
is_linear=0
shrinkage=0.05


Tree=196
num_leaves=12
num_cat=0
split_feature=21 0 34 33 32 35 2 5 30 27 32
split_gain=10.8228 4.15644 2.61468 1.02119 1.97158 0.954963 0.701296 0.661024 0.0822584 0.662675 0.0261537
threshold=1.0000000180025095e-35 163.00000000000003 24.500000000000004 124.00000000000001 80.800000000000011 1.0000000180025095e-35 1.0000000180025095e-35 0.99724055188962224 99.260000000000005 101.20000000000002 130.40000000000003
decision_type=2 2 2 2 2 10 2 2 2 2 2
left_child=1 2 -1 4 -4 6 10 -3 -6 -10 -5
right_child=-2 7 3 5 8 -7 -8 -9 9 -11 -12
leaf_value=-0.028645474669233541 0.036986256886647945 0.010791001377911259 0.034088243010241916 0.021963807463231275 -0.025262812164810369 0.041037329911992715 -0.019926878372091224 -0.03538262602336973 0.022163721316504983 -0.019917588225237592 0.0051394450853393713
leaf_weight=3.8822052050381961 14.579705743119119 0.38872789964079579 1.6312925107777099 1.1512843333184721 2.0062443576753139 3.473158210515976 1.015373991802335 13.286864270456135 0.45421141758561168 1.8112552538514135 1.1523553133010862
leaf_count=162 441 11 11 8 57 30 22 801 10 46 19
internal_value=0.0030015 -0.014036 0.00294998 0.0139981 -0.00145049 0.0258873 0.00420286 -0.0334243 -0.0189139 -0.00727697 0.0176509
internal_weight=44.8327 30.253 16.5774 12.6952 5.903 6.79217 3.31901 13.6756 4.27171 2.26547 2.30364
internal_count=1618 1177 365 203 124 79 49 812 113 56 27
is_linear=0
shrinkage=0.05


Tree=197
num_leaves=3
num_cat=0
split_feature=13 52
split_gain=14.0298 0.649223
threshold=0.97000000000000008 588.00000000000011
decision_type=2 10
left_child=-1 -2
right_child=1 -3
leaf_value=-0.035486227234835875 0.033254549263617594 -0.009326431273303638
leaf_weight=14.59910374134779 14.393170956522225 0.54136728495359498
leaf_count=1305 310 3
internal_value=-0.00183522 0.0312226
internal_weight=29.5336 14.9345
internal_count=1618 313
is_linear=0
shrinkage=0.05


Tree=198
num_leaves=5
num_cat=0
split_feature=4 21 30 28
split_gain=9.96723 5.13723 1.84877 0.633665
threshold=6.0000000000000009 1.0000000180025095e-35 1462.0000000000002 182.00000000000003
decision_type=2 2 2 2
left_child=-1 2 3 -2
right_child=1 -3 -4 -5
leaf_value=-0.035133950871356769 0.035944137569635999 -0.030276179553644946 -0.022649485393503116 -1.631877458513744e-05
leaf_weight=12.548495694063602 16.134017826057981 3.5499812290072432 0.91769818961620231 1.3183911889791478
leaf_count=907 417 268 15 11
internal_value=-0.00116648 0.0189632 0.0295504 0.0333739
internal_weight=34.4686 21.9201 18.3701 17.4524
internal_count=1618 711 443 428
is_linear=0
shrinkage=0.05


Tree=199
num_leaves=7
num_cat=0
split_feature=9 0 26 25 35 32
split_gain=12.6208 1.99756 1.36195 1.32348 1.15198 0.410444
threshold=0.9967765931068685 163.00000000000003 81.200000000000017 127.60000000000001 1.0000000180025095e-35 141.20000000000002
decision_type=2 2 2 2 10 2
left_child=-1 2 -2 -4 5 -5
right_child=1 -3 3 4 -6 -7
leaf_value=-0.035518291617763285 -0.029705197144300834 0.035844498833112429 0.031854851132396118 -0.0034646838195203748 -0.029500967906546022 0.02527255907737307
leaf_weight=14.771967438049613 1.2969199717044855 11.706783179193733 3.8941654525697214 1.9878024123609068 1.6476805023849008 1.5860454551875589
leaf_count=1221 5 280 63 16 13 20
internal_value=-0.00105981 0.0224935 0.00565756 0.0131279 -0.00371371 0.0120258
internal_weight=36.8914 22.1194 10.4126 9.11569 5.22153 3.57385
internal_count=1618 397 117 112 49 36
is_linear=0
shrinkage=0.05


Tree=200
num_leaves=14
num_cat=0
split_feature=3 29 35 40 38 29 4 4 32 30 25 25 33
split_gain=10.9306 3.29281 1.07647 1.65371 1.4625 1.02619 0.45524 0.245541 0.146956 0.732775 0.130958 0.0919643 0.0944363
threshold=1.5000000000000002 77.500000000000014 1.0000000180025095e-35 19.500000000000004 5.5000000000000009 11.500000000000002 10.000000000000002 6.0000000000000009 103.20000000000002 99.260000000000005 99.920000000000016 182.00000000000003 118.00000000000001
decision_type=2 2 10 10 10 2 2 2 2 2 2 2 2
left_child=1 2 5 4 7 -1 8 10 9 -7 -4 12 -9
right_child=-2 -3 3 -5 -6 6 -8 11 -10 -11 -12 -13 -14
leaf_value=0.03120451843035912 0.035910917415573972 -0.035046963012744209 0.013675351162293702 -0.024153965082333046 -0.019489737055972008 -0.021274972821702775 0.014087841565432861 -0.010811044248827131 -0.025574438866977373 0.025148407231758915 0.046539219385041193 0.016021617918153059 0.0070434137126332
leaf_weight=0.26173062622547405 14.609634995460508 11.755852820351718 1.6008240953087791 1.6434708004817364 1.0110284257680175 1.2452396955341098 0.3105405569076537 0.39362398814409949 5.1924716513603926 0.38874828629195679 2.2009620200842619 0.5470948964357375 0.61335460748523474
leaf_count=4 496 745 15 52 32 54 1 18 155 12 15 3 11
internal_value=0.002401 -0.0162562 -0.000658203 0.0113843 0.0225912 -0.0134993 -0.0187721 0.0323515 -0.021876 -0.00487573 0.038431 0.00825503 -0.00184507
internal_weight=41.7746 27.1649 15.4091 8.01036 6.36689 7.39873 7.137 5.35586 6.82646 1.63399 3.80179 1.55407 1.00698
internal_count=1613 1117 372 146 94 226 222 62 221 66 30 32 29
is_linear=0
shrinkage=0.05


Tree=201
num_leaves=5
num_cat=0
split_feature=13 52 29 29
split_gain=12.7757 1.1728 0.0334358 0.0312293
threshold=0.97000000000000008 588.00000000000011 25.500000000000004 24.500000000000004
decision_type=2 10 2 2
left_child=-1 2 3 -2
right_child=1 -3 -4 -5
leaf_value=-0.035218424643871579 0.021190784798085324 -0.020495731577150358 0.035628805971311871 0.0057707967924087271
leaf_weight=13.351915503852069 1.1918004006147376 0.44779171049594957 11.286105640232561 1.6288955993950367
leaf_count=1286 25 3 277 22
internal_value=-0.00123741 0.0301957 0.033055 0.0161271
internal_weight=27.9065 14.5546 14.1068 2.8207
internal_count=1613 327 324 47
is_linear=0
shrinkage=0.05


Tree=202
num_leaves=6
num_cat=0
split_feature=17 31 52 33 28
split_gain=14.2105 0.849519 0.333443 0.321804 0.0104549
threshold=0.9968553459119498 1478.0000000000002 252.00000000000003 118.00000000000001 590.00000000000011
decision_type=2 2 8 2 2
left_child=-1 2 3 -2 -4
right_child=1 -3 4 -5 -6
leaf_value=-0.035659953690735609 0.021763633489763019 -0.011140229769276906 0.035812212436957008 -0.0061180315590996332 0.0055623712363575438
leaf_weight=15.349389189854266 1.2731706500053399 0.75174930319190103 12.473498605191706 1.2708501890301702 0.43465981632471162
leaf_count=1214 31 14 336 14 4
internal_value=-0.0023487 0.0294445 0.031976 0.0100393 0.0352668
internal_weight=31.5533 16.2039 15.4522 2.54402 12.9082
internal_count=1613 399 385 45 340
is_linear=0
shrinkage=0.05


Tree=203
num_leaves=8
num_cat=0
split_feature=9 48 1 28 25 29 29
split_gain=12.4494 1.27997 1.0179 0.497911 0.979591 0.202542 0.0938385
threshold=0.9967765931068685 80.000000000000014 5.0000000000000009 122.00000000000001 82.280000000000015 25.500000000000004 24.500000000000004
decision_type=2 8 2 2 2 2 2
left_child=-1 2 3 4 -2 6 -3
right_child=1 5 -4 -5 -6 -7 -8
leaf_value=-0.035286045934059894 -0.023896842217823545 0.023365750424572101 0.026205207354337085 -0.027866712120065626 0.023735258892558592 0.035567821423852654 0.0061065295567054147
leaf_weight=13.704261354170738 0.95008073747158395 1.4452772550284851 1.8849785551428793 1.3655941709876058 1.4364360719919202 11.031751003116367 2.667077798396349
leaf_count=1223 4 25 31 9 22 281 18
internal_value=0.000268436 0.0242586 0.0031503 -0.0115091 0.0033157 0.0314339 0.0155562
internal_weight=34.4855 20.7812 5.63709 3.75211 2.38652 15.1441 4.11236
internal_count=1613 390 66 35 26 324 43
is_linear=0
shrinkage=0.05


Tree=204
num_leaves=11
num_cat=0
split_feature=3 0 34 35 25 30 27 48 32 30
split_gain=9.51392 4.04733 1.98887 2.04106 0.598799 0.586563 0.526969 1.02317 0.0701825 0.214784
threshold=1.5000000000000002 154.50000000000003 24.500000000000004 inf 127.60000000000001 1478.0000000000002 80.40000000000002 320.00000000000006 141.20000000000002 107.92000000000002
decision_type=2 2 2 8 2 2 2 8 2 2
left_child=1 2 -1 4 6 8 -4 -8 9 -5
right_child=-2 -3 3 5 -6 -7 7 -9 -10 -11
leaf_value=-0.024382903184913554 0.035667480708980327 -0.035010892255767312 0.029199166916147951 -0.019081042528027909 0.043082801625660257 0.019749487103174156 -0.023829381987597129 0.024753998269424315 -0.024020495798710753 0.0033124498608950188
leaf_weight=3.8695882475003627 13.496401276439427 11.771250548772512 1.096970826387403 0.97975135594606522 3.1343469619750977 0.49021250009536732 1.5235585346817972 0.91331627033650864 1.5468848124146459 1.8029288463294504
leaf_count=160 490 804 4 37 16 4 31 9 35 21
internal_value=0.00282332 -0.0142035 0.00291022 0.0133199 0.0295476 -0.0103505 0.0106879 -0.00371635 -0.0168247 -0.007532
internal_weight=40.6252 27.1288 15.3576 11.488 6.66819 4.81978 3.53385 2.43687 4.32957 2.78268
internal_count=1611 1121 317 157 60 97 44 40 93 58
is_linear=0
shrinkage=0.05


Tree=205
num_leaves=3
num_cat=0
split_feature=13 52
split_gain=12.2042 2.28144
threshold=0.97000000000000008 588.00000000000011
decision_type=2 10
left_child=-1 -2
right_child=1 -3
leaf_value=-0.035098425974698672 0.036028357376875798 -0.028551339229178459
leaf_weight=12.704842898063362 12.807203058153389 0.78145331144332963
leaf_count=1291 316 4
internal_value=-0.00126149 0.030612
internal_weight=26.2935 13.5887
internal_count=1611 320
is_linear=0
shrinkage=0.05


Tree=206
num_leaves=4
num_cat=0
split_feature=17 53 33
split_gain=13.0389 1.92383 1.36889
threshold=0.9968553459119498 212.50000000000003 1462.0000000000002
decision_type=2 8 2
left_child=-1 -2 -3
right_child=1 2 -4
leaf_value=-0.035544399990525444 -0.024364881617497058 0.036155432671904526 -0.013415569830777567
leaf_weight=14.381404884159567 0.93423222750425594 14.319084709510205 1.0277906209230412
leaf_count=1197 5 402 7
internal_value=-0.00212194 0.0277492 0.032218
internal_weight=30.6625 16.2811 15.3469
internal_count=1611 414 409
is_linear=0
shrinkage=0.05


Tree=207
num_leaves=7
num_cat=0
split_feature=9 52 38 37 29 29
split_gain=11.339 1.34545 1.04611 1.20588 0.242753 0.107209
threshold=0.9967765931068685 302.00000000000006 5.5000000000000009 192.00000000000003 25.500000000000004 24.500000000000004
decision_type=2 8 10 8 2 2
left_child=-1 2 3 -2 5 -3
right_child=1 4 -4 -5 -6 -7
leaf_value=-0.035159232624986887 0.02085225958271994 0.022524936320969403 0.02564520425795095 -0.028111715508246555 0.035295476843516124 0.0048861067040315113
leaf_weight=13.019922981038688 1.0442193895578413 1.330310441553592 1.8121541254222391 2.6833061277866364 10.218825843185185 2.5529609173536301
leaf_count=1227 16 24 32 20 275 17
internal_value=-0.000472492 0.0231097 0.00171275 -0.0128857 0.030845 0.014304
internal_weight=32.6617 19.6418 5.53968 3.72753 14.1021 3.88327
internal_count=1611 384 68 36 316 41
is_linear=0
shrinkage=0.05


Tree=208
num_leaves=12
num_cat=0
split_feature=21 34 34 35 40 27 30 5 32 32 26
split_gain=8.13105 3.96439 2.41543 1.47476 1.27083 0.817452 1.09765 0.589861 0.0852341 0.138354 0.0237275
threshold=1.0000000180025095e-35 82.500000000000014 24.500000000000004 inf 19.500000000000004 101.20000000000002 99.260000000000005 0.99724055188962224 130.40000000000003 127.20000000000003 81.200000000000017
decision_type=2 2 2 8 10 2 2 2 2 2 2
left_child=1 2 10 4 -4 6 -5 -3 9 -7 -1
right_child=-2 7 3 5 -6 8 -8 -9 -10 -11 -12
leaf_value=-0.0010240211274090425 0.036455037104842533 0.010155503523209168 0.03591848650096293 -0.016280400084199283 -0.016737404799773422 -0.014270992160468119 0.042135504201047308 -0.034701776464335803 -0.024250053427833967 0.0059428001182925102 -0.027882221809029474
leaf_weight=0.16357005387544932 12.413460614159701 0.35976231843232831 6.4191266866400811 0.74118946772068806 0.75100944936275471 0.6834361366927626 0.75469394028186798 10.723683666437864 1.5803806018084285 0.88895194977521896 3.1702085565775633
leaf_count=7 452 12 75 33 20 31 15 794 35 7 148
internal_value=0.00468832 -0.0111286 0.00556722 0.0161787 0.0290297 -0.005273 0.0182651 -0.0325258 -0.0181501 -0.00497539 -0.0271048
internal_weight=38.6495 26.236 15.1526 11.8188 7.17014 4.64865 1.49588 11.0834 3.15277 1.57239 3.33378
internal_count=1629 1177 371 216 95 121 48 806 73 38 155
is_linear=0
shrinkage=0.05


Tree=209
num_leaves=5
num_cat=0
split_feature=13 52 29 29
split_gain=10.2068 2.17618 0.128139 0.05159
threshold=0.97000000000000008 588.00000000000011 25.500000000000004 24.500000000000004
decision_type=2 10 2 2
left_child=-1 2 3 -2
right_child=1 -3 -4 -5
leaf_value=-0.03497965864311485 0.018493815474991314 -0.031897571779186638 0.035036597731948553 0.0030979298940470453
leaf_weight=12.107629447709769 0.90963860973715704 0.68365722894668657 9.8266286477446538 1.4530934579670429
leaf_count=1306 21 3 277 22
internal_value=-0.00346261 0.0265652 0.032014 0.0127622
internal_weight=24.9806 12.873 12.1894 2.36273
internal_count=1629 323 320 43
is_linear=0
shrinkage=0.05


Tree=210
num_leaves=4
num_cat=0
split_feature=17 53 33
split_gain=12.512 1.48386 1.32386
threshold=0.9968553459119498 212.50000000000003 1462.0000000000002
decision_type=2 8 2
left_child=-1 -2 -3
right_child=1 2 -4
leaf_value=-0.035485161226074355 -0.021644982132679388 0.035944848071588514 -0.013026752696190825
leaf_weight=13.771710040047765 0.7296404093503942 13.471806431189178 1.0266037732362754
leaf_count=1216 4 402 7
internal_value=-0.00226094 0.028121 0.0318605
internal_weight=28.9998 15.2281 14.4984
internal_count=1629 413 409
is_linear=0
shrinkage=0.05


Tree=211
num_leaves=7
num_cat=0
split_feature=9 52 26 33 29 29
split_gain=10.4104 1.53925 0.926254 1.00346 0.279792 0.118438
threshold=0.9967765931068685 302.00000000000006 93.600000000000009 124.00000000000001 25.500000000000004 24.500000000000004
decision_type=2 8 2 2 2 2
left_child=-1 2 -2 -4 5 -3
right_child=1 4 3 -5 -6 -7
leaf_value=-0.035023143747611764 -0.027975236479857682 0.022099137191440063 0.027740370762876856 -0.014978067884536709 0.035063283643433883 0.0041825464789652569
leaf_weight=12.315358700230719 1.2159835249185587 1.2840988449752324 2.2937664836645131 1.5288722850382326 9.8763210363686067 2.5644564256072044
leaf_count=1232 5 25 43 14 290 20
internal_value=-0.000875999 0.0221744 -0.0014076 0.011092 0.0303394 0.0134855
internal_weight=31.0789 18.7635 5.03862 3.82264 13.7249 3.84856
internal_count=1629 397 62 57 335 45
is_linear=0
shrinkage=0.05


Tree=212
num_leaves=11
num_cat=0
split_feature=21 0 34 29 32 52 17 5 34 33
split_gain=7.79432 3.59115 2.40087 2.74525 0.626664 0.91984 0.564791 0.551242 0.0275535 0.0196674
threshold=1.0000000180025095e-35 154.50000000000003 24.500000000000004 24.500000000000004 130.40000000000003 302.00000000000006 0.9968553459119498 0.99724055188962224 16.500000000000004 98.000000000000014
decision_type=2 2 2 2 2 8 2 2 2 2
left_child=1 2 8 -4 6 -6 9 -3 -1 -5
right_child=-2 7 3 4 5 -7 -8 -9 -10 -11
leaf_value=-0.0018455464980903513 0.036220678488435153 0.0097266393761370543 -0.025492305292942653 0.018541755412197516 0.025034114594535268 -0.020803838076810632 -0.00040612364142388052 -0.034516454177644817 -0.028225731730991046 0.048478883017166088
leaf_weight=0.25139022246003451 11.834355713799594 0.33998962678014955 2.2086223382502785 1.9737359285354594 1.3782614003866913 1.0577179398387668 0.88120886869728554 10.132981404662132 3.0833980767056346 3.2116910386830568
leaf_count=8 461 12 79 23 15 17 16 793 158 30
internal_value=0.00453913 -0.0115725 0.00504585 0.0165214 0.028969 0.00486884 0.0365878 -0.0323576 -0.0271216 0.0419238
internal_weight=36.3534 24.519 14.046 10.7112 8.50262 2.43598 6.06664 10.473 3.33479 5.18543
internal_count=1612 1151 346 180 101 32 69 805 166 53
is_linear=0
shrinkage=0.05


Tree=213
num_leaves=5
num_cat=0
split_feature=13 52 29 29
split_gain=10.3834 1.07732 0.0140637 0.0166559
threshold=0.97000000000000008 588.00000000000011 25.500000000000004 24.500000000000004
decision_type=2 10 2 2
left_child=-1 2 3 -2
right_child=1 -3 -4 -5
leaf_value=-0.034699581035641934 0.020600150505034488 -0.019175207736492953 0.034852613162843833 0.0062553246791723742
leaf_weight=11.014061614871025 1.1329481899738303 0.46846593916416246 9.4789362065494043 1.659116767346859
leaf_count=1274 27 3 285 23
internal_value=-0.000777669 0.0289409 0.0320843 0.0159735
internal_weight=23.7535 12.7395 12.271 2.79206
internal_count=1612 338 335 50
is_linear=0
shrinkage=0.05


Tree=214
num_leaves=4
num_cat=0
split_feature=17 53 26
split_gain=11.9339 1.8594 0.206601
threshold=0.9968553459119498 212.50000000000003 1462.0000000000002
decision_type=2 8 2
left_child=-1 -2 -3
right_child=1 2 -4
leaf_value=-0.035297668943712925 -0.023071716676777574 0.03568676151161216 0.001362607655717254
leaf_weight=12.89379814453423 0.87528780847787757 12.207188744097946 0.53739674203097898
leaf_count=1215 5 384 8
internal_value=-0.00219048 0.0294223 0.0344439
internal_weight=26.5137 13.6199 12.7446
internal_count=1612 397 392
is_linear=0
shrinkage=0.05


Tree=215
num_leaves=7
num_cat=0
split_feature=9 0 1 25 26 25
split_gain=8.55844 1.94836 1.07532 1.3758 1.11182 0.272964
threshold=0.9967765931068685 169.50000000000003 5.0000000000000009 127.60000000000001 81.200000000000017 110.88000000000001
decision_type=2 2 2 2 2 2
left_child=-1 2 3 4 -2 -4
right_child=1 -3 5 -5 -6 -7
leaf_value=-0.034816568223757255 -0.022156783723073337 0.034508479155481657 -0.0033342445955898618 -0.031470522442142539 0.027198010451531269 0.028114861807303007
leaf_weight=11.499348669312896 0.87508554756641599 8.5408666394650918 0.62474298477172885 2.7272434756159782 2.1986216641962528 2.3141002468764782
leaf_count=1234 4 268 9 16 44 37
internal_value=-0.00302329 0.0188807 0.00163352 -0.0105644 0.011157 0.0222802
internal_weight=28.78 17.2807 8.73979 5.80095 3.07371 2.93884
internal_count=1612 378 110 64 48 46
is_linear=0
shrinkage=0.05


Tree=216
num_leaves=13
num_cat=0
split_feature=21 0 34 29 30 31 35 33 31 27 32 31
split_gain=6.62707 4.11728 2.63559 1.67951 1.03867 0.547441 0.809282 0.303226 0.728341 0.204492 0.104808 0.00676605
threshold=1.0000000180025095e-35 150.50000000000003 24.500000000000004 24.500000000000004 1478.0000000000002 131.00000000000003 1.0000000180025095e-35 98.000000000000014 82.40000000000002 70.000000000000014 82.800000000000011 1436.0000000000002
decision_type=2 2 2 2 2 2 10 2 2 2 2 2
left_child=1 2 11 4 -4 7 -7 8 -5 -3 -11 -1
right_child=-2 9 3 5 -6 6 -8 -9 -10 10 -12 -13
leaf_value=-0.027525505671729639 0.035868824029003904 0.0034341015073039946 -0.026298178499349768 0.028331283258648365 0.02669871323469912 -0.019341599371988982 0.022822068571671641 0.044353393657274372 -0.016357223857445341 -0.0033001710846283605 -0.034029675751470805 -0.0018415004593962617
leaf_weight=3.0478425044566424 10.644077392295001 0.21531126089393993 2.1570027321577068 1.1909466404467801 0.4007066823542117 0.94314142130315315 1.8943800367414951 3.8774678725749254 0.71711753122508515 0.51877683773636718 9.7779799951240403 0.17679362464696158
leaf_count=159 441 9 85 10 5 17 18 40 17 15 829 8
internal_value=0.00463948 -0.0095701 0.00776204 0.0191419 -0.0128246 0.028971 0.00741944 0.0368899 0.0116865 -0.0319326 -0.0329106 -0.0268866
internal_weight=35.5615 24.9175 14.4054 11.1808 2.55771 8.62305 2.83752 5.78553 1.90806 10.5121 10.2968 3.22464
internal_count=1653 1212 359 192 90 102 35 67 27 853 844 167
is_linear=0
shrinkage=0.05


Tree=217
num_leaves=3
num_cat=0
split_feature=13 52
split_gain=9.17792 2.06374
threshold=0.97000000000000008 588.00000000000011
decision_type=2 10
left_child=-1 -2
right_child=1 -3
leaf_value=-0.034616328066020892 0.031655400366668793 -0.030660856497596478
leaf_weight=10.77101117791608 11.54354910738766 0.6926687955856331
leaf_count=1319 331 3
internal_value=-0.00259492 0.0260779
internal_weight=23.0072 12.2362
internal_count=1653 334
is_linear=0
shrinkage=0.05


Tree=218
num_leaves=4
num_cat=0
split_feature=17 33 53
split_gain=10.9955 1.48144 1.54115
threshold=0.9968553459119498 1462.0000000000002 212.50000000000003
decision_type=2 2 8
left_child=-1 2 -2
right_child=1 -3 -4
leaf_value=-0.0351396505184743 -0.020685128245863556 -0.021874883761309014 0.035654428364768689
leaf_weight=12.250233565457165 0.69320529699325284 0.73763642460107881 12.56117613054812
leaf_count=1221 4 5 423
internal_value=-0.0020236 0.02738 0.0314634
internal_weight=26.2423 13.992 13.2544
internal_count=1653 432 427
is_linear=0
shrinkage=0.05


Tree=219
num_leaves=8
num_cat=0
split_feature=9 0 2 1 31 39 41
split_gain=8.53771 1.73279 0.972116 1.41927 0.679159 0.317428 0.195408
threshold=0.9967765931068685 150.50000000000003 1.0000000180025095e-35 5.0000000000000009 127.60000000000004 12.500000000000002 19.500000000000004
decision_type=2 2 2 2 2 8 8
left_child=-1 2 3 4 -2 -4 -5
right_child=1 -3 5 6 -6 -7 -8
leaf_value=-0.034664076550761549 0.0014478137864539224 0.034435966490356254 -0.0026044296463706581 -0.0029707418664628696 -0.038885772933444439 0.028542245901195386 0.02435738984222259
leaf_weight=10.962538063526155 1.4679665267467519 8.5055386628955585 0.86609423160553012 0.61015726253390346 2.1030913703143597 2.4635004177689552 1.5871279984712598
leaf_count=1248 16 283 12 4 13 45 32
internal_value=-0.00176563 0.0194839 0.00347946 -0.00869646 -0.0256162 0.0217101 0.0182131
internal_weight=28.566 17.6035 9.09794 5.76834 3.57106 3.32959 2.19729
internal_count=1653 405 122 65 29 57 36
is_linear=0
shrinkage=0.05


Tree=220
num_leaves=13
num_cat=0
split_feature=21 0 34 29 32 3 17 37 30 31 25 31
split_gain=6.96043 3.19904 1.79308 2.42077 0.594802 0.420991 0.163813 0.229876 0.162057 0.857969 0.0113479 0.00391542
threshold=1.0000000180025095e-35 163.00000000000003 24.500000000000004 24.500000000000004 130.40000000000003 1.5000000000000002 0.079500000000000015 inf 99.260000000000005 82.40000000000002 83.440000000000012 713.60000000000048
decision_type=2 2 2 2 2 2 2 8 2 2 2 2
left_child=1 2 11 10 8 -3 7 -6 9 -5 -4 -1
right_child=-2 5 3 4 6 -7 -8 -9 -10 -11 -12 -13
leaf_value=-0.026362651725558496 0.035689695988089708 -0.034186632435028952 -0.0023361097696004691 0.030166471619697335 0.0089104913495656381 0.0080355488130007952 0.013674493642179934 -0.017202629305538269 0.040881899902732582 -0.017120703969455319 -0.026004500366559297 -0.0018137177566970811
leaf_weight=2.6541040986776383 10.446398954838513 9.2763994550332391 0.26640661060810034 1.4190857037901863 0.76223696023225795 0.2656939737498768 1.0198270361870525 0.74590427987277519 3.5001893844455481 0.7653466761112212 1.9969265973195431 0.17197965271770943
leaf_count=145 464 828 11 11 8 10 20 12 39 17 73 8
internal_value=0.00373398 -0.011763 0.00424181 0.0138659 0.026053 -0.0323603 0.00376658 -0.00571409 0.0339178 0.0134251 -0.0247882 -0.0257332
internal_weight=33.2905 22.8441 13.302 10.4759 8.21259 9.54209 2.52797 1.50814 5.68462 2.18443 2.26333 2.82608
internal_count=1646 1182 344 191 107 838 40 20 67 28 84 153
is_linear=0
shrinkage=0.05


Tree=221
num_leaves=5
num_cat=0
split_feature=13 52 29 29
split_gain=8.8125 1.14078 0.0492451 0.0172486
threshold=0.97000000000000008 588.00000000000011 25.500000000000004 24.500000000000004
decision_type=2 10 2 2
left_child=-1 2 3 -2
right_child=1 -3 -4 -5
leaf_value=-0.034393982756480902 0.018816240981318962 -0.022589481239254468 0.034178071562249189 0.0053496231511877589
leaf_weight=10.063276985194534 0.94845325127243918 0.37977025657892305 8.0831686593592149 1.5948866419494152
leaf_count=1321 25 2 275 23
internal_value=-0.00229679 0.0274707 0.0310488 0.0142646
internal_weight=21.0696 11.0063 10.6265 2.54334
internal_count=1646 325 323 48
is_linear=0
shrinkage=0.05


Tree=222
num_leaves=4
num_cat=0
split_feature=17 36 28
split_gain=11.1622 0.687263 0.454521
threshold=0.9968553459119498 9.5000000000000018 182.00000000000003
decision_type=2 8 2
left_child=-1 -2 -3
right_child=1 2 -4
leaf_value=-0.034934363402452616 -0.013989096341976943 0.035379402493217811 0.0012673206408801525
leaf_weight=11.464696062263101 0.30952844023704429 11.224783606827257 1.1438045389950282
leaf_count=1224 1 409 12
internal_value=-0.000737504 0.0304796 0.0325556
internal_weight=24.1428 12.6781 12.3686
internal_count=1646 422 421
is_linear=0
shrinkage=0.05


Tree=223
num_leaves=8
num_cat=0
split_feature=9 34 1 2 30 48 39
split_gain=7.77615 1.55526 1.15823 1.81434 0.865737 0.36134 0.122799
threshold=0.9967765931068685 82.500000000000014 5.0000000000000009 1.0000000180025095e-35 124.24000000000002 80.000000000000014 12.500000000000002
decision_type=2 2 2 2 2 8 8
left_child=-1 2 3 4 -2 -5 -4
right_child=1 -3 6 5 -6 -7 -8
leaf_value=-0.034443194518573944 -0.0027878234373350554 0.03399099276279216 0.0028667829484806473 -0.0070650998315378664 -0.051855549890743702 0.026082738457846401 0.028150962433327542
leaf_weight=10.243842515628787 1.6669944897294064 7.6481716055423012 0.84852419793605838 0.65856470540165934 1.3144623376429079 1.8386947158724067 2.3510897271335125
leaf_count=1254 19 271 8 6 9 36 43
internal_value=-0.00213302 0.0189574 0.00356527 -0.0100529 -0.0320116 0.0178205 0.023725
internal_weight=26.5703 16.3265 8.67833 5.47872 2.98146 2.49726 3.19961
internal_count=1646 392 121 70 28 42 51
is_linear=0
shrinkage=0.05


Tree=224
num_leaves=10
num_cat=0
split_feature=3 0 34 29 34 4 25 27 35
split_gain=5.35778 4.12795 1.50336 0.992726 0.94852 0.795729 0.290905 0.623434 0.0296735
threshold=1.5000000000000002 154.50000000000003 24.500000000000004 24.500000000000004 47.500000000000007 10.000000000000002 99.920000000000016 80.40000000000002 1.0000000180025095e-35
decision_type=2 2 2 2 2 2 2 2 10
left_child=1 2 5 4 -4 -1 7 -5 -8
right_child=-2 -3 3 6 -6 -7 8 -9 -10
leaf_value=-0.027738423581637417 0.034396251855851254 -0.033938460125384123 -0.024427650640788095 0.022815605331327187 0.028111585283060375 0.017875287630330076 0.013890932746908228 -0.017853898857449736 0.034731449028950423
leaf_weight=2.6538920151069827 9.3487765938043577 8.6557077877223474 1.7229233160614952 0.98191252723336198 0.31130503490567196 0.5284513235092162 2.3404810000211 0.82907620444893837 3.8015157543122768
leaf_count=151 474 817 72 5 3 2 27 19 32
internal_value=0.0046716 -0.00900997 0.00861318 0.0178459 -0.00977242 -0.017701 0.0252126 0.00446903 0.0298468
internal_weight=31.174 21.8253 13.1696 9.98721 2.03423 3.18234 7.95299 1.81099 6.142
internal_count=1602 1128 311 158 75 153 83 24 59
is_linear=0
shrinkage=0.05


Tree=225
num_leaves=6
num_cat=0
split_feature=9 4 52 29 29
split_gain=3.56037 3.19276 1.71643 0.0938181 0.0352823
threshold=1.0000000180025095e-35 6.0000000000000009 588.00000000000011 25.500000000000004 24.500000000000004
decision_type=2 2 10 2 2
left_child=1 2 3 4 -1
right_child=-2 -3 -4 -5 -6
leaf_value=0.017432198202384157 -0.032312699968730867 -0.028426435083971715 -0.025590021600509522 0.033146745689935031 0.0035619451295878591
leaf_weight=0.84741468261927377 5.9684581696055821 3.0055466582998625 0.83211577497422773 7.5342038017697632 1.4993814136832952
leaf_count=24 852 411 8 283 24
internal_value=-0.00299359 0.0110907 0.0236576 0.0297756 0.0122825
internal_weight=19.6871 13.7187 10.7131 9.881 2.3468
internal_count=1602 750 339 331 48
is_linear=0
shrinkage=0.05


Tree=226
num_leaves=5
num_cat=0
split_feature=4 21 53 30
split_gain=5.3487 2.47005 1.43005 1.49141
threshold=6.0000000000000009 1.0000000180025095e-35 212.50000000000003 1462.0000000000002
decision_type=2 2 8 2
left_child=-1 2 -2 -4
right_child=1 -3 3 -5
leaf_value=-0.033642152927740795 -0.021893560174294179 -0.026284937049688147 0.034458697513397051 -0.01714285084004195
leaf_weight=8.1218673530966043 0.83868370950221738 2.165733054280282 10.087624470703302 0.99121131934225637
leaf_count=918 7 267 392 18
internal_value=-0.00355161 0.0148816 0.0238184 0.0288049
internal_weight=22.2051 14.0833 11.9175 11.0788
internal_count=1602 684 417 410
is_linear=0
shrinkage=0.05


Tree=227
num_leaves=8
num_cat=0
split_feature=4 1 28 27 25 35 30
split_gain=6.51858 1.18683 2.5079 1.33754 0.637151 0.279591 0.0607633
threshold=1.0000000180025095e-35 5.0000000000000009 118.00000000000001 93.200000000000017 140.28000000000003 1.0000000180025095e-35 558.88000000000011
decision_type=2 2 2 2 2 10 2
left_child=1 2 3 5 -4 -1 -6
right_child=-2 -3 4 -5 6 -7 -8
leaf_value=0.0078098433761980965 -0.033776013395010566 0.032454804120717058 -0.04072888437286553 0.03144744243222608 0.0096807527774547507 -0.022969614829068161 -0.004940487312137593
leaf_weight=0.53693381510675453 8.4241577051579934 6.7626718729734412 1.806684314273298 5.465648949611932 0.43892964255064715 1.0440206374041736 0.53489304287359118
leaf_count=21 1098 221 14 193 12 34 9
internal_value=-0.000229101 0.0177575 0.00557994 0.0209257 -0.0285587 -0.0135404 0.00321549
internal_weight=25.0139 16.5898 9.82711 7.0466 2.78051 1.58095 0.973823
internal_count=1602 504 283 248 35 55 21
is_linear=0
shrinkage=0.05


Tree=228
num_leaves=12
num_cat=0
split_feature=3 0 34 29 34 37 39 33 28 25 30
split_gain=5.42632 3.32409 1.06083 0.743107 0.95836 0.661894 0.559919 0.474906 0.627909 0.218112 0.000343084
threshold=1.5000000000000002 154.50000000000003 23.500000000000004 24.500000000000004 47.500000000000007 192.00000000000003 12.500000000000002 142.00000000000003 98.000000000000014 110.88000000000001 217.92000000000002
decision_type=2 2 2 2 2 8 8 2 2 2 2
left_child=1 2 -1 4 -4 -5 -7 8 -8 -10 -9
right_child=-2 -3 3 5 -6 6 7 10 9 -11 -12
leaf_value=-0.023647186727009929 0.034171229436426746 -0.033667893931527582 -0.024948899075241587 -0.01544849923483275 0.027538036095563441 0.035831109186540207 -0.014540799190595588 -0.0019752826097065991 0.037864800563622417 0.0083878023098107376 -0.013087260631302347
leaf_weight=1.627658799290663 8.8380729574710113 8.1082973377779108 1.8521101009100669 0.64577228110283336 0.32102790102362622 3.1521568270400158 0.61160320322960737 0.41968568507581927 0.98504727240651879 2.0502179674804211 0.86501750070601702
leaf_count=97 478 829 85 17 3 24 28 10 8 24 23
internal_value=0.00348004 -0.0106347 0.0056568 0.0116508 -0.0109603 0.0178276 0.0218939 0.00844663 0.0166379 0.0249669 -0.0119106
internal_weight=29.4767 20.6386 12.5303 10.9026 2.17314 8.7295 8.08373 4.93157 3.64687 3.03527 1.2847
internal_count=1626 1148 319 222 88 134 117 93 60 32 33
is_linear=0
shrinkage=0.05


Tree=229
num_leaves=3
num_cat=0
split_feature=13 52
split_gain=6.96463 1.63229
threshold=0.97000000000000008 588.00000000000011
decision_type=2 10
left_child=-1 -2
right_child=1 -3
leaf_value=-0.033890082832465661 0.030080570824653242 -0.024714547438522312
leaf_weight=8.7131437845528126 9.4112581964582187 0.80008862167596895
leaf_count=1300 322 4
internal_value=-0.00303601 0.0239657
internal_weight=18.9245 10.2113
internal_count=1626 326
is_linear=0
shrinkage=0.05


Tree=230
num_leaves=5
num_cat=0
split_feature=4 21 33 53
split_gain=5.28993 2.65274 1.4199 1.17515
threshold=6.0000000000000009 1.0000000180025095e-35 1462.0000000000002 212.50000000000003
decision_type=2 2 2 8
left_child=-1 2 3 -2
right_child=1 -3 -4 -5
leaf_value=-0.033366947890411232 -0.018070963277077603 -0.026484949089679268 -0.021501358950740554 0.03436970659190805
leaf_weight=7.5850313594564804 0.56817870866506837 2.1928389132954189 0.77613216452300626 10.279561683535576
leaf_count=918 5 266 10 427
internal_value=-0.00222621 0.0159675 0.0254397 0.0303296
internal_weight=21.4017 13.8167 11.6239 10.8477
internal_count=1626 708 442 432
is_linear=0
shrinkage=0.05


Tree=231
num_leaves=10
num_cat=0
split_feature=4 30 28 1 28 52 31 31 31
split_gain=6.61465 0.79951 0.53959 2.02891 0.534878 0.192198 0.0275732 0.00848317 0.0121181
threshold=1.0000000180025095e-35 94.000000000000014 118.00000000000001 5.0000000000000009 142.00000000000003 268.00000000000006 79.200000000000017 87.600000000000009 99.90000000000002
decision_type=2 2 2 2 2 10 2 2 2
left_child=1 5 -3 4 -4 6 -1 -8 -9
right_child=-2 2 3 -5 -6 -7 7 8 -10
leaf_value=-0.0034584432249878897 -0.033669187932745606 0.031861375167981258 -0.033120749313608741 0.030727740285844209 0.00539891272480106 -0.019516625840859517 0.0097092415778631709 0.003559270619538325 -0.0037100619526302344
leaf_weight=0.10091546317562705 8.1823896733112615 7.411929805763064 1.4708895669318738 3.5901959482580423 1.0337616112083194 0.75998160894960165 0.37063004402443767 0.18698643101379275 0.10916959447786212
leaf_count=13 1128 287 13 106 21 23 8 11 16
internal_value=0.000177642 0.0195495 0.0233135 0.00989292 -0.0202182 -0.00978717 0.00543646 0.00804992 8.46488e-05
internal_weight=23.2168 15.0345 13.5068 6.09485 2.50465 1.52768 0.767702 0.666786 0.296156
internal_count=1626 498 427 140 34 71 48 35 27
is_linear=0
shrinkage=0.05


Tree=232
num_leaves=11
num_cat=0
split_feature=5 0 34 35 26 33 25 27 48 4
split_gain=5.51393 3.02287 1.22957 0.764077 0.876934 0.824968 0.425443 0.441849 0.451822 0.378108
threshold=0.99724055188962224 141.00000000000003 24.500000000000004 inf 100.80000000000003 98.000000000000014 119.84000000000002 80.40000000000002 320.00000000000006 10.000000000000002
decision_type=2 2 2 8 2 2 2 2 10 2
left_child=-1 2 9 6 5 -5 7 -4 -9 -2
right_child=1 -3 3 4 -6 -7 -8 8 -10 -11
leaf_value=0.034133488081439248 -0.026889815355194857 -0.033567660996547864 0.023217344042682359 -0.013444334039039739 -0.017113368292930597 0.040723639423569803 0.032226451194105846 -0.02153492318407671 0.014239246552918423 0.010689528763116752
leaf_weight=8.8140280917286891 2.4154062215238841 7.8470580792054525 0.77083678543567424 0.54470789525657959 3.029068105854094 0.72822033613920212 3.3061435697600245 1.2171951243653891 0.59650862403213967 0.26278215646743763
leaf_count=506 163 826 3 30 57 14 27 30 7 1
internal_value=0.00311816 -0.0110408 0.00412315 0.0121091 -0.00364751 0.0218273 0.0224755 0.00449153 -0.00889008 -0.0212988
internal_weight=29.532 20.7179 12.8709 10.1927 4.302 1.27293 5.89068 2.58454 1.8137 2.67819
internal_count=1664 1158 332 168 101 44 67 40 37 164
is_linear=0
shrinkage=0.05


Tree=233
num_leaves=5
num_cat=0
split_feature=13 52 29 29
split_gain=6.70132 1.75961 0.0439413 0.0122927
threshold=0.97000000000000008 588.00000000000011 25.500000000000004 24.500000000000004
decision_type=2 10 2 2
left_child=-1 2 3 -2
right_child=1 -3 -4 -5
leaf_value=-0.033663936743962321 0.018112946905109933 -0.028024603113419012 0.033439295187335738 0.0053368270043843277
leaf_weight=8.2713370332494378 0.88873356394469571 0.6961250454187401 6.9332517385482788 1.5973902679979801
leaf_count=1328 27 3 282 24
internal_value=-0.00238761 0.0239145 0.0300742 0.0137896
internal_weight=18.3868 10.1155 9.41938 2.48612
internal_count=1664 336 333 51
is_linear=0
shrinkage=0.05


Tree=234
num_leaves=4
num_cat=0
split_feature=17 53 33
split_gain=7.92957 1.1998 1.21974
threshold=0.9968553459119498 212.50000000000003 1462.0000000000002
decision_type=2 8 2
left_child=-1 -2 -3
right_child=1 2 -4
leaf_value=-0.034202140290030277 -0.019735586864989146 0.034663015270226818 -0.013684584044293669
leaf_weight=9.424457882065326 0.69350723177194495 9.6214612890034896 0.94993931055069047
leaf_count=1235 4 418 7
internal_value=-0.00223489 0.0251176 0.0295114
internal_weight=20.6894 11.2649 10.5714
internal_count=1664 429 425
is_linear=0
shrinkage=0.05


Tree=235
num_leaves=6
num_cat=0
split_feature=4 35 28 26 1
split_gain=6.07263 1.11715 0.803435 1.27985 0.709458
threshold=1.0000000180025095e-35 inf 118.00000000000001 93.600000000000009 5.0000000000000009
decision_type=2 8 2 2 2
left_child=1 2 3 -1 -4
right_child=-2 -3 4 -5 -6
leaf_value=-0.02299242615862207 -0.033438962703640121 0.028872993124199189 -0.031756604006660409 0.026985511235749646 0.01410691384223633
leaf_weight=0.9577379231341191 7.787225911859422 8.7520569623447955 1.5290910182520749 3.2604953609406948 0.57224235497415055
leaf_count=44 1162 303 22 115 18
internal_value=-1.85256e-05 0.0182554 0.00161521 0.0134065 -0.0187454
internal_weight=22.8588 15.0716 6.31957 4.21823 2.10133
internal_count=1664 502 199 159 40
is_linear=0
shrinkage=0.05


Tree=236
num_leaves=11
num_cat=0
split_feature=21 0 34 29 34 3 32 35 30 31
split_gain=4.51704 2.89895 1.8135 0.810845 0.834486 0.39372 0.200217 0.627998 0.150763 0.484637
threshold=1.0000000180025095e-35 163.00000000000003 24.500000000000004 24.500000000000004 47.500000000000007 1.5000000000000002 130.40000000000003 1.0000000180025095e-35 99.260000000000005 82.40000000000002
decision_type=2 2 2 2 2 2 2 10 2 2
left_child=1 2 -1 4 -4 -3 8 -8 9 -5
right_child=-2 5 3 6 -6 -7 7 -9 -10 -11
leaf_value=-0.025788619937314634 0.034431451444129443 -0.033118595728076961 -0.022504766899758312 0.022958544504295655 0.026176373686747675 0.007903225192224755 -0.017692218948152049 0.020691388857753734 0.031859691746360802 -0.015110652746260417
leaf_weight=2.4305446669459405 8.008636446669696 7.0855207662098101 1.7633793223649257 0.81433603540062705 0.34440707229077805 0.26142367906868447 0.80315117351710807 1.7721683718264103 4.1505985539406538 0.63339631818234921
leaf_count=166 462 815 81 7 3 12 16 22 47 17
internal_value=0.00493436 -0.00791829 0.00664098 0.0159138 -0.00868705 -0.030887 0.0225131 0.00712056 0.0274417 0.0069341
internal_weight=28.0676 20.0589 12.712 10.2814 2.10779 7.34694 8.17365 2.57532 5.59833 1.44773
internal_count=1648 1186 359 193 84 827 109 38 71 24
is_linear=0
shrinkage=0.05


Tree=237
num_leaves=5
num_cat=0
split_feature=13 52 29 29
split_gain=6.14608 1.68295 0.0935021 0.0383617
threshold=0.97000000000000008 588.00000000000011 25.500000000000004 24.500000000000004
decision_type=2 10 2 2
left_child=-1 2 3 -2
right_child=1 -3 -4 -5
leaf_value=-0.033424110545263293 0.017242950842192642 -0.027438998541490657 0.033197945613606318 0.0031833232388117291
leaf_weight=7.7342769023962328 0.81349343620240522 0.69409846514463502 6.6393382530659437 1.4449444860219955
leaf_count=1306 26 3 291 22
internal_value=-0.00249678 0.0232422 0.0295686 0.0119852
internal_weight=17.3262 9.59187 8.89778 2.25844
internal_count=1648 342 339 48
is_linear=0
shrinkage=0.05


Tree=238
num_leaves=4
num_cat=0
split_feature=17 53 33
split_gain=7.28215 1.09957 1.172
threshold=0.9968553459119498 212.50000000000003 1462.0000000000002
decision_type=2 8 2
left_child=-1 -2 -3
right_child=1 2 -4
leaf_value=-0.034075716010658133 -0.019011192799663901 0.034337075387943818 -0.013312731480553092
leaf_weight=8.9732294748537242 0.66021650284528632 8.7894723787903768 0.95061080157756883
leaf_count=1234 4 403 7
internal_value=-0.00300555 0.0244389 0.02888
internal_weight=19.3735 10.4003 9.74008
internal_count=1648 414 410
is_linear=0
shrinkage=0.05


Tree=239
num_leaves=7
num_cat=0
split_feature=9 0 1 25 34 38
split_gain=5.99593 1.16756 0.83842 1.30574 0.378316 0.200437
threshold=0.9967765931068685 163.00000000000003 5.0000000000000009 127.60000000000001 35.500000000000007 5.5000000000000009
decision_type=2 2 2 2 2 8
left_child=-1 2 3 4 -2 -4
right_child=1 -3 5 -5 -6 -7
leaf_value=-0.033567153710554153 0.02482753136935778 0.032844142124107821 -0.0014849862264214632 -0.027679706790707234 -0.010118151791539527 0.027157792263568736
leaf_weight=8.0430163498967886 1.7068692184984686 6.0818087048828602 0.63403158821165595 2.6544773057103157 0.45422912389039982 2.1520770005881786
leaf_count=1259 42 273 7 17 4 46
internal_value=-0.00160339 0.0181911 0.00401234 -0.00836789 0.0166052 0.021969
internal_weight=21.7265 13.6835 7.60168 4.81558 2.1611 2.78611
internal_count=1648 389 116 63 46 53
is_linear=0
shrinkage=0.05


Tree=240
num_leaves=13
num_cat=0
split_feature=21 0 34 38 27 33 32 52 3 33 32 31
split_gain=4.07548 2.64945 1.50717 0.773317 0.560043 0.61751 0.838827 0.710997 0.43684 0.304842 0.656313 0.00333469
threshold=1.0000000180025095e-35 163.00000000000003 24.500000000000004 5.5000000000000009 101.20000000000002 118.00000000000001 130.40000000000003 302.00000000000006 1.5000000000000002 98.000000000000014 80.800000000000011 1446.0000000000002
decision_type=2 2 2 10 2 2 2 8 2 2 2 2
left_child=1 2 11 4 9 -6 -7 -8 -3 10 -4 -1
right_child=-2 8 3 -5 5 6 7 -9 -10 -11 -12 -13
leaf_value=-0.024620134411785385 0.034230904556337823 -0.032742433789205258 0.027475775410468306 -0.017519920095297646 -0.018272486914007881 0.030912047067764251 0.018396261772445178 -0.022944774989612865 0.0086689361993142113 0.049623341585779503 -0.015102611596784554 -0.0013205289623306458
leaf_weight=2.0005329204723306 7.4139676038175812 6.5253023826517156 1.2340169791132178 0.79541898425668556 0.86750305164605368 2.5165469739586115 0.90335868112742934 1.3706581229344008 0.29443098232150067 1.1300500910729168 0.70145761594176281 0.13381960149854411
leaf_count=149 445 810 9 19 26 26 18 34 14 18 38 8
internal_value=0.00530371 -0.00746756 0.00709368 0.0156982 0.0202174 0.00829073 0.0154258 -0.00591919 -0.0300746 0.0347766 0.0121564 -0.0240467
internal_weight=25.8871 18.4731 11.6534 9.51901 8.72359 5.65807 4.79056 2.27402 6.81973 3.06552 1.93547 2.13435
internal_count=1614 1169 345 188 169 104 78 52 824 65 47 157
is_linear=0
shrinkage=0.05


Tree=241
num_leaves=6
num_cat=0
split_feature=9 4 52 29 29
split_gain=2.81401 2.60451 1.13483 0.136206 0.0430424
threshold=1.0000000180025095e-35 6.0000000000000009 588.00000000000011 25.500000000000004 24.500000000000004
decision_type=2 2 10 2 2
left_child=1 2 3 4 -1
right_child=-2 -3 -4 -5 -6
leaf_value=0.015505697073558481 -0.030960489286473648 -0.026861434113718354 -0.02537102253197689 0.032324015660460663 0.0018661817818832337
leaf_weight=0.67771631292998447 4.6039529601112017 2.440476049669086 0.31974473269656378 6.4319994547404349 1.3692949586547911
leaf_count=23 844 416 4 306 21
internal_value=-0.0017059 0.0118282 0.0242056 0.0285544 0.0099887
internal_weight=15.8432 11.2392 8.79876 8.47901 2.04701
internal_count=1614 770 354 350 44
is_linear=0
shrinkage=0.05


Tree=242
num_leaves=4
num_cat=0
split_feature=17 53 33
split_gain=6.74658 1.01104 0.928644
threshold=0.9968553459119498 212.50000000000003 1478.0000000000002
decision_type=2 8 2
left_child=-1 -2 -3
right_child=1 2 -4
leaf_value=-0.033847003514000773 -0.017938678134794085 0.033949270888175294 -0.013271310922167379
leaf_weight=8.3732921238988638 0.60835986584424873 8.0042819641530496 0.64738161861896593
leaf_count=1213 4 392 5
internal_value=-0.0033426 0.0248512 0.0294069
internal_weight=17.6333 9.26002 8.65166
internal_count=1614 401 397
is_linear=0
shrinkage=0.05


Tree=243
num_leaves=9
num_cat=0
split_feature=4 27 28 1 28 3 35 2
split_gain=4.40403 1.23776 0.74046 1.89764 0.89403 0.419078 0.204714 0.100332
threshold=1.0000000180025095e-35 93.200000000000017 118.00000000000001 5.0000000000000009 142.00000000000003 2.5000000000000004 1.0000000180025095e-35 1.0000000180025095e-35
decision_type=2 2 2 2 2 2 10 2
left_child=1 6 5 4 -4 -3 -1 -6
right_child=-2 2 3 -5 7 -7 -8 -9
leaf_value=0.0045421290128180372 -0.032852827637044189 0.03297172507766747 -0.03730000896424307 0.028949708684016057 -0.0038130536393053867 -0.0083328655471189023 -0.025656447085361769 0.015969735687023284
leaf_weight=0.3981788316741609 6.7206042581237844 5.9539237059652788 1.6548882494680586 2.9059984106570482 0.54411500878632046 0.28389958338811982 1.2147144409827888 0.61450890451669693
leaf_count=22 1124 251 12 104 16 44 34 7
internal_value=-0.00242286 0.0138679 0.0194893 0.0050518 -0.0207504 0.0302003 -0.0193161 0.00921675
internal_weight=20.2908 13.5702 11.9573 5.71951 2.81351 6.23782 1.61289 1.15862
internal_count=1614 490 434 139 35 295 56 23
is_linear=0
shrinkage=0.05


Tree=244
num_leaves=12
num_cat=0
split_feature=21 0 34 34 29 32 30 52 3 25 31
split_gain=4.42468 1.89715 1.15079 0.546959 0.930117 0.298618 0.641703 0.56523 0.28974 0.0765953 0.00166384
threshold=1.0000000180025095e-35 154.50000000000003 24.500000000000004 47.500000000000007 24.500000000000004 103.20000000000002 99.260000000000005 302.00000000000006 1.5000000000000002 580.00000000000011 1436.0000000000002
decision_type=2 2 2 2 2 2 2 8 2 2 2
left_child=1 2 10 4 -4 6 -6 -7 -3 -9 -1
right_child=-2 8 3 -5 5 7 -8 9 -10 -11 -12
leaf_value=-0.024540763938944866 0.033913746745619491 -0.032440517038664934 -0.022295303118220252 0.03031243824579823 -0.0044447964462114046 0.020049535282561259 0.045625301292858959 -0.012992999231042577 0.0063371797022629787 0.0027522726162201253 -0.0013982134984315562
leaf_weight=2.1394352419301934 6.9641123665496698 6.1007063146680585 1.6950309695675949 1.5289437156170604 0.80488703399896599 1.8796534677967427 0.58161671459674835 2.0900474991649394 0.19962406158447255 0.62587860971689213 0.13390136417001475
leaf_count=157 444 803 80 20 18 30 5 34 10 5 8
internal_value=0.00277689 -0.0105755 0.00193465 0.0100698 0.00300958 0.012346 0.0268759 0.00394268 -0.0305121 -0.00960033 -0.0240212
internal_weight=24.7438 17.7797 11.4794 9.20606 7.67711 5.98208 1.3865 4.59558 6.30033 2.71593 2.27334
internal_count=1614 1170 357 192 172 92 23 69 813 39 165
is_linear=0
shrinkage=0.05


Tree=245
num_leaves=5
num_cat=0
split_feature=13 52 29 29
split_gain=5.26125 1.3879 0.0619096 0.00919871
threshold=0.97000000000000008 588.00000000000011 25.500000000000004 24.500000000000004
decision_type=2 10 2 2
left_child=-1 2 3 -2
right_child=1 -3 -4 -5
leaf_value=-0.032869818351453778 0.016381086410235411 -0.022374378849366803 0.032446789291283321 0.0047673732697549051
leaf_weight=6.756528716068714 0.74389805272221399 0.8037217706441887 5.7172969728708267 1.5598514415323734
leaf_count=1277 25 4 283 25
internal_value=-0.00220655 0.0222263 0.0286802 0.0123407
internal_weight=15.5813 8.82477 8.02105 2.30375
internal_count=1614 337 333 50
is_linear=0
shrinkage=0.05


Tree=246
num_leaves=4
num_cat=0
split_feature=17 30 53
split_gain=6.49389 0.939574 0.605324
threshold=0.9968553459119498 1462.0000000000002 110.00000000000001
decision_type=2 2 8
left_child=-1 2 -2
right_child=1 -3 -4
leaf_value=-0.033612346684895877 -0.011096048365660275 -0.011589748741894603 0.033714328748869836
leaf_weight=7.8935577906668195 0.36122259497642506 1.0079061351716516 7.5714410282671452
leaf_count=1209 3 9 393
internal_value=-0.00270988 0.0252103 0.0306601
internal_weight=16.8341 8.94057 7.93266
internal_count=1614 405 396
is_linear=0
shrinkage=0.05


Tree=247
num_leaves=12
num_cat=0
split_feature=13 26 28 39 28 1 21 32 29 0 40
split_gain=2.76792 0.966634 0.391616 0.788159 0.320541 0.317149 0.218016 0.129387 0.0873846 0.0488329 0.0217908
threshold=1.0000000180025095e-35 93.600000000000009 118.00000000000001 12.500000000000002 122.00000000000001 5.0000000000000009 0.99724055188962224 1478.0000000000002 99.500000000000014 968.00000000000011 14.500000000000002
decision_type=2 2 2 8 2 2 2 2 2 2 8
left_child=1 8 6 -4 -5 -6 7 10 -1 -10 -3
right_child=-2 2 3 4 5 -7 -8 -9 9 -11 -12
leaf_value=-0.021196293741287134 -0.030557520757546048 0.0016697537002598275 -0.021745205621740753 -0.011102758687748295 0.0002564247288094183 0.026679400417199708 -0.0064406403215954578 -0.0032406455069359423 0.0062064710011617815 -0.0073643436461020692 0.027026280116371367
leaf_weight=1.2045947285369063 4.2973729250952593 0.22414036141708304 1.0888928323984144 0.4181412630714475 1.6755513036623595 2.6568680903874338 0.19429302588105191 0.17015766678377975 0.42113602068275202 0.24289002269506454 6.2049913732334971
leaf_count=75 784 24 76 78 25 102 3 22 24 44 357
internal_value=0.000678207 0.0113086 0.0163107 0.00542155 0.0143471 0.0184249 0.0237739 0.025394 -0.0164058 -0.000200015 0.026486
internal_weight=18.799 14.5017 12.633 5.83945 4.75056 4.33242 6.79358 6.59929 1.86862 0.664026 6.42913
internal_count=1614 830 687 281 205 127 406 403 143 68 381
is_linear=0
shrinkage=0.05


Tree=248
num_leaves=10
num_cat=0
split_feature=5 0 34 29 34 52 1 2 2
split_gain=3.91905 2.35178 1.21958 0.629881 0.808568 0.366316 0.367506 0.679457 0.411466
threshold=0.99724055188962224 154.50000000000003 24.500000000000004 24.500000000000004 47.500000000000007 302.00000000000006 5.0000000000000009 1.0000000180025095e-35 1.0000000180025095e-35
decision_type=2 2 2 2 2 10 2 2 2
left_child=-1 2 -2 4 -4 6 7 -5 -8
right_child=1 -3 3 5 -6 -7 8 -9 -10
leaf_value=0.033001027513418248 -0.024961094186786988 -0.032338322320982597 -0.023893879362083471 0.03520930325293703 0.024202746355465526 -0.0057118502008861524 -0.015400713216041305 -0.0039134116954918701 0.019230786613033575
leaf_weight=6.7448925012722638 1.9112144969403768 5.9748236341401926 1.6342710778117164 3.9729962348937988 0.3788398690521716 1.0260640839114783 0.9654799625277517 1.1896372083574531 0.52205285802483559
leaf_count=497 150 827 85 29 3 16 18 16 12
internal_value=0.0032287 -0.0093585 0.00410429 0.0116362 -0.00981419 0.0177444 0.0216371 0.027022 -0.000401812
internal_weight=24.3203 17.5754 11.6006 9.68934 2.01311 7.67623 6.65017 5.16263 1.48753
internal_count=1653 1156 329 179 88 91 75 45 30
is_linear=0
shrinkage=0.05


Tree=249
num_leaves=5
num_cat=0
split_feature=13 25 29 29
split_gain=5.60569 0.419112 0.100434 0.00724694
threshold=0.97000000000000008 590.00000000000011 25.500000000000004 24.500000000000004
decision_type=2 2 2 2
left_child=-1 2 3 -2
right_child=1 -3 -4 -5
leaf_value=-0.032616983199859111 0.014727944538943613 -0.0085188807476471642 0.032386219276592146 0.0041931813824992187
leaf_weight=6.4449949578847727 0.62333290837705146 0.40470857731997956 5.5932131111621857 1.5156838409602642
leaf_count=1315 22 4 288 24
internal_value=-0.000437269 0.0258314 0.028399 0.010977
internal_weight=14.5819 8.13694 7.73223 2.13902
internal_count=1653 338 334 46
is_linear=0
shrinkage=0.05


Tree=250
num_leaves=5
num_cat=0
split_feature=17 33 35 1
split_gain=5.63842 0.863112 0.564749 0.316723
threshold=0.9968553459119498 182.00000000000003 1.5000000000000002 5.0000000000000009
decision_type=2 2 8 2
left_child=-1 2 -2 -3
right_child=1 3 -4 -5
leaf_value=-0.03324807825758324 -0.011805613088259127 -0.014000023817889853 0.033088612819517318 0.014519809556348691
leaf_weight=7.4155232976190755 0.28134697675704945 1.5663299132138493 6.5948545094579458 0.60700629465281952
leaf_count=1245 1 18 366 23
internal_value=-0.00321895 0.0222479 0.029986 -0.00396909
internal_weight=16.4651 9.04954 6.8762 2.17334
internal_count=1653 408 367 41
is_linear=0
shrinkage=0.05


Tree=251
num_leaves=7
num_cat=0
split_feature=9 0 1 2 29 30
split_gain=4.86905 1.04477 1.15211 1.25281 0.113163 0.0491148
threshold=0.9967765931068685 163.00000000000003 5.0000000000000009 1.0000000180025095e-35 25.500000000000004 124.24000000000002
decision_type=2 2 2 2 2 2
left_child=-1 2 3 5 -5 -2
right_child=1 -3 -4 4 -6 -7
leaf_value=-0.032740288188963004 -0.0077081932207864884 0.032086247344193929 0.027266987603280769 0.022372576269002048 -0.0011760008355358609 -0.031640257546727328
leaf_weight=6.6310431356541821 1.1218566019088032 5.3386108726263046 2.1893034148961306 1.2474836241453884 0.53620721958577622 1.8868651688098905
leaf_count=1245 14 292 52 25 13 12
internal_value=-0.000938233 0.0173512 0.0034756 -0.010224 0.0174141 -0.0268656
internal_weight=18.9514 12.3203 6.98172 4.79241 1.78369 3.00872
internal_count=1653 408 116 64 38 26
is_linear=0
shrinkage=0.05


Tree=252
num_leaves=15
num_cat=0
split_feature=21 29 52 29 30 1 5 30 35 48 30 0 30 9
split_gain=3.13253 2.3884 0.634495 0.468427 0.681821 0.430124 0.381795 0.27068 0.53616 0.516552 0.342217 0.194463 0.117587 0.0845943
threshold=1.0000000180025095e-35 25.500000000000004 302.00000000000006 24.500000000000004 1478.0000000000002 5.0000000000000009 0.99724055188962224 131.64000000000001 1.0000000180025095e-35 320.00000000000006 83.840000000000018 163.00000000000003 117.76000000000001 0.41035714285714292
decision_type=2 2 8 2 2 2 2 2 10 8 2 2 2 2
left_child=1 3 5 4 -1 11 -4 9 -9 10 -5 13 -12 -3
right_child=-2 2 6 7 -6 -7 -8 8 -10 -11 12 -13 -14 -15
leaf_value=-0.022080536214776313 0.033194891642498815 -0.0022365667097276561 0.0078789300892942293 0.018872434569090761 0.02171883065347344 -0.018704683080041511 -0.032510217235283211 -0.018510374273589789 0.017751320358833436 0.033858762907044308 -0.017783217058650245 -0.0083198791769266284 0.0041654042317919998 0.021101890054391975
leaf_weight=1.3684631865471653 6.1591684967279425 0.25671093445270976 0.26113582123071033 0.54669859167188395 0.47309919819235791 1.0311948331072927 6.1410658741369843 0.86441391706466686 1.2580501325428486 2.9026077315211296 0.82249584980308987 0.33306655753403913 0.44380888901650906 1.1841965066269038
leaf_count=79 455 13 14 3 5 106 812 16 13 27 18 45 10 24
internal_value=0.00518338 -0.0057089 -0.0223393 0.0124179 -0.00714499 -0.00152525 -0.030021 0.0179258 0.00178461 0.0236076 0.000993307 0.0116039 -0.0116471 0.0177311
internal_weight=24.0462 17.887 9.20737 8.67964 1.84156 2.80517 6.4022 6.83808 2.12246 4.71561 1.813 1.77397 1.2663 1.44091
internal_count=1640 1185 1014 171 84 188 826 87 29 58 31 82 28 37
is_linear=0
shrinkage=0.05


Tree=253
num_leaves=5
num_cat=0
split_feature=13 52 34 34
split_gain=4.39168 1.29633 0.080889 0.0711113
threshold=0.97000000000000008 588.00000000000011 25.500000000000004 24.500000000000004
decision_type=2 10 2 2
left_child=-1 2 3 -2
right_child=1 -3 -4 -5
leaf_value=-0.032458602017987483 0.017353762407624016 -0.022312425068947307 0.031535754999770842 0.001154354203965267
leaf_weight=6.1820894714910537 0.83487215638160717 0.79354447871446598 4.819705767557025 1.3181355372071266
leaf_count=1313 40 4 262 21
internal_value=-0.00368551 0.0203084 0.0273491 0.0109476
internal_weight=13.9483 7.76626 6.97271 2.15301
internal_count=1640 327 323 61
is_linear=0
shrinkage=0.05


Tree=254
num_leaves=5
num_cat=0
split_feature=4 21 30 53
split_gain=3.45345 1.52013 1.06016 1.05203
threshold=6.0000000000000009 1.0000000180025095e-35 1462.0000000000002 212.50000000000003
decision_type=2 2 2 8
left_child=-1 2 3 -2
right_child=1 -3 -4 -5
leaf_value=-0.031892894865933955 -0.017073696143553908 -0.022860880228848579 -0.016630405992555147 0.033095963761988263
leaf_weight=5.4871052955277255 0.57566072046756556 1.4835441545583314 0.89815324125811447 7.2051471155136824
leaf_count=932 5 272 16 415
internal_value=-0.00303795 0.0140033 0.0220156 0.0278625
internal_weight=15.6496 10.1625 8.67896 7.78081
internal_count=1640 708 436 420
is_linear=0
shrinkage=0.05


Tree=255
num_leaves=8
num_cat=0
split_feature=9 34 1 2 30 52 38
split_gain=4.44899 0.895843 0.697196 0.930154 0.371113 0.203786 0.139986
threshold=0.9967765931068685 82.500000000000014 5.0000000000000009 1.0000000180025095e-35 124.24000000000002 276.00000000000006 5.5000000000000009
decision_type=2 2 2 2 2 8 8
left_child=-1 2 3 4 -2 -5 -4
right_child=1 -3 6 5 -6 -7 -8
leaf_value=-0.032542713763317181 0.0012706948123424491 0.031292392905453749 0.00050682488744904688 -0.0043417617712232836 -0.030411998753062022 0.023042271310788863 0.026150597703181112
leaf_weight=6.304538866970689 1.2328039035201075 4.6063399408012629 0.69927115924656424 0.56757549196481671 1.9525962658226488 1.3592522889375687 1.9315673802047966
leaf_count=1242 19 265 8 8 13 34 51
internal_value=-0.00122881 0.0159976 0.00436035 -0.0064462 -0.0207763 0.0162485 0.0213514
internal_weight=18.6539 12.3494 7.74307 5.11223 3.1854 1.92683 2.63084
internal_count=1640 398 133 74 32 42 59
is_linear=0
shrinkage=0.05


Tree=256
num_leaves=10
num_cat=0
split_feature=21 0 26 30 32 1 28 35 3
split_gain=3.37283 1.86222 0.515771 1.14588 1.00088 0.870058 0.785716 0.431709 0.290697
threshold=1.0000000180025095e-35 150.50000000000003 100.80000000000003 99.260000000000005 80.800000000000011 5.0000000000000009 118.00000000000001 1.0000000180025095e-35 1.5000000000000002
decision_type=2 2 2 2 2 2 2 10 2
left_child=1 2 3 4 -1 6 -4 -8 -3
right_child=-2 8 5 -5 -6 -7 7 -9 -10
leaf_value=0.023760453164247127 0.033026689360348783 -0.031780372328261725 -0.019466669590448928 0.042090257727142061 -0.023588928376833514 -0.02581241582116205 -0.003489760538273946 0.02887134792910085 0.0065054085101949157
leaf_weight=0.94224914815277117 5.8426747275516382 5.3217105022631577 1.0081625455059109 1.3287432296201585 1.6656470494344828 1.9730937825515864 1.2463030554354193 2.12211221922189 0.2065451918169855
leaf_count=9 446 818 52 37 99 103 14 28 12
internal_value=0.00356114 -0.00864163 0.00423096 0.0164659 -0.00463734 -0.00456271 0.00803639 0.0188399 -0.0295726
internal_weight=21.6572 15.8146 10.2863 3.93664 2.6079 6.34967 4.37658 3.36842 5.52826
internal_count=1618 1172 342 145 108 197 94 42 830
is_linear=0
shrinkage=0.05


Tree=257
num_leaves=5
num_cat=0
split_feature=13 29 1 2
split_gain=4.40567 0.733495 0.583317 0.963266
threshold=0.97000000000000008 25.500000000000004 5.0000000000000009 1.0000000180025095e-35
decision_type=2 2 2 2
left_child=-1 2 -2 -4
right_child=1 -3 3 -5
leaf_value=-0.032048606379564498 0.019382624517918522 0.031759482836415658 0.015575457836468153 -0.040602757021514072
leaf_weight=5.6639057404827327 0.94331856071949016 4.9984647184610367 0.67197552695870399 0.65889638848602772
leaf_count=1282 19 289 19 9
internal_value=-0.00191641 0.0225878 -0.00111398 -0.0177247
internal_weight=12.9366 7.27266 2.27419 1.33087
internal_count=1618 336 47 28
is_linear=0
shrinkage=0.05


Tree=258
num_leaves=4
num_cat=0
split_feature=17 33 53
split_gain=5.04173 1.37012 0.515685
threshold=0.9968553459119498 1462.0000000000002 110.00000000000001
decision_type=2 2 8
left_child=-1 2 -2
right_child=1 -3 -4
leaf_value=-0.03288277661578403 -0.010062559997399927 -0.024064554021849406 0.033000236289269451
leaf_weight=6.638805094640702 0.32181356102228154 0.61422635987400998 6.5220660800114274
leaf_count=1208 3 5 402
internal_value=-0.00364986 0.0231829 0.0299506
internal_weight=14.0969 7.45811 6.84388
internal_count=1618 410 405
is_linear=0
shrinkage=0.05


Tree=259
num_leaves=6
num_cat=0
split_feature=9 35 33 26 29
split_gain=4.48805 0.799116 0.662091 1.06702 0.00776316
threshold=0.9967765931068685 1.0000000180025095e-35 124.00000000000001 93.600000000000009 25.500000000000004
decision_type=2 10 2 2 2
left_child=-1 -2 3 -3 -4
right_child=1 2 4 -5 -6
leaf_value=-0.032218187342325719 0.02855639428557661 -0.021193262407218055 -0.022710105868733333 0.027691680415359174 -0.0048141427573402942
leaf_weight=5.8755070513580003 6.4342235345393419 0.79145872592926059 0.69554462656378724 2.4436674676835537 0.77438526507467031
leaf_count=1229 272 4 7 90 16
internal_value=6.24035e-05 0.0183405 0.00181347 0.0135519 -0.0190484
internal_weight=17.0148 11.1393 4.70506 3.23513 1.46993
internal_count=1618 389 117 94 23
is_linear=0
shrinkage=0.05


Tree=260
num_leaves=11
num_cat=0
split_feature=21 33 1 27 27 36 52 52 5 52
split_gain=3.68898 1.94978 1.33869 0.876736 0.658126 0.578487 0.485037 0.430642 0.126093 0.0426566
threshold=1.0000000180025095e-35 124.00000000000001 5.0000000000000009 128.80000000000004 80.40000000000002 9.5000000000000018 302.00000000000006 588.00000000000011 0.99724055188962224 276.00000000000006
decision_type=2 2 2 2 2 8 8 10 2 8
left_child=1 4 3 -3 9 -6 -5 -4 -7 -1
right_child=-2 2 7 6 5 8 -8 -9 -10 -11
leaf_value=0.0133523835406733 0.032837213256904974 0.036486462614208327 -0.025538342491358952 0.016571579891692501 0.011985639506009208 0.0029538665832916922 -0.020046863334046539 0.012833468970451029 -0.03355208822868077 -0.0020754012419818518
leaf_weight=0.43005298171192574 5.7084702914580694 2.7173325801268211 1.9661463876254859 0.68471461720764604 0.29217807296663512 0.084483193233609089 1.0058397073298693 0.29598766565322865 7.3936108946800232 0.31117789493873715
leaf_count=6 466 44 183 14 2 6 47 1 851 19
internal_value=0.00173368 -0.0112682 0.00837305 0.0228074 -0.0259222 -0.0299799 -0.00456873 -0.0181226 -0.0328399 0.00940335
internal_weight=20.89 15.1815 6.67002 4.40789 8.5115 7.77027 1.69055 2.26213 7.47809 0.741231
internal_count=1639 1173 289 105 884 859 61 184 857 25
is_linear=0
shrinkage=0.05


Tree=261
num_leaves=3
num_cat=0
split_feature=13 52
split_gain=5.31941 0.41647
threshold=0.97000000000000008 588.00000000000011
decision_type=2 10
left_child=-1 -2
right_child=1 -3
leaf_value=-0.03185222669104646 0.032982819535152079 -0.005794297159602519
leaf_weight=5.4527778984047472 6.1519028069451451 0.46554996818304051
leaf_count=1314 322 3
internal_value=0.00167271 0.0298522
internal_weight=12.0702 6.61745
internal_count=1639 325
is_linear=0
shrinkage=0.05


Tree=262
num_leaves=4
num_cat=0
split_feature=17 33 53
split_gain=4.82831 0.978893 0.645319
threshold=0.9968553459119498 1462.0000000000002 212.50000000000003
decision_type=2 2 8
left_child=-1 2 -2
right_child=1 -3 -4
leaf_value=-0.032657903925425294 -0.012774668130800311 -0.015440699685784477 0.032807202414607314
leaf_weight=6.3347646945621818 0.34616580605506886 0.82617706805467594 6.2502711266279221
leaf_count=1231 2 6 400
internal_value=-0.00318967 0.0228512 0.0290484
internal_weight=13.7574 7.42261 6.59644
internal_count=1639 408 402
is_linear=0
shrinkage=0.05


Tree=263
num_leaves=7
num_cat=0
split_feature=17 13 0 1 2 48
split_gain=2.13014 1.34105 0.796405 0.713114 0.753873 0.273511
threshold=1.0000000180025095e-35 0.019500000000000003 169.50000000000003 5.0000000000000009 1.0000000180025095e-35 80.000000000000014
decision_type=2 2 2 2 2 8
left_child=1 2 3 4 -1 -6
right_child=-2 -3 -4 -5 5 -7
leaf_value=-0.020847810002110449 -0.029647057284512779 -0.023597082216159748 0.030713613773963602 0.022820195851583847 -0.0091521767906421539 0.02156302711161931
leaf_weight=2.7859554514288902 3.7131254638079545 1.6786443323362625 4.2243708716705441 2.07806103117764 0.388299539685249 1.3712059203535318
leaf_count=27 886 349 280 55 4 38
internal_value=-0.000739092 0.00938811 0.0160532 0.00390075 -0.00730408 0.0139244
internal_weight=16.2397 12.5265 10.8479 6.62352 4.54546 1.75951
internal_count=1639 753 404 124 69 42
is_linear=0
shrinkage=0.05


Tree=264
num_leaves=12
num_cat=0
split_feature=21 29 1 33 32 40 26 3 32 25 25
split_gain=2.96899 1.44754 0.959448 1.48524 0.936604 0.785912 0.689971 0.307327 0.293811 0.00962151 0.00286662
threshold=1.0000000180025095e-35 77.500000000000014 5.0000000000000009 118.00000000000001 82.800000000000011 19.500000000000004 129.20000000000005 1.5000000000000002 103.20000000000002 572.00000000000011 119.84000000000002
decision_type=2 2 2 2 2 8 2 2 2 2 2
left_child=1 2 3 4 -1 8 10 -3 -4 -8 -5
right_child=-2 7 5 6 -6 -7 9 -9 -10 -11 -12
leaf_value=0.02006937667045219 0.032580537367306074 -0.030762788362610267 0.022297683234546468 0.011423583435961339 -0.026144783858974931 -0.027691603801670312 -0.0036290324162765401 0.007067393081052635 -0.010334976735601275 0.0019708817829348136 0.046232197515003765
leaf_weight=0.81515842769295188 5.4673661561682811 4.4238985180854788 0.83518052939325593 0.84063219046220239 2.0996003039181232 2.5171212409622967 0.60337206395342924 0.22866759076714505 0.37105985591188073 0.59473226778209209 1.87643708800897
leaf_count=10 475 770 12 21 127 167 15 14 25 11 19
internal_value=0.00408896 -0.00753366 0.00312304 0.0136305 -0.0113952 -0.0149564 0.0307893 -0.0279821 0.0121249 -0.00121726 0.0414333
internal_weight=20.6732 15.2059 10.5533 6.82993 2.91476 3.72336 3.91517 4.65257 1.20624 1.1981 2.71707
internal_count=1666 1191 407 203 137 204 66 784 37 26 40
is_linear=0
shrinkage=0.05


Tree=265
num_leaves=3
num_cat=0
split_feature=13 52
split_gain=4.75632 0.880358
threshold=0.97000000000000008 588.00000000000011
decision_type=2 10
left_child=-1 -2
right_child=1 -3
leaf_value=-0.031688199477439227 0.032747566136266636 -0.01554416299121654
leaf_weight=5.2821208350360394 5.9230765448883176 0.49316181987524021
leaf_count=1338 325 3
internal_value=0.000349247 0.0274403
internal_weight=11.6984 6.41624
internal_count=1666 328
is_linear=0
shrinkage=0.05


Tree=266
num_leaves=4
num_cat=0
split_feature=17 29 53
split_gain=4.69292 0.7529 0.838763
threshold=0.9968553459119498 11.500000000000002 212.50000000000003
decision_type=2 2 8
left_child=-1 -2 -3
right_child=1 2 -4
leaf_value=-0.032470528509808326 -0.014508987298372215 -0.015051239020219018 0.032775077448622951
leaf_weight=6.0936818597838283 0.58534254133701313 0.46645177900791157 6.1529941912740469
leaf_count=1249 3 3 411
internal_value=-0.00286529 0.02308 0.0278718
internal_weight=13.2985 7.20479 6.61945
internal_count=1666 417 414
is_linear=0
shrinkage=0.05


Tree=267
num_leaves=8
num_cat=0
split_feature=9 0 1 2 25 31 34
split_gain=3.29447 1.08123 0.803297 1.12634 0.390462 0.361518 0.122115
threshold=0.9967765931068685 169.50000000000003 5.0000000000000009 1.0000000180025095e-35 83.440000000000012 127.60000000000004 27.500000000000004
decision_type=2 2 2 2 2 2 2
left_child=-1 2 3 5 -4 -2 -5
right_child=1 -3 4 6 -6 -7 -8
leaf_value=-0.031781293171594248 -0.0030153607440441717 0.030413791261088504 -0.011179631073530025 0.02106700204528662 0.026176814838234114 -0.038787298625457135 -0.0027447385537494222
leaf_weight=5.3803430167026827 1.2269913237541916 4.0307884523645043 0.30110590718686614 1.1203466299921272 1.9584747329354284 1.5577533580362795 0.44261296093463887
leaf_count=1262 17 283 2 28 54 12 8
internal_value=-0.00306059 0.0129479 -0.000304473 -0.0121947 0.0192962 -0.027987 0.0158839
internal_weight=16.0184 10.6381 6.60728 4.3477 2.25958 2.78474 1.56296
internal_count=1666 404 121 65 56 29 36
is_linear=0
shrinkage=0.05


Tree=268
num_leaves=14
num_cat=0
split_feature=21 34 34 37 52 27 30 25 3 32 25 25 39
split_gain=2.56972 1.48306 0.879356 0.382263 0.282509 0.42787 0.614693 0.256121 0.165026 0.134152 0.113824 0.00436806 0.00221643
threshold=1.0000000180025095e-35 82.500000000000014 24.500000000000004 192.00000000000003 302.00000000000006 101.20000000000002 99.260000000000005 127.60000000000001 1.5000000000000002 130.40000000000003 580.00000000000011 1414.4000000000003 12.500000000000002
decision_type=2 2 2 8 8 2 2 2 2 2 2 2 8
left_child=1 2 11 -4 12 6 -6 -7 -3 -9 -11 -1 -5
right_child=-2 8 3 4 5 7 -8 9 -10 10 -12 -13 -14
leaf_value=-0.022037235636923825 0.032080726509092071 -0.030180818180420572 -0.014036541063431596 0.026665756837282124 -0.011129199841269734 -0.018700240995176157 0.036589402422064779 0.011470963532347968 0.0042757117900172822 -0.014094882363248651 0.0061703719323917593 -0.00079261327052171046 0.0062415531123400968
leaf_weight=1.5717054149135972 4.9907362367957822 4.0276555973105124 0.5613179784268113 2.2454028520733131 0.4872093475423751 0.97794383019208941 0.82582675013691187 1.3988784160465004 0.12693957332521666 0.56162605993449666 0.47493824362754822 0.10175871942192305 0.77201478043571103
leaf_count=155 459 773 22 39 39 56 15 11 8 17 4 5 18
internal_value=0.00453588 -0.00666793 0.00419115 0.0111293 0.0143501 0.00486759 0.0217266 -0.00507107 -0.0285028 0.00425198 -0.00633912 -0.0215251 0.0242945
internal_weight=19.124 14.1332 9.97862 8.30516 7.74384 4.72642 1.31304 3.41339 4.1546 2.43544 1.03656 1.67346 3.01742
internal_count=1621 1162 381 221 199 142 54 88 781 32 21 160 57
is_linear=0
shrinkage=0.05


Tree=269
num_leaves=5
num_cat=0
split_feature=13 29 2 30
split_gain=3.5482 0.615133 0.403984 0.00222398
threshold=0.97000000000000008 25.500000000000004 1.0000000180025095e-35 115.68000000000002
decision_type=2 2 2 2
left_child=-1 2 -2 -4
right_child=1 -3 3 -5
leaf_value=-0.031184900761774853 0.0163196974983905 0.030632026808415209 -0.018964680930177336 -0.0033398375416603455
leaf_weight=4.8021996889729053 0.72771148383617368 4.1436165804043412 0.53217056207358837 0.55038095638155937
leaf_count=1290 23 287 13 8
internal_value=-0.00250262 0.0217893 -0.00214906 -0.016439
internal_weight=10.7561 5.95388 1.81026 1.08255
internal_count=1621 331 44 21
is_linear=0
shrinkage=0.05


Tree=270
num_leaves=4
num_cat=0
split_feature=17 53 30
split_gain=3.82153 0.843592 0.898616
threshold=0.9968553459119498 212.50000000000003 1462.0000000000002
decision_type=2 8 2
left_child=-1 -2 -3
right_child=1 2 -4
leaf_value=-0.032048775867220353 -0.017646606817537727 0.032085945462230418 -0.010970376937504625
leaf_weight=5.5855722797568887 0.64409464597702015 5.4310019332915545 0.96978820487856854
leaf_count=1216 5 392 8
internal_value=-0.00405979 0.0193567 0.0249616
internal_weight=12.6305 7.04488 6.40079
internal_count=1621 405 400
is_linear=0
shrinkage=0.05


Tree=271
num_leaves=6
num_cat=0
split_feature=9 27 29 30 28
split_gain=3.59545 0.976674 0.291169 0.356013 0.0237273
threshold=0.9967765931068685 93.200000000000017 25.500000000000004 124.24000000000002 188.00000000000003
decision_type=2 2 2 2 2
left_child=-1 -2 3 -3 -4
right_child=1 2 4 -5 -6
leaf_value=-0.031361489819384969 -0.016197884433236609 0.022569807366255825 0.031202172524232283 -0.0040039983992357694 0.0012197937870808428
leaf_weight=4.9646501836832604 1.1530329175293452 1.3254114277660831 4.5888817235827446 2.2119710836559534 0.15113453753292549
leaf_count=1236 10 30 315 25 5
internal_value=-0.000423651 0.0173088 0.0232191 0.00873265 0.0306252
internal_weight=14.3951 9.43043 8.2774 3.53738 4.74002
internal_count=1621 385 375 55 320
is_linear=0
shrinkage=0.05


Tree=272
num_leaves=10
num_cat=0
split_feature=21 0 34 37 29 34 32 35 3
split_gain=1.98208 1.98029 1.1594 0.486674 0.529192 0.863807 0.452483 0.364532 0.258653
threshold=1.0000000180025095e-35 150.50000000000003 24.500000000000004 192.00000000000003 24.500000000000004 47.500000000000007 130.40000000000003 1.0000000180025095e-35 1.5000000000000002
decision_type=2 2 2 8 2 2 2 10 2
left_child=1 2 -1 -4 5 -5 -6 -8 -3
right_child=-2 8 3 4 6 -7 7 -9 -10
leaf_value=-0.02130162836964275 0.031716268265120522 -0.030316796897400074 -0.012834504228256566 -0.020145211809262865 0.036266343589729307 0.031794046015541928 -0.01530081220846502 0.016987604559720041 0.0062424946685606247
leaf_weight=1.4643984236754493 4.705783466808497 4.1067475536838165 0.48915445338934649 1.2899251934140918 3.702423358336091 0.23537987656891335 0.63153871428221442 0.91104623954743147 0.19694173336029042
leaf_count=155 461 805 17 82 51 2 15 18 13
internal_value=0.00711012 -0.00340544 0.0102406 0.0184121 0.0220309 -0.00271385 0.0285092 0.00294984 -0.0277822
internal_weight=17.7333 13.0276 8.72387 7.25947 6.77031 1.52531 5.24501 1.54258 4.30369
internal_count=1619 1158 340 185 168 84 84 33 818
is_linear=0
shrinkage=0.05


Tree=273
num_leaves=13
num_cat=0
split_feature=9 28 27 1 4 4 30 29 30 29 30 33
split_gain=1.31397 1.19947 0.517509 0.881935 0.509003 0.206129 0.129379 0.0519795 0.0192608 0.0156718 0.00735729 3.54706e-05
threshold=1.0000000180025095e-35 86.000000000000014 112.80000000000003 5.0000000000000009 6.0000000000000009 6.0000000000000009 100.88000000000001 22.500000000000004 99.260000000000005 25.500000000000004 87.760000000000005 102.00000000000001
decision_type=2 2 2 2 2 2 2 2 2 2 2 2
left_child=1 5 3 6 -4 -1 8 -5 10 -9 -3 -8
right_child=-2 2 4 7 -6 -7 11 9 -10 -11 -12 -13
leaf_value=0.028555280516194909 -0.028033222271357655 0.0026590913624678597 0.020607358046392882 0.00027720672737489128 -0.015914390296148904 -0.0055197959559417573 -0.00031958939233352445 -0.053070283444380729 0.014427108559768276 -0.004915951171957607 -0.0031930493838438672 -0.0085563510839063179
leaf_weight=3.1173757403157656 2.9239102613646537 0.074108135886490567 1.2398675642907617 0.043730254983529337 0.7299563291016965 0.17210228997282673 0.081755928229540586 0.42647555493749678 0.60646697692573071 0.24346123309805989 0.092851105378940701 0.29251379915513098
leaf_count=206 866 3 79 7 204 54 18 4 28 51 32 67
internal_value=-0.00458676 0.00730741 -0.0107141 -0.0245997 0.00627194 0.0259013 0.0051862 -0.0475745 0.0127117 -0.0489936 -0.000542758 -0.00829889
internal_weight=10.0446 7.12066 3.83119 1.86136 1.96982 3.28948 1.1477 0.713667 0.773426 0.669937 0.166959 0.37427
internal_count=1619 753 493 210 283 260 148 62 63 55 35 85
is_linear=0
shrinkage=0.05


Tree=274
num_leaves=5
num_cat=0
split_feature=17 29 53 28
split_gain=3.43317 0.896947 0.812577 0.259649
threshold=0.9968553459119498 11.500000000000002 212.50000000000003 1462.0000000000002
decision_type=2 2 8 2
left_child=-1 -2 -3 -4
right_child=1 2 3 -5
leaf_value=-0.031704762820367521 -0.022243903054095085 -0.015536909050192707 0.031976241084146456 -0.0061853418888816536
leaf_weight=5.2255453185644001 0.41091245040297497 0.51849535852670658 5.2736876681447029 0.16439320147037495
leaf_count=1212 3 4 399 1
internal_value=-0.00468113 0.0187893 0.0244106 0.0300411
internal_weight=11.593 6.36749 5.95658 5.43808
internal_count=1619 407 404 400
is_linear=0
shrinkage=0.05


Tree=275
num_leaves=6
num_cat=0
split_feature=9 0 34 29 37
split_gain=3.06683 0.727484 0.38933 0.48425 0.0768372
threshold=0.9967765931068685 150.50000000000003 24.500000000000004 24.500000000000004 192.00000000000003
decision_type=2 2 2 2 10
left_child=-1 2 -2 -4 -5
right_child=1 -3 3 4 -6
leaf_value=-0.030977142437578917 0.019997482586866133 0.029740183249789977 0.017273410017979461 -0.0040821001110811338 -0.020374254954990793
leaf_weight=4.6280538369901469 1.0953612737357614 3.6314486358314753 0.80607337504625309 1.9739740379154682 1.3532574698328972
leaf_count=1226 53 283 28 16 13
internal_value=-0.00162807 0.0152892 0.00208922 -0.00562774 -0.0138855
internal_weight=13.4882 8.86011 5.22867 4.1333 3.32723
internal_count=1619 393 110 57 29
is_linear=0
shrinkage=0.05


Tree=276
num_leaves=12
num_cat=0
split_feature=21 0 34 29 34 4 31 39 5 30 26
split_gain=2.04673 1.56075 0.815366 0.420233 0.555717 0.289207 0.327725 0.328501 0.243993 0.0155225 0.00962214
threshold=1.0000000180025095e-35 154.50000000000003 24.500000000000004 24.500000000000004 47.500000000000007 6.0000000000000009 143.40000000000003 12.500000000000002 0.99724055188962224 124.24000000000002 580.00000000000011
decision_type=2 2 2 2 2 2 2 8 2 2 2
left_child=1 2 10 4 -4 6 -5 -8 -3 -7 -1
right_child=-2 8 3 5 -6 9 7 -9 -10 -11 -12
leaf_value=-0.020672274622462794 0.031335223314052661 0.0060427280172914424 -0.020200201518939399 0.025938599334455283 0.019663775237787978 -0.0089385049312274908 0.015647579925947962 -0.015869318519514074 -0.029902239075822148 0.0011687258013382119 -0.00027204642513337383
leaf_weight=1.3715087370947028 4.4489770969375959 0.18954649101942678 1.3066488741897027 4.7875350471585989 0.45877723582088936 0.38198324479162682 0.59599008131772246 0.71842155512422334 3.8469911757856607 0.23992228973656893 0.086848897859454044
leaf_count=160 469 13 90 54 3 19 10 14 807 10 4
internal_value=0.00528413 -0.00454197 0.00636577 0.0125416 -0.00647629 0.0177269 0.0208145 -0.000992389 -0.0273497 -0.00672279 -0.0200622
internal_weight=18.4332 13.9842 9.94764 8.48928 1.76543 6.72385 6.10195 1.31441 4.03654 0.621906 1.45836
internal_count=1653 1184 364 200 93 107 78 24 820 29 164
is_linear=0
shrinkage=0.05


Tree=277
num_leaves=15
num_cat=0
split_feature=28 17 4 1 27 27 17 28 28 30 48 39 27 29
split_gain=1.20942 0.788858 0.458948 0.292378 0.602281 0.329857 0.237783 0.123118 0.12257 0.0834075 0.0494414 0.043975 0.013671 0.00104553
threshold=86.000000000000014 1.0000000180025095e-35 1.0000000180025095e-35 5.0000000000000009 112.80000000000003 116.20000000000003 0.031483516483516487 98.000000000000014 106.00000000000001 117.76000000000001 48.000000000000007 12.500000000000002 128.80000000000004 27.500000000000004
decision_type=2 2 2 2 2 2 2 2 2 2 8 10 2 2
left_child=1 2 -1 6 10 -6 7 -2 -9 12 13 -10 -7 -5
right_child=3 -3 -4 4 5 9 -8 8 11 -11 -12 -13 -14 -15
leaf_value=-0.010417106395785457 -0.0082722377416529057 -0.017162044635685856 0.028609941502700128 0.00047866255416856101 0.013965941125643689 -0.0028907511154092334 -0.016678494415221568 0.01834394012211717 -0.0080887072289658381 -0.018319559623604875 -0.048459599249959122 0.0053553322366894553 0.005182981311650561 -0.0023285199133211603
leaf_weight=0.38233378366567228 0.2819635760970417 0.84058398846536864 3.218463497236371 0.071063802577555291 0.58048575185239348 0.083283245330676325 0.79671006905846287 0.89606971200555541 0.42787418095394969 1.499702285742387 0.8802782113198192 0.17579965479671955 0.24292239407077432 0.066014512209221721
leaf_count=94 81 310 221 9 40 26 263 43 57 316 139 7 27 20
internal_value=-0.00435509 0.0137285 0.0231025 -0.0177859 -0.0256563 -0.00599165 -0.00308589 0.00680295 0.0118126 -0.0150334 -0.0461431 -0.00327552 0.00249625 -0.00173212
internal_weight=10.4435 4.44138 3.6008 6.00217 3.42375 2.40639 2.57842 1.78171 1.49974 1.82591 1.01736 0.603674 0.326206 0.137078
internal_count=1653 625 315 1028 577 409 451 188 107 369 168 64 53 29
is_linear=0
shrinkage=0.05


Tree=278
num_leaves=4
num_cat=0
split_feature=17 29 28
split_gain=4.09646 0.733427 0.081891
threshold=0.9968553459119498 11.500000000000002 1062.0000000000002
decision_type=2 2 2
left_child=-1 -2 -3
right_child=1 2 -4
leaf_value=-0.031551411650405918 -0.011943721287723879 0.031643132153995834 -0.0011906159176618362
leaf_weight=5.0869551140349358 0.65039756149053563 5.018391840159893 0.12281614542007435
leaf_count=1240 4 407 2
internal_value=-0.00190764 0.0249414 0.0307926
internal_weight=10.8786 5.79161 5.14121
internal_count=1653 413 409
is_linear=0
shrinkage=0.05


Tree=279
num_leaves=8
num_cat=0
split_feature=9 0 1 2 25 37 30
split_gain=2.77024 0.767173 0.610287 0.562133 0.348303 0.203813 0.0937281
threshold=0.9967765931068685 163.00000000000003 5.0000000000000009 1.0000000180025095e-35 83.440000000000012 192.00000000000003 124.24000000000002
decision_type=2 2 2 2 2 10 2
left_child=-1 2 3 6 -4 -5 -2
right_child=1 -3 4 5 -6 -7 -8
leaf_value=-0.03078055614896319 -0.0036176184074713327 0.029176155956926422 -0.010381389437069524 0.019654533784428441 0.025596592027802591 -0.0077901715398046162 -0.02497968412976383
leaf_weight=4.4754888941533855 1.1130435615777972 3.3437596652656794 0.28473461233079467 0.98984573408961274 1.8196295341476796 0.3709876574575901 1.722446648404002
leaf_count=1258 16 276 2 34 52 5 10
internal_value=-0.00199667 0.0129973 0.00159092 -0.00908734 0.0189525 0.012042 -0.0197237
internal_weight=14.1199 9.64445 6.30069 4.19632 2.10436 1.36083 2.83549
internal_count=1653 395 119 65 54 39 26
is_linear=0
shrinkage=0.05


Tree=280
num_leaves=11
num_cat=0
split_feature=3 0 38 37 33 27 4 53 32 30
split_gain=1.81876 1.83243 0.476605 0.572106 0.309623 0.695866 0.245808 0.362254 0.0539002 0.193124
threshold=1.5000000000000002 150.50000000000003 5.5000000000000009 192.00000000000003 98.000000000000014 101.20000000000002 10.000000000000002 110.00000000000001 130.40000000000003 124.24000000000002
decision_type=2 2 10 10 2 2 2 8 2 2
left_child=1 2 3 4 -1 -6 7 -7 9 -9
right_child=-2 -3 -4 -5 5 6 -8 8 -10 -11
leaf_value=-0.017065018744489291 0.030371377535635197 -0.029834012177528603 -0.01742463171437356 0.0260846843059028 0.031762606884164164 0.01450025476041974 0.014681381735783011 -0.017149382512959801 -0.021121927222942309 0.0049610067973443117
leaf_weight=0.81064673885703076 4.1192659218795589 3.8002260706853113 0.80794354714453298 2.8830177737399936 0.91113857738673676 0.53953845798969302 0.52094673365354527 0.80124620441347416 1.1697427518665788 1.4563597794622183
leaf_count=73 493 821 40 45 22 5 4 54 61 16
internal_value=0.00488721 -0.00431959 0.00731231 0.011019 0.00137648 0.00637956 -0.00362258 -0.00849822 -0.0145761 -0.00574171
internal_weight=17.8201 13.7008 9.90058 9.09264 6.20962 5.39897 4.48783 3.96689 3.42735 2.25761
internal_count=1634 1141 320 280 235 162 140 136 131 70
is_linear=0
shrinkage=0.05


Tree=281
num_leaves=5
num_cat=0
split_feature=13 52 34 34
split_gain=2.53942 1.1084 0.101036 0.0591544
threshold=0.97000000000000008 588.00000000000011 25.500000000000004 24.500000000000004
decision_type=2 10 2 2
left_child=-1 2 3 -2
right_child=1 -3 -4 -5
leaf_value=-0.030313687025173341 0.014605875798637938 -0.023286683096170335 0.029194988044985243 9.6020285372243596e-05
leaf_weight=4.1280434860382229 0.62541361525654759 0.68811463564634312 3.3604695051908493 1.2604922186583281
leaf_count=1290 42 3 277 22
internal_value=-0.0039321 0.0161441 0.0242159 0.0083016
internal_weight=10.0625 5.93449 5.24638 1.88591
internal_count=1634 344 341 64
is_linear=0
shrinkage=0.05


Tree=282
num_leaves=7
num_cat=0
split_feature=17 29 1 28 30 52
split_gain=2.93584 0.684415 0.208122 0.13715 0.0415009 0.142877
threshold=0.9968553459119498 25.500000000000004 5.0000000000000009 182.00000000000003 1046.0000000000002 276.00000000000006
decision_type=2 2 2 2 2 8
left_child=-1 2 4 -3 5 -2
right_child=1 3 -4 -5 -6 -7
leaf_value=-0.031203436921178981 -0.011989994983831694 0.029582485089046859 0.011836844710493292 -0.00088534533719178551 -0.016206548713343417 0.01070851726566893
leaf_weight=4.7719456036575139 0.39000800624489806 3.5845181765034799 0.44910737313330162 0.33970682136714447 0.87183473072946072 0.38820644468069077
leaf_count=1233 3 345 23 6 6 18
internal_value=-0.00514211 0.0170077 -0.00483476 0.0273008 -0.0121268 -0.00101256
internal_weight=10.7953 6.02338 2.09916 3.92422 1.65005 0.778214
internal_count=1634 401 50 351 27 21
is_linear=0
shrinkage=0.05


Tree=283
num_leaves=6
num_cat=0
split_feature=4 35 28 26 1
split_gain=2.64419 0.666776 0.37169 0.707886 0.326996
threshold=1.0000000180025095e-35 1.0000000180025095e-35 118.00000000000001 93.600000000000009 5.0000000000000009
decision_type=2 10 2 2 2
left_child=1 -1 3 -3 -4
right_child=-2 2 4 -5 -6
leaf_value=0.025449808766026701 -0.029807255455081106 -0.018615302137038357 -0.024961349711519084 0.022895316811181666 0.0099519540531456344
leaf_weight=5.2129056213889253 3.797220725333319 0.69519585557282049 1.0506621240638194 1.898467890685424 0.34963591955602158
leaf_count=303 1128 44 23 119 17
internal_value=0.000869336 0.0152021 -0.000590918 0.00968503 -0.0157296
internal_weight=13.0041 9.20687 3.99396 2.59366 1.4003
internal_count=1634 506 203 163 40
is_linear=0
shrinkage=0.05


Tree=284
num_leaves=10
num_cat=0
split_feature=3 0 34 35 26 33 21 41 31
split_gain=1.81122 1.40397 0.472344 0.407413 0.767758 0.497201 0.302354 0.214676 0.00875315
threshold=1.5000000000000002 154.50000000000003 24.500000000000004 1.0000000180025095e-35 100.80000000000003 98.000000000000014 0.99724055188962224 19.500000000000004 131.00000000000003
decision_type=2 2 2 10 2 2 2 10 2
left_child=1 2 6 4 5 -4 -1 -5 -6
right_child=-2 -3 3 7 8 -7 -8 -9 -10
leaf_value=-0.021929249879511309 0.030020529620324532 -0.029016393442780605 -0.010574029688627435 0.023422349100792883 -0.006266854946527952 0.033784403709473367 0.010637096270278881 -0.002607144333055512 -0.020221091066538945
leaf_weight=1.3788447678089157 3.8927087993361047 3.3579736389219752 0.38597705354914091 3.4001466548070312 1.5501152416691186 0.85185484401881695 0.32186259329318989 0.73879479663446534 1.0380502552725372
leaf_count=166 491 791 33 41 29 12 2 19 28
internal_value=0.00399455 -0.00537051 0.00479471 0.0099548 -0.00192382 0.0214084 -0.0141095 0.0191729 -0.0159393
internal_weight=16.9163 13.0236 9.66565 7.96494 3.826 1.23783 1.70071 4.13894 2.58817
internal_count=1612 1121 330 162 102 45 168 60 57
is_linear=0
shrinkage=0.05


Tree=285
num_leaves=6
num_cat=0
split_feature=13 52 29 32 32
split_gain=2.39391 0.968477 0.100448 0.159098 0.306057
threshold=0.97000000000000008 588.00000000000011 25.500000000000004 108.40000000000002 99.600000000000037
decision_type=2 10 2 2 2
left_child=-1 2 3 4 -2
right_child=1 -3 -4 -5 -6
leaf_value=-0.029858127835031535 0.013249200278100682 -0.020161489095993745 0.028931162777383463 0.01749487656401744 -0.018604718814251638
leaf_weight=3.831617938587442 0.52496343571692683 0.75540333986282338 3.2466211253777146 0.80120600014924992 0.53502669930458069
leaf_count=1268 20 4 289 22 9
internal_value=-0.00314518 0.0161186 0.0239066 0.00809371 -0.00405545
internal_weight=9.69484 5.86322 5.10782 1.8612 1.05999
internal_count=1612 344 340 51 29
is_linear=0
shrinkage=0.05


Tree=286
num_leaves=5
num_cat=0
split_feature=17 29 34 52
split_gain=2.94251 0.642438 0.192917 0.313125
threshold=0.9968553459119498 25.500000000000004 47.500000000000007 276.00000000000006
decision_type=2 2 2 8
left_child=-1 2 3 -2
right_child=1 -3 -4 -5
leaf_value=-0.030857609272882114 -0.011838478889479037 0.029445660020193543 -0.016463615905861845 0.018561188399791189
leaf_weight=4.48830756242387 0.63469711504876625 3.4992025028914213 0.51747020334005345 0.89366212859749805
leaf_count=1222 7 344 3 36
internal_value=-0.00417469 0.018838 -0.00301617 0.00624765
internal_weight=10.0333 5.54503 2.04583 1.52836
internal_count=1612 390 46 43
is_linear=0
shrinkage=0.05


Tree=287
num_leaves=13
num_cat=0
split_feature=17 27 53 21 29 1 25 28 29 34 30 30
split_gain=1.43537 0.895351 0.118602 0.124247 0.0704454 0.145569 0.178496 0.125519 0.055167 0.0342312 0.0191499 0.00480221
threshold=1.0000000180025095e-35 93.200000000000017 110.00000000000001 0.12194876734595587 25.500000000000004 5.0000000000000009 114.72000000000001 78.000000000000014 99.500000000000014 150.50000000000003 94.000000000000014 83.840000000000018
decision_type=2 2 8 2 2 2 2 2 2 2 2 2
left_child=1 8 -3 4 5 6 -4 -6 -1 -10 11 -9
right_child=-2 2 3 -5 7 -7 -8 10 9 -11 -12 -13
leaf_value=-0.022057255277522149 -0.026999243522999063 -0.005605955502596318 0.013390457963153031 -0.0054700989743986309 -0.0042307005256756857 0.018425072430967193 -0.0073047242160889474 0.0027227898402061193 0.0054457192628383361 -0.0064241641377100131 0.024741530056319905 -0.0020601315318860458
leaf_weight=1.0104499361477781 2.547400735085831 0.15992734953760823 0.65454849274829063 0.1649993339087813 0.12679878412745882 1.1558776141609999 1.8166248959023503 0.084214232163503655 0.23243258683942247 0.20612222934141755 4.0464325041975826 0.057962601073086262
leaf_count=75 861 2 29 16 39 35 19 7 15 66 431 17
internal_value=0.000612977 0.00969613 0.0161091 0.017106 0.0181342 0.00892635 0.00045532 0.022738 -0.0185307 -0.000720755 0.0242125 0.00067638
internal_weight=12.2638 9.71639 8.26739 8.10746 7.94246 3.62705 2.47117 4.31541 1.449 0.438555 4.18861 0.142177
internal_count=1612 751 595 593 577 83 48 494 156 81 455 24
is_linear=0
shrinkage=0.05


Tree=288
num_leaves=12
num_cat=0
split_feature=3 0 34 33 27 35 25 32 4 25 32
split_gain=1.61536 1.57659 0.595473 0.384284 0.497387 0.635152 0.456714 0.3377 0.150759 0.0877901 0.0127611
threshold=1.5000000000000002 141.00000000000003 24.500000000000004 98.000000000000014 101.20000000000002 1.0000000180025095e-35 127.60000000000001 80.800000000000011 10.000000000000002 119.84000000000002 141.20000000000002
decision_type=2 2 2 2 2 10 2 2 2 2 2
left_child=1 2 8 7 -5 10 9 -4 -1 -7 -6
right_child=-2 -3 3 4 5 6 -8 -9 -10 -11 -12
leaf_value=-0.020762305009246369 0.029686810192116043 -0.029129702074175774 0.013529675503716553 0.036949734756517784 -0.0039447611071476143 -0.012768953409095233 0.029928819224556025 -0.018946868286277091 0.0063351043760854937 0.0056320675864349433 -0.015085841830003777
leaf_weight=1.2158900401555017 3.6948956414125851 3.4095808691345146 0.45353652536869027 1.3008871152997015 1.5261844648048284 0.48478396423161063 1.8496226519346235 0.96748366765677929 0.16813252866268147 0.38536253105849028 0.62740449933335174
leaf_count=150 492 825 3 16 27 14 15 52 1 8 25
internal_value=0.00464409 -0.00448417 0.00685538 0.0124509 0.0173719 0.00674456 0.0199284 -0.00727453 -0.016194 -0.00596567 -0.010945
internal_weight=16.0838 12.3889 8.97929 7.59527 6.17425 4.87336 2.71977 1.42102 1.38402 0.870146 2.15359
internal_count=1628 1136 311 160 105 89 37 55 151 22 52
is_linear=0
shrinkage=0.05


Tree=289
num_leaves=5
num_cat=0
split_feature=13 29 2 30
split_gain=2.04342 0.998072 0.620346 0.0603877
threshold=0.97000000000000008 25.500000000000004 1.0000000180025095e-35 115.68000000000002
decision_type=2 2 2 2
left_child=-1 2 -2 -4
right_child=1 -3 3 -5
leaf_value=-0.029567127486042528 0.016091388614513393 0.028820004261268063 -0.028615336872751609 -0.0027856598419322347
leaf_weight=3.6671536499634385 0.71494296565651905 3.1653399020433426 0.89030859805643559 0.52595747821033001
leaf_count=1298 25 283 14 8
internal_value=-0.00488734 0.0141821 -0.00981947 -0.0241458
internal_weight=8.9637 5.29655 2.13121 1.41627
internal_count=1628 330 47 22
is_linear=0
shrinkage=0.05


Tree=290
num_leaves=6
num_cat=0
split_feature=17 33 35 29 53
split_gain=2.5233 0.71198 0.396745 0.1211 0.0718919
threshold=0.9968553459119498 182.00000000000003 1.5000000000000002 25.500000000000004 110.00000000000001
decision_type=2 2 8 2 8
left_child=-1 2 -2 -3 -5
right_child=1 3 -4 4 -6
leaf_value=-0.030364480373597871 -0.0097858290544084736 -0.014309695675418286 0.029899582566547362 -0.0062627072847650685 0.011230554352485041
leaf_weight=4.1416954605374485 0.2458364963531493 1.08188353292644 3.7618928328156471 0.18164721131324757 0.41703129466623068
leaf_count=1206 1 14 377 2 28
internal_value=-0.00435968 0.0162836 0.0259972 -0.00793766 0.00532548
internal_weight=9.82999 5.68829 4.00773 1.68056 0.598679
internal_count=1628 422 378 44 30
is_linear=0
shrinkage=0.05


Tree=291
num_leaves=5
num_cat=0
split_feature=9 1 28 32
split_gain=2.8422 0.369833 0.657415 0.390836
threshold=0.9967765931068685 5.0000000000000009 122.00000000000001 95.200000000000017
decision_type=2 2 2 2
left_child=-1 2 3 -2
right_child=1 -3 -4 -5
leaf_value=-0.029792870451731009 -0.0085116291172957458 0.029317469590188314 -0.011983879423491259 0.026685352131691778
leaf_weight=3.8015865385532379 0.51270055025815997 3.0949717052280903 1.9812542982399461 2.3042125459760427
leaf_count=1247 6 189 16 170
internal_value=0.00130548 0.0179493 0.00682484 0.0197276
internal_weight=11.6947 7.89314 4.79817 2.81691
internal_count=1628 381 192 176
is_linear=0
shrinkage=0.05


Tree=292
num_leaves=10
num_cat=0
split_feature=21 0 34 38 35 27 33 32 5
split_gain=1.26922 1.53456 0.761025 0.424347 0.443982 0.468927 0.357936 0.261028 0.177221
threshold=1.0000000180025095e-35 163.00000000000003 24.500000000000004 5.5000000000000009 inf 101.20000000000002 98.000000000000014 130.40000000000003 0.99724055188962224
decision_type=2 2 2 10 8 2 2 2 2
left_child=1 2 -1 4 -4 6 -6 -7 -3
right_child=-2 8 3 -5 5 7 -8 -9 -10
leaf_value=-0.019030259599746718 0.029840782496422677 0.0048701432380692071 0.027415080525879973 -0.013428959631574755 -0.0088134741827409178 0.0045342377814375596 0.030540179723365864 -0.02003762012359081 -0.028491335536207509
leaf_weight=1.1440526349470044 3.5176897197961798 0.14765071589499656 4.1449260171502784 0.5152731370180853 0.30269642919302098 1.690681354608387 0.95862403139472008 1.0308815785683689 3.1146729905158281
leaf_count=149 453 12 73 16 29 25 15 35 821
internal_value=0.00699646 -0.000847261 0.00924618 0.0145743 0.0176264 0.00398195 0.0213749 -0.00765642 -0.0261931
internal_weight=16.5671 13.0495 9.78714 8.64308 8.12781 3.98288 1.26132 2.72156 3.26232
internal_count=1628 1175 342 193 177 104 44 60 833
is_linear=0
shrinkage=0.05


Tree=293
num_leaves=6
num_cat=0
split_feature=13 52 34 32 32
split_gain=1.90572 0.909204 0.115408 0.168211 0.243113
threshold=0.97000000000000008 588.00000000000011 25.500000000000004 115.60000000000002 99.600000000000037
decision_type=2 10 2 2 2
left_child=-1 2 3 4 -2
right_child=1 -3 -4 -5 -6
leaf_value=-0.02944137122858111 0.011433668108008225 -0.021723118885159383 0.027468810119902227 0.016449627989580697 -0.017635467441560783
leaf_weight=3.5898451836546883 0.42503300122916676 0.67288018763065327 2.6486643748357892 0.72365756332874298 0.55797862913459539
leaf_count=1314 20 3 252 28 11
internal_value=-0.00562232 0.013446 0.0219213 0.00634403 -0.00563906
internal_weight=8.61806 5.02821 4.35533 1.70667 0.983012
internal_count=1628 314 311 59 31
is_linear=0
shrinkage=0.05


Tree=294
num_leaves=4
num_cat=0
split_feature=17 53 33
split_gain=2.52524 0.685551 0.705771
threshold=0.9968553459119498 212.50000000000003 1462.0000000000002
decision_type=2 8 2
left_child=-1 -2 -3
right_child=1 2 -4
leaf_value=-0.030155381577488111 -0.016537578387732125 0.030519431854329638 -0.0087727599007259866
leaf_weight=3.9832350998185575 0.59811332076787938 4.1504852664656937 0.98362364247441281
leaf_count=1199 5 417 7
internal_value=-0.00344477 0.0168383 0.0227886
internal_weight=9.71546 5.73222 5.13411
internal_count=1628 429 424
is_linear=0
shrinkage=0.05


Tree=295
num_leaves=7
num_cat=0
split_feature=9 0 1 2 40 48
split_gain=2.03477 0.69273 0.488025 0.6274 0.171994 0.145052
threshold=0.9967765931068685 163.00000000000003 5.0000000000000009 1.0000000180025095e-35 19.500000000000004 80.000000000000014
decision_type=2 2 2 2 8 8
left_child=-1 2 3 -2 -4 -5
right_child=1 -3 4 5 -6 -7
leaf_value=-0.02947493492646712 -0.021765096643119503 0.027764010685478707 -0.004315514502571012 -0.005188940549734334 0.022496908127480245 0.018987959491689892
leaf_weight=3.609602983808144 2.4761492367833853 2.7529647359624505 0.42829264979809489 0.39932382106781017 1.3234060080721974 0.92568067926913511
leaf_count=1237 25 275 6 6 45 34
internal_value=-0.00247144 0.0111702 -3.80524e-05 -0.00965497 0.0167553 0.0126037
internal_weight=11.9154 8.30582 5.55285 3.80115 1.7517 1.325
internal_count=1628 391 116 65 51 40
is_linear=0
shrinkage=0.05


Tree=296
num_leaves=11
num_cat=0
split_feature=21 0 29 37 39 32 29 52 3 53
split_gain=1.41092 1.15044 0.710169 0.38136 0.492596 0.37132 0.333737 0.220078 0.132746 0.0589047
threshold=1.0000000180025095e-35 154.50000000000003 24.500000000000004 192.00000000000003 12.500000000000002 130.40000000000003 25.500000000000004 288.00000000000006 1.5000000000000002 110.00000000000001
decision_type=2 2 2 8 8 2 2 8 2 8
left_child=1 2 -1 -4 -5 6 -6 -7 -3 -8
right_child=-2 8 3 4 5 7 9 -9 -10 -11
leaf_value=-0.021171821748685909 0.029253234546412293 -0.028093291080780791 -0.014022579538459427 0.027471292783331533 0.018473046600152192 0.0087115625516730483 0.0042948493062199581 -0.020463236939978025 0.0038382027425977999 -0.013440517979247968
leaf_weight=1.1579233575612295 3.2462513330392548 2.9423717418685551 0.57070445176213702 2.8805392268113801 2.5109138963744049 0.27571105305105414 0.11551760137081135 1.1257126484997571 0.11292647849768389 0.63644977239891887
leaf_count=79 449 815 32 59 30 5 1 60 10 81
internal_value=0.00433743 -0.00392562 0.00527173 0.0109534 0.0142626 0.00269548 0.0111787 -0.013486 -0.0262576 -0.00981968
internal_weight=15.575 12.3288 9.27347 8.11555 7.54484 4.6643 3.26288 1.40142 3.0553 0.751967
internal_count=1621 1172 347 268 236 177 112 65 825 82
is_linear=0
shrinkage=0.05


Tree=297
num_leaves=5
num_cat=0
split_feature=13 52 29 2
split_gain=1.90632 0.822241 0.102968 0.150441
threshold=0.97000000000000008 588.00000000000011 25.500000000000004 1.0000000180025095e-35
decision_type=2 10 2 2
left_child=-1 2 3 -2
right_child=1 -3 -4 -5
leaf_value=-0.02881912594809077 0.016445096892649048 -0.018762054702918474 0.027739431312049079 -0.0045656819989955046
leaf_weight=3.2699026647023857 0.73757779970765081 0.73574066162109364 2.7596298512071371 1.0191811686381698
leaf_count=1279 26 4 289 23
internal_value=-0.00335803 0.0145678 0.0224142 0.00702118
internal_weight=8.52203 5.25213 4.51639 1.75676
internal_count=1621 342 338 49
is_linear=0
shrinkage=0.05


Tree=298
num_leaves=4
num_cat=0
split_feature=17 53 28
split_gain=2.99445 0.696761 0.216148
threshold=0.9968553459119498 212.50000000000003 1462.0000000000002
decision_type=2 8 2
left_child=-1 -2 -3
right_child=1 2 -4
leaf_value=-0.029858643667870111 -0.014315088348895022 0.031395489305308076 -0.0053815166524374619
leaf_weight=3.8029167782515287 0.47310783714056004 4.2306297980248928 0.14395263791084278
leaf_count=1217 4 399 1
internal_value=-0.000666722 0.0234237 0.0294092
internal_weight=8.65061 4.84769 4.37458
internal_count=1621 404 400
is_linear=0
shrinkage=0.05


Tree=299
num_leaves=7
num_cat=0
split_feature=9 0 1 2 52 37
split_gain=1.82451 0.660073 0.494202 0.652051 0.177285 0.146687
threshold=0.9967765931068685 169.50000000000003 5.0000000000000009 1.0000000180025095e-35 276.00000000000006 192.00000000000003
decision_type=2 2 2 2 8 10
left_child=-1 2 3 -2 -5 -4
right_child=1 -3 5 4 -6 -7
leaf_value=-0.029022452092018432 -0.02265337259375733 0.02716441189403428 0.022071804574624255 -0.006924769745128837 0.019463377287585612 -0.0032482497914384893
leaf_weight=3.3709828879218549 2.4114244747906923 2.5493320124223828 1.2552304621785877 0.33501852117478859 0.97522918693721306 0.45894091203808773
leaf_count=1229 25 273 43 5 36 10
internal_value=-0.00270986 0.0103919 -0.000472717 -0.0101829 0.0126393 0.0165936
internal_weight=11.3562 7.98518 5.43584 3.72167 1.31025 1.71417
internal_count=1621 392 119 66 41 53
is_linear=0
shrinkage=0.05


Tree=300
num_leaves=11
num_cat=0
split_feature=21 0 52 40 27 33 35 28 3 1
split_gain=1.54032 0.859914 0.263148 0.365285 0.353289 0.551882 0.207836 0.211667 0.139608 0.0828831
threshold=1.0000000180025095e-35 150.50000000000003 302.00000000000006 19.500000000000004 101.20000000000002 98.000000000000014 1.5000000000000002 122.00000000000001 1.5000000000000002 5.0000000000000009
decision_type=2 2 8 10 2 2 10 2 2 2
left_child=1 2 3 9 5 -4 -6 -8 -3 -1
right_child=-2 8 4 -5 6 -7 7 -9 -10 -11
leaf_value=0.022273488853068454 0.028816574116026974 -0.027839112399135713 -0.01451607160672299 -0.012520752306271891 -0.018155192762638897 0.025220808796343832 -0.011810632617677716 0.014048545415143285 0.0040584191552746661 0.00068593921503009626
leaf_weight=1.9546683984808604 3.0870245178230116 2.8397384444251652 0.64777962770313102 0.48313130158931006 2.5933390911668539 1.1173794362694023 0.46998506924137495 0.76939216768369079 0.12021760642528523 0.60003179032355536
leaf_count=50 460 818 72 30 120 26 32 7 11 15
internal_value=0.00226394 -0.00653156 0.00208384 0.0119714 -0.00428306 0.0106622 -0.0119481 0.00334733 -0.0258459 0.0188225
internal_weight=14.6827 11.5957 8.63571 3.03783 5.59788 1.76516 3.83272 1.23938 2.95996 2.5547
internal_count=1641 1181 352 95 257 98 159 39 829 65
is_linear=0
shrinkage=0.05


Tree=301
num_leaves=5
num_cat=0
split_feature=13 29 1 2
split_gain=2.11792 0.342205 0.362358 0.563884
threshold=0.97000000000000008 25.500000000000004 5.0000000000000009 1.0000000180025095e-35
decision_type=2 2 2 2
left_child=-1 2 -2 -4
right_child=1 -3 3 -5
leaf_value=-0.028590981694669566 0.017448509927116801 0.027504046938916511 0.013518436620932479 -0.030555473742599995
leaf_weight=3.1667453986592591 0.76845887489616838 2.6618674322962761 0.5418806504458189 0.60435448121279478
leaf_count=1311 15 285 21 9
internal_value=-0.0017998 0.018541 0.000919128 -0.013129
internal_weight=7.74331 4.57656 1.91469 1.14624
internal_count=1641 330 45 30
is_linear=0
shrinkage=0.05


Tree=302
num_leaves=6
num_cat=0
split_feature=17 33 35 29 52
split_gain=2.04641 0.605666 0.35078 0.0924894 0.198709
threshold=0.9968553459119498 182.00000000000003 1.5000000000000002 11.500000000000002 288.00000000000006
decision_type=2 2 8 2 8
left_child=-1 2 -2 -3 -5
right_child=1 3 -4 4 -6
leaf_value=-0.029409958466139464 -0.0091651219106692345 -0.015379485226121661 0.028850821813238454 -0.011466008815394151 0.013950919298177163
leaf_weight=3.5550256271380931 0.23327791690826449 0.53632196784019459 3.2198618715628982 0.52724611060693827 0.56727501703426253
leaf_count=1218 1 3 377 8 34
internal_value=-0.00443968 0.0149851 0.0248012 -0.00732629 0.00207852
internal_weight=8.63901 5.08398 3.45314 1.63084 1.09452
internal_count=1641 423 378 45 42
is_linear=0
shrinkage=0.05


Tree=303
num_leaves=5
num_cat=0
split_feature=9 32 28 1
split_gain=2.35254 0.529075 0.174927 0.552719
threshold=0.9967765931068685 95.200000000000017 122.00000000000001 5.0000000000000009
decision_type=2 2 2 2
left_child=-1 -2 -3 -4
right_child=1 2 3 -5
leaf_value=-0.028691646581514452 -0.011365729979671434 0.029218591061865175 -0.0084499373022108425 0.024329194551500715
leaf_weight=3.2143446214031428 0.80538007244467724 3.2126737073995173 1.7551914397627115 1.6574788331054151
leaf_count=1252 10 257 19 103
internal_value=0.00197728 0.0170735 0.0215678 0.00937598
internal_weight=10.6451 7.43072 6.62534 3.41267
internal_count=1641 389 379 122
is_linear=0
shrinkage=0.05


Tree=304
num_leaves=13
num_cat=0
split_feature=5 29 29 34 32 53 32 48 48 33 4 28
split_gain=1.03811 1.26716 0.332624 0.482369 0.292516 0.270263 0.167816 0.294682 0.232186 0.217865 0.16387 0.0281068
threshold=0.99724055188962224 25.500000000000004 24.500000000000004 47.500000000000007 82.800000000000011 110.00000000000001 130.40000000000003 320.00000000000006 inf 82.000000000000014 10.000000000000002 572.00000000000011
decision_type=2 2 2 2 2 8 2 8 8 2 2 2
left_child=-1 2 3 -2 -3 -6 7 9 -8 -4 11 -7
right_child=1 4 6 -5 5 10 8 -9 -10 -11 -12 -13
leaf_value=0.027973180682058646 -0.020328685018901092 0.0076559411903116895 0.014435912226421148 0.017257975284168919 0.0074560509270322735 -0.029447614886720944 0.012995704149315269 0.026983645322943763 -0.012191361959324555 -0.01155735004708712 0.004610092548092362 -0.00041926005213575391
leaf_weight=2.8828980545513323 1.1174334953539071 0.37319919746369112 0.42519712448120095 0.49401059700176109 0.22060291469097126 3.587724161101506 0.89547554776072469 2.8604842070490122 0.77432707976549875 0.85667690820991993 0.1238444298505782 0.11461756331846107
leaf_count=484 82 7 2 4 2 973 10 27 20 23 1 6
internal_value=0.00552402 -0.00169295 0.0105687 -0.00660977 -0.0204373 -0.0240317 0.0156026 0.0200853 0.00112427 -0.000387508 -0.0270159 -0.0288292
internal_weight=14.7265 11.8436 7.4236 1.61144 4.41999 4.04679 5.81216 4.14236 1.6698 1.28187 3.82619 3.70234
internal_count=1641 1157 168 86 989 982 82 52 30 25 980 979
is_linear=0
shrinkage=0.05


Tree=305
num_leaves=5
num_cat=0
split_feature=13 52 29 2
split_gain=1.62379 0.818411 0.104788 0.142138
threshold=0.97000000000000008 588.00000000000011 25.500000000000004 1.0000000180025095e-35
decision_type=2 10 2 2
left_child=-1 2 3 -2
right_child=1 -3 -4 -5
leaf_value=-0.028078189484518137 0.01580302520172356 -0.020382020415665746 0.027041000130477496 -0.0046742526023362671
leaf_weight=2.9483891144627705 0.69059794861823287 0.64693371951580037 2.5214988524094224 1.0126257762312889
leaf_count=1298 25 3 292 23
internal_value=-0.00361649 0.0134487 0.0215387 0.00640311
internal_weight=7.82005 4.87166 4.22472 1.70322
internal_count=1641 343 340 48
is_linear=0
shrinkage=0.05


Tree=306
num_leaves=4
num_cat=0
split_feature=17 53 33
split_gain=1.95273 0.503637 0.682317
threshold=0.9968553459119498 212.50000000000003 1462.0000000000002
decision_type=2 8 2
left_child=-1 -2 -3
right_child=1 2 -4
leaf_value=-0.028993446571309402 -0.01457250125539878 0.029316767662811924 -0.010010743643642
leaf_weight=3.3550230546388775 0.49453900754451741 3.448688774369657 0.9127281717956065
leaf_count=1222 4 409 6
internal_value=-0.0039923 0.0152826 0.0207545
internal_weight=8.21098 4.85596 4.36142
internal_count=1641 419 415
is_linear=0
shrinkage=0.05


Tree=307
num_leaves=7
num_cat=0
split_feature=9 2 1 30 26 26
split_gain=1.69812 0.524967 0.689169 0.336509 0.282053 0.240244
threshold=0.9967765931068685 1.0000000180025095e-35 5.0000000000000009 124.24000000000002 81.200000000000017 81.200000000000017
decision_type=2 2 2 2 2 2
left_child=-1 2 3 5 -4 -2
right_child=1 -3 4 -5 -6 -7
leaf_value=-0.028243247764195817 -0.011520800320883498 0.02622644084709376 -0.0087298498321602726 -0.022644192196518247 0.02453610062066976 0.01649581386925
leaf_weight=3.0194144712295383 0.45121271535754226 2.4552483423613012 0.27693672291934524 1.8225004137493668 1.7620181362144647 0.74045553943142295
leaf_count=1248 4 189 2 18 137 43
internal_value=-0.00157905 0.0112029 0.000776384 -0.0129347 0.018632 0.00547122
internal_weight=10.5278 7.50837 5.05312 3.01417 2.03895 1.19167
internal_count=1641 393 204 65 139 47
is_linear=0
shrinkage=0.05


Tree=308
num_leaves=12
num_cat=0
split_feature=5 34 34 27 33 32 33 41 32 4 27
split_gain=1.15475 0.913916 0.394901 0.346042 0.292989 0.546664 0.274852 0.39675 0.149538 0.0931981 0.00713468
threshold=0.99724055188962224 80.000000000000014 24.500000000000004 101.20000000000002 98.000000000000014 80.800000000000011 124.00000000000001 14.500000000000002 130.40000000000003 10.000000000000002 108.40000000000002
decision_type=2 2 2 2 2 2 2 10 2 2 2
left_child=-1 2 9 4 5 -4 10 8 -8 -2 -5
right_child=1 -3 3 6 -6 -7 7 -9 -10 -11 -12
leaf_value=0.027795063808161921 -0.019060722770345921 -0.026278893433575919 0.020712615782142757 -0.0011223186367516709 0.029987384467613749 -0.017788032661905394 0.0047135774723421897 0.022688023623498123 -0.014205825821991975 0.0044877985375365199 -0.017238056046768261
leaf_weight=2.8157745902426532 1.0176896839402596 2.3190305149182686 0.83418567478656791 0.22466554003767647 1.4677168503403661 0.86044492665678263 1.3424991797655828 1.0593711063265798 1.1075503798201678 0.12062077969312657 0.80239765765145421
leaf_count=501 154 772 5 12 17 51 8 12 32 1 52
internal_value=0.00398666 -0.00381466 0.00415251 0.00853889 0.018955 0.00181737 -0.000834316 0.00617044 -0.00547759 -0.0156336 -0.0160056
internal_weight=13.9719 11.1562 8.83714 7.69883 3.16235 1.69463 4.53648 3.50942 2.45005 1.13831 1.02706
internal_count=1617 1116 344 189 73 56 116 52 40 155 64
is_linear=0
shrinkage=0.05


Tree=309
num_leaves=5
num_cat=0
split_feature=13 52 34 2
split_gain=1.45591 0.6736 0.115307 0.182971
threshold=0.97000000000000008 588.00000000000011 25.500000000000004 1.0000000180025095e-35
decision_type=2 10 2 2
left_child=-1 2 3 -2
right_child=1 -3 -4 -5
leaf_value=-0.027784845596565196 0.015977132241816443 -0.017526586287108719 0.026166039363395066 -0.0070568149810068068
leaf_weight=2.8295473634498194 0.70651100855320714 0.71050995588302601 2.2495385720394552 0.90563912130892277
leaf_count=1299 33 4 257 24
internal_value=-0.00446786 0.0123588 0.0203314 0.00528967
internal_weight=7.40175 4.5722 3.86169 1.61215
internal_count=1617 318 314 57
is_linear=0
shrinkage=0.05


Tree=310
num_leaves=4
num_cat=0
split_feature=17 33 53
split_gain=1.97356 0.703461 0.202589
threshold=0.9968553459119498 1462.0000000000002 110.00000000000001
decision_type=2 2 8
left_child=-1 2 -2
right_child=1 -3 -4
leaf_value=-0.028793537364314406 -0.0055218265815837947 -0.013771625955192655 0.028734723122081307
leaf_weight=3.2511536884121597 0.15889112651348147 0.77719591557979573 3.1634431495331228
leaf_count=1220 2 5 390
internal_value=-0.00402894 0.0174058 0.0261979
internal_weight=7.35068 4.09953 3.32233
internal_count=1617 397 392
is_linear=0
shrinkage=0.05


Tree=311
num_leaves=6
num_cat=0
split_feature=9 35 27 33 29
split_gain=1.82533 0.614196 0.321048 0.6066 0.0314673
threshold=0.9967765931068685 1.0000000180025095e-35 93.200000000000017 124.00000000000001 25.500000000000004
decision_type=2 10 2 2 2
left_child=-1 -2 -3 -4 -5
right_child=1 2 3 4 -6
leaf_value=-0.027739560540381986 0.024851043239333018 -0.019301313612422474 0.022663394377429286 -0.018068433787831666 -0.0011138095238652863
leaf_weight=2.8129922475200146 4.1081482814624906 0.76116538047790561 1.4170749709010126 0.59363294951617696 0.49914610991254449
leaf_count=1219 273 5 94 9 17
internal_value=0.00102699 0.0139948 -0.00226595 0.00692761 -0.0145568
internal_weight=10.1922 7.37917 3.27102 2.50985 1.09278
internal_count=1617 398 125 120 26
is_linear=0
shrinkage=0.05


Tree=312
num_leaves=11
num_cat=0
split_feature=3 0 34 38 32 34 34 41 27 30
split_gain=0.733877 1.43661 0.542237 0.372159 0.25039 0.315876 0.17298 0.342301 0.152139 0.0268861
threshold=1.5000000000000002 154.50000000000003 24.500000000000004 5.5000000000000009 130.40000000000003 25.500000000000004 47.500000000000007 inf 80.40000000000002 124.24000000000002
decision_type=2 2 2 10 2 2 2 8 2 2
left_child=1 2 -1 4 5 -4 7 -6 -7 -10
right_child=-2 -3 3 -5 6 8 -8 -9 9 -11
leaf_value=-0.013922913466471412 0.027181020484949261 -0.026692124710839971 0.030794327418529645 -0.011875861630195148 0.013712165641657698 0.012262597975251173 0.016519568654526525 -0.016844149414642285 -0.012527304468375562 0.0016198785603199241
leaf_weight=1.0453127142973224 2.5944657223299155 2.4420642643235615 3.442731324583292 0.43204945977777232 0.65924312174320232 0.40261240303516366 0.50240379571914662 1.1382553800940514 0.48903020098805428 0.16815521568059921
leaf_count=147 487 832 42 16 11 3 2 44 47 4
internal_value=0.0076238 0.000976259 0.0111338 0.0160054 0.0190714 0.024943 0.00350125 -0.00474184 0.00021284 -0.0101143
internal_weight=13.3163 10.7219 8.27979 7.23448 6.80243 4.50253 2.2999 1.7975 1.0598 0.657185
internal_count=1635 1148 316 169 153 96 57 55 54 51
is_linear=0
shrinkage=0.05


Tree=313
num_leaves=13
num_cat=0
split_feature=9 28 27 1 4 4 31 29 29 34 29 2
split_gain=0.711165 0.65327 0.568895 0.665759 0.286241 0.09701 0.0514855 0.0389627 0.00505929 0.000395518 0.000368879 0.000395268
threshold=1.0000000180025095e-35 86.000000000000014 112.80000000000003 5.0000000000000009 6.0000000000000009 6.0000000000000009 103.20000000000002 24.500000000000004 418.50000000000006 719.50000000000011 3214.5000000000005 1.0000000180025095e-35
decision_type=2 2 2 2 2 2 2 2 2 2 2 2
left_child=1 5 3 6 -4 -1 -3 -5 9 -8 -10 -12
right_child=-2 2 4 7 -6 -7 8 -9 10 -11 11 -13
leaf_value=0.025059620239506961 -0.02397474861924492 0.011152013634408283 0.019965053146451237 0.00023215320973890373 -0.010785855772932259 -0.0033055266014625968 -0.0050031713677802809 -0.043519221005638466 0.0012990778540387183 3.0395629714236057e-05 -0.00087645802468986191 0.00054733970247216896
leaf_weight=2.0177147535141562 1.7617233644705264 0.47244861978106223 1.1275303186848757 0.041633366141468287 0.40258672344498325 0.096515954704955109 0.20219202653970569 0.61403726972639561 0.091321836225688457 0.02792293147649616 0.023900120402686298 0.028249002527445555
leaf_count=215 861 34 89 10 206 52 61 52 24 10 14 7
internal_value=-0.00320504 0.00664929 -0.0077214 -0.0233758 0.010809 0.0231191 0.00624059 -0.0422788 -0.00356761 -0.0048642 0.000947211 -0.00031802
internal_weight=6.90778 5.14605 3.03182 1.50171 1.53012 2.11423 0.846035 0.655671 0.373586 0.230115 0.143471 0.0521491
internal_count=1635 774 507 212 295 267 150 62 116 71 45 21
is_linear=0
shrinkage=0.05


Tree=314
num_leaves=4
num_cat=0
split_feature=17 53 33
split_gain=1.63613 0.51841 0.582512
threshold=0.9968553459119498 212.50000000000003 1462.0000000000002
decision_type=2 8 2
left_child=-1 -2 -3
right_child=1 2 -4
leaf_value=-0.028403769687096837 -0.015361543187197072 0.028413391216060804 -0.0083405053694807045
leaf_weight=3.0697956859366968 0.54492044448852528 3.0316868345253174 0.95641682296991337
leaf_count=1225 5 398 7
internal_value=-0.00477675 0.0134653 0.0196941
internal_weight=7.60282 4.53302 3.9881
internal_count=1635 410 405
is_linear=0
shrinkage=0.05


Tree=315
num_leaves=8
num_cat=0
split_feature=4 2 1 33 31 26 25
split_gain=1.05289 0.705105 0.855164 0.52187 0.227626 0.224941 0.00679339
threshold=1.0000000180025095e-35 1.0000000180025095e-35 5.0000000000000009 118.00000000000001 95.600000000000009 93.600000000000009 92.080000000000013
decision_type=2 2 2 2 2 2 2
left_child=1 2 3 5 -4 -1 -3
right_child=-2 6 4 -5 -6 -7 -8
leaf_value=-0.011166190684506541 -0.026774771074231509 0.0010574747661353644 -0.0075807312493922294 -0.034254510174274493 0.022281086953221403 0.01473979939379472 0.024598884623648468
leaf_weight=0.68412215064745419 2.4724270672304556 0.12440025049727443 0.30513893323950458 1.4053919353755189 1.5290579267311839 0.69607459823600948 2.204313105205074
leaf_count=35 1131 30 7 27 159 57 189
internal_value=-0.00409816 0.00632407 -0.00529285 -0.0201292 0.0163913 0.00260255 0.0240368
internal_weight=9.42093 6.9485 4.61979 2.78559 1.8342 1.3802 2.32871
internal_count=1635 504 285 119 166 92 219
is_linear=0
shrinkage=0.05


Tree=316
num_leaves=12
num_cat=0
split_feature=21 0 34 38 32 52 34 3 34 34 30
split_gain=0.806472 1.05941 0.628648 0.369318 0.178797 0.200886 0.397323 0.136346 0.101316 0.158968 0.0381809
threshold=1.0000000180025095e-35 154.50000000000003 24.500000000000004 5.5000000000000009 130.40000000000003 302.00000000000006 47.500000000000007 1.5000000000000002 25.500000000000004 41.000000000000007 124.24000000000002
decision_type=2 2 2 10 2 8 2 2 2 2 2
left_child=1 2 -1 4 8 -6 -7 -3 -4 10 -10
right_child=-2 7 3 -5 5 6 -8 -9 9 -11 -12
leaf_value=-0.017594424989192319 0.027605201767586154 -0.026096655993252438 0.025647953323752415 -0.012524746860721782 0.016284171219288067 -0.019107266178190477 0.014997452414877542 0.0042894738241286605 -0.011722599369992858 0.014198534205162122 0.0031872382555942092
leaf_weight=1.0212046208325753 2.6127732251770803 2.2661155897658314 3.5641932273283601 0.46969373011961568 0.68284529447555575 1.0374531112611292 0.54078561440110196 0.12813767651095975 0.44570448668673612 0.60567064443603158 0.11788851022720337
leaf_count=165 464 822 46 19 17 45 3 14 49 14 2
internal_value=0.00713637 0.000310811 0.00886495 0.0141359 0.017269 0.00355141 -0.00613686 -0.0236858 0.0220593 0.0043396 -0.00856005
internal_weight=13.4925 10.8797 8.48544 7.46423 6.99454 2.26108 1.57824 2.39425 4.73346 1.16926 0.563593
internal_count=1660 1196 360 195 176 65 48 836 111 65 51
is_linear=0
shrinkage=0.05


Tree=317
num_leaves=5
num_cat=0
split_feature=13 29 1 32
split_gain=1.54541 0.440211 0.586337 0.484411
threshold=0.97000000000000008 25.500000000000004 5.0000000000000009 115.60000000000002
decision_type=2 2 2 2
left_child=-1 2 -2 -4
right_child=1 -3 3 -5
leaf_value=-0.027239900748661273 0.018556916055570839 0.026381756833018494 -0.033342893985270357 0.010722149365783983
leaf_weight=2.625769573263824 0.86946212500333753 2.3056859937496483 0.70103657990694046 0.38601831253618002
leaf_count=1313 21 297 15 14
internal_value=-0.00237333 0.0152113 -0.00242344 -0.0200552
internal_weight=6.88797 4.2622 1.95652 1.08705
internal_count=1660 347 50 29
is_linear=0
shrinkage=0.05


Tree=318
num_leaves=6
num_cat=0
split_feature=17 33 36 27 52
split_gain=1.58616 0.462142 0.307983 0.0577374 0.169427
threshold=0.9968553459119498 182.00000000000003 9.5000000000000018 101.20000000000002 288.00000000000006
decision_type=2 2 8 2 8
left_child=-1 2 -2 -3 -5
right_child=1 3 -4 4 -6
leaf_value=-0.028321323065979589 -0.0087357383742448277 -0.012105050830812836 0.02728146923995356 -0.010820824965973527 0.013105559948955842
leaf_weight=3.0261028584791347 0.22418257594108615 0.61223586741834857 2.6036879196763039 0.48036950267851353 0.49439429119229317
leaf_count=1246 1 7 372 8 26
internal_value=-0.00501778 0.0132357 0.0228899 -0.0061655 0.00180581
internal_weight=7.44097 4.41487 2.82787 1.587 0.974764
internal_count=1660 414 373 41 34
is_linear=0
shrinkage=0.05


Tree=319
num_leaves=7
num_cat=0
split_feature=9 0 2 1 25 34
split_gain=1.22338 0.615789 0.378289 0.30767 0.159664 0.147418
threshold=0.9967765931068685 169.50000000000003 1.0000000180025095e-35 5.0000000000000009 83.440000000000012 37.500000000000007
decision_type=2 2 2 2 2 2
left_child=-1 2 3 -2 -5 -4
right_child=1 -3 5 4 -6 -7
leaf_value=-0.027427682660997023 -0.019177762267562081 0.025291846923579081 0.01868767967329673 -0.0092400730987446129 0.015580469257040064 -0.0063509549655061176
leaf_weight=2.6933048439677805 2.3476774720475082 2.0286633805371821 1.1296926382929084 0.23483212292194355 0.67621084116399288 0.25240269862115372
leaf_count=1266 26 279 51 1 34 3
internal_value=-0.00408655 0.00768642 -0.00312893 -0.011622 0.00769539 0.0133685
internal_weight=9.36278 6.66948 4.64082 3.25872 0.911043 1.3821
internal_count=1660 394 115 61 35 54
is_linear=0
shrinkage=0.05


Tree=320
num_leaves=10
num_cat=0
split_feature=21 0 34 38 35 27 33 41 3
split_gain=0.912163 0.864 0.459957 0.309027 0.47943 0.554038 0.329879 0.1385 0.0804062
threshold=1.0000000180025095e-35 154.50000000000003 24.500000000000004 5.5000000000000009 1.0000000180025095e-35 101.20000000000002 98.000000000000014 19.500000000000004 1.5000000000000002
decision_type=2 2 2 10 10 2 2 10 2
left_child=1 2 -1 4 5 6 -4 -6 -3
right_child=-2 8 3 -5 7 -7 -8 -9 -10
leaf_value=-0.01721040329630481 0.02704363380840338 -0.025847949823677142 -0.0095937640058616023 -0.013132469050630723 0.025996913427611304 -0.015377585904090441 0.026034243964392075 -0.00051017382053609669 0.0026837810239705201
leaf_weight=0.96292281523346712 2.4355072062462577 2.1974044200032945 0.33825538959354196 0.50081486161798228 3.2933850865811114 1.9776304797269402 1.0491582239046691 0.51377458265051235 0.076541561167687067
leaf_count=161 455 835 35 17 64 50 15 16 9
internal_value=0.00454658 -0.00232464 0.00540383 0.00989894 0.0129173 -0.00120947 0.0169679 0.0230578 -0.0243612
internal_weight=13.3454 10.9099 8.63594 7.67302 7.1722 3.36504 1.38741 3.80716 2.27395
internal_count=1657 1202 358 197 180 100 50 80 844
is_linear=0
shrinkage=0.05


Tree=321
num_leaves=6
num_cat=0
split_feature=13 52 29 1 32
split_gain=1.29771 0.619476 0.0801101 0.309176 0.302033
threshold=0.97000000000000008 588.00000000000011 25.500000000000004 5.0000000000000009 115.60000000000002
decision_type=2 10 2 2 2
left_child=-1 2 3 -2 -5
right_child=1 -3 -4 4 -6
leaf_value=-0.02689932841106725 0.018842843197490362 -0.016735857116284811 0.025404191535166293 -0.023889827959968059 0.010578706910406107
leaf_weight=2.5114217658992857 0.89477348048239969 0.69132500514388073 2.0626106495037675 0.40887718088924885 0.37917945347726345
leaf_count=1311 22 4 292 14 14
internal_value=-0.00356339 0.0121639 0.0199008 0.00620055 -0.010664
internal_weight=6.94819 4.43677 3.74544 1.68283 0.788057
internal_count=1657 346 342 50 28
is_linear=0
shrinkage=0.05


Tree=322
num_leaves=4
num_cat=0
split_feature=17 33 53
split_gain=1.45097 0.555125 0.417452
threshold=0.9968553459119498 1062.0000000000002 212.50000000000003
decision_type=2 2 8
left_child=-1 2 -2
right_child=1 -3 -4
leaf_value=-0.028048634525252476 -0.010810476580231007 -0.011944803229777798 0.027556091996680573
leaf_weight=2.9141320885391906 0.31307375431060824 0.99581267591565836 2.6975249275565147
leaf_count=1243 2 17 395
internal_value=-0.005799 0.0127546 0.0218657
internal_weight=6.92054 4.00641 3.0106
internal_count=1657 414 397
is_linear=0
shrinkage=0.05


Tree=323
num_leaves=6
num_cat=0
split_feature=9 52 38 37 28
split_gain=1.58257 0.540178 0.22231 0.147594 0.0131773
threshold=0.9967765931068685 302.00000000000006 5.5000000000000009 192.00000000000003 110.00000000000001
decision_type=2 8 10 10 2
left_child=-1 2 3 4 -2
right_child=1 -3 -4 -5 -6
leaf_value=-0.026971344135469116 0.0073606184053881104 0.021614072251236394 0.0118699627183846 -0.018529495552252844 -0.0014976621837083101
leaf_weight=2.5361206243978813 0.23037591855973016 4.6557205286808312 0.45154585642740119 1.2834819220006466 0.21005957014858723
leaf_count=1255 12 330 33 19 8
internal_value=0.000871135 0.013332 -0.00561742 -0.012874 0.00502908
internal_weight=9.3673 6.83118 2.17546 1.72392 0.440435
internal_count=1657 402 72 39 20
is_linear=0
shrinkage=0.05


Tree=324
num_leaves=15
num_cat=0
split_feature=21 29 27 40 27 33 25 32 32 25 5 27 48 29
split_gain=0.770815 0.926035 0.430997 0.253155 0.231196 0.357383 0.263734 0.204771 0.135378 0.133588 0.0482359 0.02627 0.0246307 0.000127694
threshold=1.0000000180025095e-35 25.500000000000004 80.40000000000002 19.500000000000004 101.20000000000002 98.000000000000014 119.84000000000002 80.800000000000011 130.40000000000003 572.00000000000011 0.99724055188962224 575.20000000000039 80.000000000000014 110.50000000000001
decision_type=2 2 2 10 2 2 2 2 2 2 2 2 8 2
left_child=1 3 12 4 5 7 -6 -1 -8 10 -4 -10 -3 -14
right_child=-2 2 9 -5 6 -7 8 -9 11 -11 -12 -13 13 -15
leaf_value=0.012987199958828237 0.026680847356891541 0.012007808733629742 0.0015173330489742451 -0.011494375902565059 -0.014483785750385579 0.033766719695084699 0.014823271169144295 -0.013508667612004317 -0.0075514485268103719 0.0029638059049899158 -0.027761891892579361 0.0029211735439622975 3.7212803333511727e-05 -0.0015012944988368896
leaf_weight=0.38934600399806951 2.3339294060133406 0.40215324889868531 0.041991169564426722 0.42085878970101465 0.59140524500981007 1.3020777902565894 2.1220528278499846 0.54350789939053357 0.51304713659919787 0.20587744819931675 2.8104546510148793 0.30782084446400404 0.099697795696556568 0.11646701628342271
leaf_count=4 459 7 8 18 30 15 19 41 27 15 963 9 12 16
internal_value=0.00588924 -0.00103158 -0.0182671 0.0103223 0.0133768 0.0231617 0.00344575 -0.00145227 0.00980839 -0.0247961 -0.0270489 -0.00417676 0.00939343 -0.00134457
internal_weight=12.2007 9.86676 3.67664 6.19012 5.76926 2.23493 3.53433 0.932854 2.94292 3.05832 2.85245 0.820868 0.618318 0.216165
internal_count=1643 1184 1021 163 145 60 85 45 55 986 971 36 35 28
is_linear=0
shrinkage=0.05


Tree=325
num_leaves=4
num_cat=0
split_feature=13 29 2
split_gain=1.15217 0.526111 0.513033
threshold=0.97000000000000008 25.500000000000004 1.0000000180025095e-35
decision_type=2 2 2
left_child=-1 2 -2
right_child=1 -3 -4
leaf_value=-0.026490749738510906 0.015531734106830376 0.025024118837107354 -0.022672036014679861
leaf_weight=2.3834590030601248 0.67223837599158309 1.9642710350453851 0.96498847380280495
leaf_count=1315 27 283 18
internal_value=-0.00487184 0.0120832 -0.00704434
internal_weight=5.98496 3.6015 1.63723
internal_count=1643 328 45
is_linear=0
shrinkage=0.05


Tree=326
num_leaves=4
num_cat=0
split_feature=17 53 29
split_gain=1.50285 0.399126 0.522193
threshold=0.9968553459119498 212.50000000000003 11.500000000000002
decision_type=2 8 2
left_child=-1 -2 -3
right_child=1 2 -4
leaf_value=-0.027386949813717105 -0.012804337620485795 -0.0095241496022747639 0.027988879538779696
leaf_weight=2.6645716822240502 0.41724571585655246 0.67474193871021304 2.8553327219560742
leaf_count=1217 4 3 419
internal_value=-0.00348828 0.014919 0.020299
internal_weight=6.61189 3.94732 3.53007
internal_count=1643 426 422
is_linear=0
shrinkage=0.05


Tree=327
num_leaves=5
num_cat=0
split_feature=9 32 28 1
split_gain=1.22836 0.433195 0.412601 0.680698
threshold=0.9967765931068685 95.200000000000017 122.00000000000001 5.0000000000000009
decision_type=2 2 2 2
left_child=-1 -2 -3 -4
right_child=1 2 3 -5
leaf_value=-0.026510838586770683 -0.013751075513281223 0.026972812158271266 -0.01500727543782201 0.021684634071466605
leaf_weight=2.3904076587641612 0.81613019853830326 2.4107754281722009 1.8803177690133452 1.2561478670686483
leaf_count=1251 10 262 18 102
internal_value=-0.00175933 0.00987625 0.0149217 0.00137751
internal_weight=8.75378 6.36337 5.54724 3.13647
internal_count=1643 392 382 120
is_linear=0
shrinkage=0.05


Tree=328
num_leaves=10
num_cat=0
split_feature=5 0 34 29 34 36 32 25 4
split_gain=0.839291 0.723186 0.309944 0.286825 0.29682 0.171934 0.250439 0.19539 0.0664818
threshold=0.99724055188962224 154.50000000000003 47.500000000000007 24.500000000000004 24.500000000000004 9.5000000000000018 139.60000000000002 127.60000000000001 10.000000000000002
decision_type=2 2 2 2 2 10 2 2 2
left_child=-1 2 3 -2 8 6 -6 -7 -5
right_child=1 -3 -4 4 5 7 -8 -9 -10
leaf_value=0.025606979412876509 -0.018358853148804321 -0.024938614134371852 0.020101693984036113 -0.01676493433615733 0.023012003694001221 -0.01281689400930551 -0.0047675692698749021 0.010549581825504207 0.003786999323774385
leaf_weight=2.1297657201066604 0.90979629172943521 1.9679610874736679 1.1951614646241067 0.80014271056279529 1.7939819218590858 0.91101850382983662 0.7267743945121764 0.71073790453374386 0.10199851542711258
leaf_count=489 76 807 10 152 25 21 19 9 1
internal_value=0.00316825 -0.00408608 0.00400947 -0.00164655 0.00390607 0.00964837 0.0159235 -0.00245856 -0.013672
internal_weight=11.2473 9.11757 7.14961 5.95445 5.04465 4.14251 2.52076 1.62176 0.902141
internal_count=1609 1120 313 303 227 74 44 30 153
is_linear=0
shrinkage=0.05


Tree=329
num_leaves=5
num_cat=0
split_feature=13 34 1 28
split_gain=1.18927 0.338311 0.301671 0.292111
threshold=0.97000000000000008 25.500000000000004 5.0000000000000009 98.000000000000014
decision_type=2 2 2 2
left_child=-1 2 -2 -4
right_child=1 -3 3 -5
leaf_value=-0.025923892564998219 0.014561141375218009 0.024479802089476019 0.0094270746486128081 -0.024800049979817093
leaf_weight=2.2223925992147997 0.56946819927543413 1.8386555979959665 0.32561573944985867 0.71262612007558346
leaf_count=1289 22 257 21 20
internal_value=-0.00317458 0.0140264 -0.00273163 -0.0147071
internal_weight=5.66876 3.44637 1.60771 1.03824
internal_count=1609 320 63 41
is_linear=0
shrinkage=0.05


Tree=330
num_leaves=4
num_cat=0
split_feature=17 33 53
split_gain=1.48418 0.432846 0.173608
threshold=0.9968553459119498 1462.0000000000002 110.00000000000001
decision_type=2 2 8
left_child=-1 2 -2
right_child=1 -3 -4
leaf_value=-0.026764757936957442 -0.0051443499298957441 -0.0073431329563314572 0.027197878900243683
leaf_weight=2.4653677719179541 0.14733848348260004 0.95991983264684666 2.5733714527450502
leaf_count=1195 2 7 405
internal_value=-0.00221885 0.0164281 0.0245345
internal_weight=6.146 3.68063 2.72071
internal_count=1609 414 407
is_linear=0
shrinkage=0.05


Tree=331
num_leaves=6
num_cat=0
split_feature=9 1 28 32 35
split_gain=1.23767 0.446037 0.585868 0.335525 0.0146824
threshold=0.9967765931068685 5.0000000000000009 122.00000000000001 90.800000000000026 inf
decision_type=2 2 2 2 8
left_child=-1 2 3 -2 -4
right_child=1 -3 4 -5 -6
leaf_value=-0.02584307826185589 -0.0085874078480026855 0.026038371951806524 -0.0207768222756873 0.023393055591893717 -0.0041792993971784707
leaf_weight=2.2014510242734104 0.58614162541925985 2.0546908881515265 0.81049362197518315 1.5769926002249119 0.82486898731440317
leaf_count=1226 9 185 10 169 10
internal_value=-0.000196172 0.0118133 0.000295907 0.0147521 -0.0171676
internal_weight=8.05464 5.85319 3.7985 2.16313 1.63536
internal_count=1609 383 198 178 20
is_linear=0
shrinkage=0.05


Tree=332
num_leaves=12
num_cat=0
split_feature=21 0 34 34 34 52 32 52 25 3 25
split_gain=0.575654 0.788754 0.444782 0.261516 0.220552 0.140755 0.171065 0.126822 0.106959 0.106304 0.0193397
threshold=1.0000000180025095e-35 154.50000000000003 47.500000000000007 24.500000000000004 25.500000000000004 524.00000000000011 103.20000000000002 302.00000000000006 127.60000000000001 1.5000000000000002 119.84000000000002
decision_type=2 2 2 2 2 8 2 10 2 2 2
left_child=1 2 3 -1 5 7 -7 10 -6 -3 -5
right_child=-2 9 -4 4 8 6 -8 -9 -10 -11 -12
leaf_value=-0.015389955316641177 0.025482388718832849 -0.024315981541733454 0.029688762334690085 -0.00035232588780528671 -0.015022407103383413 0.026930756671076778 0.0046381467763041686 -0.012566694287223165 0.004967668777499149 0.0037288195489462669 0.009925733827819222
leaf_weight=0.80941680842079033 2.0252781419549146 1.8304372647544367 0.85600122530013312 0.5730013847351072 0.7572387021500615 0.83527174405753646 2.6472937320359051 0.46515410626307119 0.46064198343083262 0.10967980977147807 0.44555582478642464
leaf_count=154 448 801 18 11 74 11 32 13 19 14 13
internal_value=0.00641762 0.000477334 0.00789161 0.00184335 0.00592718 0.0103454 0.0148 -0.00185937 -0.00863075 -0.0220015 0.00683359
internal_weight=11.815 9.78969 7.84958 6.99357 6.18416 4.96628 3.48257 1.48371 1.21788 1.94012 1.01856
internal_count=1608 1160 345 327 173 80 43 37 93 815 24
is_linear=0
shrinkage=0.05


Tree=333
num_leaves=14
num_cat=0
split_feature=28 9 1 25 28 25 25 4 29 39 27 37 29
split_gain=0.596071 0.417253 0.390303 0.328317 0.122533 0.12122 0.102791 0.0733186 0.0501298 0.0342477 0.02826 0.0174345 0.000483675
threshold=86.000000000000014 1.0000000180025095e-35 5.0000000000000009 114.72000000000001 98.000000000000014 116.08000000000001 103.48000000000002 6.0000000000000009 24.500000000000004 12.500000000000002 1030.0000000000002 192.00000000000003 18.500000000000004
decision_type=2 2 2 2 2 2 2 2 2 10 2 8 2
left_child=1 7 4 8 -2 -5 -6 -1 -4 12 11 -7 -8
right_child=2 -3 3 5 6 10 9 -9 -10 -11 -12 -13 -14
leaf_value=0.023620454585720367 -0.0099445900445222727 -0.012657829154718761 0.00033636114800669026 0.0093607169414154784 0.016002344766954481 0.0008485768905981127 -3.4131594089806222e-05 -0.0027398182846684951 -0.041053471276188053 0.0045567486758853297 0.002096832870557357 -0.01363849951748379 -0.0076174415587296684
leaf_weight=1.6996553086210044 0.36008216964546624 0.50835685397032637 0.059481374104507601 0.34155260724946834 0.6776562090963123 0.10938887356314808 0.030508698662742972 0.078724615392275044 0.75945686176419258 0.1482174446573481 0.10240576812066138 0.71887132432311773 0.44071745953988284
leaf_count=213 236 347 18 43 43 37 4 54 164 10 18 269 152
internal_value=-0.00429917 0.0126932 -0.0151556 -0.0257209 0.00283886 -0.00335882 0.00917192 0.0218874 -0.0395151 -0.00356765 -0.0104575 -0.0123076 -0.00748339
internal_weight=6.03508 2.28674 3.74834 2.09116 1.65718 1.27222 1.2971 1.77838 0.818938 0.619444 0.930666 0.82826 0.471226
internal_count=1608 614 994 549 445 367 209 267 182 166 324 306 156
is_linear=0
shrinkage=0.05


Tree=334
num_leaves=6
num_cat=0
split_feature=9 33 13 53 21
split_gain=0.498704 0.402686 0.53918 0.242299 0.151183
threshold=1.0000000180025095e-35 1452.0000000000002 0.22056034482758624 110.00000000000001 0.99724055188962224
decision_type=2 2 2 8 2
left_child=1 2 3 -1 -5
right_child=-2 -3 -4 4 -6
leaf_value=-0.007635606683146787 -0.023014463713285017 -0.01736331728922437 -0.015165996752208555 0.026695671490317679 -0.0046184837325906978
leaf_weight=0.23472349718213159 1.5799710181308908 0.6972880212124436 0.6767068653134628 2.4180058026686315 0.13462177664041508
leaf_count=3 844 14 339 405 3
internal_value=-0.00559212 0.00420014 0.0114579 0.0202194 0.024209
internal_weight=5.74132 4.16135 3.46406 2.78735 2.55263
internal_count=1608 764 750 411 408
is_linear=0
shrinkage=0.05


Tree=335
num_leaves=7
num_cat=0
split_feature=9 29 2 1 31 29
split_gain=1.06377 0.268151 0.255406 0.351073 0.187858 0.151626
threshold=0.9967765931068685 77.500000000000014 1.0000000180025095e-35 5.0000000000000009 95.600000000000009 47.500000000000007
decision_type=2 2 2 2 2 2
left_child=-1 2 3 -2 -5 -4
right_child=1 -3 5 4 -6 -7
leaf_value=-0.025635665930505654 -0.015166354195672808 0.022567212162132182 0.020254428342465033 -0.0088539402547323006 0.018534422009321014 -0.0060278694752619599
leaf_weight=2.1434719524113461 2.2141882367432117 1.4896182017400859 1.0770453084260223 0.22671835124492667 0.89353264961391687 0.2364526605233549
leaf_count=1226 27 250 55 1 41 8
internal_value=-0.0015406 0.00928703 0.00178878 -0.00565547 0.0114299 0.0149627
internal_weight=8.28103 6.13756 4.64794 3.33444 1.12025 1.3135
internal_count=1608 382 132 69 42 63
is_linear=0
shrinkage=0.05


Tree=336
num_leaves=11
num_cat=0
split_feature=5 0 29 34 32 33 32 33 32 32
split_gain=0.718069 0.613801 0.671912 0.355673 0.149443 0.113643 0.195012 0.0811306 0.0316299 0.0309685
threshold=0.99724055188962224 163.00000000000003 24.500000000000004 24.500000000000004 130.40000000000003 98.000000000000014 82.800000000000011 580.00000000000011 552.4000000000002 188.00000000000003
decision_type=2 2 2 2 2 2 2 2 2 2
left_child=-1 2 -2 8 5 6 -5 9 -4 -6
right_child=1 -3 3 4 7 -7 -8 -9 -10 -11
leaf_value=0.024612120384625666 -0.022175006893318056 -0.023934490343227439 -0.012778250159147787 0.013570117488733003 0.0017022993668160383 0.021598815255798372 -0.012204837402085269 0.0086358609164040624 0.0020766539116434386 -0.010564398131197354
leaf_weight=1.8922619887161989 1.1126413184683768 1.7534885617205871 0.86602560710161902 0.47841304540634144 0.42173985624685861 3.3845839044079185 0.46224284917116165 0.49333684332668781 0.13638518960215151 0.47653490304946899
leaf_count=479 79 814 151 4 10 32 18 7 9 11
internal_value=0.00269155 -0.00355211 0.00320462 0.00973548 0.014387 0.0181997 0.00114178 -0.000118007 -0.0107294 -0.00694234
internal_weight=11.4777 9.58539 7.8319 6.71926 5.71685 4.32524 0.940656 1.39161 1.00241 0.898275
internal_count=1614 1135 321 242 82 54 22 28 160 21
is_linear=0
shrinkage=0.05


Tree=337
num_leaves=6
num_cat=0
split_feature=13 52 34 1 2
split_gain=0.930405 0.548867 0.0772472 0.316629 0.371635
threshold=0.97000000000000008 588.00000000000011 25.500000000000004 5.0000000000000009 1.0000000180025095e-35
decision_type=2 10 2 2 2
left_child=-1 2 3 -2 -5
right_child=1 -3 -4 4 -6
leaf_value=-0.025219529029976123 0.018315268287497768 -0.017345073600689018 0.023728958222546146 0.011203324492785998 -0.027340559176451437
leaf_weight=2.0386452528182417 0.84111866913735933 0.59934832155704487 1.6943782153539357 0.41241827933117747 0.32890754844993353
leaf_count=1286 26 3 266 23 10
internal_value=-0.00393762 0.010132 0.0180382 0.00511581 -0.011778
internal_weight=5.91482 3.87617 3.27682 1.58244 0.741326
internal_count=1614 328 325 59 33
is_linear=0
shrinkage=0.05


Tree=338
num_leaves=3
num_cat=0
split_feature=17 53
split_gain=1.6517 0.678606
threshold=0.9968553459119498 212.50000000000003
decision_type=2 8
left_child=-1 -2
right_child=1 -3
leaf_value=-0.026295645387183056 -0.014394026218642778 0.02918865757872164
leaf_weight=2.3178694107336923 0.50427364930510554 2.7797165587544441
leaf_count=1208 5 401
internal_value=0.000216118 0.0206985
internal_weight=5.60186 3.28399
internal_count=1614 406
is_linear=0
shrinkage=0.05


Tree=339
num_leaves=5
num_cat=0
split_feature=9 1 28 27
split_gain=1.02617 0.383718 0.505597 0.314332
threshold=0.9967765931068685 5.0000000000000009 122.00000000000001 93.200000000000017
decision_type=2 2 2 2
left_child=-1 2 3 -2
right_child=1 -3 -4 -5
leaf_value=-0.025127898784016237 -0.0083477681828980285 0.024397108058010659 -0.013951335246362296 0.023011172261764454
leaf_weight=2.0167659524595365 0.55870248004794154 1.7322887899354098 2.1236735275015235 1.5184749402105806
leaf_count=1216 9 188 19 182
internal_value=-0.000869628 0.00981113 0.000261872 0.0146047
internal_weight=7.94991 5.93314 4.20085 2.07718
internal_count=1614 398 210 191
is_linear=0
shrinkage=0.05


Tree=340
num_leaves=12
num_cat=0
split_feature=5 33 1 30 52 32 4 27 32 26 30
split_gain=0.745582 0.904976 1.08504 0.506989 0.299511 0.197859 0.20574 0.149348 0.0964599 0.0694303 0.00627501
threshold=0.99724055188962224 118.00000000000001 5.0000000000000009 131.64000000000001 588.00000000000011 82.800000000000011 10.000000000000002 101.20000000000002 103.20000000000002 540.00000000000011 188.00000000000003
decision_type=2 2 2 2 10 2 2 2 2 2 2
left_child=-1 4 3 -3 5 -2 -7 -5 -6 10 -9
right_child=1 2 -4 7 8 6 -8 9 -10 -11 -12
leaf_value=0.024555162505124292 0.0039259385779262914 0.037166730384136468 -0.020813318859874679 0.013235513736377214 0.013741228367581949 -0.029124373924245689 0.005513362453451345 -0.00063054011923944543 -0.0067627004792877674 0.0041160545540355762 -0.013052744019962217
leaf_weight=1.8803651393391181 0.33759361971169743 1.5938812504755335 1.1849684066837651 0.56669742031954218 0.33891888533253212 3.1614780575037007 0.15914905816316594 0.22184157581068553 0.2120714980410412 0.45007168315351009 0.59778625227045268
leaf_count=499 13 21 282 7 7 710 2 10 35 8 44
internal_value=0.00233915 -0.0044123 0.00997433 0.0229071 -0.0190733 -0.0235193 -0.0265724 0.00179055 0.00657742 -0.00689842 -0.0118848
internal_weight=10.7048 8.82446 4.61525 3.43028 4.20921 3.65822 3.32063 1.8364 0.55099 1.2697 0.819628
internal_count=1638 1139 372 90 767 725 712 69 42 62 54
is_linear=0
shrinkage=0.05


Tree=341
num_leaves=3
num_cat=0
split_feature=13 52
split_gain=1.54951 0.559333
threshold=0.97000000000000008 588.00000000000011
decision_type=2 10
left_child=-1 -2
right_child=1 -3
leaf_value=-0.024851537248271854 0.028744935848232657 -0.014052576606138274
leaf_weight=1.9527762110810725 2.9533097567036752 0.31018173694610585
leaf_count=1307 330 1
internal_value=0.0035142 0.0223353
internal_weight=5.21627 3.26349
internal_count=1638 331
is_linear=0
shrinkage=0.05


Tree=342
num_leaves=4
num_cat=0
split_feature=17 33 53
split_gain=1.02718 0.324577 0.419008
threshold=0.9968553459119498 1462.0000000000002 212.50000000000003
decision_type=2 2 8
left_child=-1 2 -2
right_child=1 -3 -4
leaf_value=-0.025801083067755928 -0.011470296053391818 -0.0082609605308578363 0.025903166767313419
leaf_weight=2.1857259685639292 0.35331948101520616 0.91411227360367764 2.1908858269453049
leaf_count=1231 3 6 398
internal_value=-0.00464725 0.0115108 0.0189411
internal_weight=5.64404 3.45832 2.54421
internal_count=1638 407 401
is_linear=0
shrinkage=0.05


Tree=343
num_leaves=6
num_cat=0
split_feature=9 28 32 32 52
split_gain=0.866366 0.634515 0.594529 0.142097 0.0653535
threshold=0.9967765931068685 122.00000000000001 141.20000000000002 90.800000000000026 268.00000000000006
decision_type=2 2 2 2 10
left_child=-1 3 -3 -2 -4
right_child=1 2 4 -5 -6
leaf_value=-0.024661005766822099 -0.0021347438116388132 -0.020007529291564637 0.018455898575399969 0.026199321258995458 -0.002669721369287822
leaf_weight=1.9103041018825022 0.34824867919087443 1.9487114241346719 0.89354334445670225 2.1863793437369168 0.17256837384775281
leaf_count=1239 8 32 77 270 12
internal_value=-0.00216886 0.00815687 -0.00676987 0.0228038 0.0153993
internal_weight=7.45976 5.54945 3.01482 2.53463 1.06611
internal_count=1638 399 121 278 89
is_linear=0
shrinkage=0.05


Tree=344
num_leaves=8
num_cat=0
split_feature=5 0 27 53 33 32 52
split_gain=0.756549 0.440543 0.414728 0.388532 0.368781 0.295506 0.124213
threshold=0.99724055188962224 154.50000000000003 101.20000000000002 212.50000000000003 98.000000000000014 80.800000000000011 588.00000000000011
decision_type=2 2 2 8 2 2 10
left_child=-1 2 4 -4 5 -2 -5
right_child=1 -3 3 6 -6 -7 -8
leaf_value=0.023990118337509272 0.01329154536119896 -0.023218917277317543 0.015052498761077053 -0.017628212400271504 0.024391482994738867 -0.017241632624030185 0.0041642313741174298
leaf_weight=1.7615560849662859 0.46629989147186302 1.6164215966127811 0.54845203459262837 3.1553299906663601 1.5494541265070436 0.82360469386912882 0.38016969640739251
leaf_count=490 4 830 6 174 26 91 9
internal_value=0.0010208 -0.00573535 0.000761906 -0.00869316 0.0130835 -0.00521966 -0.0148834
internal_weight=10.3013 8.53973 6.92331 4.08395 2.83936 1.2899 3.5355
internal_count=1630 1140 310 189 121 95 183
is_linear=0
shrinkage=0.05


Tree=345
num_leaves=6
num_cat=0
split_feature=13 52 32 1 28
split_gain=0.789305 0.509496 0.108388 0.306793 0.480447
threshold=0.97000000000000008 588.00000000000011 108.40000000000002 5.0000000000000009 98.000000000000014
decision_type=2 10 2 2 2
left_child=-1 2 3 -2 -5
right_child=1 -3 -4 4 -6
leaf_value=-0.024230084908685563 0.017221754343890169 -0.017051893082699214 0.023609978890666832 0.01219347097862921 -0.031700244733720712
leaf_weight=1.81558392860461 0.78560804435983367 0.58634586632251728 1.6196390362456439 0.47209928836673498 0.2470787838101387
leaf_count=1288 60 3 218 53 8
internal_value=-0.00371629 0.00933351 0.0172189 0.00366043 -0.0125541
internal_weight=5.52635 3.71077 3.12443 1.50479 0.719178
internal_count=1630 342 339 121 61
is_linear=0
shrinkage=0.05


Tree=346
num_leaves=4
num_cat=0
split_feature=17 53 29
split_gain=0.971009 0.39779 0.411747
threshold=0.9968553459119498 212.50000000000003 11.500000000000002
decision_type=2 8 2
left_child=-1 -2 -3
right_child=1 2 -4
leaf_value=-0.025321479700131419 -0.013907785601779752 -0.0077296288973898938 0.026131457252242314
leaf_weight=2.0605725746136159 0.4857469275593761 0.72107311710715327 2.2363967678975314
leaf_count=1217 5 4 404
internal_value=-0.004135 0.0113893 0.0180086
internal_weight=5.50379 3.44322 2.95747
internal_count=1630 413 408
is_linear=0
shrinkage=0.05


Tree=347
num_leaves=3
num_cat=0
split_feature=9 27
split_gain=1.44564 0.399735
threshold=0.9967765931068685 93.200000000000017
decision_type=2 2
left_child=-1 -2
right_child=1 -3
leaf_value=-0.024437042191826498 -0.0096791572667521628 0.023973432693570693
leaf_weight=1.8603989135008303 0.49899011570960272 4.1731949113309383
leaf_count=1247 8 375
internal_value=0.00525857 0.0193065
internal_weight=6.53258 4.67219
internal_count=1630 383
is_linear=0
shrinkage=0.05


Tree=348
num_leaves=11
num_cat=0
split_feature=3 0 34 26 35 33 32 25 4 25
split_gain=0.552988 0.559707 0.222996 0.214471 0.395475 0.294474 0.286343 0.157022 0.064235 0.0493748
threshold=1.5000000000000002 154.50000000000003 24.500000000000004 102.80000000000003 1.0000000180025095e-35 98.000000000000014 82.800000000000011 127.60000000000001 10.000000000000002 119.84000000000002
decision_type=2 2 2 2 10 2 2 2 2 2
left_child=1 2 8 5 -5 6 -4 9 -1 -6
right_child=-2 -3 3 4 7 -7 -8 -9 -10 -11
leaf_value=-0.015587039677485127 0.023425649727440004 -0.022768686564351284 0.014505338579246744 -0.01317867834443915 -0.0095036031903688867 0.026141086340976935 -0.015720484763994493 0.019628770538633478 0.0039804942909364774 0.0047595232944335642
leaf_weight=0.70546154119074156 1.6523734387010343 1.5358538997825233 0.47150306403636955 1.9770116549916565 0.32345964759588253 1.4664648259058592 0.69686683383770287 1.1813606321811674 0.10716301202774048 0.29483893560245633
leaf_count=159 485 804 3 61 12 18 53 10 1 8
internal_value=0.00337653 -0.00241798 0.00415103 0.00759828 -0.000592561 0.0162718 -0.00245849 0.0130025 -0.0122342 -0.00396393
internal_weight=10.4124 8.75998 7.22413 6.41151 3.77667 2.63483 1.16837 1.79966 0.812625 0.618299
internal_count=1614 1129 325 165 91 74 56 30 160 20
is_linear=0
shrinkage=0.05


Tree=349
num_leaves=5
num_cat=0
split_feature=13 34 1 2
split_gain=0.666407 0.466441 0.463322 0.516551
threshold=0.97000000000000008 25.500000000000004 5.0000000000000009 1.0000000180025095e-35
decision_type=2 2 2 2
left_child=-1 2 -2 -4
right_child=1 -3 3 -5
leaf_value=-0.0240581071074919 0.015208284852897972 0.022428788953809876 0.011167901990842668 -0.032961892898809388
leaf_weight=1.779206115636043 0.61865590838715445 1.4640269475057719 0.411706886254251 0.90586784342303872
leaf_count=1295 22 259 23 15
internal_value=-0.00550784 0.00746023 -0.00764185 -0.0203036
internal_weight=5.17946 3.40026 1.93623 1.31757
internal_count=1614 319 60 38
is_linear=0
shrinkage=0.05


Tree=350
num_leaves=5
num_cat=0
split_feature=4 30 21 35
split_gain=0.59187 0.278195 0.304071 0.229961
threshold=6.0000000000000009 1450.0000000000002 1.0000000180025095e-35 1.5000000000000002
decision_type=2 2 2 8
left_child=-1 2 3 -2
right_child=1 -3 -4 -5
leaf_value=-0.022781256670455073 -0.0077513431748354594 -0.010214639614816997 -0.010609343018725672 0.023842515574530133
leaf_weight=1.5399785902118308 0.20364398148376617 0.88923776056617487 0.38981673319358368 2.2612259754678234
leaf_count=896 3 28 260 427
internal_value=-0.00373667 0.00724781 0.0139261 0.0197485
internal_weight=5.2839 3.74392 2.85469 2.46487
internal_count=1614 718 690 430
is_linear=0
shrinkage=0.05


Tree=351
num_leaves=5
num_cat=0
split_feature=9 32 33 35
split_gain=1.08778 0.28673 0.107956 0.309666
threshold=0.9967765931068685 90.800000000000026 124.00000000000001 1.5000000000000002
decision_type=2 2 2 10
left_child=-1 -2 -3 -4
right_child=1 2 3 -5
leaf_value=-0.023966692249635706 -0.008931197182294218 0.0252174593156273 0.015688796538574367 -0.011664752514789661
leaf_weight=1.7612528518075121 0.58133588545024384 1.9272198555991051 1.9110181606374683 0.73204388562589873
leaf_count=1235 9 223 127 20
internal_value=0.00239891 0.0138436 0.0178238 0.00699041
internal_weight=6.91287 5.15162 4.57028 2.64306
internal_count=1614 379 370 147
is_linear=0
shrinkage=0.05


Tree=352
num_leaves=11
num_cat=0
split_feature=21 35 27 38 37 33 40 1 31 27
split_gain=0.633642 0.499154 0.706093 0.548397 0.533239 0.449709 0.234477 0.0792123 0.022348 0.0120408
threshold=1.0000000180025095e-35 1.0000000180025095e-35 101.20000000000002 5.5000000000000009 192.00000000000003 98.000000000000014 19.500000000000004 5.0000000000000009 79.200000000000017 70.000000000000014
decision_type=2 10 2 10 8 2 10 2 2 2
left_child=1 2 5 4 -3 9 -6 -7 -4 -1
right_child=-2 3 8 -5 6 7 -8 -9 -10 -11
leaf_value=0.00074957311973408984 0.023774587645209028 -0.013672963281210156 0.00062592335991880745 -0.017313842074599652 0.026908371057680416 0.0037228396205108028 -0.0066048316187595118 0.028010739830410289 -0.029593008802859366 -0.015201509419290602
leaf_weight=0.029857707209883677 1.6646099009085453 0.55777608451899174 0.020716332830489015 0.81878018577117462 2.7177976247621705 0.94062048965133704 0.20849838329013426 0.31468442070763558 2.2072570758173242 0.74642660957761109
leaf_count=5 448 124 3 155 110 44 46 16 430 243
internal_value=0.00237093 -0.00384124 -0.0144499 0.00740516 0.01578 0.00602771 0.0234465 0.0195317 -0.0292052 -0.0145114
internal_weight=10.227 8.56241 4.25956 4.30285 3.48407 2.03159 2.9263 1.2553 2.22797 0.776284
internal_count=1624 1176 741 435 280 308 156 60 433 248
is_linear=0
shrinkage=0.05


Tree=353
num_leaves=6
num_cat=0
split_feature=13 1 28 26 48
split_gain=0.737159 0.430288 0.574393 0.466177 0.116366
threshold=0.97000000000000008 5.0000000000000009 98.000000000000014 115.20000000000002 320.00000000000006
decision_type=2 2 2 2 10
left_child=-1 -2 -3 -4 -5
right_child=1 2 3 4 -6
leaf_value=-0.023889184833283582 0.023322612940696125 0.016988183862575054 -0.037257232089882568 0.01292474133677733 -0.0084682456214957083
leaf_weight=1.7438620646134948 1.4894355637952688 0.81260938150808248 0.52852029539644696 0.51452943496406078 0.21835719048976898
leaf_count=1295 136 125 6 61 1
internal_value=-0.00386637 0.00901997 -0.00549702 -0.021089 0.00534227
internal_weight=5.30731 3.56345 2.07402 1.26141 0.732887
internal_count=1624 329 193 68 62
is_linear=0
shrinkage=0.05


Tree=354
num_leaves=4
num_cat=0
split_feature=17 53 29
split_gain=0.87053 0.319153 0.463973
threshold=0.9968553459119498 212.50000000000003 11.500000000000002
decision_type=2 8 2
left_child=-1 -2 -3
right_child=1 2 -4
leaf_value=-0.025103214061138929 -0.012737719574562364 -0.010586926186554796 0.02550386952556595
leaf_weight=2.0013128466671333 0.42446320876479182 0.61235338076949153 2.0747184809297323
leaf_count=1208 4 3 409
internal_value=-0.00525772 0.0105077 0.0166385
internal_weight=5.11285 3.11154 2.68707
internal_count=1624 416 412
is_linear=0
shrinkage=0.05


Tree=355
num_leaves=5
num_cat=0
split_feature=9 35 38 37
split_gain=1.19677 0.729173 0.195748 0.208203
threshold=0.9967765931068685 1.0000000180025095e-35 5.5000000000000009 192.00000000000003
decision_type=2 10 10 8
left_child=-1 -2 3 -3
right_child=1 2 -4 -5
leaf_value=-0.023850303996496208 0.030635219843946883 0.0093456113203139908 0.011962620027377179 -0.017162572278062737
leaf_weight=1.7363737736595792 2.5404797757510096 0.3195450077764691 0.45963964471593488 1.5104343676939607
leaf_count=1234 264 31 52 43
internal_value=0.00395265 0.0163241 -0.00404072 -0.0108671
internal_weight=6.56647 4.8301 2.28962 1.82998
internal_count=1624 390 126 74
is_linear=0
shrinkage=0.05


Tree=356
num_leaves=12
num_cat=0
split_feature=21 34 52 29 52 32 25 29 5 29 28
split_gain=0.546595 0.535947 0.480852 0.384654 0.207236 0.137082 0.122241 0.113919 0.092997 0.019923 0.0141782
threshold=1.0000000180025095e-35 25.500000000000004 302.00000000000006 25.500000000000004 302.00000000000006 143.20000000000002 99.920000000000016 77.500000000000014 0.99724055188962224 30.500000000000004 580.00000000000011
decision_type=2 2 8 2 10 2 2 2 2 2 2
left_child=1 3 7 4 5 6 -1 9 -4 -3 -7
right_child=-2 2 8 -5 -6 10 -8 -9 -10 -11 -12
leaf_value=0.0017240286976230462 0.023620351253965444 -0.00035275478226611646 0.0028901065611310638 -0.014348733732254813 -0.0051252272921142924 -0.0031912740582264705 0.027990992981024549 -0.007191296608919609 -0.027267010379962337 0.015333022835644645 0.0039235808386172064
leaf_weight=0.6965757333673549 1.6404475225135682 0.1804195852018895 0.083093366120010947 0.68380095274187613 0.70824745297431935 0.52296361001208413 1.6751894042827187 0.26442039280664176 2.1381679165642709 0.65283792524132878 0.29682011576369405
leaf_count=18 465 7 14 159 14 20 22 122 774 30 6
internal_value=0.00387769 -0.00241345 -0.0154215 0.00808056 0.0141392 0.018617 0.0230758 0.00754824 -0.0255919 0.0135969 0.000125281
internal_weight=9.54298 7.90254 3.31894 4.5836 3.8998 3.19155 2.37177 1.09768 2.22126 0.833258 0.819784
internal_count=1651 1186 947 239 80 66 40 159 788 37 26
is_linear=0
shrinkage=0.05


Tree=357
num_leaves=6
num_cat=0
split_feature=13 1 28 27 33
split_gain=0.827448 0.268728 0.416182 0.312286 0.100981
threshold=0.97000000000000008 5.0000000000000009 98.000000000000014 112.80000000000003 580.00000000000011
decision_type=2 2 2 2 2
left_child=-1 -2 -3 -4 -5
right_child=1 2 3 4 -6
leaf_value=-0.023492203660335359 0.022937058528931183 0.016070789746394584 -0.03346479524378098 0.011701291448329003 -0.0082669345144936665
leaf_weight=1.6671330046956425 1.4387160362675786 0.73814963130280375 0.21084225876256824 0.44710710737854242 0.21389584243297577
leaf_count=1312 147 123 3 65 1
internal_value=-0.00217102 0.0124108 -0.00217982 -0.0179624 0.00415281
internal_weight=4.71584 3.04871 1.60999 0.871845 0.661003
internal_count=1651 339 192 69 66
is_linear=0
shrinkage=0.05


Tree=358
num_leaves=4
num_cat=0
split_feature=17 53 25
split_gain=1.2639 0.47895 0.155804
threshold=0.9968553459119498 212.50000000000003 1460.6800000000001
decision_type=2 8 2
left_child=-1 -2 -3
right_child=1 2 -4
leaf_value=-0.024735082038853714 -0.012414817117910974 0.028283361493482442 -0.0045547408180625143
leaf_weight=1.9171397724421693 0.41186207160353694 2.4018556927330796 0.12238644808530796
leaf_count=1240 4 406 1
internal_value=0.000242606 0.0186925 0.0258506
internal_weight=4.85324 2.9361 2.52424
internal_count=1651 411 407
is_linear=0
shrinkage=0.05


Tree=359
num_leaves=7
num_cat=0
split_feature=9 0 2 29 33 26
split_gain=0.607985 0.38042 0.244516 0.104812 0.0440398 0.292927
threshold=0.9967765931068685 163.00000000000003 1.0000000180025095e-35 34.500000000000007 124.00000000000001 81.200000000000017
decision_type=2 2 2 2 2 2
left_child=-1 2 4 -4 5 -2
right_child=1 -3 3 -5 -6 -7
leaf_value=-0.023432674496619139 -0.016296197427414588 0.021429046545995877 0.01572831400534239 -0.005909934130143746 -0.015715317896343128 0.014115536799850609
leaf_weight=1.6563524632365441 0.60747405886650108 1.3195086836349217 0.82779236277565382 0.19723828369751573 1.2268366045318542 0.57032336900010705
leaf_count=1252 5 291 47 3 28 25
internal_value=-0.00403662 0.00562727 -0.00391739 0.0107023 -0.0114624 -0.00185038
internal_weight=6.40553 4.74917 3.42966 1.02503 2.40463 1.1778
internal_count=1651 399 108 50 58 30
is_linear=0
shrinkage=0.05


Tree=360
num_leaves=11
num_cat=0
split_feature=13 1 21 33 33 26 28 2 25 26
split_gain=0.76002 0.462429 0.46924 0.417116 0.372388 0.228283 0.218794 0.132429 0.018655 0.00206271
threshold=0.97000000000000008 5.0000000000000009 0.00019178241947741782 118.00000000000001 94.000000000000014 81.200000000000017 590.00000000000011 1.0000000180025095e-35 92.080000000000013 109.20000000000002
decision_type=2 2 2 2 2 2 2 2 2 2
left_child=1 3 5 4 8 -3 -2 -5 -1 -10
right_child=6 2 -4 7 -6 -7 -8 -9 9 -11
leaf_value=0.015871778312490419 -0.023422079126984831 0.0080470657213237758 0.016644568590571035 0.033086679191683684 -0.014800146492877154 -0.022582942385222547 0.0071686551581295714 0.00076114720567519139 -0.0019467913980218132 0.0012589139520334529
leaf_weight=1.243287186836824 1.535710545373149 0.24957295507192645 0.76857223385013629 2.3969763793284078 0.93494120077230025 1.4369693866465238 0.25728743895888317 0.40222447970882047 0.054680283064953872 0.044516955502331257
leaf_count=273 313 6 202 78 219 410 4 44 34 11
internal_value=0.005208 0.0122073 -0.00449809 0.019697 0.00190066 -0.0167422 -0.0180374 0.0298647 0.0148845 -0.000671659
internal_weight=9.32474 7.53174 2.45511 5.07663 2.27743 1.68654 1.793 2.7992 1.34248 0.0991972
internal_count=1594 1277 618 659 537 416 317 122 318 45
is_linear=0
shrinkage=0.05


Tree=361
num_leaves=3
num_cat=0
split_feature=13 25
split_gain=1.27067 0.245294
threshold=0.97000000000000008 590.00000000000011
decision_type=2 2
left_child=-1 -2
right_child=1 -3
leaf_value=-0.022855940030199209 0.027259846163073378 -0.0061525554942506548
leaf_weight=1.552373989659827 2.4340923698619013 0.27079338673502196
leaf_count=1277 312 5
internal_value=0.00522274 0.023157
internal_weight=4.25726 2.70489
internal_count=1594 317
is_linear=0
shrinkage=0.05


Tree=362
num_leaves=7
num_cat=0
split_feature=17 33 35 33 33 33
split_gain=0.626118 0.335542 0.194544 0.000766573 0.0180222 0.000819505
threshold=0.9968553459119498 182.00000000000003 1.5000000000000002 1462.0000000000002 196.00000000000003 1062.0000000000002
decision_type=2 2 8 2 2 2
left_child=-1 2 -2 4 -3 -6
right_child=1 3 -4 -5 5 -7
leaf_value=-0.024027862098462645 -0.0071784777597110466 -0.0054812680955641339 0.022743045899031283 -0.0094545239497387454 0.0037223088944156111 4.2202535084645436e-05
leaf_weight=1.7662542769685385 0.18871665000915538 0.16634270781651117 1.5233152001164854 0.85855947621166706 0.10948278522118926 0.20203267922624946
leaf_count=1189 1 3 364 6 20 11
internal_value=-0.00643141 0.00718063 0.0180141 -0.00846778 -0.00149708 0.00318758
internal_weight=4.8147 3.04845 1.71203 1.33642 0.477858 0.311515
internal_count=1594 405 365 40 34 31
is_linear=0
shrinkage=0.05


Tree=363
num_leaves=8
num_cat=0
split_feature=9 0 1 2 26 30 28
split_gain=0.438361 0.435253 0.391266 0.369889 0.16971 0.151176 0.0164267
threshold=0.9967765931068685 163.00000000000003 5.0000000000000009 1.0000000180025095e-35 81.200000000000017 124.24000000000002 122.00000000000001
decision_type=2 2 2 2 2 2 2
left_child=-1 2 3 5 -4 -2 -5
right_child=1 -3 4 6 -6 -7 -8
leaf_value=-0.022834573339905285 -0.0022522446576865472 0.020447479046020248 -0.0082243181797017808 0.0099172868344575265 0.018212210857694831 -0.033327374561699381 -0.00064770708077971676
leaf_weight=1.5487057265709152 0.68801477830857061 1.1874574839603154 0.21294310688972495 0.34887701645493496 0.87883037654682994 0.89951083809137344 0.34764167293906212
leaf_count=1215 15 271 1 28 51 9 4
internal_value=-0.00616309 0.00258244 -0.0069384 -0.0166268 0.0115892 -0.025935 0.00737058
internal_weight=6.11198 4.56328 3.37582 2.28404 1.09177 1.58753 0.696519
internal_count=1594 379 108 56 52 24 32
is_linear=0
shrinkage=0.05


Tree=364
num_leaves=14
num_cat=0
split_feature=21 0 34 38 53 27 28 1 32 33 30 3 28
split_gain=0.401166 0.482097 0.260652 0.205523 0.0584988 0.153835 0.0683422 0.0569375 0.517812 0.195186 0.195362 0.0501001 0.00332105
threshold=1.0000000180025095e-35 163.00000000000003 24.500000000000004 5.5000000000000009 333.00000000000006 186.40000000000003 122.00000000000001 5.0000000000000009 110.00000000000001 118.00000000000001 83.840000000000018 1.5000000000000002 580.00000000000011
decision_type=2 2 2 10 10 2 2 2 2 2 2 2 2
left_child=1 2 -1 4 5 7 -6 9 -9 10 -4 -3 -7
right_child=-2 11 3 -5 6 12 -8 8 -10 -11 -12 -13 -14
leaf_value=-0.013409752848443954 0.022690052160329197 -0.021396741041039856 0.012543883203420716 -0.010737238212186875 -0.0089155563300626507 -0.0062517491491051154 0.0074815112014690087 0.024657225552300793 -0.016453848603143455 0.023510319441054577 -0.013231470505968224 0.0021569958378539525 -3.2319161166932319e-05
leaf_weight=0.62319055327679773 1.4830665865447379 1.3224174116039646 0.44041824806481633 0.37955525564029802 0.30067581380717445 0.26197943952865888 0.25947317993268371 0.38660870306193806 0.72625923622399569 2.7570710929576308 0.50514662358909845 0.06073180679231871 0.2712187897413969
leaf_count=158 456 816 11 17 19 11 5 17 42 31 32 10 9
internal_value=0.0050588 -0.000195608 0.00576193 0.00924106 0.0118928 0.0132844 -0.00139313 0.0158661 0.00273861 0.0183903 -0.000949269 -0.0198914 -0.00517263
internal_weight=9.77781 8.29475 6.9116 6.28841 5.90885 5.3487 0.560149 4.8155 1.11287 3.70264 0.945565 1.38315 0.533198
internal_count=1634 1178 352 194 177 153 24 133 59 74 43 826 20
is_linear=0
shrinkage=0.05


Tree=365
num_leaves=5
num_cat=0
split_feature=13 1 2 25
split_gain=0.691993 0.236922 0.516193 0.212377
threshold=0.97000000000000008 5.0000000000000009 1.0000000180025095e-35 99.920000000000016
decision_type=2 2 2 2
left_child=-1 -2 -3 -4
right_child=1 2 3 -5
leaf_value=-0.022765434971002287 0.021533841735050314 0.017025481622849746 0.0062304872927466054 -0.02832370686638563
leaf_weight=1.5367427340825086 1.2401125398464501 0.81679259706288576 0.19688058085739613 0.57465816894546151
leaf_count=1308 137 137 34 18
internal_value=-0.00293057 0.0109776 -0.00239971 -0.0209665
internal_weight=4.36519 2.82844 1.58833 0.771539
internal_count=1634 326 189 52
is_linear=0
shrinkage=0.05


Tree=366
num_leaves=6
num_cat=0
split_feature=17 33 35 27 52
split_gain=0.700601 0.240795 0.187635 0.0152431 0.0578556
threshold=0.9968553459119498 182.00000000000003 1.5000000000000002 101.20000000000002 288.00000000000006
decision_type=2 2 8 2 8
left_child=-1 2 -2 -3 -5
right_child=1 3 -4 4 -6
leaf_value=-0.023843662880260755 -0.0069731739105697091 -0.0076658137605184404 0.022671541178759427 -0.0070241122404920853 0.0080908773010664042
leaf_weight=1.7296597944805396 0.18378460407257091 0.71593828173354246 1.5120248936582357 0.28116290597245097 0.25763992336578667
leaf_count=1212 1 11 378 7 25
internal_value=-0.00499383 0.00929467 0.0180639 -0.00531222 0.000764476
internal_weight=4.68021 2.95055 1.69581 1.25474 0.538803
internal_count=1634 422 379 43 32
is_linear=0
shrinkage=0.05


Tree=367
num_leaves=7
num_cat=0
split_feature=9 1 33 27 2 35
split_gain=0.644482 0.358741 0.344911 0.220931 0.0879987 0.0737809
threshold=0.9967765931068685 5.0000000000000009 124.00000000000001 93.200000000000017 1.0000000180025095e-35 1.5000000000000002
decision_type=2 2 2 2 2 10
left_child=-1 2 3 -2 -4 -6
right_child=1 -3 4 -5 5 -7
leaf_value=-0.022568295084157475 -0.0074053065568034995 0.0225807164432201 -0.016936932254358213 0.019996771566643451 0.0095028864006879848 -0.0076854495642677675
leaf_weight=1.5039836322539484 0.49257818143814835 1.4155546382535247 1.5162035748362543 1.0998800711240617 0.32139860838651646 0.2160848043859005
leaf_count=1246 10 182 10 156 28 2
internal_value=-0.00137908 0.00760132 -0.00182259 0.0119338 -0.0129043 0.00208844
internal_weight=6.56568 5.0617 3.64615 1.59246 2.05369 0.537483
internal_count=1634 388 206 166 40 30
is_linear=0
shrinkage=0.05


Tree=368
num_leaves=9
num_cat=0
split_feature=5 0 34 29 34 31 28 31
split_gain=0.248688 0.582085 0.273191 0.234602 0.248344 0.0480782 0.0685104 0.0278088
threshold=0.99724055188962224 163.00000000000003 24.500000000000004 24.500000000000004 47.500000000000007 131.00000000000003 590.00000000000011 537.80000000000052
decision_type=2 2 2 2 2 2 2 2
left_child=-1 2 7 4 -4 -5 -7 -2
right_child=1 -3 3 5 -6 6 -8 -9
leaf_value=0.021157250953603209 -0.013758002504439787 -0.020698672906750593 -0.016427008788613674 0.017710598393546041 0.011160378695508214 -0.0059496847477574577 0.0093589243689580163 0.0017441885222926924
leaf_weight=1.2880429169163097 0.57486138120293606 1.2270069427322594 0.74625829071737804 4.2399312774650753 0.60134216025471687 0.50001321453601111 0.49716356955468655 0.10511823277920485
leaf_count=470 148 806 81 63 3 19 6 8
internal_value=0.00646106 0.00223773 0.00814742 0.0114804 -0.0046065 0.0156947 0.00254721 -0.0117498
internal_weight=9.77974 8.4917 7.26469 6.58471 1.3476 5.23711 0.997177 0.67998
internal_count=1604 1134 328 172 84 88 25 156
is_linear=0
shrinkage=0.05


Tree=369
num_leaves=15
num_cat=0
split_feature=28 1 25 9 25 28 28 41 4 27 29 41 28 25
split_gain=0.443139 0.290538 0.246812 0.242455 0.0857267 0.0778425 0.0926418 0.0526207 0.0427765 0.0185107 0.00492752 0.00417684 0.00225001 0.0033231
threshold=86.000000000000014 5.0000000000000009 114.72000000000001 1.0000000180025095e-35 116.08000000000001 98.000000000000014 102.00000000000001 25.500000000000004 6.0000000000000009 1030.0000000000002 24.500000000000004 19.500000000000004 130.00000000000003 310.00000000000006
decision_type=2 2 2 2 2 2 2 10 2 2 2 10 2 2
left_child=3 5 7 8 -4 -2 -7 10 -1 11 -3 -6 -8 -14
right_child=1 2 4 -5 9 6 12 -9 -10 -11 -12 -13 13 -15
leaf_value=0.020594347360108595 -0.0077086662128737233 -0.00029012199726074947 0.0084553783802726861 -0.0096660444024004519 -0.010995112392658211 0.014574653689042046 -0.005749304349969577 0.00037746845152382018 -0.0019399532608777447 0.0017609122066883618 -0.037919372345861208 1.0826882832465546e-05 0.0020156662171171473 -0.0019298030589924584
leaf_weight=1.2232534686336292 0.25828955153701827 0.024346229794900864 0.29113782884087414 0.34671953291399393 0.5116700476501137 0.59351843374315649 0.19812450895551592 0.075930457504000515 0.054511631256900617 0.073667995980940759 0.63491130172042176 0.089333728246856481 0.083452360006049275 0.054067893768660724
leaf_count=214 241 18 48 341 247 46 130 33 57 15 139 46 9 20
internal_value=-0.00511115 -0.0151476 -0.0243197 0.0117064 -0.00193381 0.00310251 0.00854585 -0.0356652 0.0192034 -0.00878892 -0.0375421 -0.0103742 -0.00504524 0.000131633
internal_weight=4.51293 2.88845 1.701 1.62448 0.96581 1.18745 0.929163 0.735188 1.27777 0.674672 0.659258 0.601004 0.335645 0.13752
internal_count=1604 992 546 612 356 446 205 190 271 308 157 293 159 29
is_linear=0
shrinkage=0.05


Tree=370
num_leaves=5
num_cat=0
split_feature=17 33 35 28
split_gain=0.690957 0.245309 0.1747 0.0457065
threshold=0.9968553459119498 1462.0000000000002 1.5000000000000002 182.00000000000003
decision_type=2 2 8 2
left_child=-1 2 -2 -4
right_child=1 -3 3 -5
leaf_value=-0.02303064000201328 -0.0068206041435844179 -0.0066408275818167876 0.023390987795834456 0.00021024382829540347
leaf_weight=1.5820621732855213 0.18008534610271532 0.9424527920782565 1.6365808180999009 0.25116750039160241
leaf_count=1179 1 7 407 10
internal_value=-0.00330445 0.0102204 0.017565 0.0214476
internal_weight=4.59235 3.01029 2.06783 1.88775
internal_count=1604 425 418 417
is_linear=0
shrinkage=0.05


Tree=371
num_leaves=7
num_cat=0
split_feature=9 0 1 2 26 35
split_gain=0.502385 0.270828 0.218091 0.206778 0.16369 0.0245239
threshold=0.9967765931068685 171.50000000000003 5.0000000000000009 1.0000000180025095e-35 81.200000000000017 1.5000000000000002
decision_type=2 2 2 2 2 10
left_child=-1 2 3 -2 -4 -5
right_child=1 -3 4 5 -6 -7
leaf_value=-0.02202408724568022 -0.01549557177935062 0.019655184524892809 -0.0081275946910389345 0.010692747096735344 0.017885940139506819 -0.0013541985305310848
leaf_weight=1.4175918361288493 2.0302310055121784 1.0919112765695898 0.2107701897621157 0.38022287562489498 0.84292762354016304 0.32042995328083634
leaf_count=1223 26 271 1 27 45 11
internal_value=-0.00315206 0.00514828 -0.00227043 -0.00910908 0.0112586 0.00762663
internal_weight=6.29408 4.87649 3.78458 2.73088 1.0537 0.700653
internal_count=1604 381 110 64 46 38
is_linear=0
shrinkage=0.05


Tree=372
num_leaves=11
num_cat=0
split_feature=21 0 34 38 29 26 5 35 32 25
split_gain=0.255118 0.52175 0.281056 0.215044 0.209492 0.138338 0.0663239 0.0313123 0.160794 0.00123463
threshold=1.0000000180025095e-35 141.00000000000003 24.500000000000004 5.5000000000000009 24.500000000000004 93.600000000000009 0.99724055188962224 1.0000000180025095e-35 103.20000000000002 580.00000000000011
decision_type=2 2 2 10 2 2 2 10 2 2
left_child=1 2 9 4 5 -4 -3 8 -6 -1
right_child=-2 6 3 -5 7 -7 -8 -9 -10 -11
leaf_value=-0.012995440391261409 0.021215211892042368 0.0028686953173264235 0.0076365301955857532 -0.01025261756826738 0.019809952235207855 -0.013197026586618111 -0.021007452456936901 0.021403034660703306 -0.0016090603173570996 -0.00012202274765811649
leaf_weight=0.5722115676617231 1.2744510006159551 0.082475090632214809 0.74199552880600073 0.35637248726561654 0.48355437768623266 0.51726929005235434 1.2664593285880983 2.782612073700875 1.8132606213912366 0.038183574564754963
leaf_count=151 447 16 27 16 8 48 813 58 30 4
internal_value=0.00625704 0.00208499 0.00778242 0.0110714 0.0135039 -0.0029747 -0.0189478 0.0174065 0.00754135 -0.012766
internal_weight=9.92884 8.65439 7.30546 6.69506 6.33869 1.25926 1.34893 5.07943 2.29681 0.610395
internal_count=1618 1171 342 187 171 75 829 96 38 155
is_linear=0
shrinkage=0.05


Tree=373
num_leaves=5
num_cat=0
split_feature=13 29 48 32
split_gain=0.457586 0.38369 0.303421 0.096149
threshold=0.97000000000000008 25.500000000000004 320.00000000000006 115.60000000000002
decision_type=2 2 8 2
left_child=-1 2 -2 -4
right_child=1 -3 3 -5
leaf_value=-0.022098404981727687 0.012561095505028642 0.020493429288120736 -0.022462922335734326 0.00085993184818427171
leaf_weight=1.4282996918773276 0.47155867703259002 1.1904583692084996 0.85608827974647284 0.48640752956271172
leaf_count=1291 13 281 16 17
internal_value=-0.00565124 0.00573339 -0.00779323 -0.0172529
internal_weight=4.43281 3.00451 1.81405 1.3425
internal_count=1618 327 46 33
is_linear=0
shrinkage=0.05


Tree=374
num_leaves=4
num_cat=0
split_feature=17 33 53
split_gain=0.619919 0.218557 0.251392
threshold=0.9968553459119498 1062.0000000000002 212.50000000000003
decision_type=2 2 8
left_child=-1 2 -2
right_child=1 -3 -4
leaf_value=-0.023120956990419425 -0.0088037151993742204 -0.0057957125336267753 0.022688273654009987
leaf_weight=1.5962677383795378 0.25642014294862758 1.1382877426221965 1.5146355628967285
leaf_count=1203 2 18 395
internal_value=-0.00480047 0.00859445 0.0165971
internal_weight=4.50561 2.90934 1.77106
internal_count=1618 415 397
is_linear=0
shrinkage=0.05


Tree=375
num_leaves=8
num_cat=0
split_feature=9 1 26 26 26 32 31
split_gain=0.555707 0.213311 0.336188 0.244458 0.19281 0.13438 0.0144902
threshold=0.9967765931068685 5.0000000000000009 120.70000000000003 142.00000000000003 81.200000000000017 90.800000000000026 566.00000000000011
decision_type=2 2 2 2 2 2 2
left_child=-1 2 5 -4 -3 -2 -5
right_child=1 4 3 6 -6 -7 -8
leaf_value=-0.021809695005985869 -0.0050625326955420213 -0.0066872766771810116 -0.019252250171315575 0.0096880949894401526 0.022545568910706332 0.019032179770101638 -0.00099533962542431632
leaf_weight=1.3842585713719016 0.32682069949805759 0.24260736070573319 1.5397820337675514 0.39882804406806815 1.4109624244738368 0.99393051932565868 0.19030165113508701
leaf_count=1231 7 3 13 27 189 142 6
internal_value=-0.00150259 0.00667668 -0.00119054 -0.0116748 0.0173528 0.0134576 0.00778239
internal_weight=6.48749 5.10323 3.44966 2.12891 1.65357 1.32075 0.58913
internal_count=1618 387 195 46 192 149 33
is_linear=0
shrinkage=0.05


Tree=376
num_leaves=14
num_cat=0
split_feature=21 0 34 29 27 26 33 53 27 31 31 25 34
split_gain=0.210638 0.531457 0.295645 0.199262 0.145687 0.06953 0.204554 0.0311161 0.0234349 0.0211523 0.180384 0.00534746 0.00327129
threshold=1.0000000180025095e-35 163.00000000000003 24.500000000000004 24.500000000000004 93.200000000000017 102.80000000000003 118.00000000000001 327.00000000000006 70.000000000000014 99.90000000000002 82.40000000000002 1460.6800000000001 16.500000000000004
decision_type=2 2 2 2 2 2 2 8 2 2 2 2 2
left_child=1 2 12 4 -4 9 -7 -8 -3 10 -5 -10 -1
right_child=-2 8 3 5 -6 6 7 -9 11 -11 -12 -13 -14
leaf_value=4.2658145866750858e-05 0.021585708813803096 0.0011080519204630013 0.0078967738464226431 0.016141400983385991 -0.013487419339505202 -0.010631376781996424 0.018591278542314148 0.0054306851101772434 -0.019301729603357 0.030031303260299111 -0.0095107279600133553 0.00016071481997854931 -0.012663121263844578
leaf_weight=0.045466217678038379 1.3195375669747598 0.041318592615425476 0.72082539345137753 0.64236978651024379 0.53605813067406416 0.38161843176931176 0.9379815906286243 2.2525045701768249 1.1807443834841249 0.65848716348409653 0.33056307211518288 0.019188581500202306 0.53245482442434877
leaf_count=8 460 9 26 13 53 17 31 31 810 4 17 3 150
internal_value=0.008064 0.00381508 0.00947671 0.012806 -0.00315856 0.0165497 0.00853095 0.012813 -0.0181927 0.024193 0.00702281 -0.0190589 -0.01227
internal_weight=9.59912 8.27958 7.03833 6.46041 1.25688 5.20352 3.5721 3.19049 1.24125 1.63142 0.972933 1.19993 0.577921
internal_count=1632 1172 350 192 79 113 79 62 822 34 30 813 158
is_linear=0
shrinkage=0.05


Tree=377
num_leaves=15
num_cat=0
split_feature=28 1 25 9 25 28 4 28 33 26 40 37 2 48
split_gain=0.415223 0.24238 0.258402 0.221444 0.0863689 0.0640891 0.0341659 0.0310054 0.0174607 0.0161638 0.0151365 0.0104431 0.00110855 0.000962875
threshold=86.000000000000014 5.0000000000000009 114.72000000000001 1.0000000180025095e-35 116.08000000000001 98.000000000000014 6.0000000000000009 102.00000000000001 130.00000000000003 924.4000000000002 25.500000000000004 192.00000000000003 1.0000000180025095e-35 80.000000000000014
decision_type=2 2 2 2 2 2 2 2 2 2 10 8 2 10
left_child=3 5 10 6 -4 -2 -1 -7 -9 11 -3 13 -10 -6
right_child=1 2 4 -5 9 7 -8 8 12 -11 -12 -13 -14 -15
leaf_value=0.01963671449563453 -0.0073738684173391524 -0.03645869042534914 0.0086009938223904157 -0.0094219947922356117 -0.00078035088883041733 0.011230621209327923 -0.0016550227672608069 -0.0052639194058606226 -0.00014108169117428939 0.0016368148407284848 -0.00035351884468143915 -0.011095648770710032 0.0038310578819625708 0.0014890253666503149
leaf_weight=1.1012599029345436 0.24434254865627736 0.67630659393034875 0.30671441357117146 0.33506054658209894 0.021236568340100348 0.40504531166516244 0.046138758421875425 0.17923051799880341 0.1268265494145453 0.059372440737206489 0.049626621301285923 0.52175341924885288 0.13111700012814254 0.059751121676526964
leaf_count=211 244 169 54 350 25 43 52 127 30 10 30 263 8 16
internal_value=-0.00628736 -0.0158798 -0.023979 0.0108568 -0.00159015 0.00219066 0.0184085 0.00746195 -0.00141456 -0.00864548 -0.0356254 -0.0100476 0.00331843 0.000722555
internal_weight=4.26378 2.78132 1.69476 1.48246 0.968828 1.08656 1.1474 0.842219 0.437174 0.662114 0.725933 0.602741 0.257944 0.0809877
internal_count=1632 1019 567 613 368 452 263 208 165 314 199 304 38 41
is_linear=0
shrinkage=0.05


Tree=378
num_leaves=4
num_cat=0
split_feature=17 30 53
split_gain=0.606645 0.198449 0.283225
threshold=0.9968553459119498 1462.0000000000002 212.50000000000003
decision_type=2 2 8
left_child=-1 2 -2
right_child=1 -3 -4
leaf_value=-0.023016068013793585 -0.0096402411861750865 -0.0061005645715100278 0.022703732856218059
leaf_weight=1.5763871485251 0.2946564480662347 0.94983234396204341 1.5137834723573178
leaf_count=1235 3 9 385
internal_value=-0.00498662 0.00869985 0.0158777
internal_weight=4.33466 2.75827 1.80844
internal_count=1632 397 388
is_linear=0
shrinkage=0.05


Tree=379
num_leaves=7
num_cat=0
split_feature=9 0 1 30 33 32
split_gain=0.444175 0.302294 0.246262 0.155129 0.138314 0.167069
threshold=0.9967765931068685 163.00000000000003 5.0000000000000009 83.360000000000014 124.00000000000001 90.800000000000026
decision_type=2 2 2 2 2 2
left_child=-1 2 4 -4 5 -2
right_child=1 -3 3 -5 -6 -7
leaf_value=-0.021590386602879423 -0.010706265960605872 0.019653390995854014 -0.0078325727172200623 0.017689316858262621 -0.016172021989680607 0.013548758231989824
leaf_weight=1.3510441959952002 0.35749991983175311 1.0915969342458991 0.20405401289463065 0.8313771104440093 1.8124077622778711 0.54479313688352704
leaf_count=1232 4 285 1 52 19 39
internal_value=-0.00358333 0.00427714 -0.00339382 0.0112826 -0.010522 0.0033624
internal_weight=6.19277 4.84173 3.75013 1.03543 2.7147 0.902293
internal_count=1632 400 115 53 62 43
is_linear=0
shrinkage=0.05


Tree=380
num_leaves=15
num_cat=0
split_feature=40 29 3 38 29 34 34 5 33 28 30 28 28 33
split_gain=0.246847 0.251457 0.350326 0.176043 0.156389 0.191523 0.133119 0.101375 0.0994383 0.0441136 0.0156937 0.0087398 0.0047441 3.39225e-05
threshold=19.500000000000004 77.500000000000014 1.5000000000000002 5.5000000000000009 24.500000000000004 23.500000000000004 47.500000000000007 0.99724055188962224 130.00000000000003 590.00000000000011 188.00000000000003 82.000000000000014 70.000000000000014 78.000000000000014
decision_type=10 2 2 10 2 2 2 2 2 2 2 2 2 2
left_child=1 3 -3 4 6 12 11 -2 -7 10 -10 13 -6 -1
right_child=7 2 -4 -5 5 8 -8 -9 9 -11 -12 -13 -14 -15
leaf_value=0.0006892134471877142 0.006219393001324975 -0.017723457150721707 0.014236113968665146 -0.0069445821304981396 0.00093047457417097924 0.026567481112190094 0.010352879815007231 -0.014890227761736832 0.0023747816100225423 0.0099074253736455668 -0.0057514446867326227 -0.011042758142021466 -0.0055471709023358524 -5.1189596397239578e-05
leaf_weight=0.03579909377731183 0.19842151622288007 0.89309512299951144 0.61005897494032979 0.28638784622307856 0.041118523338809498 3.7444623102201149 0.61543343169614673 0.64135261136107147 0.32681623485404976 0.53728047013282776 0.32681346999015659 0.48844931530766189 0.31805212353356183 0.030518987216055393
leaf_count=14 88 648 256 40 16 159 5 172 17 9 24 73 94 8
internal_value=0.00939697 0.0120852 -0.00424712 0.0158005 0.0176034 0.0207253 0.000437258 -0.00923301 0.023048 0.00490677 -0.00270931 -0.0101465 -0.00466661 0.000620017
internal_weight=9.09406 8.25429 1.50315 6.75113 6.46474 5.29454 1.1702 0.839774 4.93537 1.19091 0.65363 0.554767 0.359171 0.0663181
internal_count=1623 1363 904 459 419 319 100 260 209 50 41 95 110 22
is_linear=0
shrinkage=0.05


Tree=381
num_leaves=6
num_cat=0
split_feature=13 1 2 32 25
split_gain=0.38681 0.401912 0.620316 0.0747061 0.0289174
threshold=0.97000000000000008 5.0000000000000009 1.0000000180025095e-35 115.60000000000002 590.00000000000011
decision_type=2 2 2 2 2
left_child=-1 -2 -3 -4 -5
right_child=1 2 3 4 -6
leaf_value=-0.02134722644115845 0.020452464193458839 0.015891375911613985 -0.030601314528523185 0.0048744599558734041 -0.0062484879530613768
leaf_weight=1.3161525704199446 1.108603251632303 0.72351503092795599 0.61746026738546789 0.14761151815764606 0.23799847811460495
leaf_count=1299 136 137 22 27 2
internal_value=-0.00593366 0.00492208 -0.00889355 -0.0257794 -0.00154562
internal_weight=4.15134 2.83519 1.72659 1.00307 0.38561
internal_count=1623 324 188 51 29
is_linear=0
shrinkage=0.05


Tree=382
num_leaves=6
num_cat=0
split_feature=4 33 21 36 1
split_gain=0.257475 0.170506 0.168155 0.152795 0.0787218
threshold=6.0000000000000009 162.00000000000003 1.0000000180025095e-35 9.5000000000000018 5.0000000000000009
decision_type=2 2 2 8 2
left_child=-1 2 3 -2 -3
right_child=1 4 -4 -5 -6
leaf_value=-0.020001069629256865 -0.0064728557808019756 -0.012300439934694532 -0.0084087208197640428 0.020526426737568465 0.0056940458214972713
leaf_weight=1.1392145165009422 0.17227618151810031 1.1112747440347446 0.28603670781012613 1.2436415723059326 0.18427064083516587
leaf_count=924 3 42 255 371 28
internal_value=-0.00668927 0.00210775 0.0102341 0.0159219 -0.00837549
internal_weight=4.13671 2.9975 1.70195 1.41592 1.29555
internal_count=1623 699 629 374 70
is_linear=0
shrinkage=0.05


Tree=383
num_leaves=7
num_cat=0
split_feature=9 32 33 1 32 38
split_gain=0.363029 0.414467 0.455454 0.579961 0.308433 0.000463428
threshold=0.9967765931068685 132.40000000000003 124.00000000000001 5.0000000000000009 90.800000000000026 5.5000000000000009
decision_type=2 2 2 2 2 8
left_child=-1 2 4 -4 -2 -3
right_child=1 5 3 -5 -6 -7
leaf_value=-0.020906677553228975 -0.01084059882369883 0.0013718994129087261 -0.032500291636018079 0.012253086618495713 0.019995981507343552 0.020512845159368281
leaf_weight=1.2552018360001964 0.52589329518377792 0.15464573982171681 1.1922018136829136 0.44917543348856281 1.0883588213473556 1.1406778683885932
leaf_count=1225 8 32 13 27 119 199
internal_value=-0.00439697 0.00310259 -0.0066437 -0.0202509 0.00964604 0.0198209
internal_weight=5.80615 4.55095 3.25563 1.64138 1.61425 1.29532
internal_count=1623 398 167 40 127 231
is_linear=0
shrinkage=0.05


Tree=384
num_leaves=13
num_cat=0
split_feature=3 33 40 1 52 21 37 38 32 28 28 28
split_gain=0.313618 0.461506 0.320735 0.243772 0.120778 0.116124 0.0926274 0.0758696 0.0355758 0.0253969 0.0121316 0.0550757
threshold=1.5000000000000002 124.00000000000001 19.500000000000004 5.0000000000000009 588.00000000000011 0.99724055188962224 192.00000000000003 5.5000000000000009 103.20000000000002 118.00000000000001 122.00000000000001 92.000000000000014
decision_type=2 2 8 2 10 2 10 10 2 2 2 2
left_child=1 2 6 10 -5 -4 -1 8 -8 -10 11 -3
right_child=-2 3 5 4 -6 -7 7 -9 9 -11 -12 -13
leaf_value=-0.008499025831662366 0.020336130815835792 0.0084160612896333996 -0.024787376881496261 -0.014164804764706378 0.0078340589836600246 0.0039994640778306459 0.015108718795856763 -0.0055806236489708708 -0.0055464251290312698 0.004785977158897353 0.017429823305568855 -0.0061267084264322539
leaf_weight=0.28624917415436368 1.1799136109184472 0.67688811419066119 1.8405559633392838 0.69120666058734048 0.20408816635608673 0.11330064013600338 0.80354946816805728 0.17400226218160253 0.16849275236018002 0.21631233626976609 2.174524151487276 0.18142221262678504
leaf_count=68 503 42 654 181 1 2 11 78 48 12 30 10
internal_value=0.00362113 -0.00107472 -0.0123524 0.00967573 -0.00766251 -0.0223292 0.00343806 0.00848218 0.0121505 -0.000476395 0.0154249 0.00369936
internal_weight=8.71051 7.53059 3.60246 3.92813 0.895295 1.95386 1.64861 1.36236 1.18835 0.384805 3.03283 0.85831
internal_count=1640 1137 873 264 182 656 217 149 71 60 82 52
is_linear=0
shrinkage=0.05


Tree=385
num_leaves=3
num_cat=0
split_feature=13 52
split_gain=0.736265 0.520797
threshold=0.97000000000000008 588.00000000000011
decision_type=2 10
left_child=-1 -2
right_child=1 -3
leaf_value=-0.020974337772854443 0.025330061746491685 -0.013033669319124598
leaf_weight=1.2649559588753621 1.9531950731761756 0.54383112862706173
leaf_count=1318 318 4
internal_value=0.00150712 0.015637
internal_weight=3.76198 2.49703
internal_count=1640 322
is_linear=0
shrinkage=0.05


Tree=386
num_leaves=4
num_cat=0
split_feature=17 53 30
split_gain=0.511134 0.200504 0.31006
threshold=0.9968553459119498 212.50000000000003 1462.0000000000002
decision_type=2 8 2
left_child=-1 -2 -3
right_child=1 2 -4
leaf_value=-0.021860042688617298 -0.010850152517880676 0.022598661557316518 -0.0062677956020677043
leaf_weight=1.3907760486472396 0.35272026062011752 1.4975108089856806 0.92336774663999666
leaf_count=1218 4 410 8
internal_value=-0.00436734 0.00787257 0.0129748
internal_weight=4.16437 2.7736 2.42088
internal_count=1640 422 418
is_linear=0
shrinkage=0.05


Tree=387
num_leaves=7
num_cat=0
split_feature=9 0 2 1 26 29
split_gain=0.415588 0.2223 0.148606 0.138914 0.100172 0.0783079
threshold=0.9967765931068685 171.50000000000003 1.0000000180025095e-35 5.0000000000000009 81.200000000000017 34.500000000000007
decision_type=2 2 2 2 2 2
left_child=-1 2 3 -2 -5 -4
right_child=1 -3 5 4 -6 -7
leaf_value=-0.020769575650466662 -0.013344567947998731 0.018456332406747881 0.014213122856697508 -0.0075045293731348522 0.012750283536419306 -0.005075977441413069
leaf_weight=1.2374293769244102 1.8266512905247516 0.96198856737464655 0.6899099932052194 0.196436047554016 0.49745892267674208 0.16997535387054086
leaf_count=1250 27 275 46 1 38 3
internal_value=-0.00300696 0.00499495 -0.00217467 -0.00784143 0.00597105 0.0097211
internal_weight=5.57985 4.34242 3.38043 2.52055 0.693895 0.859885
internal_count=1640 390 115 66 39 49
is_linear=0
shrinkage=0.05


Tree=388
num_leaves=15
num_cat=0
split_feature=29 38 29 5 40 35 33 33 26 34 5 25 33 25
split_gain=0.473689 0.191107 0.17244 0.319863 0.124776 0.118266 0.19886 0.0788144 0.09091 0.0610386 0.0600769 0.0168102 0.00558971 0.00145859
threshold=24.500000000000004 5.5000000000000009 77.500000000000014 0.99724055188962224 19.500000000000004 1.0000000180025095e-35 130.00000000000003 98.000000000000014 109.20000000000002 24.500000000000004 0.99724055188962224 83.440000000000012 78.000000000000014 69.360000000000014
decision_type=2 10 2 2 10 10 2 2 2 2 2 2 2 2
left_child=11 2 4 -4 5 6 7 12 -9 -7 -3 13 -2 -1
right_child=1 10 3 -5 -6 9 -8 8 -10 -11 -12 -13 -14 -15
leaf_value=0.0014052945773770204 0.0011593100483767902 0.0043129314394113093 0.013877439567733236 -0.017005420152969502 -0.0059922839635153432 -0.0016257940233645768 -0.010859651775490489 0.022020117389905045 0.0025904646786871171 0.023033221205440893 -0.013516040794017085 -0.02024642777075918 -0.0051355504752600891 -0.0012416509365305399
leaf_weight=0.047011820366605894 0.066317915450782361 0.12972725694999088 0.58578886743634917 0.82676782924681902 0.26113950420403842 0.1349036083556715 0.55458918621297915 0.68449685559608076 1.4192132888711055 2.3831017687916756 0.54378253070171922 0.98258206620812416 0.23878685582894832 0.042652015807107091
leaf_count=18 21 62 262 649 39 37 63 34 42 79 146 95 59 8
internal_value=0.00251071 0.00734222 0.00990974 -0.00375463 0.0133293 0.0150323 0.00538722 0.0112162 0.0139703 0.0216255 -0.0095568 -0.0192851 -0.00392739 0.000162206
internal_weight=8.90086 7.82862 7.15511 1.41256 5.74255 5.48141 2.9634 2.40881 2.10371 2.51801 0.67351 1.07225 0.305105 0.0896638
internal_count=1614 1493 1285 911 374 335 219 156 76 116 208 121 80 26
is_linear=0
shrinkage=0.05


Tree=389
num_leaves=6
num_cat=0
split_feature=13 1 2 32 25
split_gain=0.397514 0.415071 0.642021 0.0985186 0.030651
threshold=0.97000000000000008 5.0000000000000009 1.0000000180025095e-35 115.60000000000002 590.00000000000011
decision_type=2 2 2 2 2
left_child=-1 -2 -3 -4 -5
right_child=1 2 3 4 -6
leaf_value=-0.020616668484699549 0.021205329329089924 0.016229351996181775 -0.031691755280272481 0.0052705156091895676 -0.0060930997008587064
leaf_weight=1.2162614177796056 1.2020253515802324 0.75074369832873344 0.57428265642374754 0.16131950495764613 0.23229441791772842
leaf_count=1275 143 149 18 27 2
internal_value=-0.00425611 0.00607769 -0.00841085 -0.026058 -0.000995785
internal_weight=4.13693 2.92067 1.71864 0.967897 0.393614
internal_count=1614 339 196 47 29
is_linear=0
shrinkage=0.05


Tree=390
num_leaves=4
num_cat=0
split_feature=17 52 28
split_gain=0.901925 0.220257 0.0473369
threshold=0.9968553459119498 288.00000000000006 118.00000000000001
decision_type=2 8 2
left_child=-1 2 -2
right_child=1 -3 -4
leaf_value=-0.022011133668696975 0.0057828014480082665 0.025318184524365517 -0.0079210433348100174
leaf_weight=1.4111062298179606 0.18125141784548793 1.5443190643563864 0.49580300855450332
leaf_count=1215 45 326 28
internal_value=0.00136622 0.0184394 -0.00299178
internal_weight=3.63248 2.22137 0.677054
internal_count=1614 399 73
is_linear=0
shrinkage=0.05


Tree=391
num_leaves=7
num_cat=0
split_feature=4 27 33 1 30 35
split_gain=0.376559 0.201489 0.265374 0.292218 0.181837 0.0371386
threshold=1.0000000180025095e-35 93.200000000000017 118.00000000000001 5.0000000000000009 142.16000000000003 1.0000000180025095e-35
decision_type=2 2 2 2 2 10
left_child=1 5 -3 4 -4 -1
right_child=-2 2 3 -5 -6 -7
leaf_value=0.0024481576290433307 -0.019459972272480579 0.021389918780623265 -0.016580248272862495 0.015657703510211309 0.0075880560195935205 -0.013917963484609426
leaf_weight=0.1128225743304937 1.0747610409744082 1.4687202597851863 1.4998239537235352 0.70756160700693715 0.44412822759477411 0.4891546304570511
leaf_count=22 1120 263 20 120 33 36
internal_value=-0.00137176 0.0054264 0.00958016 -0.00102782 -0.0103567 -0.0112371
internal_weight=5.79697 4.72221 4.12023 2.65151 1.94395 0.601977
internal_count=1614 494 436 173 53 58
is_linear=0
shrinkage=0.05


Tree=392
num_leaves=12
num_cat=0
split_feature=21 29 34 38 27 35 33 32 32 5 25
split_gain=0.243545 0.326837 0.193007 0.176409 0.14642 0.3404 0.198387 0.143349 0.093352 0.0399656 0.0332113
threshold=1.0000000180025095e-35 77.500000000000014 24.500000000000004 5.5000000000000009 101.20000000000002 1.0000000180025095e-35 98.000000000000014 80.800000000000011 130.40000000000003 0.99724055188962224 127.60000000000001
decision_type=2 2 2 10 2 10 2 2 2 2 2
left_child=1 2 -1 4 6 8 7 -4 -6 -3 -7
right_child=-2 9 3 -5 5 10 -8 -9 -10 -11 -12
leaf_value=-0.011790465818726753 0.02007359014330963 0.0020478322087403673 0.010911401023642428 -0.010194738299268633 0.0005417835783150199 0.00067266306060182943 0.026263741408620523 -0.011675160959222636 -0.01615666653170476 -0.018622758574034389 0.019505327011660079
leaf_weight=0.51313664554618288 1.1281981009524313 0.057538989232852833 0.36972524062730405 0.35665093827992667 1.5223515916150065 0.34832031163387034 1.3502775450469924 0.44827691907994449 0.70420915377326299 0.98238568980013952 1.0058993294369427
leaf_count=156 463 12 11 27 25 26 27 57 50 753 31
internal_value=0.00510129 0.000832178 0.00550706 0.00841549 0.0109095 0.00302676 0.0188632 -0.00107989 -0.00811011 -0.0170358 0.0170047
internal_weight=8.78697 7.65877 6.61885 6.10571 5.74906 3.58078 2.16828 0.818002 2.22656 1.03992 1.35422
internal_count=1638 1175 410 254 227 132 95 68 75 765 57
is_linear=0
shrinkage=0.05


Tree=393
num_leaves=15
num_cat=0
split_feature=28 13 1 2 40 28 31 28 39 28 28 28 31 32
split_gain=0.357436 0.226676 0.215073 0.212317 0.115586 0.0472827 0.034647 0.0299669 0.0142004 0.00809429 0.00529479 0.00860939 0.00158287 8.65842e-05
threshold=86.000000000000014 0.97000000000000008 5.0000000000000009 1.0000000180025095e-35 17.000000000000004 98.000000000000014 1057.6000000000001 102.00000000000001 12.500000000000002 114.00000000000001 118.00000000000001 142.00000000000003 1065.6000000000006 1458.0000000000002
decision_type=2 2 2 2 10 2 2 2 10 2 2 2 2 2
left_child=1 -1 5 9 6 -2 -5 -7 -9 13 -11 -12 -8 -4
right_child=2 -3 3 4 -6 7 12 8 -10 10 11 -13 -14 -15
leaf_value=-0.0097014775026876901 -0.0063962770979305601 0.018549521232671111 -0.0021639396241857497 -0.035235769731388256 0.0023792441470684381 0.010400040130522785 0.0013592674062438319 -0.0045900040198092367 0.0032727141591407795 0.0053622823682047266 -0.0035480122974441532 0.0027597680765603016 -0.0014028030537182054 3.1657354112745988e-05
leaf_weight=0.34857745043700583 0.20535229932283983 0.95989527786150575 0.12123322649858881 0.85160780319711193 0.10757592157460749 0.3667671155417338 0.036511924117803574 0.32220574223902076 0.10596671130042523 0.16838945215567946 0.10440897720400244 0.091028224735055119 0.038838040316477418 0.01714892586460337
leaf_count=422 239 193 134 157 30 46 1 169 11 36 117 13 53 17
internal_value=-0.00667942 0.0100811 -0.0157299 -0.0235311 -0.0307963 0.00202733 -0.0338831 0.00655455 -0.00171507 0.00197288 0.00392848 -0.000759113 -4.49977e-05 -0.00210306
internal_weight=3.84551 1.30847 2.53703 1.53674 1.03453 1.00029 0.926958 0.79494 0.428172 0.502209 0.363827 0.195437 0.07535 0.138382
internal_count=1638 615 1023 558 241 465 211 226 180 317 166 130 54 151
is_linear=0
shrinkage=0.05


Tree=394
num_leaves=6
num_cat=0
split_feature=17 33 39 52 34
split_gain=0.445989 0.200525 0.139273 0.0163664 0.0930275
threshold=0.9968553459119498 182.00000000000003 8.0000000000000018 288.00000000000006 47.500000000000007
decision_type=2 2 8 8 2
left_child=-1 2 -2 -3 -5
right_child=1 3 -4 4 -6
leaf_value=-0.021620856496391519 -0.0060456936684120319 -0.0091200718820694682 0.02029425735715995 0.0096820514936387277 -0.0080254876378186152
leaf_weight=1.3528553561773149 0.16088564693927776 0.34266625414602425 1.1696660935413092 0.32604300230741501 0.68444459000602365
leaf_count=1220 1 7 372 21 17
internal_value=-0.00531756 0.00653921 0.0158818 -0.00549258 -0.000338064
internal_weight=4.03656 2.68371 1.33055 1.35315 1.01049
internal_count=1638 418 373 45 38
is_linear=0
shrinkage=0.05


Tree=395
num_leaves=7
num_cat=0
split_feature=9 1 2 48 33 26
split_gain=0.561426 0.186389 0.150309 0.0793332 0.0573426 0.0905998
threshold=0.9967765931068685 5.0000000000000009 1.0000000180025095e-35 80.000000000000014 124.00000000000001 81.200000000000017
decision_type=2 2 2 8 2 2
left_child=-1 2 4 -4 5 -2
right_child=1 -3 3 -5 -6 -7
leaf_value=-0.020223460960818878 -0.0072468927048701549 0.021119640298237125 -0.0036871822882244111 0.016346976627637656 -0.0099808042608890563 0.010978316771566046
leaf_weight=1.166446858551353 0.39402600377798114 1.2126098456792531 0.25711227860301744 0.74542644363828015 1.2907314663752911 0.40032062283717096
leaf_count=1239 8 187 13 133 11 47
internal_value=0.00142595 0.010006 0.00154239 0.0119335 -0.00570246 0.00293745
internal_weight=5.46667 4.30023 3.08762 1.00254 2.08508 0.794347
internal_count=1638 399 212 146 66 55
is_linear=0
shrinkage=0.05


Tree=396
num_leaves=11
num_cat=0
split_feature=21 0 34 52 27 29 29 26 3 25
split_gain=0.225451 0.386783 0.194832 0.0946512 0.0736468 0.0693249 0.11834 0.0551213 0.0518686 0.0231212
threshold=1.0000000180025095e-35 141.00000000000003 24.500000000000004 302.00000000000006 186.40000000000003 24.500000000000004 11.500000000000002 120.70000000000003 1.5000000000000002 1062.0000000000002
decision_type=2 2 2 10 2 2 2 2 2 2
left_child=1 2 -1 4 5 6 -4 -5 -3 -6
right_child=-2 8 3 7 9 -7 -8 -9 -10 -11
leaf_value=-0.011188392369205409 0.019968645927222993 -0.019443874884191355 0.0096629510474256775 -0.0099069765592590744 -0.006042222005279289 0.016042846808566748 -0.010220157630665085 0.005267297328329569 0.0024933388940322587 0.0035490828532771857
leaf_weight=0.48983318975660939 1.1157786982366813 1.0720061602187341 0.63092384254559852 0.34518290101550508 0.30983504815958429 3.5782406298676506 0.38647224369924515 0.24552249535918236 0.070958919590338954 0.31204499327577651
leaf_count=150 464 851 5 23 14 64 58 3 16 8
internal_value=0.00554333 0.00127085 0.00662434 0.00954929 0.0115448 0.01341 0.000787933 -0.00425356 -0.017554 -0.00200863
internal_weight=8.5568 7.44102 6.29806 5.80822 5.21752 4.59564 1.0174 0.590705 1.14297 0.62188
internal_count=1656 1192 325 175 149 127 63 26 867 22
is_linear=0
shrinkage=0.05


Tree=397
num_leaves=5
num_cat=0
split_feature=13 2 1 48
split_gain=0.430086 0.258107 0.455774 0.149234
threshold=0.97000000000000008 1.0000000180025095e-35 5.0000000000000009 112.00000000000001
decision_type=2 2 2 8
left_child=-1 -2 -3 -4
right_child=1 2 3 -5
leaf_value=-0.020281599610232102 0.019724978113900837 0.01510089720437195 0.0045967069287797084 -0.027857812153186518
leaf_weight=1.173612392623909 1.0818830661009997 0.62982324999757111 0.13777768262661994 0.53109428868629038
leaf_count=1313 208 88 19 28
internal_value=-0.003476 0.00835774 -0.00557321 -0.0224241
internal_weight=3.55419 2.38058 1.2987 0.668872
internal_count=1656 343 135 47
is_linear=0
shrinkage=0.05


Tree=398
num_leaves=6
num_cat=0
split_feature=17 33 39 30 30
split_gain=0.392348 0.229247 0.136983 0.019084 0.0140922
threshold=0.9968553459119498 182.00000000000003 8.0000000000000018 1462.0000000000002 230.00000000000003
decision_type=2 2 8 2 2
left_child=-1 2 -2 4 -3
right_child=1 3 -4 -5 -6
leaf_value=-0.021263792565044619 -0.0060152011686057105 -0.0036482378942403731 0.020116606162405643 -0.0095922708232532711 0.0039540694541229894
leaf_weight=1.3015677260700615 0.16011717915534984 0.16164955403655745 1.1476877580862492 0.78496704436838627 0.30011775647290051
leaf_count=1228 1 4 381 5 37
internal_value=-0.00595813 0.00562851 0.0156971 -0.00721897 0.000617596
internal_weight=3.85611 2.55454 1.3078 1.24673 0.461767
internal_count=1656 428 382 46 41
is_linear=0
shrinkage=0.05


Tree=399
num_leaves=8
num_cat=0
split_feature=9 32 1 30 27 32 48
split_gain=0.428986 0.174847 0.171215 0.249994 0.11943 0.0749765 0.00468661
threshold=0.9967765931068685 132.40000000000003 5.0000000000000009 124.24000000000002 93.200000000000017 90.800000000000026 80.000000000000014
decision_type=2 2 2 2 2 2 8
left_child=-1 2 3 5 -4 -2 -3
right_child=1 6 4 -5 -6 -7 -8
leaf_value=-0.020028556775462614 -0.0044101191036502556 0.00077560060494308227 -0.0061425837923271718 -0.016297749759614059 0.016884744872250359 0.013923029617910749 0.018608839989363364
leaf_weight=1.1426357189775442 0.28205158002674635 0.12928083026781645 0.22035363502800454 1.4942519257310778 0.76310313236899674 0.56825150735676289 0.93572801840491604
leaf_count=1277 7 22 3 14 64 73 196
internal_value=-0.00125662 0.00643444 -0.000507499 -0.00731633 0.0112296 0.00874495 0.017868
internal_weight=5.53566 4.39302 3.32801 2.34456 0.983457 0.850303 1.06501
internal_count=1656 379 161 94 67 80 218
is_linear=0
shrinkage=0.05


Tree=400
num_leaves=15
num_cat=0
split_feature=27 35 33 27 4 33 5 38 17 17 13 13 28 41
split_gain=0.53466 0.599975 0.338005 0.291843 0.265824 0.182502 0.143844 0.132669 0.0968867 0.0385935 0.0197831 0.0091406 0.00300789 0.0203564
threshold=101.20000000000002 1.0000000180025095e-35 98.000000000000014 80.40000000000002 10.000000000000002 118.00000000000001 0.99724055188962224 5.5000000000000009 0.019000000000000003 0.9968553459119498 0.0065000000000000014 0.97000000000000008 122.00000000000001 1.0000000180025095e-35
decision_type=2 10 2 2 2 2 2 10 2 2 2 2 2 10
left_child=2 4 3 -1 6 10 -2 12 -5 -10 -3 -12 13 -7
right_child=1 5 -4 8 -6 7 -8 -9 9 -11 11 -13 -14 -15
leaf_value=0.01583373954465973 0.0039509355030307855 -0.0098557586863557041 0.029963969611161163 -0.0166374445172905 0.0075204856422549224 0.0061412975603026406 -0.029568976729635696 -0.0057496912142095949 0.0083175422769218559 -0.0047986234713898526 0.0040984224129013069 -0.0025437837273023715 0.020992664030695669 -0.0035451646536933446
leaf_weight=0.83346917759627182 0.11748286418151122 0.34979214513441581 1.2920873591210691 0.80331801145803161 0.24143073533195991 0.16399632673710574 1.7568708556354977 0.17294668214162801 0.28449631365947425 0.14631768746767193 0.12250227911863476 0.071919383830390871 1.1653369503328574 0.14186327147763222
leaf_count=155 53 125 83 272 49 2 434 33 150 95 64 23 34 55
internal_value=0.00409837 -0.007048 0.0167194 0.00137279 -0.0217494 0.00952936 -0.0268244 0.0158132 -0.0111092 0.00362249 -0.00740148 0.00156876 0.019649 0.00237419
internal_weight=7.66383 4.30414 3.35969 2.0676 2.11578 2.18836 1.87435 1.64414 1.23413 0.430814 0.544214 0.194422 1.4712 0.30586
internal_count=1627 872 755 672 536 336 487 124 517 245 212 87 91 57
is_linear=0
shrinkage=0.05


Tree=401
num_leaves=13
num_cat=0
split_feature=28 1 25 9 28 25 4 52 26 40 37 32
split_gain=0.362534 0.277728 0.17957 0.168095 0.0596256 0.0484913 0.0294007 0.0234256 0.0155852 0.011645 0.00730183 0.0012281
threshold=86.000000000000014 5.0000000000000009 114.72000000000001 1.0000000180025095e-35 98.000000000000014 116.08000000000001 6.0000000000000009 302.00000000000006 924.4000000000002 25.500000000000004 192.00000000000003 1462.0000000000002
decision_type=2 2 2 2 2 2 2 8 2 10 8 2
left_child=3 4 9 6 -2 -4 -1 -6 10 -3 -7 -9
right_child=1 2 5 -5 7 8 -8 11 -10 -11 -12 -13
leaf_value=0.018715604619583739 -0.0061885419018628427 -0.034001080627720559 0.0064195759539163073 -0.0079171266793761318 -0.0022270415611820803 0.00064531109500932883 -0.0015153819310485821 0.010870877057121212 0.0018845401919579314 -0.00027224770133489764 -0.0094804364809002381 0.00018174958035932254
leaf_weight=1.0001015645684677 0.19737772358348604 0.62613957864232361 0.21139100403524935 0.26731627353001375 0.073912147607188672 0.065697750833351165 0.042087109934072831 0.63784698845120147 0.064278391655534506 0.042509633989538997 0.44947094283998013 0.062377910711802542
leaf_count=216 244 168 48 348 56 38 58 121 11 31 260 28
internal_value=-0.00523768 -0.0147624 -0.0239261 0.0111801 0.00415734 -0.00182686 0.0175566 0.00879654 -0.006995 -0.033305 -0.00861548 0.0105856
internal_weight=3.74051 2.431 1.45949 1.3095 0.971515 0.790838 1.04219 0.774137 0.579447 0.668649 0.515169 0.700225
internal_count=1627 1005 556 622 449 357 274 205 309 199 298 149
is_linear=0
shrinkage=0.05


Tree=402
num_leaves=12
num_cat=0
split_feature=1 33 13 0 26 28 27 32 28 40 29
split_gain=0.127075 0.146793 0.108047 0.0666004 0.0537704 0.0295293 0.00657889 0.00592342 0.00443013 0.00326307 0.000834209
threshold=5.0000000000000009 106.00000000000001 1.0000000180025095e-35 188.50000000000003 102.80000000000003 122.00000000000001 322.00000000000006 103.20000000000002 164.00000000000003 14.500000000000002 410.50000000000006
decision_type=2 2 2 2 2 2 2 2 2 8 2
left_child=1 4 5 -3 9 6 -2 -6 -7 -1 -5
right_child=2 3 -4 10 7 8 -8 -9 -10 -11 -12
leaf_value=0.00046595535672832493 0.011571254312996044 -0.024513489376430084 -0.0096293380442855295 0.0018547541009796863 -0.00070334741192697777 -0.0036049900594389826 -0.00043733524205007227 0.0086386439126887437 0.0014227753219007359 -0.0063557955245752201 -0.0005057852507748511
leaf_weight=0.053031528950669204 0.784544632653706 1.069364098482765 0.34508354059653346 0.12009012361522753 0.033436900586821139 0.13033345859730616 0.04627816955326125 0.33080283325398341 0.042641045991331339 0.46825025870930403 0.052236973016988486
leaf_count=35 296 92 407 54 31 110 11 112 5 423 51
internal_value=-0.00951849 -0.0151105 0.00197889 -0.0219397 0.00102265 0.00878355 0.0110288 0.00789412 -0.00220925 -0.0058117 0.00131814
internal_weight=3.47609 2.12721 1.34888 1.24169 0.885522 1.0038 0.830823 0.36424 0.172975 0.521282 0.172327
internal_count=1627 798 829 197 601 422 307 143 115 458 105
is_linear=0
shrinkage=0.05


Tree=403
num_leaves=5
num_cat=0
split_feature=9 35 40 40
split_gain=0.702324 0.570592 0.123007 0.0900395
threshold=0.9967765931068685 1.0000000180025095e-35 19.500000000000004 17.000000000000004
decision_type=2 10 10 8
left_child=-1 -2 3 -3
right_child=1 2 -4 -5
leaf_value=-0.019476458622515336 0.029903843932649634 0.0057251787707006752 0.0093299817964578487 -0.013876710846659802
leaf_weight=1.0772914151893926 1.8210972638335079 0.17865271563641694 0.32314278115518402 1.238931946689263
leaf_count=1236 267 40 45 39
internal_value=0.00566175 0.0158677 -0.00436969 -0.01006
internal_weight=4.63912 3.56182 1.74073 1.41758
internal_count=1627 391 124 79
is_linear=0
shrinkage=0.05


Tree=404
num_leaves=12
num_cat=0
split_feature=21 33 32 52 35 27 31 29 29 30 52
split_gain=0.255872 0.37545 0.482766 0.166153 0.109061 0.140471 0.0418385 0.00799792 0.0272023 0.00761764 0.00657574
threshold=1.0000000180025095e-35 124.00000000000001 80.800000000000011 588.00000000000011 1.0000000180025095e-35 128.80000000000004 103.20000000000002 11.500000000000002 24.500000000000004 1454.0000000000002 302.00000000000006
decision_type=2 2 2 10 10 2 2 2 2 2 10
left_child=1 2 -1 9 5 7 -5 -3 -9 -4 -6
right_child=-2 4 3 6 10 -7 -8 8 -10 -11 -12
leaf_value=0.013786267669839182 0.019018152913900577 0.0096960687054525267 -0.025233590745726488 0.0076138566649522725 0.017890318897002964 -0.012041464050148058 -0.005587128803899174 -0.0048163078109008176 0.0047788734910387751 7.1172561241979244e-05 0.0018588339982388595
leaf_weight=0.64105215389281545 1.0094564466271547 0.60729127470403987 2.0142150277970368 0.31399205460911606 0.97254791238810889 0.45898884697817255 0.17004918679594994 0.1676666730782016 1.3101396663114426 0.024366809870116302 0.32903419889044017
leaf_count=28 441 3 821 13 41 126 40 20 76 14 19
internal_value=0.00327238 -0.00108663 -0.0119835 -0.0205867 0.00850079 0.000968393 0.00233641 0.00680706 0.00218581 -0.0250072 0.0164061
internal_weight=8.0188 7.00934 3.16368 2.52262 3.84567 2.54409 0.484041 2.0851 1.47781 2.03858 1.30158
internal_count=1642 1201 916 888 285 225 53 99 96 835 60
is_linear=0
shrinkage=0.05


Tree=405
num_leaves=4
num_cat=0
split_feature=9 52 4
split_gain=0.287985 0.304384 0.336956
threshold=1.0000000180025095e-35 588.00000000000011 6.0000000000000009
decision_type=2 10 2
left_child=1 2 -1
right_child=-2 -3 -4
leaf_value=0.023899728250338148 -0.015482484970581382 -0.011883414495914964 -0.010061457419219188
leaf_weight=1.7661551225464802 0.70187769047333848 0.50419867894379411 0.36544082191539917
leaf_count=358 837 34 413
internal_value=0.00187836 0.00948816 0.0167238
internal_weight=3.33767 2.63579 2.1316
internal_count=1642 805 771
is_linear=0
shrinkage=0.05


Tree=406
num_leaves=6
num_cat=0
split_feature=17 33 29 30 34
split_gain=0.428399 0.286175 0.0122002 0.0106241 0.00721223
threshold=0.9968553459119498 182.00000000000003 21.500000000000004 230.00000000000003 25.500000000000004
decision_type=2 2 2 2 2
left_child=-1 -2 -3 -4 -5
right_child=1 2 3 4 -6
leaf_value=-0.020742649843258857 0.019678354384132367 -0.0092354002814403532 -0.0038071346148229272 -0.0014169820208441081 0.0045905645483067794
leaf_weight=1.2308519694488498 1.0955987877678128 0.60786628723144509 0.14273948408663273 0.23698239214718342 0.2196909049525857
leaf_count=1218 381 2 3 17 21
internal_value=-0.00449727 0.00783691 -0.00695588 -0.000315288 0.00264046
internal_weight=3.53373 2.30288 1.20728 0.599413 0.456673
internal_count=1642 424 43 41 38
is_linear=0
shrinkage=0.05


Tree=407
num_leaves=5
num_cat=0
split_feature=9 27 33 1
split_gain=0.33105 0.185887 0.294303 0.28402
threshold=0.9967765931068685 93.200000000000017 124.00000000000001 5.0000000000000009
decision_type=2 2 2 2
left_child=-1 -2 -3 -4
right_child=1 2 3 -5
leaf_value=-0.019380017965174717 -0.011590926676348621 0.021560679790502545 -0.011735423839653317 0.014702582259576656
leaf_weight=1.0662418343708848 0.55492582730948914 1.2972762933932247 1.7749244095757606 0.62078059860505153
leaf_count=1254 9 226 41 112
internal_value=-0.00273533 0.00433936 0.00869289 -0.00257244
internal_weight=5.31415 4.24791 3.69298 2.39571
internal_count=1642 388 379 153
is_linear=0
shrinkage=0.05


Tree=408
num_leaves=15
num_cat=0
split_feature=25 35 28 1 27 28 27 3 13 3 25 27 27 27
split_gain=0.405766 0.647935 0.293217 0.229544 0.343352 0.338277 0.107949 0.095191 0.0909985 0.0698753 0.0285248 0.00916326 0.000526461 4.14267e-05
threshold=109.44000000000001 1.0000000180025095e-35 122.00000000000001 5.0000000000000009 93.200000000000017 98.000000000000014 80.40000000000002 1.5000000000000002 0.97000000000000008 1.5000000000000002 107.56000000000002 104.80000000000001 220.80000000000004 1450.0000000000002
decision_type=2 10 2 2 2 2 2 2 2 2 2 2 2 2
left_child=3 7 -3 4 8 6 -5 -2 -1 10 -6 -8 -13 -14
right_child=1 2 -4 5 9 -7 11 -9 -10 -11 -12 12 13 -15
leaf_value=0.0154423137571034 -0.028009103837675627 -0.01121496992040805 0.018992531567964696 0.0091055927365970603 -0.018886847269661215 0.033608928673657522 -0.011200627494701314 0.0028823944231092741 -0.0051902356245685155 0.0036374566381449855 0.0014668954969323791 0.0011545453640830403 -0.00063096106620123273 7.7186766865777019e-05
leaf_weight=1.457416129531339 1.6007710805861277 0.45276904397178452 1.2193254401790907 0.36159697745460995 0.95630166970659025 0.77404974540695548 0.48406741075450554 0.083059917553328089 0.15899148798780505 0.10724927368573844 0.039419308304786682 0.043903087265789509 0.017095277027692646 0.015396448667161167
leaf_count=245 349 148 61 83 287 91 196 38 48 57 1 28 13 11
internal_value=0.00144931 -0.0100703 0.009677 0.0104475 0.000144291 0.020786 -0.00186387 -0.0259791 0.0122048 -0.0149294 -0.0177498 -0.010241 0.000596306 -0.000545643
internal_weight=7.77141 3.35593 1.67209 4.41549 2.71938 1.69611 0.922059 1.68383 1.61641 1.10297 0.995721 0.560462 0.0763948 0.0324917
internal_count=1656 596 209 1060 638 422 331 387 293 345 288 248 52 24
is_linear=0
shrinkage=0.05


Tree=409
num_leaves=14
num_cat=0
split_feature=28 1 13 2 40 28 28 33 33 28 28 25 29
split_gain=0.322812 0.281129 0.196321 0.162676 0.0544864 0.053292 0.0677714 0.043858 0.00637337 0.0082256 0.00405438 0.000911462 0.000677384
threshold=86.000000000000014 5.0000000000000009 0.97000000000000008 1.0000000180025095e-35 17.000000000000004 98.000000000000014 102.00000000000001 914.00000000000011 114.00000000000001 118.00000000000001 142.00000000000003 1450.0000000000002 18.500000000000004
decision_type=2 2 2 2 10 2 2 2 2 2 2 2 2
left_child=2 5 -1 8 7 -2 -7 -5 11 -10 -11 -3 -8
right_child=1 3 -4 4 -6 6 12 -9 9 10 -12 -13 -14
leaf_value=-0.0089768994133307047 -0.0059604399943064476 -0.0026922086439718218 0.017873125134332469 -0.033791451108524162 0.0010728787370561054 0.013300451804885167 0.00017018546328008964 0.00084052209486488571 0.0049107342422714207 -0.003195528114592189 0.0014676559398333479 0.00040516763999333806 -0.0043189566390205479
leaf_weight=0.31435893569141649 0.18873056105803709 0.11246726385434158 0.89514590566977859 0.83145919846720062 0.06260390265379101 0.51289946201723069 0.011538329999893904 0.046105108340270817 0.1736315643065609 0.093015535036101937 0.054542358266189694 0.010876959655433893 0.28266514599090442
leaf_count=417 243 152 205 195 31 51 5 13 55 105 11 2 171
internal_value=-0.00629468 -0.0150764 0.00999016 -0.0245882 -0.0308573 0.00384264 0.00816479 -0.0324934 0.000853505 0.00289007 -0.00169495 -0.00230154 -0.00414744
internal_weight=3.59004 2.38054 1.2095 1.3847 0.940168 0.995833 0.807103 0.877564 0.444534 0.321189 0.147558 0.123344 0.294203
internal_count=1656 1034 622 564 239 470 227 208 325 171 116 154 176
is_linear=0
shrinkage=0.05


Tree=410
num_leaves=4
num_cat=0
split_feature=17 31 53
split_gain=0.431255 0.21302 0.129406
threshold=0.9968553459119498 1462.6000000000001 110.00000000000001
decision_type=2 2 8
left_child=-1 2 -2
right_child=1 -3 -4
leaf_value=-0.020661195714738144 -0.0054195998331025572 -0.0071106756349469781 0.020660408223022828
leaf_weight=1.2202680489863271 0.16027275472879421 0.84104041848331679 1.2140087406150997
leaf_count=1239 3 25 389
internal_value=-0.00439859 0.0081992 0.0166173
internal_weight=3.43559 2.21532 1.37428
internal_count=1656 417 392
is_linear=0
shrinkage=0.05


Tree=411
num_leaves=6
num_cat=0
split_feature=4 35 52 40 31
split_gain=0.57054 0.637576 0.113069 0.116723 0.0237894
threshold=1.0000000180025095e-35 1.0000000180025095e-35 302.00000000000006 19.500000000000004 79.200000000000017
decision_type=2 10 10 10 2
left_child=1 4 3 -3 -1
right_child=-2 2 -4 -5 -6
leaf_value=-0.0007085231734470657 -0.018051083714891569 -0.01490238757060303 0.0082682495297367511 0.0065064393827244452 0.02956965811284867
leaf_weight=0.019231314945500455 0.92544654256198544 1.3513584992033427 0.31584045459749188 0.23259668581886206 1.9527081983978858
leaf_count=16 1143 83 73 43 298
internal_value=0.00615656 0.0144604 -0.00556637 -0.0104572 0.0291353
internal_weight=4.79718 3.87174 1.8998 1.58396 1.97194
internal_count=1656 513 199 126 314
is_linear=0
shrinkage=0.05


Tree=412
num_leaves=15
num_cat=0
split_feature=32 3 37 38 0 34 17 3 52 25 28 9 3 25
split_gain=0.348118 0.20478 0.123796 0.153279 0.122034 0.0716252 0.0380724 0.0372389 0.0265371 0.164446 0.0796823 0.0257511 0.0249574 0.0145117
threshold=1252.0000000000002 1.5000000000000002 192.00000000000003 5.5000000000000009 180.50000000000003 23.500000000000004 1.0000000180025095e-35 3.5000000000000004 1.0000000180025095e-35 129.84000000000003 98.000000000000014 0.00043889203632664853 2.5000000000000004 110.88000000000001
decision_type=2 2 8 10 2 2 2 2 10 2 2 2 2 2
left_child=2 -2 12 4 5 -4 -6 -5 9 10 -7 -8 -1 -12
right_child=1 -3 3 7 6 8 11 -9 -10 -11 13 -13 -14 -15
leaf_value=-0.010360591821911349 -0.021880341963589556 0.0076054724052275306 -0.0031647693725788753 -0.010899057423662567 -0.0084566837628899643 -0.0037800810947895233 -0.0036701453172995353 0.0034899488126588947 0.020621876411748917 -0.0097136216930464678 0.019735043699683135 0.0074868156977934671 0.00252435678482015 0.0051565545795771899
leaf_weight=0.37274477281607676 1.0363163328729568 0.25388633075635869 0.22221255977638055 0.40283583023119707 0.35449793410953123 0.27399103250354584 0.10839835519436747 0.10246751620434225 1.8244407713646067 0.3357677386375143 0.63491309667006124 0.24900349043309689 0.07207461865618825 1.3182755912421271
leaf_count=85 319 131 92 111 292 93 126 59 73 21 19 139 42 33
internal_value=0.00194551 -0.0152907 0.00710653 0.00925648 0.0118064 0.0144049 -0.00360505 -0.00760115 0.015717 0.00741758 0.0122099 0.00389205 -0.00797065 0.0149734
internal_weight=7.56183 1.2902 6.27162 5.8268 5.3215 4.6096 0.7119 0.505303 4.38739 2.56295 2.22718 0.357402 0.444819 1.95319
internal_count=1635 450 1185 1058 888 331 557 170 239 166 145 265 127 52
is_linear=0
shrinkage=0.05


Tree=413
num_leaves=15
num_cat=0
split_feature=28 1 13 25 25 32 40 28 26 37 29 33 37 32
split_gain=0.32127 0.193566 0.183006 0.160818 0.0449074 0.0427561 0.0362373 0.0216119 0.0135368 0.00872108 0.00400101 0.00117495 0.000477763 0.000230899
threshold=86.000000000000014 5.0000000000000009 0.97000000000000008 114.72000000000001 118.88000000000001 103.20000000000002 25.500000000000004 98.000000000000014 924.4000000000002 192.00000000000003 24.500000000000004 86.000000000000014 192.00000000000003 182.60000000000005
decision_type=2 2 2 2 2 2 10 2 2 8 2 2 10 2
left_child=2 5 -1 6 -5 7 10 -2 9 13 -3 -7 -8 -6
right_child=1 3 -4 4 8 11 12 -9 -10 -11 -12 -13 -14 -15
leaf_value=-0.0085533778581124691 -0.0022835220461842934 -0.00011986352076508785 0.017710339730164913 0.0064706172686732448 0.0011378852151551569 0.00025009226229670713 0.00098452051682486742 0.010002805119904274 0.0017865931711251724 -0.0091105410376675893 -0.032827315576572286 -0.0047757645703785908 -0.00058533004005434895 -0.00024242390123514813
leaf_weight=0.29516625998076074 0.064785302616655938 0.016800287936348468 0.88033672678284347 0.21221557352691889 0.047060436569154263 0.022836955497041345 0.031176011252682656 0.3618068196810782 0.057016343169379979 0.38784736907109618 0.59074798473739065 0.44368005212163553 0.032354882918298244 0.017648181703407317
leaf_count=409 87 17 211 52 16 19 7 22 10 259 147 328 30 21
internal_value=-0.00607939 -0.0150173 0.0102153 -0.0225244 -0.00114246 0.00240428 -0.0310763 0.00784417 -0.00649909 -0.00805429 -0.0325601 -0.00452697 0.000386397 0.000887315
internal_weight=3.46148 2.28598 1.1755 1.39287 0.721788 0.893109 0.671079 0.426592 0.509572 0.452556 0.607548 0.466517 0.0635309 0.0647086
internal_count=1635 1015 620 559 358 456 201 109 306 296 164 347 37 37
is_linear=0
shrinkage=0.05


Tree=414
num_leaves=3
num_cat=0
split_feature=17 53
split_gain=0.750441 0.404171
threshold=0.9968553459119498 212.50000000000003
decision_type=2 8
left_child=-1 -2
right_child=1 -3
leaf_value=-0.019881348526226923 -0.010881711021967855 0.026566537481667624
leaf_weight=1.1232137531624178 0.35895477980375323 1.7623849499505011
leaf_count=1213 5 417
internal_value=0.00386069 0.0187737
internal_weight=3.24455 2.12134
internal_count=1635 422
is_linear=0
shrinkage=0.05


Tree=415
num_leaves=5
num_cat=0
split_feature=9 32 28 1
split_gain=0.355963 0.204749 0.123985 0.151992
threshold=0.9967765931068685 90.800000000000026 122.00000000000001 5.0000000000000009
decision_type=2 2 2 2
left_child=-1 -2 -3 -4
right_child=1 2 3 -5
leaf_value=-0.018663512916480308 -0.010687842770596241 0.019949545905647122 -0.0061048212010373689 0.013758204901823968
leaf_weight=0.98819280258612696 0.54844776913523707 1.1053051133640113 1.5696189766749742 0.55706667900085438
leaf_count=1254 10 254 21 96
internal_value=-0.00102641 0.0065236 0.0112796 0.00183433
internal_weight=4.76863 3.78044 3.23199 2.12669
internal_count=1635 381 371 117
is_linear=0
shrinkage=0.05


Tree=416
num_leaves=13
num_cat=0
split_feature=40 0 3 34 3 26 35 31 25 33 31 30
split_gain=0.160309 0.149689 0.265677 0.128152 0.065413 0.039393 0.205208 0.0936475 0.0234829 0.0168519 0.131251 0.00534722
threshold=19.500000000000004 154.50000000000003 1.5000000000000002 24.500000000000004 2.5000000000000004 100.80000000000003 1.0000000180025095e-35 143.40000000000003 127.60000000000001 98.000000000000014 82.40000000000002 83.360000000000014
decision_type=10 2 2 2 2 2 10 2 2 2 2 2
left_child=1 3 -3 11 -2 9 7 -7 -8 10 -5 -1
right_child=4 2 -4 5 -6 6 8 -9 -10 -11 -12 -13
leaf_value=0.0010867343477168013 -0.012935625779651886 -0.01602778099136741 0.012798066241414158 0.013594055939715669 0.004885794128685627 0.0036785139689437026 0.0012323870062324015 -0.012488716560729481 0.020021060374765184 0.0230731109037835 -0.0084391428442308 -0.0054606554699827281
leaf_weight=0.033589850878342875 0.51550801651319478 0.74375498585868605 0.51693525502923876 0.49604894674848798 0.14958280778955668 1.4851809104438869 0.33392544800881296 0.46957182639744144 0.90660631784703583 1.3648089168127624 0.34351845167111605 0.48886447411496192
leaf_count=15 169 692 285 36 87 42 18 25 26 20 53 174
internal_value=0.00730553 0.00960869 -0.00377526 0.0125916 -0.00840039 0.0147145 0.00729507 -0.00311745 0.0177709 0.0198362 0.00489204 -0.0046024
internal_weight=7.8479 7.18281 1.26069 5.92212 0.665091 5.39966 3.19528 1.95475 1.24053 2.20438 0.839567 0.522454
internal_count=1642 1386 977 409 256 220 111 67 44 109 89 189
is_linear=0
shrinkage=0.05


Tree=417
num_leaves=15
num_cat=0
split_feature=28 13 1 27 31 25 40 28 27 40 25 40 30 30
split_gain=0.299217 0.176377 0.135756 0.144454 0.0456556 0.0410512 0.0390923 0.0262971 0.0135411 0.00522514 0.0023544 0.000920769 0.000390382 0.00129059
threshold=86.000000000000014 0.97000000000000008 5.0000000000000009 112.80000000000003 100.70000000000002 116.08000000000001 25.500000000000004 98.000000000000014 1030.0000000000002 19.500000000000004 114.72000000000001 25.500000000000004 100.88000000000001 99.260000000000005
decision_type=2 2 2 2 2 2 10 2 2 10 2 10 2 2
left_child=1 -1 4 6 7 10 -4 -2 9 -7 -5 -11 13 -6
right_child=2 -3 3 5 12 8 -8 -9 -10 11 -12 -13 -14 -15
leaf_value=-0.0087905170571540969 -0.0029269797068701524 0.016773241681365413 -0.032284138109643985 -0.00037284592306109708 -0.0013235854423418719 -0.0089541954878052891 0.00062235085160665393 0.0094435722291671912 0.0017370285736370166 0.0012585479170269533 0.0062716768890271977 -0.0008829189373514495 -0.0062901872054408094 0.0011746986757989585
leaf_weight=0.30585611978312977 0.084592758561484627 0.79843236156739295 0.55882942557218485 0.030298365803901106 0.036569339747074991 0.35914980905363336 0.056288099673110992 0.34395611315267161 0.062309894361533225 0.053416976181324571 0.2024540645070374 0.024088139762170613 0.32167360553285107 0.037919678841717541
leaf_count=427 119 211 127 37 61 246 27 30 16 20 45 26 234 16
internal_value=-0.00764221 0.00888015 -0.016195 -0.0223339 0.000575897 -0.0015857 -0.030752 0.00666212 -0.00660672 -0.00817768 0.00580592 0.000391264 -0.00606399 -0.000142156
internal_weight=3.27583 1.10429 2.17155 1.34683 0.824711 0.731717 0.615118 0.428549 0.498965 0.436655 0.232752 0.0775051 0.396163 0.074489
internal_count=1642 638 1004 544 460 390 154 149 308 292 82 46 311 77
is_linear=0
shrinkage=0.05


Tree=418
num_leaves=6
num_cat=0
split_feature=17 29 34 53 53
split_gain=0.323199 0.177295 0.0247008 0.107183 0.0225365
threshold=0.9968553459119498 25.500000000000004 47.500000000000007 315.00000000000006 49.000000000000007
decision_type=2 2 2 8 8
left_child=-1 2 3 -2 -3
right_child=1 4 -4 -5 -6
leaf_value=-0.019608131575495614 -0.0089621084348106006 -0.001290442669005064 -0.0083193542248710464 0.010698859526733667 0.017308937188662412
leaf_weight=1.0916145921219143 0.40430255839601181 0.034653548151254543 0.64220446348190308 0.3784779142588377 0.85224847355857491
leaf_count=1236 9 1 4 37 355
internal_value=-0.00494761 0.0058051 -0.00474207 0.00121307 0.0162835
internal_weight=3.4035 2.31189 1.42498 0.78278 0.886902
internal_count=1642 406 50 46 356
is_linear=0
shrinkage=0.05


Tree=419
num_leaves=6
num_cat=0
split_feature=9 0 26 30 1
split_gain=0.300781 0.142671 0.0977985 0.14625 0.192618
threshold=0.9967765931068685 163.00000000000003 81.200000000000017 124.24000000000002 5.0000000000000009
decision_type=2 2 2 2 2
left_child=-1 2 -2 -4 -5
right_child=1 -3 3 4 -6
leaf_value=-0.018201610985451509 -0.012071280768797019 0.016430705338434378 0.014958910346375615 -0.010653302035089277 0.012113600538364752
leaf_weight=0.94098395068431262 0.40403245016932521 0.77497135172598053 0.64062133058905635 1.7389489980414512 0.45088726957328606
leaf_count=1243 4 279 60 23 33
internal_value=-0.00170995 0.00502132 -0.000946972 0.0033778 -0.00363761
internal_weight=4.95045 4.00946 3.23449 2.83046 2.18984
internal_count=1642 399 120 116 56
is_linear=0
shrinkage=0.05


Tree=420
num_leaves=15
num_cat=0
split_feature=38 29 29 34 32 30 17 17 31 3 32 25 25 41
split_gain=0.206444 0.162101 0.138608 0.118274 0.0966743 0.0825396 0.077827 0.112552 0.072322 0.0491599 0.0489172 0.0235414 0.0162027 0.0121343
threshold=5.5000000000000009 25.500000000000004 24.500000000000004 47.500000000000007 130.40000000000003 99.260000000000005 1.0000000180025095e-35 0.9968553459119498 82.40000000000002 3.5000000000000004 82.800000000000011 572.00000000000011 182.00000000000003 25.500000000000004
decision_type=10 2 2 2 2 2 2 2 2 2 2 2 2 10
left_child=1 2 3 -1 5 8 10 -8 -4 -2 -3 -6 -9 -12
right_child=9 6 4 -5 11 -7 7 12 -10 -11 13 -13 -14 -15
leaf_value=-0.010016048757430651 -0.012752599715238684 0.0038734922763826634 0.0094045147589949096 0.009503018807035031 -0.00347405631352324 0.026355660981911996 0.014160355862247643 -0.0084060830241588815 -0.0075661116131524589 0.003817307206547195 -0.011673329737040918 0.0058095758727965963 0.0017427168810170716 0.00083595723153999987
leaf_weight=0.50225388142280258 0.49852700968040142 0.24474144703708611 0.28041736630257297 0.60559517762158066 0.37116609106305976 2.2937273727729917 0.60531246161553987 0.2884957519127056 0.25426365609746426 0.11317355697974563 0.71177703433204442 0.50145881087519228 0.15212769713252783 0.076097738987300545
leaf_count=99 149 15 11 3 19 36 344 303 16 68 512 11 23 14
internal_value=0.00921475 0.0118135 0.0161014 0.00010027 0.0198508 0.0233413 -0.000114549 0.00679808 0.00166276 -0.00922056 -0.00701612 0.00211432 -0.00612469 -0.0106733
internal_weight=7.49914 6.88743 4.80888 1.10785 3.70103 2.82841 2.07855 1.04594 0.534681 0.611701 1.03262 0.872625 0.440623 0.787875
internal_count=1623 1406 195 102 93 63 1211 670 27 217 541 30 326 526
is_linear=0
shrinkage=0.05


Tree=421
num_leaves=15
num_cat=0
split_feature=28 1 9 2 40 28 28 31 4 39 28 33 28 31
split_gain=0.232793 0.300742 0.127475 0.124194 0.113816 0.0582873 0.0354069 0.0313385 0.0227684 0.0130517 0.00739389 0.00826502 0.00251344 0.000943364
threshold=86.000000000000014 5.0000000000000009 1.0000000180025095e-35 1.0000000180025095e-35 17.000000000000004 98.000000000000014 102.00000000000001 1057.6000000000001 6.0000000000000009 12.500000000000002 118.00000000000001 114.00000000000001 142.00000000000003 1065.6000000000006
decision_type=2 2 2 2 10 2 2 2 2 10 2 2 2 2
left_child=2 5 8 10 7 -2 -7 -5 -1 -8 11 -3 -12 -9
right_child=1 3 -4 4 -6 6 9 13 -10 -11 12 -13 -14 -15
leaf_value=0.016537188503919945 -0.005580047862025702 -0.0017840121461005717 -0.0071906347192808411 -0.032719906561476907 0.0028034443507605079 0.013120724064575926 -0.00430108040548527 0.00121204418896035 -0.0013668852648495221 0.0032716282473935002 -0.0034550427515726498 0.0049407208098630031 0.00083424148728861885 -0.00094524952415871969
leaf_weight=0.79706340399570785 0.17458961432566866 0.10325683766859584 0.23698741680709645 0.73794461562647484 0.10300842396100052 0.50299721793271601 0.25622981361811981 0.032537519931793213 0.037810019450262189 0.10077653982443735 0.10134413477499038 0.17156716418685392 0.037716219667345285 0.025846331467619166
leaf_count=207 238 139 339 144 28 53 164 1 60 10 124 57 13 46
internal_value=-0.00494183 -0.0123204 0.00936602 -0.0227435 -0.0281632 0.00558555 0.00963364 -0.0314996 0.0154233 -0.00132779 0.000622878 0.00299662 -0.00258062 0.000266255
internal_weight=3.41968 2.34781 1.07186 1.31322 0.899337 1.03459 0.860004 0.796328 0.834873 0.357006 0.413884 0.274824 0.13906 0.0583839
internal_count=1623 1017 606 552 219 465 227 191 267 174 333 196 137 47
is_linear=0
shrinkage=0.05


Tree=422
num_leaves=6
num_cat=0
split_feature=17 29 53 34 53
split_gain=0.255132 0.168653 0.0596643 0.0150514 0.0867107
threshold=0.9968553459119498 25.500000000000004 110.00000000000001 47.500000000000007 315.00000000000006
decision_type=2 2 8 2 8
left_child=-1 3 -3 4 -2
right_child=1 2 -4 -5 -6
leaf_value=-0.019253909642893498 -0.0086864866462114439 -0.0033702141806692325 0.016872390907458384 -0.008896857336851657 0.0092049541100773704
leaf_weight=1.0510470987646843 0.40191077720373891 0.094423662871122249 0.81412456964608282 0.61182886362075806 0.31006913329474628
leaf_count=1216 8 2 362 2 33
internal_value=-0.00631023 0.00385521 0.0141051 -0.00622201 -6.92491e-05
internal_weight=3.2834 2.23236 0.908548 1.32381 0.71198
internal_count=1623 407 364 43 41
is_linear=0
shrinkage=0.05


Tree=423
num_leaves=15
num_cat=0
split_feature=2 1 13 26 25 31 17 30 29 40 30 28 25 28
split_gain=0.323105 0.321046 0.140076 0.121594 0.10043 0.0779276 0.0719518 0.0273145 0.0129523 0.00555155 0.0022163 0.00130621 0.000603201 0.000166705
threshold=1.0000000180025095e-35 5.0000000000000009 1.0000000180025095e-35 310.00000000000006 92.40000000000002 112.80000000000003 0.59650000000000014 94.000000000000014 99.500000000000014 14.500000000000002 99.260000000000005 134.00000000000003 110.88000000000001 122.00000000000001
decision_type=2 2 2 2 2 2 2 2 2 8 2 2 2 2
left_child=1 3 6 5 -3 7 -2 8 -1 13 -9 -11 -12 -6
right_child=2 4 -4 -5 9 -7 -8 10 -10 11 12 -13 -14 -15
leaf_value=-0.0085724939065463177 0.018475097206985293 -0.0074794921488288606 -0.0074541512968729464 0.0027381903513824966 -0.00070781774356543125 -0.030317920495159439 -0.0035754946123781363 0.0045460254866550118 0.0014590103189085315 0.012095415821797295 -0.0011202646511379048 9.8964140376229653e-05 0.00065498837441035765 0.00029049596850153943
leaf_weight=0.29023161641089235 1.0369947280269114 0.28188951627817005 0.24782002973370243 0.23241393844364222 0.019229035882744938 1.1049953715410081 0.10534027230460186 0.13513755169697106 0.093214053718838841 0.7641192390001379 0.042663802101742476 0.039809712558053434 0.017721322365105152 0.0077916118316352359
leaf_count=95 195 119 330 30 32 216 179 17 45 282 57 17 6 3
internal_value=-0.00543363 -0.0133592 0.0102002 -0.022374 0.00540699 -0.0255688 0.0157219 -0.00304413 -0.00684197 0.011476 0.00389696 0.0118855 -0.000472907 -0.000417391
internal_weight=4.41937 3.02922 1.39016 1.91638 1.11284 1.68396 1.14234 0.578968 0.383446 0.83095 0.195523 0.803929 0.0603851 0.0270206
internal_count=1623 919 704 466 453 436 374 220 140 334 80 299 63 35
is_linear=0
shrinkage=0.05


Tree=424
num_leaves=15
num_cat=0
split_feature=26 52 21 30 27 5 52 28 33 34 26 31 26 28
split_gain=0.270611 0.353437 0.092481 0.0738339 0.188779 0.13922 0.0819901 0.0596747 0.0566508 0.0174485 0.0103027 0.00926552 0.00552496 0.00255488
threshold=109.20000000000002 302.00000000000006 0.00019178241947741782 96.060000000000016 80.40000000000002 0.99724055188962224 588.00000000000011 86.000000000000014 118.00000000000001 23.500000000000004 105.60000000000001 82.40000000000002 71.40000000000002 82.000000000000014
decision_type=2 8 2 2 2 2 8 2 2 2 2 2 2 2
left_child=3 8 11 4 -1 -6 10 12 -2 -9 13 -3 -8 -5
right_child=1 2 -4 6 5 -7 7 9 -10 -11 -12 -13 -14 -15
leaf_value=0.012826664078909939 -0.0037534607003001244 0.00048645765849872238 0.0043375860412680481 0.00046418179854595026 0.0074098966694050791 -0.016333061166089329 0.0017124242681211929 -0.00078796105588678435 0.014133702806540558 0.019601056635224292 0.0022353802638348449 -0.018765079341420243 -0.0037309229807128393 -0.0056917637311187071
leaf_weight=0.73163347248919341 0.12293148966273326 0.013069428969175401 0.12999845459125925 0.033064416958950793 0.24587840016465612 0.75946201110491529 0.047748239128850289 0.030885635060258099 0.85707632836420089 1.7264655281323937 0.063308157492429018 2.1269009151146747 0.12657836213475093 0.18750656716292724
leaf_count=143 55 2 61 18 150 326 21 14 65 151 40 486 59 51
internal_value=0.00216683 -0.00735293 -0.0162944 0.00989863 0.000988504 -0.00972681 0.0144043 0.0171302 0.0111275 0.0190869 -0.00303968 -0.01853 -0.00205138 -0.0051447
internal_weight=7.20251 3.24998 2.26997 3.95253 1.73697 1.00534 2.21556 1.93168 0.980008 1.75735 0.283879 2.13997 0.174327 0.220571
internal_count=1642 669 549 973 619 476 354 245 120 165 109 488 80 69
is_linear=0
shrinkage=0.05


Tree=425
num_leaves=5
num_cat=0
split_feature=13 1 2 31
split_gain=0.348985 0.248007 0.356586 0.18791
threshold=0.97000000000000008 5.0000000000000009 1.0000000180025095e-35 115.80000000000004
decision_type=2 2 2 2
left_child=-1 -2 -3 -4
right_child=1 2 3 -5
leaf_value=-0.018461285160980032 0.019612965526546389 0.013829183970490667 -0.026064910226035715 0.0061175746478876556
leaf_weight=0.96698938909685273 1.0189864828716964 0.57755348435603082 0.5883710419293493 0.19124027201905847
leaf_count=1293 149 148 26 26
internal_value=-0.00207495 0.00808653 -0.00521685 -0.0191689
internal_weight=3.34314 2.37615 1.35716 0.779611
internal_count=1642 349 200 52
is_linear=0
shrinkage=0.05


Tree=426
num_leaves=6
num_cat=0
split_feature=17 29 28 30 52
split_gain=0.279881 0.141958 0.0357989 0.0270149 0.058366
threshold=0.9968553459119498 25.500000000000004 182.00000000000003 1478.0000000000002 288.00000000000006
decision_type=2 2 2 2 8
left_child=-1 3 -3 4 -2
right_child=1 2 -4 -5 -6
leaf_value=-0.019276196672138899 -0.0065093690552960621 0.016201059115052336 -0.0015614397901006316 -0.008628263799845123 0.0085987404632457565
leaf_weight=1.0529317133477891 0.29429368441924475 0.75717326335143287 0.14382517104968429 0.61489367485046387 0.29385091457515955
leaf_count=1233 7 354 7 2 39
internal_value=-0.00580325 0.004977 0.0140358 -0.00509899 0.00170038
internal_weight=3.15697 2.10404 0.900998 1.20304 0.588145
internal_count=1642 409 361 48 46
is_linear=0
shrinkage=0.05


Tree=427
num_leaves=5
num_cat=0
split_feature=9 48 38 30
split_gain=0.463937 0.29423 0.0610402 0.00240228
threshold=0.9967765931068685 80.000000000000014 5.5000000000000009 558.88000000000011
decision_type=2 8 10 2
left_child=-1 2 -2 -3
right_child=1 3 -4 -5
leaf_value=-0.018039762984508274 -0.010451977344151287 0.019597121828936248 0.005407126098612644 0.00055757993395508286
leaf_weight=0.92462457556393918 0.88499805098399542 2.2083924155449499 0.16668376210145652 0.076679387013427802
leaf_count=1255 37 312 25 13
internal_value=0.00291982 0.0115483 -0.00652808 0.0193224
internal_weight=4.26138 3.33675 1.05168 2.28507
internal_count=1642 387 62 325
is_linear=0
shrinkage=0.05


Tree=428
num_leaves=15
num_cat=0
split_feature=9 52 21 53 1 3 2 25 29 48 40 33 25 34
split_gain=0.454244 0.177536 0.171147 0.170908 0.142692 0.152106 0.122566 0.11483 0.0486618 0.0411883 0.0241334 0.0195096 0.0106642 0.000308024
threshold=1.0000000180025095e-35 588.00000000000011 0.019381261764527296 110.00000000000001 5.0000000000000009 2.5000000000000004 1.0000000180025095e-35 1460.6800000000001 23.500000000000004 80.000000000000014 25.500000000000004 78.000000000000014 310.00000000000006 47.500000000000007
decision_type=2 10 2 8 2 2 2 2 2 8 10 2 2 2
left_child=1 2 3 -1 6 -6 8 -5 -2 13 12 -11 -10 -8
right_child=4 -3 -4 7 5 -7 9 -9 10 11 -12 -13 -14 -15
leaf_value=0.0053100602464595907 -0.0024836793763353578 0.0067130508982119301 0.0059722916742512358 -0.028017283052511895 -0.014630396535976909 0.0089999947190661823 8.557210764997994e-05 0.0034545818601935474 0.018272626018215034 0.0020364926979450863 -0.0009170744546801512 -0.010134434102282127 0.00076348432564319918 0.0049385889166117056
leaf_weight=0.15671403333544853 0.10376148170326027 0.25642634305404488 0.1828102075960486 2.1247320279362616 0.61573797103483219 0.3153046106453985 0.070573458680882939 0.095422644400969037 1.9845350349205553 0.057338163023814559 0.08636946731712658 0.39606519148219377 0.18213530519278709 0.14774199214298278
leaf_count=3 12 30 26 709 191 204 11 2 229 32 21 142 13 13
internal_value=-0.00365984 -0.0162788 -0.0198209 -0.0229858 0.00678765 -0.00611129 0.0112858 -0.0260119 0.0154016 -0.00372983 0.0167356 -0.00825309 0.0175067 0.00472771
internal_weight=6.77567 2.81611 2.55968 2.37687 3.95956 0.931043 3.02852 2.22015 2.3568 0.671719 2.25304 0.453403 2.16667 0.218315
internal_count=1638 770 740 714 868 395 473 711 275 198 263 174 242 24
is_linear=0
shrinkage=0.05


Tree=429
num_leaves=5
num_cat=0
split_feature=17 4 52 32
split_gain=0.2375 0.272261 0.2003 0.0026407
threshold=1.0000000180025095e-35 1.0000000180025095e-35 588.00000000000011 82.800000000000011
decision_type=2 2 10 2
left_child=1 -1 3 -3
right_child=-2 2 -4 -5
leaf_value=-0.010559738889420078 -0.012584448835340323 -2.1680463406704742e-05 -0.0068312154482126804 0.022996285228965727
leaf_weight=0.39113589475164268 0.50458409514976654 0.010626227944157907 0.23151938949013118 1.7241701702587304
leaf_count=401 884 7 4 342
internal_value=0.00533053 0.0117712 0.0182756 0.0228989
internal_weight=2.86204 2.35745 1.96632 1.7348
internal_count=1638 754 353 349
is_linear=0
shrinkage=0.05


Tree=430
num_leaves=4
num_cat=0
split_feature=17 25 48
split_gain=0.671637 0.167429 0.0107894
threshold=0.9968553459119498 182.00000000000003 80.000000000000014
decision_type=2 2 8
left_child=-1 -2 -3
right_child=1 2 -4
leaf_value=-0.018865211147816394 0.024558488361614818 -0.0059570864065663989 0.0018415994659756662
leaf_weight=1.0081066064594779 1.3560303461272267 0.22815027809701871 0.12196445651352406
leaf_count=1226 383 8 21
internal_value=0.00396505 0.0194411 -0.00388855
internal_weight=2.71425 1.70615 0.350115
internal_count=1638 412 29
is_linear=0
shrinkage=0.05


Tree=431
num_leaves=5
num_cat=0
split_feature=9 1 28 32
split_gain=0.275217 0.207858 0.175937 0.112807
threshold=0.9967765931068685 5.0000000000000009 122.00000000000001 90.800000000000026
decision_type=2 2 2 2
left_child=-1 2 3 -2
right_child=1 -3 -4 -5
leaf_value=-0.017364733819874974 -0.0056130412283785592 0.018203567469027262 -0.010047360010683822 0.015643711394460497
leaf_weight=0.86045054494752538 0.34888479858636923 0.90927871468011279 1.8235682388767598 0.70260831865016371
leaf_count=1237 9 191 21 180
internal_value=-0.0012146 0.00531945 -0.00240142 0.00929263
internal_weight=4.64479 3.78434 2.87506 1.05149
internal_count=1638 401 210 189
is_linear=0
shrinkage=0.05


Tree=432
num_leaves=9
num_cat=0
split_feature=40 0 3 25 38 3 30 27
split_gain=0.112454 0.110955 0.220919 0.0948429 0.0989817 0.048909 0.0431029 0.0528815
threshold=19.500000000000004 154.50000000000003 1.5000000000000002 310.00000000000006 5.5000000000000009 3.5000000000000004 217.92000000000002 93.200000000000017
decision_type=10 2 2 2 10 2 2 2
left_child=1 3 -3 4 6 -2 -1 -8
right_child=5 2 -4 -5 -6 -7 7 -9
leaf_value=0.016532779455533251 -0.011205980871418572 -0.014876053315303792 0.01195347899220689 -0.0042046248379732573 -0.0052798605882300453 0.0043662355788683339 0.0071498964187941341 -0.0065909863255167846
leaf_weight=4.0092867853818461 0.41808450751705084 0.65563055127859093 0.46701826900243759 0.43438912881538261 0.20042682380881149 0.13160011824220419 0.71303275413811196 0.23032765986863524
leaf_count=278 163 707 291 20 38 84 13 45
internal_value=0.00684566 0.00875395 -0.00334171 0.0113226 0.0131021 -0.00706608 0.014608 0.00212978
internal_weight=7.2598 6.71011 1.12265 5.58746 5.15307 0.549685 4.95265 0.94336
internal_count=1639 1392 998 394 374 247 336 58
is_linear=0
shrinkage=0.05


Tree=433
num_leaves=5
num_cat=0
split_feature=13 1 32 28
split_gain=0.228811 0.237731 0.31449 0.233591
threshold=0.97000000000000008 5.0000000000000009 110.00000000000001 98.000000000000014
decision_type=2 2 2 2
left_child=-1 -2 3 -3
right_child=1 2 -4 -5
leaf_value=-0.018076738578872622 0.017069148030185187 0.0067896681575388071 0.012117179254325983 -0.028453181377253528
leaf_weight=0.9281935534963851 0.78775398049037892 0.21968209336046129 0.47143684583716094 0.52045380743220448
leaf_count=1305 145 56 125 8
internal_value=-0.00547186 0.00445586 -0.00775505 -0.0201022
internal_weight=2.92752 1.99933 1.21157 0.740136
internal_count=1639 334 189 64
is_linear=0
shrinkage=0.05


Tree=434
num_leaves=4
num_cat=0
split_feature=17 53 33
split_gain=0.279136 0.139981 0.164991
threshold=0.9968553459119498 212.50000000000003 1478.0000000000002
decision_type=2 8 2
left_child=-1 -2 -3
right_child=1 2 -4
leaf_value=-0.018540411915897073 -0.0096275683665126913 0.018886936181437216 -0.004114085660263344
leaf_weight=0.97402554147993248 0.30348369106650386 1.006324960151687 0.78909138962626446
leaf_count=1233 4 397 5
internal_value=-0.00457061 0.00580318 0.0109225
internal_weight=3.07293 2.0989 1.79542
internal_count=1639 406 402
is_linear=0
shrinkage=0.05


Tree=435
num_leaves=7
num_cat=0
split_feature=4 32 30 32 39 48
split_gain=0.181782 0.144505 0.116249 0.180674 0.035189 0.00300163
threshold=1.0000000180025095e-35 132.40000000000003 117.76000000000001 95.200000000000017 12.500000000000002 80.000000000000014
decision_type=2 2 2 2 8 10
left_child=1 2 3 -1 5 -3
right_child=-2 4 -4 -5 -6 -7
leaf_value=-0.0089614145996950133 -0.016316147479004225 -0.0027213066780978753 -0.0098349010720465424 0.015418029395843795 0.015688944856104361 0.0012720657660980183
leaf_weight=0.49886844865977809 0.7684378130652475 0.11799788119969878 1.6909488937235437 0.71594341011950746 0.75672081130323932 0.052639925153926015
leaf_count=36 1138 30 50 130 222 33
internal_value=-0.00293438 0.00256914 -0.00344126 0.00588063 0.0134161 -0.00145509
internal_weight=4.60156 3.83312 2.90576 1.21481 0.927359 0.170638
internal_count=1639 501 216 166 285 63
is_linear=0
shrinkage=0.05


Tree=436
num_leaves=15
num_cat=0
split_feature=17 53 38 37 28 26 40 34 0 3 34 40 4 28
split_gain=0.254885 0.23044 0.130667 0.0873136 0.0835531 0.0662987 0.0840866 0.0538066 0.0546021 0.0350345 0.0274679 0.0187221 0.00903516 0.00558416
threshold=0.9968553459119498 212.50000000000003 5.5000000000000009 192.00000000000003 1462.0000000000002 129.20000000000005 19.500000000000004 25.500000000000004 52.000000000000007 3.5000000000000004 24.500000000000004 17.000000000000004 6.0000000000000009 110.00000000000001
decision_type=2 8 10 8 2 2 8 2 2 2 2 10 2 2
left_child=2 -2 3 12 -3 7 -7 10 -9 -4 -5 -10 -1 -8
right_child=1 4 9 5 -6 6 13 8 11 -11 -12 -13 -14 -15
leaf_value=-0.0059448809287752247 0.0098720414934903022 -0.021644171837138657 -0.010358378775824649 0.00089768473546470188 0.0035351441080225172 0.0094777994582392316 0.00020814489402370612 -0.0058217724419193173 7.6012606750989732e-05 0.0034824235649063779 0.021141072624337003 0.0109000950135046 0.0016935491805545357 -0.0087759330895880241
leaf_weight=0.28312633157474909 0.31366765871643987 0.97136709810001776 0.37183715699939046 0.27589864749461468 0.095254771411418915 0.2972868465585633 0.14562542317435145 0.28234340401831992 0.57508679275633767 0.10224176675546914 1.7581577454693615 0.42307776532834396 0.047242289874702692 0.39752327051246539
leaf_count=79 4 400 112 82 1 16 117 71 475 67 45 68 32 61
internal_value=0.00352013 -0.0108508 0.00866942 0.0113094 -0.018773 0.0131699 0.000146329 0.0156729 0.00358074 -0.00703594 0.0195961 0.00782288 -0.00440064 -0.00779323
internal_weight=6.33974 1.38029 4.95945 4.48537 1.06662 4.155 0.840436 3.31456 1.28051 0.474079 2.03406 0.998165 0.330369 0.543149
internal_count=1630 405 1225 1046 401 935 194 741 614 179 127 543 111 178
is_linear=0
shrinkage=0.05


Tree=437
num_leaves=15
num_cat=0
split_feature=28 13 53 2 33 33 28 29 28 34 29 28 28 2
split_gain=0.210605 0.130827 0.0965045 0.0872456 0.02657 0.0244239 0.0121431 0.00779911 0.00730809 0.00509798 0.00353005 0.00230662 0.00203885 0.00130184
threshold=86.000000000000014 0.97000000000000008 621.00000000000011 1.0000000180025095e-35 914.00000000000011 86.000000000000014 98.000000000000014 17.500000000000004 98.000000000000014 21.500000000000004 28.500000000000004 118.00000000000001 130.00000000000003 1.0000000180025095e-35
decision_type=2 2 8 2 2 2 2 2 2 2 2 2 2 2
left_child=1 -1 6 8 5 -5 -2 -7 -4 -9 -8 -10 -13 -12
right_child=2 -3 3 4 -6 7 10 9 11 -11 13 12 -14 -15
leaf_value=-0.0075161897686022343 -0.0028064905017878743 0.01533017288767051 -0.0024983793401443435 0.00088952667234078089 0.0009651098406376499 0.00021918973850793236 0.0054770430043617722 0.00010695993384051218 0.0039740336394849312 -0.023515708093566567 -0.0014372385656965304 -0.0018243564807383648 0.0012780935514747278 0.0010475060214723837
leaf_weight=0.25044306358904611 0.080833785061259156 0.68391190585680306 0.07129486202029478 0.036376965348608681 0.045794899691827706 0.017013323958963045 0.30303225599345751 0.013968271086923667 0.1947197373083327 1.0684107317356391 0.095598678133683279 0.051087673346046358 0.10998716740868986 0.067131830932339653
leaf_count=400 128 207 115 12 14 9 78 9 106 293 128 71 21 39
internal_value=-0.00605007 0.0084866 -0.0130445 -0.0171756 -0.0212589 -0.0221873 0.00235783 -0.0230108 0.00110187 -0.0233059 0.00455732 0.00313393 -0.00042968 -0.000392877
internal_weight=3.08961 0.934355 2.15525 1.60865 1.18156 1.13577 0.546597 1.09939 0.427089 1.08238 0.465763 0.355795 0.161075 0.162731
internal_count=1630 607 1023 650 337 323 373 311 313 302 245 198 92 167
is_linear=0
shrinkage=0.05


Tree=438
num_leaves=6
num_cat=0
split_feature=4 53 21 28 27
split_gain=0.323077 0.214905 0.176818 0.0944289 0.00656082
threshold=6.0000000000000009 212.50000000000003 1.0000000180025095e-35 1462.0000000000002 86.000000000000014
decision_type=2 8 2 2 2
left_child=-1 -2 3 4 -3
right_child=1 2 -4 -5 -6
leaf_value=-0.015685161819261211 -0.0095525453862749712 8.4848428355787823e-05 -0.0065456921158830346 -0.0034443808983609021 0.02458882541814
leaf_weight=0.71775805903598699 0.30162328318692777 0.034653545764740445 0.21003168588504184 0.092819169163703807 1.3988268714747389
leaf_count=937 6 19 272 1 395
internal_value=0.00213286 0.0115057 0.0173179 0.0218929 0.0242747
internal_weight=2.75571 2.03795 1.73633 1.5263 1.43348
internal_count=1630 693 687 415 414
is_linear=0
shrinkage=0.05


Tree=439
num_leaves=7
num_cat=0
split_feature=9 32 33 1 30 26
split_gain=0.249993 0.173187 0.145982 0.171476 0.132974 0.00397959
threshold=0.9967765931068685 95.200000000000017 124.00000000000001 5.0000000000000009 142.16000000000003 540.00000000000011
decision_type=2 2 2 2 2 2
left_child=-1 -2 -3 4 -4 -6
right_child=1 2 3 -5 5 -7
leaf_value=-0.016915111519777599 -0.010139600250482279 0.019369451420894884 -0.018554360034232466 0.012032727131035167 0.0063072405221479546 -0.00039381397271664271
leaf_weight=0.81992165686097029 0.48836094792932305 1.036006053676829 0.48974669119343139 0.46222869027405977 0.24110937630757689 0.13467590417712927
leaf_count=1229 9 233 11 119 24 5
internal_value=-0.00194878 0.00562789 0.0109314 -0.00114512 -0.0108603 0.00536503
internal_weight=3.67205 2.85213 2.36377 1.32776 0.865532 0.375785
internal_count=1630 401 392 159 40 29
is_linear=0
shrinkage=0.05


Tree=440
num_leaves=14
num_cat=0
split_feature=37 0 3 34 26 39 29 30 3 31 25 31 32
split_gain=0.102283 0.0977861 0.226997 0.0771375 0.0515437 0.0886966 0.0555531 0.0690472 0.0302096 0.00371667 0.00269213 0.000590445 2.95363e-05
threshold=192.00000000000003 163.00000000000003 1.5000000000000002 23.500000000000004 188.00000000000003 12.500000000000002 24.500000000000004 1478.0000000000002 3.5000000000000004 82.40000000000002 71.600000000000009 88.800000000000011 86.000000000000014
decision_type=8 2 2 2 2 8 2 2 2 2 2 2 2
left_child=8 3 -3 10 6 -6 7 9 -1 -5 -2 12 -12
right_child=1 2 -4 4 5 -7 -8 -9 -10 -11 11 -13 -14
leaf_value=-0.010359928573206285 0.0005833196982689327 -0.015014704017481444 0.012097482958186752 0.00046211582670046463 0.0094318434431919385 -0.0084729630830274391 0.015747205339510965 0.0077669616677745138 0.003026903500992887 -0.0079330692935606802 -0.00018188337889359053 -0.0053545069336264255 0.00019835107099254925
leaf_weight=0.37426670646527771 0.024100649519823381 0.66584987204987534 0.47533083241432905 0.030075394781306164 0.29712800798006345 0.4821971416240558 3.5458465642295778 0.68906940170563757 0.087697535054758191 0.33696360583417118 0.021669163834303617 0.22654989897273481 0.025234300061129034
leaf_count=123 12 733 304 17 13 28 142 6 59 86 9 90 17
internal_value=0.00605975 0.00781734 -0.00334603 0.0102258 0.0116354 -0.000182256 0.013312 0.00145358 -0.00748647 -0.00741033 -0.0045876 -0.00514352 1.67462e-05
internal_weight=7.28198 6.82001 1.14118 5.67883 5.38128 0.779325 4.60195 1.05611 0.461964 0.367039 0.297554 0.273453 0.0469035
internal_count=1639 1457 1037 420 292 41 251 109 182 103 128 116 26
is_linear=0
shrinkage=0.05


Tree=441
num_leaves=5
num_cat=0
split_feature=13 1 2 31
split_gain=0.212996 0.319978 0.399004 0.0209585
threshold=0.97000000000000008 5.0000000000000009 1.0000000180025095e-35 115.80000000000004
decision_type=2 2 2 2
left_child=-1 -2 -3 -4
right_child=1 2 3 -5
leaf_value=-0.017823688262174814 0.01827281876040841 0.012900232115578843 -0.025324492476556645 -0.0018183707622210915
leaf_weight=0.90342818986391682 0.88610256742686044 0.51819259265903383 0.57045074249617755 0.27712720748968422
leaf_count=1305 142 140 25 27
internal_value=-0.00528718 0.00367674 -0.00951408 -0.0227829
internal_weight=3.1553 2.25187 1.36577 0.847578
internal_count=1639 334 192 52
is_linear=0
shrinkage=0.05


Tree=442
num_leaves=6
num_cat=0
split_feature=17 29 34 52 28
split_gain=0.237614 0.111315 0.0370974 0.0603901 0.0289144
threshold=0.9968553459119498 25.500000000000004 47.500000000000007 252.00000000000003 182.00000000000003
decision_type=2 2 2 8 2
left_child=-1 2 3 -2 -3
right_child=1 4 -4 -5 -6
leaf_value=-0.01829372665791926 -0.0065135746500513923 0.014937852159421028 -0.0085619658511722086 0.0089590683893592243 -0.0013647178961260476
leaf_weight=0.94867606298066709 0.22147831646725558 0.65953843400347967 0.63780660135671496 0.39349479996599257 0.13918919721618295
leaf_count=1224 4 355 4 44 8
internal_value=-0.00547672 0.00450291 -0.00421462 0.0028039 0.0129176
internal_weight=3.00018 2.05151 1.25278 0.614973 0.798728
internal_count=1639 415 52 48 363
is_linear=0
shrinkage=0.05


Tree=443
num_leaves=7
num_cat=0
split_feature=9 1 2 33 26 52
split_gain=0.258528 0.166917 0.135445 0.0501438 0.0501612 0.0334999
threshold=0.9967765931068685 5.0000000000000009 1.0000000180025095e-35 124.00000000000001 81.200000000000017 276.00000000000006
decision_type=2 2 2 2 2 8
left_child=-1 2 3 4 -2 -4
right_child=1 -3 5 -5 -6 -7
leaf_value=-0.01691521591756668 -0.0056177874351784228 0.017198795116058953 -0.0020687020833122529 -0.011246834311658245 0.0084244520159725538 0.012765732408806124
leaf_weight=0.81985640703351226 0.31786818988621313 0.8182620151201262 0.18267341400496651 1.3956296229735015 0.282948442036286 0.50304993684403598
leaf_count=1245 8 190 12 13 48 123
internal_value=-0.00118584 0.0054382 -0.00184611 -0.00785551 0.00212681 0.00993101
internal_weight=4.32029 3.50043 2.68217 1.99645 0.600817 0.685723
internal_count=1639 394 204 69 56 135
is_linear=0
shrinkage=0.05


Tree=444
num_leaves=15
num_cat=0
split_feature=27 52 21 33 27 32 30 40 4 9 27 32 32 25
split_gain=0.142105 0.16914 0.142239 0.140799 0.154475 0.112024 0.121456 0.061912 0.0223074 0.00866963 0.00399555 0.00197759 0.00183993 0.00112431
threshold=101.20000000000002 302.00000000000006 0.00083539039441910391 98.000000000000014 80.40000000000002 130.40000000000003 124.24000000000002 19.500000000000004 6.0000000000000009 0.0045964360587002111 96.200000000000017 95.200000000000017 88.800000000000026 109.44000000000001
decision_type=2 8 2 2 2 2 2 10 2 2 2 2 2 2
left_child=3 7 5 4 9 6 11 -2 10 -1 -6 -3 -10 -9
right_child=1 2 -4 -5 8 -7 -8 13 12 -11 -12 -13 -14 -15
leaf_value=-0.00065105603424220153 0.014748484880866719 1.2066450511191126e-05 0.0097148997137178547 0.020207876741475492 -0.011930040924216512 -0.018481798117127749 0.0061477594736875892 0.00027928217262423457 -0.00096423684603909809 0.012283418812519093 0.00019450340071236146 -0.012190896804653252 0.0020766646170797443 -0.0040974062662080301
leaf_weight=0.035938612767495437 0.8756057749269528 0.031945284048561562 0.34259268536698062 1.4105775965726932 0.61345491325482726 0.93418817198835302 1.4506476593669504 0.03099316218867898 0.10823189251823351 0.60961273103021085 0.037883477983996272 0.47181207523681223 0.14427100936882198 0.12008386413799599
leaf_count=12 98 13 135 75 280 370 30 25 69 136 27 166 128 37
internal_value=0.0058243 -0.000419855 -0.00604284 0.0126442 0.000532696 -0.00992944 -0.00096949 0.0115266 -0.0093175 0.0116053 -0.0115341 -0.0119236 0.00104404 -0.00373694
internal_weight=7.21784 4.25787 3.23119 2.95997 1.54939 2.88859 1.95441 1.02668 0.903841 0.645551 0.651338 0.503757 0.252503 0.151077
internal_count=1601 874 714 727 652 579 209 160 504 148 307 179 197 62
is_linear=0
shrinkage=0.05


Tree=445
num_leaves=15
num_cat=0
split_feature=28 28 1 13 32 32 41 28 28 29 36 29 25 26
split_gain=0.202081 0.158039 0.159271 0.120838 0.019817 0.0108607 0.00869356 0.00722222 0.0202513 0.0028911 0.000398453 4.47787e-05 5.72739e-06 0.000401478
threshold=86.000000000000014 114.00000000000001 5.0000000000000009 0.97000000000000008 103.20000000000002 99.600000000000037 25.500000000000004 118.00000000000001 130.00000000000003 24.500000000000004 16.000000000000004 26.500000000000004 572.00000000000011 1062.0000000000002
decision_type=2 2 2 2 2 2 10 2 2 2 10 2 2 2
left_child=3 2 4 -1 5 -2 9 -3 -9 -4 -6 -8 -10 -14
right_child=1 7 6 -5 10 -7 11 8 12 -11 -12 -13 13 -15
leaf_value=-0.0073229472196336427 -0.0017390329546327452 0.0055712062800780549 -8.0578823263861569e-05 0.014733513626097514 -0.0038459003625234307 0.0069449849784703381 0.00018790515294494868 -0.0052041519830222597 0.0040115214300633561 -0.028916529014973172 0.00010326661579700746 -0.00029328673012944076 0.00077597410682336235 -0.000621193663953619
leaf_weight=0.24245794775197316 0.048599388363072427 0.17609105724841345 0.014371811616001651 0.64036955335177481 0.24137376397266053 0.21611692089936696 0.0099819926545023918 0.16094993826118298 0.22985118269571103 0.6019541940477211 0.013510642369510606 0.024659600079758093 0.037689596996642649 0.041794081102125347
leaf_count=403 82 49 17 197 278 22 5 238 38 211 12 27 7 15
internal_value=-0.0064573 -0.0138308 -0.0205304 0.00800389 0.00128509 0.00523625 -0.0281746 0.0034027 -0.000646216 -0.02871 -0.00372109 -0.000107031 0.00388872 0.000146426
internal_weight=2.69977 1.81694 1.17057 0.882828 0.519601 0.264716 0.650968 0.646376 0.470285 0.616326 0.254884 0.0346416 0.309335 0.0794837
internal_count=1601 1001 654 600 394 104 260 347 298 228 290 32 60 22
is_linear=0
shrinkage=0.05


Tree=446
num_leaves=6
num_cat=0
split_feature=4 29 21 1 53
split_gain=0.108198 0.0857548 0.0747863 0.0447924 0.0308812
threshold=6.0000000000000009 25.500000000000004 1.0000000180025095e-35 5.0000000000000009 212.50000000000003
decision_type=2 2 2 2 8
left_child=-1 3 4 -2 -3
right_child=1 2 -4 -5 -6
leaf_value=-0.015032792252140745 -0.0083170517244835086 -0.0020822192355171823 -0.0052950852495638884 0.0047536287349156702 0.014879147758467375
leaf_weight=0.66793471004348282 1.2376382243528499 0.056116798426955827 0.16340217491961084 0.18437443819129828 0.70058160333428532
leaf_count=889 47 2 239 42 382
internal_value=-0.00526437 0.00118588 0.00882445 -0.00535938 0.013152
internal_weight=3.01005 2.34211 0.920101 1.42201 0.756698
internal_count=1601 712 623 89 384
is_linear=0
shrinkage=0.05


Tree=447
num_leaves=7
num_cat=0
split_feature=9 35 48 37 1 2
split_gain=0.24824 0.0984754 0.0707171 0.0863573 0.017141 0.0704026
threshold=0.9967765931068685 1.0000000180025095e-35 80.000000000000014 192.00000000000003 5.0000000000000009 1.0000000180025095e-35
decision_type=2 10 10 8 2 2
left_child=-1 4 3 -3 5 -2
right_child=1 2 -4 -5 -6 -7
leaf_value=-0.016392992941247273 -0.0029193816832477825 0.0061959253127286231 0.0073148269798643008 -0.01247012891240562 0.014965358420620585 0.011661675226111643
leaf_weight=0.77499963526497584 1.248178097419441 0.19115441432222735 0.23760887247044582 0.99413091619499039 0.63383173884358246 0.43903645826503623
leaf_count=1220 34 17 57 47 128 98
internal_value=-0.000518626 0.00553027 -0.00348091 -0.00800205 0.0104392 0.00380256
internal_weight=4.51894 3.74394 1.42289 1.18529 2.32105 1.68721
internal_count=1601 381 121 64 260 132
is_linear=0
shrinkage=0.05


Tree=448
num_leaves=15
num_cat=0
split_feature=13 1 33 33 33 17 28 27 37 25 40 28 25 27
split_gain=0.752754 0.242787 0.202287 0.159195 0.142808 0.0282239 0.0196403 0.0320801 0.0101982 0.00735251 0.000911303 0.000749824 0.000580404 0.000353337
threshold=0.97000000000000008 5.0000000000000009 118.00000000000001 110.00000000000001 94.000000000000014 0.9968553459119498 118.00000000000001 101.20000000000002 192.00000000000003 92.080000000000013 14.500000000000002 86.000000000000014 107.56000000000002 238.00000000000003
decision_type=2 2 2 2 2 2 2 2 8 2 8 2 2 2
left_child=1 2 4 5 9 8 7 -4 -3 10 -1 13 -11 -9
right_child=-2 3 6 -5 -6 -7 -8 11 -10 12 -12 -13 -14 -15
leaf_value=6.1815507017395696e-05 -0.020852513450237659 -0.00058235820053511482 0.0091255362251698568 -0.013005279594116443 -0.01051595659152391 -0.0026173277089029008 0.028542245966427706 0.00074371768069552736 0.011997511282314865 -0.0011445160973971205 0.011293553203050814 -0.0036007321949621052 0.00061633454535409225 -0.00058015850978643117
leaf_weight=0.029436884389724804 1.1751876075286416 0.080640273285098152 0.65308072295738417 0.69312661694129929 0.52145659999223426 0.074962552287615836 1.7065877669956533 0.035003561060875654 0.53420352528337389 0.031448462279513478 0.65688157931435853 0.11004593607503921 0.021590921794995666 0.015697326511144638
leaf_count=19 315 33 15 296 227 94 51 28 206 35 242 23 8 14
internal_value=0.00522283 0.0135769 0.0189797 -0.00296098 0.000984281 0.00885532 0.025145 0.00621269 0.0110087 0.0104779 0.0111341 -0.00328796 -0.000523122 0.000171776
internal_weight=6.33935 5.16416 3.78123 1.38293 1.26081 0.689806 2.52042 0.813828 0.614844 0.739358 0.686318 0.160747 0.0530394 0.0507009
internal_count=1606 1291 662 629 531 333 131 80 239 304 261 65 43 42
is_linear=0
shrinkage=0.05


Tree=449
num_leaves=4
num_cat=0
split_feature=9 4 31
split_gain=0.349622 0.262945 0.00455959
threshold=1.0000000180025095e-35 6.0000000000000009 65.000000000000014
decision_type=2 2 2
left_child=1 2 -1
right_child=-2 -3 -4
leaf_value=-0.00018284140754059924 -0.013059810501243644 -0.0084521399702842809 0.023600063401089721
leaf_weight=0.0048960361746143146 0.53359537036158133 0.29022769347648125 1.6355887714307753
leaf_count=5 836 439 326
internal_value=0.00897226 0.0174398 0.0234867
internal_weight=2.46431 1.93071 1.64048
internal_count=1606 770 331
is_linear=0
shrinkage=0.05


Tree=450
num_leaves=6
num_cat=0
split_feature=17 29 53 30 53
split_gain=0.18932 0.128006 0.0491531 0.0192203 0.0692954
threshold=0.9968553459119498 25.500000000000004 110.00000000000001 1462.0000000000002 212.50000000000003
decision_type=2 2 8 2 8
left_child=-1 3 -3 4 -2
right_child=1 2 -4 -5 -6
leaf_value=-0.017289569240453283 -0.0078003759177813735 -0.0031067061056672392 0.015431226317675443 -0.007825254209949499 0.0087830000552569926
leaf_weight=0.85239373109652694 0.23185231909155868 0.086775824427604564 0.69620592566207051 0.79846297949552536 0.30239710723981261
leaf_count=1182 3 2 370 4 45
internal_value=-0.00541123 0.00338764 0.0127866 -0.00524856 0.00119279
internal_weight=2.96809 2.11569 0.782982 1.33271 0.534249
internal_count=1606 424 372 52 48
is_linear=0
shrinkage=0.05


Tree=451
num_leaves=15
num_cat=0
split_feature=2 1 9 27 27 29 40 0 48 41 40 34 28 34
split_gain=0.161864 0.203722 0.125297 0.0734965 0.0711233 0.0656426 0.0589312 0.039895 0.0379229 0.00661346 0.00263292 0.00149507 0.00134776 0.000710411
threshold=1.0000000180025095e-35 5.0000000000000009 0.9967765931068685 310.40000000000003 93.200000000000017 22.500000000000004 25.500000000000004 163.00000000000003 80.000000000000014 8.0000000000000018 14.500000000000002 101.50000000000001 134.00000000000003 18.500000000000004
decision_type=2 2 2 2 2 2 10 2 8 10 8 2 2 2
left_child=1 3 -2 5 -3 -1 7 -7 -4 -5 -6 -9 13 -12
right_child=2 4 8 9 10 6 -8 11 -10 -11 12 -13 -14 -15
leaf_value=0.0018121856233081044 -0.0093287127139264313 -0.0073607164365184913 -0.0017657694876285865 0.0037478840635690744 -0.00024706061508729453 -0.029415516268221704 0.0016676517874478197 0.00080562232021229644 0.014128545152315286 -0.0020382954434660515 -8.3188767525899408e-05 -0.0020770330684307336 -3.6809443101377536e-05 0.0094586512736518583
leaf_weight=0.098347978666425084 0.33046525256941117 0.2113277644093613 0.22905704029835761 0.10956307375454333 0.02378072525607422 1.2313463989703448 0.070420646137790643 0.065543203993001842 0.58956131793092936 0.056949626130517572 0.0022220600512810043 0.16688528197119012 0.030855797231197357 0.57456274691503495
leaf_count=17 526 85 19 8 34 116 27 41 169 23 3 241 15 282
internal_value=-0.010007 -0.0153273 0.00366502 -0.0219438 0.00304043 -0.024093 -0.0258135 -0.0272758 0.0111557 0.00171806 0.00889959 -0.00127004 0.00918857 0.00939245
internal_weight=3.79089 2.64181 1.14908 1.79906 0.842749 1.63254 1.5342 1.46377 0.818618 0.166513 0.631421 0.232428 0.607641 0.576785
internal_count=1606 892 714 473 419 442 425 398 188 31 334 282 300 285
is_linear=0
shrinkage=0.05


Tree=452
num_leaves=15
num_cat=0
split_feature=27 52 21 40 38 28 0 34 32 28 31 33 27 28
split_gain=0.133156 0.109702 0.0868323 0.0686848 0.0680929 0.0558819 0.0448162 0.0372244 0.0323008 0.0239455 0.0230236 0.0137925 0.00627482 0.00205398
threshold=101.20000000000002 302.00000000000006 0.00019178241947741782 19.500000000000004 5.5000000000000009 590.00000000000011 154.50000000000003 24.500000000000004 130.40000000000003 118.00000000000001 127.60000000000004 78.000000000000014 80.40000000000002 66.000000000000014
decision_type=2 8 2 10 10 2 2 2 2 2 2 2 2 2
left_child=4 3 5 9 6 8 7 -1 10 -2 -3 -8 -6 -13
right_child=1 2 -4 -5 12 -7 11 -9 -10 -11 -12 13 -14 -15
leaf_value=-0.0015719364518577497 -0.0013828922751543643 -0.0082092269983212365 0.007305779349981301 -0.0048187363654386218 0.0014128268565472245 0.0037944216943295536 0.0039160194463850788 0.016627408946544568 -0.016376026289273118 0.014426855347110272 0.00070402400466086602 0.00060416879440437646 -0.0050145015800393787 -0.0039479975046913295
leaf_weight=0.1301156906411064 0.090504565159790551 0.28801228583324801 0.24023648421280075 0.19461328844772652 0.04281572566833336 0.25416791066527356 0.1972135881660505 2.1168736331164837 0.74664790299721051 0.64127865416230634 1.3350355781149119 0.016357953543774784 0.22526722896145657 0.33996859029866755
leaf_count=70 47 163 135 73 32 10 142 108 367 46 38 12 100 298
internal_value=0.00484677 -0.00152368 -0.00613677 0.00852053 0.0111562 -0.00904393 0.0131722 0.015414 -0.0111383 0.0128021 -0.00340431 7.83424e-06 -0.00368334 -0.00344765
internal_weight=6.85911 3.7905 2.8641 0.926397 3.06861 2.62386 2.80053 2.24699 2.3697 0.731783 1.62305 0.55354 0.268083 0.356327
internal_count=1641 879 713 166 762 578 630 178 568 93 201 452 132 310
is_linear=0
shrinkage=0.05


Tree=453
num_leaves=15
num_cat=0
split_feature=28 1 13 2 41 28 33 28 33 25 25 28 38 29
split_gain=0.19167 0.251511 0.119879 0.117293 0.0515814 0.0437188 0.0296701 0.0213099 0.00794563 0.00486234 0.00532731 0.00374937 0.000537196 0.000161224
threshold=86.000000000000014 5.0000000000000009 0.97000000000000008 1.0000000180025095e-35 17.000000000000004 98.000000000000014 914.00000000000011 102.00000000000001 130.00000000000003 119.84000000000002 114.72000000000001 142.00000000000003 5.5000000000000009 26.500000000000004
decision_type=2 2 2 2 10 2 2 2 2 2 2 2 10 2
left_child=2 5 -1 9 6 -2 -5 -7 -9 10 13 -11 -10 -3
right_child=1 3 -4 4 -6 7 -8 8 12 11 -12 -13 -14 -15
leaf_value=-0.0071990423628690405 -0.0047262482659145696 0.00011839677675146349 0.014874566720366243 -0.029869078866466156 0.0013033966017530661 0.011544467078093123 0.0006923606872112143 -0.0035213905704817093 -0.00010013696520804342 -0.0031186645416647397 0.004376179951299965 0.0013918117501125851 0.002770211985041677 -0.0014879725114296182
leaf_weight=0.23738756519742343 0.14405455088126484 0.02295584772946313 0.6504935045959428 0.73581245090463199 0.063463350350502878 0.41601309680845588 0.036601554369553924 0.11269580220687203 0.11281778104603291 0.11430128739448264 0.13413663185201585 0.048414040298666805 0.074929978000000119 0.046832624211674556
leaf_count=411 238 20 216 192 29 46 13 124 37 164 42 10 2 97
internal_value=-0.00574604 -0.0125185 0.00828568 -0.0218988 -0.0270951 0.00531475 -0.0288473 0.00891093 -0.000808868 0.00110542 0.00292929 -0.00173382 0.00241326 -0.00134283
internal_weight=2.95091 2.06303 0.887881 1.20252 0.835877 0.860511 0.772414 0.716457 0.300444 0.36664 0.203925 0.162715 0.187748 0.0697885
internal_count=1641 1014 627 567 234 447 205 209 163 333 159 174 39 117
is_linear=0
shrinkage=0.05


Tree=454
num_leaves=8
num_cat=0
split_feature=4 1 33 4 33 30 30
split_gain=0.104999 0.0941361 0.103028 0.0296038 0.00570361 0.000137795 0.000156565
threshold=6.0000000000000009 5.0000000000000009 106.00000000000001 10.000000000000002 86.000000000000014 73.800000000000011 70.440000000000012
decision_type=2 2 2 2 2 2 2
left_child=-1 2 4 -3 5 6 -2
right_child=1 3 -4 -5 -6 -7 -8
leaf_value=-0.014818354733756934 -0.00035336321261517393 0.01275504257846162 -0.010814590838981343 -0.0023620095253540029 0.0080993753894754422 -0.00084129530699957674 0.00054720068764917541
leaf_weight=0.65227076847804744 0.0095092265692077182 0.52447693061549205 1.0952903116995001 0.067122740438207984 0.34505535941570997 0.035017562680877745 0.014761300524696708
leaf_count=930 20 247 66 122 196 55 5
internal_value=-0.00534193 0.00145133 -0.00497585 0.0106335 0.00727878 -0.000634578 0.00019385
internal_weight=2.7435 2.09123 1.49963 0.5916 0.404343 0.0592881 0.0242705
internal_count=1641 711 342 369 276 80 25
is_linear=0
shrinkage=0.05


Tree=455
num_leaves=7
num_cat=0
split_feature=9 40 38 1 26 30
split_gain=0.266229 0.133495 0.0421646 0.0107924 0.000957895 0.0389355
threshold=0.9967765931068685 19.500000000000004 5.5000000000000009 5.0000000000000009 93.600000000000009 124.24000000000002
decision_type=2 8 10 2 2 2
left_child=-1 2 4 -3 -2 -6
right_child=1 3 -4 -5 5 -7
leaf_value=-0.015833210828303551 -0.010190893111331867 0.004926654172101818 0.0045650946915685121 0.016463302135753619 0.0057283516712784699 -0.0070840803958914737
leaf_weight=0.72978760176920321 0.3263257518410686 1.7221466464689004 0.1373596410267055 0.75071332580409933 0.1772429890697822 0.2219731550430879
leaf_count=1252 4 148 28 165 35 9
internal_value=0.000909738 0.00737965 -0.00549529 0.012161 -0.00894173 -0.00136712
internal_weight=4.06555 3.33576 0.862902 2.47286 0.725542 0.399216
internal_count=1641 389 76 313 48 44
is_linear=0
shrinkage=0.05


Tree=456
num_leaves=13
num_cat=0
split_feature=21 0 34 29 34 32 35 33 52 27 3 33
split_gain=0.100142 0.190631 0.120391 0.0653125 0.118394 0.0169841 0.113746 0.0618773 0.0327616 0.0566994 0.0155737 0.000557583
threshold=1.0000000180025095e-35 163.00000000000003 24.500000000000004 24.500000000000004 47.500000000000007 103.20000000000002 1.0000000180025095e-35 124.00000000000001 524.00000000000011 80.40000000000002 1.5000000000000002 82.000000000000014
decision_type=2 2 2 2 2 2 10 2 8 2 2 2
left_child=1 2 11 4 -4 8 -7 -8 9 -5 -3 -1
right_child=-2 10 3 5 -6 6 7 -9 -10 -11 -12 -13
leaf_value=1.1198457553169789e-06 0.015793140857217721 -0.014545062292956892 -0.011667191071291716 0.0080308607932315385 0.0079877704528428847 -0.0033904506406537815 -0.0018242060226898852 0.016141234714066977 0.017743416536266196 -0.0071101836059471726 0.0010954145717879014 -0.0093888915290478176
leaf_weight=0.015754431718960293 0.72215355013031501 0.63236937663168635 0.45881312037818112 0.25499724200926688 0.64093051292002201 1.6105621007736772 0.3905019792728126 0.93778063030913472 0.76000777631998073 0.22723399265669286 0.030011519324034452 0.35771851992467418
leaf_count=4 456 811 87 9 3 29 18 31 11 13 9 163
internal_value=0.00502516 0.00180385 0.00538191 0.00773133 -0.0018635 0.0101276 0.00504986 0.0123446 0.0145307 0.000912711 -0.0136038 -0.00928037
internal_weight=7.03883 6.31668 5.6543 5.28083 1.09974 4.18108 2.93884 1.32828 1.24224 0.482231 0.662381 0.373473
internal_count=1644 1188 368 201 90 111 78 49 33 22 820 167
is_linear=0
shrinkage=0.05


Tree=457
num_leaves=15
num_cat=0
split_feature=28 1 2 9 40 28 33 28 4 28 25 25 28 38
split_gain=0.201243 0.243486 0.116611 0.0898891 0.0625902 0.0409904 0.029458 0.0278216 0.0161676 0.00915461 0.00398559 0.00538571 0.00375905 0.000639711
threshold=86.000000000000014 5.0000000000000009 1.0000000180025095e-35 1.0000000180025095e-35 17.000000000000004 98.000000000000014 914.00000000000011 102.00000000000001 6.0000000000000009 130.00000000000003 119.84000000000002 114.72000000000001 142.00000000000003 5.5000000000000009
decision_type=2 2 2 2 10 2 2 2 2 2 2 2 2 10
left_child=3 5 10 8 6 -2 -4 -7 -1 -9 11 -3 -12 -11
right_child=1 2 4 -5 -6 7 -8 9 -10 13 12 -13 -14 -15
leaf_value=0.015126815325041083 -0.0045141962852873986 -0.0013754857503909233 -0.029398967424283634 -0.0058064354732088432 0.0017259663528451782 0.011857618774962558 0.00072325774869276419 -0.0040281474521110501 -0.0010856699934644486 -0.00015640896452240934 -0.0029191053793073784 0.0043262447590294642 0.001490653762231329 0.0027928316857300612
leaf_weight=0.68117497465573285 0.13670581841142859 0.070463778771227226 0.74126985037582926 0.18306978486361913 0.06999260708107613 0.43265870946925133 0.035728311748243868 0.12936381850158796 0.029802654724335298 0.10070089704822749 0.11224878462962806 0.13519956811796874 0.052297264279332012 0.075798052828758955
leaf_count=221 231 121 196 329 30 47 12 138 60 31 168 45 12 3
internal_value=-0.00482932 -0.0118662 -0.0211235 0.00920958 -0.0263107 0.0054072 -0.0283863 0.00878392 0.0142099 -0.00131475 0.0012849 0.00285216 -0.00144104 0.00240745
internal_weight=2.98647 2.09243 1.2172 0.894047 0.846991 0.875227 0.776998 0.738521 0.710978 0.305863 0.370209 0.205663 0.164546 0.176499
internal_count=1644 1034 584 610 238 450 208 219 281 172 346 166 180 34
is_linear=0
shrinkage=0.05


Tree=458
num_leaves=4
num_cat=0
split_feature=17 53 30
split_gain=0.200373 0.101243 0.18276
threshold=0.9968553459119498 212.50000000000003 1462.0000000000002
decision_type=2 8 2
left_child=-1 -2 -3
right_child=1 2 -4
leaf_value=-0.016811474652681183 -0.0086797597574120814 0.018029880134102404 -0.0052496554100449639
leaf_weight=0.81057835608953643 0.27001444622874293 0.91914196964353301 0.87874519522301853
leaf_count=1215 4 417 8
internal_value=-0.00431168 0.00447072 0.00884208
internal_weight=2.87848 2.0679 1.79789
internal_count=1644 429 425
is_linear=0
shrinkage=0.05


Tree=459
num_leaves=6
num_cat=0
split_feature=4 1 28 27 35
split_gain=0.187012 0.172384 0.102147 0.0962234 0.0101115
threshold=1.0000000180025095e-35 5.0000000000000009 118.00000000000001 93.200000000000017 1.0000000180025095e-35
decision_type=2 2 2 2 10
left_child=1 2 3 4 -1
right_child=-2 -3 -4 -5 -6
leaf_value=0.0013736062929207487 -0.014992689473935722 0.016580952638676979 -0.0085885474155378491 0.013266018256919599 -0.007684944112860595
leaf_weight=0.063070008531213584 0.66505360440351058 0.82374767283909012 1.6305903838656375 0.58223688701400533 0.24330992688192055
leaf_count=19 1161 213 34 183 34
internal_value=-0.000882916 0.00472995 -0.00275559 0.00682799 -0.00619615
internal_weight=4.00801 3.34295 2.51921 0.888617 0.30638
internal_count=1644 483 270 236 53
is_linear=0
shrinkage=0.05


Tree=460
num_leaves=14
num_cat=0
split_feature=27 30 52 21 28 52 27 17 28 32 9 5 25
split_gain=0.214869 0.252825 0.129678 0.0995915 0.208974 0.0763526 0.12101 0.0708421 0.0618687 0.0513 0.0274724 0.013101 0.00345655
threshold=101.20000000000002 96.060000000000016 588.00000000000011 0.00019178241947741782 122.00000000000001 302.00000000000006 128.80000000000004 0.0065000000000000014 86.000000000000014 82.800000000000011 0.0010800639738449247 0.99724055188962224 71.600000000000009
decision_type=2 2 8 2 2 8 2 2 2 2 2 2 2
left_child=1 7 -3 4 11 -6 -7 9 12 -1 -9 -2 -4
right_child=3 2 8 -5 5 6 -8 10 -10 -11 -12 -13 -14
leaf_value=0.0034435015865819495 0.00071121549870721914 -0.0036086879452315044 0.0017079670212222849 0.010302289183916213 0.011794685631644054 0.0053004220290962384 -0.012826872374724716 -0.0029991427374873886 0.029851138437685866 -0.012552799487952491 0.0096050714380905289 -0.018226740595564912 -0.0023795948138781546
leaf_weight=0.23225893534254305 0.019290858064778926 0.14050512004177984 0.04762928723357629 0.37268756667617697 0.52773075166624073 1.4129129073116926 0.51991118321893726 0.086733490985352546 1.0973878751974551 0.50557290675351396 0.34381562296766788 0.91779676999431103 0.083606491214595735
leaf_count=15 8 26 23 179 35 57 80 77 69 232 247 541 44
internal_value=0.00601015 0.0148966 0.0243568 -0.00183961 -0.00521129 0.00326909 -0.00228662 -0.00230942 0.0277392 -0.00843342 0.00674439 -0.017671 -0.000697669
internal_weight=6.30784 2.53751 1.36913 3.77033 3.39764 2.46055 1.93282 1.16838 1.22862 0.737832 0.430549 0.937088 0.131236
internal_count=1633 733 162 900 721 172 137 571 136 247 324 549 67
is_linear=0
shrinkage=0.05


Tree=461
num_leaves=5
num_cat=0
split_feature=13 1 32 30
split_gain=0.197565 0.218417 0.257899 0.202884
threshold=0.97000000000000008 5.0000000000000009 110.00000000000001 99.260000000000005
decision_type=2 2 2 2
left_child=-1 -2 3 -3
right_child=1 2 -4 -5
leaf_value=-0.016861604006312769 0.016672144395042547 0.0065264331983828769 0.011131459486470451 -0.026337380125031125
leaf_weight=0.81508234021021064 0.7491277668159454 0.20855641481466591 0.41797408636193722 0.506180101307109
leaf_count=1307 134 49 135 8
internal_value=-0.00471761 0.00456811 -0.00750086 -0.0185342
internal_weight=2.69692 1.88184 1.13271 0.714737
internal_count=1633 326 192 57
is_linear=0
shrinkage=0.05


Tree=462
num_leaves=12
num_cat=0
split_feature=27 17 28 29 30 52 40 29 31 31 31
split_gain=0.166779 0.173717 0.0846567 0.0372174 0.00910912 0.00143755 0.000746044 0.000530355 0.000281326 1.41186e-05 7.67863e-06
threshold=101.20000000000002 0.9968553459119498 182.00000000000003 11.500000000000002 135.76000000000002 236.00000000000003 14.500000000000002 439.50000000000006 1478.0000000000002 95.600000000000009 359.60000000000008
decision_type=2 2 2 2 2 8 8 2 2 2 2
left_child=3 -2 -3 -1 5 -5 9 -6 -8 -7 -11
right_child=1 2 -4 4 7 6 8 -9 -10 10 -12
leaf_value=-0.024039240829915112 -0.011632971201045514 0.01602435816656949 -0.0039464721311580743 0.00029937803664190483 0.0022329391556284335 0.00018313255623911555 -0.0052025860775748948 -0.00025809372877505911 4.7646347145468822e-05 -0.00015577411090493353 6.0959936847293228e-05
leaf_weight=0.31073674559593234 0.44790317097795163 0.72508563869632781 0.2943091718479991 0.024005212006159127 0.10268709124648012 0.020129219105001539 0.42430420586606488 0.033802998368628323 0.0076421449193730942 0.0098738365049939603 0.0069296497385948888
leaf_count=1 594 293 13 17 43 19 570 49 10 15 9
internal_value=-0.0089764 0.00230698 0.0111595 -0.0186991 -0.002927 -0.0046652 -0.00495015 0.00193175 -0.00514129 8.76518e-05 -9.43445e-05
internal_weight=2.40741 1.4673 1.01939 0.940111 0.629374 0.492884 0.468879 0.13649 0.431946 0.0369327 0.0168035
internal_count=1633 900 306 733 732 640 623 92 580 43 24
is_linear=0
shrinkage=0.05


Tree=463
num_leaves=5
num_cat=0
split_feature=9 1 33 32
split_gain=0.262165 0.0918529 0.137481 0.0520153
threshold=0.9967765931068685 5.0000000000000009 124.00000000000001 90.800000000000026
decision_type=2 2 2 2
left_child=-1 2 3 -2
right_child=1 -3 -4 -5
leaf_value=-0.015777065887510672 -0.0027478740661443105 0.016202406020700114 -0.0064987455950093675 0.014722573282940306
leaf_weight=0.72489090464659955 0.20921093318611461 0.73794063902460028 1.6972454097121952 0.63097162335179746
leaf_count=1248 7 188 39 151
internal_value=0.000821103 0.00732556 0.000893482 0.0112431
internal_weight=4.00026 3.27537 2.53743 0.840183
internal_count=1633 385 197 158
is_linear=0
shrinkage=0.05


Tree=464
num_leaves=15
num_cat=0
split_feature=52 29 3 3 34 29 33 35 32 33 26 33 33 25
split_gain=0.126019 0.0730366 0.147242 0.0644521 0.0547442 0.050623 0.0660414 0.0434608 0.115723 0.0276902 0.0052952 0.00734432 0.00175735 0.000522001
threshold=302.00000000000006 75.500000000000014 1.5000000000000002 1.5000000000000002 24.500000000000004 24.500000000000004 1478.0000000000002 1.0000000180025095e-35 111.60000000000004 130.00000000000003 109.20000000000002 106.00000000000001 82.000000000000014 82.280000000000015
decision_type=10 2 2 2 2 2 2 10 2 2 2 2 2 2
left_child=1 4 -3 -2 10 6 12 8 -7 -10 11 -1 13 -6
right_child=3 2 -4 -5 5 7 -8 -9 9 -11 -12 -13 -14 -15
leaf_value=-0.0023824305645173921 -0.013368648146429019 -0.01315307426974708 0.0097489908569480446 0.0046534199181478986 0.00084223145558059954 0.014360012853774152 0.0067192252046462718 0.017606114039944602 0.0012314228119403563 -0.008237697419081277 -0.0047430798406958557 0.0034232624747961866 -0.0083942664402250084 -0.00075826583836231093
leaf_weight=0.126322473399341 0.53757472790312011 0.53848212567390863 0.35075684683397412 0.14151176577433944 0.022951602586544828 0.62711556546855751 0.67056206101551652 1.3866306878626349 1.3292066850699482 0.33145736675942306 0.1976041694288142 0.10501573327928782 0.33504689252004027 0.020491523551754653
leaf_count=75 209 641 252 108 17 26 5 73 51 21 88 10 77 4
internal_value=0.00395029 0.00649599 -0.00374079 -0.00907837 0.00858359 0.0100273 5.16832e-05 0.012255 0.0046431 -0.00304432 -0.00320584 0.000892828 -0.00806606 8.41044e-05
internal_weight=6.72073 6.04164 0.889239 0.679086 5.1524 4.72346 1.04905 3.67441 2.28778 1.66066 0.428942 0.231338 0.37849 0.0434431
internal_count=1657 1340 893 317 447 274 103 171 98 72 173 85 98 21
is_linear=0
shrinkage=0.05


Tree=465
num_leaves=5
num_cat=0
split_feature=13 2 31 33
split_gain=0.264097 0.0686672 0.0794136 0.0684437
threshold=0.97000000000000008 1.0000000180025095e-35 115.80000000000004 98.000000000000014
decision_type=2 2 2 2
left_child=-1 -2 3 -3
right_child=1 2 -4 -5
leaf_value=-0.016584410638408893 0.014698316151179733 0.0054128173135600949 0.0088793675915317376 -0.011977899046232534
leaf_weight=0.79130394753883604 0.6348281365353613 0.16757477133069187 0.30203299387358129 0.63165885163471103
leaf_count=1322 192 50 69 24
internal_value=-0.00208121 0.0081746 -0.000791307 -0.00734978
internal_weight=2.5274 1.73609 1.10127 0.799234
internal_count=1657 335 143 74
is_linear=0
shrinkage=0.05


Tree=466
num_leaves=4
num_cat=0
split_feature=17 1 30
split_gain=0.161366 0.108488 0.0980028
threshold=0.9968553459119498 5.0000000000000009 117.76000000000001
decision_type=2 2 2
left_child=-1 2 -2
right_child=1 -3 -4
leaf_value=-0.016848468952377651 0.0081113765465751358 0.01270437341510333 -0.0098697076404053088
leaf_weight=0.81328410684363928 0.27485971094574768 0.50898293813224893 1.1674615616211665
leaf_count=1247 130 235 45
internal_value=-0.00595861 0.0027511 -0.00452493
internal_weight=2.76459 1.9513 1.44232
internal_count=1657 410 175
is_linear=0
shrinkage=0.05


Tree=467
num_leaves=6
num_cat=0
split_feature=9 1 28 26 27
split_gain=0.216018 0.0778788 0.184792 0.108292 0.0243285
threshold=0.9967765931068685 5.0000000000000009 122.00000000000001 81.200000000000017 93.200000000000017
decision_type=2 2 2 2 2
left_child=-1 2 4 -3 -2
right_child=1 3 -4 -5 -6
leaf_value=-0.015336013883009342 -0.00089074672049354827 -0.0055027897845632522 -0.0085779185300062875 0.017596334185723855 0.014274398619797762
leaf_weight=0.69072750178747799 0.18315880279988084 0.17042220290750287 1.6505700871348379 0.84820359491277486 0.60512025759089738
leaf_count=1247 7 2 24 193 184
internal_value=-0.000141048 0.00565407 -0.000255359 0.0129202 0.0122231
internal_weight=4.1482 3.45747 2.43885 1.01863 0.788279
internal_count=1657 410 215 195 191
is_linear=0
shrinkage=0.05


Tree=468
num_leaves=15
num_cat=0
split_feature=37 39 21 29 27 40 28 27 29 3 25 25 3 34
split_gain=0.0816488 0.163848 0.0945839 0.108925 0.103921 0.0607558 0.033265 0.0297942 0.0260083 0.0224947 0.0220495 0.0334593 0.0178218 0.00597235
threshold=192.00000000000003 12.500000000000002 0.00019178241947741782 25.500000000000004 128.80000000000004 19.500000000000004 182.00000000000003 101.20000000000002 24.500000000000004 2.5000000000000004 99.920000000000016 87.38000000000001 1.5000000000000002 23.500000000000004
decision_type=8 8 2 2 2 10 2 2 2 2 2 2 2 2
left_child=9 5 3 4 7 8 12 10 -2 -1 11 -3 -5 -10
right_child=1 2 -4 6 -6 -7 -8 -9 13 -11 -12 -13 -14 -15
leaf_value=-0.0092696292055763681 -0.0011862314525107947 -0.0055191094973628761 0.01258428316807912 -0.014570527480591676 -0.0094830698980116358 -0.0023218966262377951 0.0020993136731716528 0.00074885439447809393 -9.2424695705785645e-06 0.0025767631394171299 0.013576698271963079 0.0055333869448601219 0.0012434017497459273 0.020860562209299091
leaf_weight=0.32358639722224314 0.034716780413873383 0.18185395654290959 0.50018069869838644 0.75385284351068538 0.4251898705260827 0.13533534726593632 0.1232444440247491 1.6782177776331082 0.033893954474478849 0.073706126539036632 0.58111001644283533 0.70105265651363879 0.034209432895295322 1.3293326278799211
leaf_count=130 3 30 327 750 23 74 14 49 16 57 6 19 11 121
internal_value=0.00569319 0.00725922 0.00164153 -0.00165442 0.00281263 0.0176523 -0.0114637 0.00636411 0.0197478 -0.00680063 0.0098847 0.00153476 -0.0135726 0.0205573
internal_weight=6.90948 6.51219 4.97891 4.47873 3.56742 1.53328 0.911307 3.14223 1.39794 0.397293 1.46402 0.882907 0.788062 1.36323
internal_count=1630 1443 1229 902 127 214 775 104 140 187 55 49 761 137
is_linear=0
shrinkage=0.05


Tree=469
num_leaves=15
num_cat=0
split_feature=28 13 52 2 33 33 32 28 28 29 28 34 28 28
split_gain=0.166052 0.102024 0.0577513 0.0570866 0.0172435 0.0174431 0.00833159 0.00679329 0.00655864 0.00646753 0.00393226 0.00342304 0.00172943 0.00151587
threshold=86.000000000000014 0.97000000000000008 588.00000000000011 1.0000000180025095e-35 914.00000000000011 86.000000000000014 118.00000000000003 98.000000000000014 98.000000000000014 17.500000000000004 118.00000000000001 21.500000000000004 130.00000000000003 130.00000000000003
decision_type=2 2 8 2 2 2 2 2 2 2 2 2 2 2
left_child=1 -1 6 7 5 -5 8 -4 -2 -7 -9 -11 -12 -8
right_child=2 -3 3 4 -6 9 13 10 -10 11 12 -13 -14 -15
leaf_value=-0.0066791450856968308 -0.0014182108457289155 0.013988852056777438 -0.0025482582023739313 0.0007877520398483789 0.00071327925977773257 0.00026458920262736999 -0.0028063836786467403 0.0040646002375162764 0.0052531627269804277 8.4944953425701621e-05 -0.0020068562453206176 -0.020037191215482728 0.00098938458757795228 0.00059188605960577997
leaf_weight=0.21653880202211473 0.03927861028932933 0.58889709855429828 0.0727935985487419 0.031424098822753765 0.043403929274063668 0.014132111245999002 0.13473179531865753 0.18904770279186778 0.20823984744492918 0.012851551960920804 0.056455117592122406 1.0457913520804138 0.075827070482773706 0.053919567493721843
leaf_count=404 66 208 121 10 13 7 220 108 56 11 75 291 15 25
internal_value=-0.00571544 0.00781053 -0.0119967 -0.0149651 -0.0181974 -0.0189265 0.00161017 0.0007485 0.00390629 -0.0196054 0.00285868 -0.0198703 -0.000932406 -0.00215428
internal_weight=2.78333 0.805436 1.9779 1.54173 1.1476 1.1042 0.43617 0.394123 0.247518 1.07278 0.32133 1.05864 0.132282 0.188651
internal_count=1630 612 1018 651 332 319 367 319 122 309 198 302 90 245
is_linear=0
shrinkage=0.05


Tree=470
num_leaves=7
num_cat=0
split_feature=17 29 28 30 52 27
split_gain=0.173178 0.0835028 0.0245128 0.0162414 0.0341254 0.00163587
threshold=0.9968553459119498 25.500000000000004 182.00000000000003 1462.0000000000002 206.00000000000003 182.00000000000003
decision_type=2 2 2 2 8 2
left_child=-1 3 -3 4 -2 -6
right_child=1 2 -4 -5 5 -7
leaf_value=-0.016428681748547433 -0.0052670631806707099 0.013422695205268323 -0.0014913124204560192 -0.005999332857926711 0.0071398720878731656 -8.2415218199164144e-05
leaf_weight=0.77741401997627702 0.14099654555320718 0.55558743735309701 0.11262357933446765 0.80705668777227402 0.23285900603514165 0.059615202946588397
leaf_count=1221 1 352 7 4 41 4
internal_value=-0.00491444 0.003811 0.0115219 -0.00363116 0.00188733 0.00674298
internal_weight=2.68615 1.90874 0.668211 1.24053 0.433471 0.292474
internal_count=1630 409 359 50 46 45
is_linear=0
shrinkage=0.05


Tree=471
num_leaves=7
num_cat=0
split_feature=9 35 38 37 32 32
split_gain=0.184865 0.122969 0.0744863 0.0827737 0.0041123 0.0148765
threshold=0.9967765931068685 1.0000000180025095e-35 5.5000000000000009 192.00000000000003 136.80000000000004 127.20000000000003
decision_type=2 10 10 8 2 2
left_child=-1 4 3 -3 5 -2
right_child=1 2 -4 -5 -6 -7
leaf_value=-0.015058862836476207 0.0080528616687715673 0.0053849234149565654 0.0065798675513655154 -0.014068504864450441 0.013742242846591769 0.00027745444553575836
leaf_weight=0.66991885894094583 0.27056519768666487 0.16447084746323537 0.21102281345520157 0.89280879485886555 0.554719888139516 1.3379435949027538
leaf_count=1233 72 33 52 42 158 40
internal_value=-0.00103724 0.00448054 -0.00546225 -0.00989579 0.0101939 0.0041711
internal_weight=4.10145 3.43153 1.2683 1.05728 2.16323 1.60851
internal_count=1630 397 127 75 270 112
is_linear=0
shrinkage=0.05


Tree=472
num_leaves=11
num_cat=0
split_feature=5 0 52 30 32 27 28 32 41 27
split_gain=0.149288 0.137829 0.122908 0.081127 0.0644226 0.0435066 0.0736368 0.0349354 0.0275498 0.00630004
threshold=0.99724055188962224 154.50000000000003 302.00000000000006 99.260000000000005 80.800000000000011 101.20000000000002 118.00000000000001 263.00000000000006 19.500000000000004 220.80000000000004
decision_type=2 2 10 2 2 2 2 2 8 2
left_child=-1 2 3 4 -2 -5 9 -8 -9 -7
right_child=1 -3 -4 5 -6 6 7 8 -10 -11
leaf_value=0.015257171040232838 0.0056781901830681228 -0.014308337734808219 -0.011255450938831926 0.013182859149668012 -0.011167030106616519 -0.00889010566011454 0.0084522600209492923 0.0042800942208996154 -0.0067834800142563441 0.00063182018417351179
leaf_weight=0.68463097640778858 0.16817687451839436 0.6153724209871142 0.41423188487533469 1.2885810916777702 0.41609063977375627 0.29941045405576039 1.6882901267963464 0.12611698638647784 0.2774041872471571 0.056547423242591321
leaf_count=510 3 824 57 28 80 49 52 6 27 15
internal_value=0.00222516 -0.00158247 0.00227805 0.00544712 -0.00579473 0.00805736 0.00231814 0.00610541 -0.00273979 -0.00802705
internal_weight=6.03485 5.35022 4.73485 4.32062 0.584268 3.73635 2.44777 2.09181 0.403521 0.355958
internal_count=1651 1141 317 260 83 177 149 85 33 64
is_linear=0
shrinkage=0.05


Tree=473
num_leaves=5
num_cat=0
split_feature=13 1 32 30
split_gain=0.242823 0.149685 0.188134 0.154548
threshold=0.97000000000000008 5.0000000000000009 110.00000000000001 99.260000000000005
decision_type=2 2 2 2
left_child=-1 -2 3 -3
right_child=1 2 -4 -5
leaf_value=-0.015910947761366114 0.017033951557347184 0.0061325195639286619 0.010650127984237444 -0.022621658166809687
leaf_weight=0.73565058101667102 0.77606273908168077 0.19364850991405547 0.39259537390898913 0.34804609650745988
leaf_count=1315 144 52 131 9
internal_value=-0.00165587 0.00808372 -0.00431354 -0.0150321
internal_weight=2.446 1.71035 0.93429 0.541695
internal_count=1651 336 192 61
is_linear=0
shrinkage=0.05


Tree=474
num_leaves=5
num_cat=0
split_feature=4 53 30 21
split_gain=0.0993658 0.0885434 0.0860754 0.0854995
threshold=6.0000000000000009 212.50000000000003 1450.0000000000002 1.0000000180025095e-35
decision_type=2 8 2 2
left_child=-1 -2 3 -3
right_child=1 2 -4 -5
leaf_value=-0.013545676426402802 -0.0091409938490432212 0.01675525622760075 -0.0035322286269795057 -0.0046814013793556744
leaf_weight=0.56472310927347313 0.29155262408312443 0.82251164206536465 0.78195950004737824 0.1422735552478116
leaf_count=933 7 415 26 270
internal_value=-0.00391516 0.00233316 0.00687902 0.0128203
internal_weight=2.60302 2.0383 1.74674 0.964785
internal_count=1651 718 711 685
is_linear=0
shrinkage=0.05


Tree=475
num_leaves=6
num_cat=0
split_feature=17 13 33 1 32
split_gain=0.107759 0.0650462 0.0861911 0.0798464 0.0666615
threshold=1.0000000180025095e-35 0.019500000000000003 124.00000000000001 5.0000000000000009 90.800000000000026
decision_type=2 2 2 2 2
left_child=1 2 4 -4 -1
right_child=-2 -3 3 -5 -6
leaf_value=-0.0026295787068837404 -0.011142349126988506 -0.0067617846470977754 -0.0057511713179848149 0.0094080086819468937 0.017465683372361158
leaf_weight=0.22935483232140652 0.42237983664381307 0.2197896624857093 1.4613738551270214 0.34460385015700001 0.88906929281074554
leaf_count=8 906 359 37 114 227
internal_value=0.000910717 0.00482784 0.00719994 -0.000536618 0.0140487
internal_weight=3.56657 3.14419 2.9244 1.80598 1.11842
internal_count=1651 745 386 151 235
is_linear=0
shrinkage=0.05


Tree=476
num_leaves=13
num_cat=0
split_feature=27 33 52 33 21 33 9 4 52 32 29 32
split_gain=0.579171 0.280666 0.191922 0.143127 0.125377 0.0349884 0.0163936 0.00808 0.00337574 0.000141458 5.33671e-05 4.03183e-05
threshold=101.20000000000002 98.000000000000014 302.00000000000006 82.000000000000014 0.00019178241947741782 118.00000000000001 1.0000000180025095e-35 10.000000000000002 268.00000000000006 1470.4000000000003 79.500000000000014 1478.0000000000002
decision_type=2 2 8 2 2 2 2 2 8 2 2 2
left_child=1 3 5 6 -4 -2 -1 9 10 -5 -8 -11
right_child=2 -3 4 7 -6 -7 8 -9 -10 11 -12 -13
leaf_value=-0.0013028480921882261 -0.0029554150064003259 0.032966086641447366 -0.016426058902228213 -0.010156720452361125 0.0062637619084985781 0.01097844267068533 -0.00030914000021708071 0.00086750377845089342 0.012731438683473963 -0.00030956765052231609 0.00021149569557445325 0.00015999894392193514
leaf_weight=0.048836471454706265 0.144299041188788 0.98200891324086104 2.1828829974110708 0.56089710284140892 0.19987868273165066 0.59598801750689745 0.018399146501906216 0.023658450692892075 0.69361968187149614 0.021400773024652153 0.019204245007131249 0.012387890310492367
leaf_count=49 90 83 580 298 146 65 6 19 215 26 16 14
internal_value=0.00610273 0.0208009 -0.00742821 0.002075 -0.0132337 0.00812486 0.0112898 -0.00934275 0.0123976 -0.0100382 -9.5673e-05 -0.000149171
internal_weight=5.50346 2.38041 3.12305 1.3984 2.38276 0.740287 0.78006 0.618344 0.731223 0.594686 0.0376034 0.0337887
internal_count=1607 726 881 643 726 155 286 357 237 338 22 40
is_linear=0
shrinkage=0.05


Tree=477
num_leaves=11
num_cat=0
split_feature=28 28 13 1 28 28 30 30 30 29
split_gain=0.180923 0.140983 0.0848431 0.0437681 0.00723729 0.0143832 0.00310954 0.00444314 0.00217237 0.000752651
threshold=86.000000000000014 114.00000000000001 0.97000000000000008 5.0000000000000009 118.00000000000001 322.00000000000006 100.88000000000001 99.260000000000005 87.760000000000005 24.500000000000004
decision_type=2 2 2 2 2 2 2 2 2 2
left_child=2 3 -1 6 -3 -6 7 8 -2 -5
right_child=1 4 -4 9 5 -7 -8 -9 -10 -11
leaf_value=-0.006306194481185072 0.00096826184464990351 0.0049498687009933238 0.012670483446915038 -0.00014639856091805281 -0.0044763849257548598 0.0033991760991026391 -0.0026683952430284403 0.0029826258509685882 -0.0026434212284308927 -0.025742311940875912
leaf_weight=0.20201116835232857 0.034503038245020212 0.15351428755093366 0.50549601134844124 0.014390703261597082 0.20850508290459402 0.15555240126559511 0.11871422384865582 0.092680289293639362 0.075795319135067984 0.5948003093508305
leaf_count=398 12 49 196 19 281 24 184 37 154 253
internal_value=-0.00857025 -0.0157416 0.00673218 -0.0221508 0.00278599 -0.00108632 -0.00118653 0.00117786 -0.00165911 -0.0256044
internal_weight=2.15596 1.44846 0.707507 0.930884 0.517572 0.364057 0.321693 0.202979 0.110298 0.609191
internal_count=1607 1013 594 659 354 305 387 203 166 272
is_linear=0
shrinkage=0.05


Tree=478
num_leaves=4
num_cat=0
split_feature=29 17 53
split_gain=0.129208 0.245705 0.158323
threshold=11.500000000000002 0.9968553459119498 212.50000000000003
decision_type=2 2 8
left_child=-1 -2 -3
right_child=1 2 -4
leaf_value=-0.023077150907831034 -0.015279110407638845 -0.0079628215856295866 0.017195724384784544
leaf_weight=0.320774415158667 0.68661640712525662 0.24287257157266129 0.83799299795646232
leaf_count=4 1202 4 397
internal_value=-0.0111846 -0.00146745 0.0104326
internal_weight=2.08826 1.76748 1.08087
internal_count=1607 1603 401
is_linear=0
shrinkage=0.05


Tree=479
num_leaves=7
num_cat=0
split_feature=26 17 13 35 29 29
split_gain=0.243717 0.106749 0.0738425 0.0269469 0.00227298 0.00699089
threshold=93.600000000000009 1.0000000180025095e-35 0.22056034482758624 inf 99.500000000000014 152.50000000000003
decision_type=2 2 2 8 2 2
left_child=4 2 3 -2 -1 -6
right_child=1 -3 -4 -5 5 -7
leaf_value=-0.013129558351447199 0.0031851579508828548 -0.0064353273278412379 -0.0042788593200350977 0.018024872955979165 0.0023328512209541612 -0.0033697749574546163
leaf_weight=0.49730338063091073 0.9162964695133281 0.20704648608807463 0.12868576086475503 1.7294991442468015 0.10491405648645014 0.10531076704501174
leaf_count=260 117 471 204 263 46 246
internal_value=0.00467032 0.0107259 0.0133722 0.0151689 -0.0121849 -0.000947798
internal_weight=3.68906 2.98153 2.77448 2.6458 0.707528 0.210225
internal_count=1607 1055 584 380 552 292
is_linear=0
shrinkage=0.05


Tree=480
num_leaves=15
num_cat=0
split_feature=34 3 31 48 28 29 39 33 33 28 17 33 31 33
split_gain=0.193166 0.189657 0.180253 0.197736 0.130649 0.108506 0.0806763 0.0731206 0.0108568 0.00716091 0.00630677 0.0036804 0.00233014 0.000965016
threshold=25.500000000000004 1.5000000000000002 128.40000000000003 320.00000000000006 98.000000000000014 11.500000000000002 12.500000000000002 82.000000000000014 124.00000000000001 1062.0000000000002 0.019000000000000003 142.00000000000003 82.40000000000002 260.00000000000006
decision_type=2 2 2 8 2 2 8 2 2 2 2 2 2 2
left_child=2 5 3 7 12 -2 -4 -1 -9 -7 11 -8 -5 -12
right_child=1 -3 6 4 -6 9 10 8 -10 -11 13 -13 -14 -15
leaf_value=0.0079384643446118418 0.0029515087397200077 0.012471611135519223 0.0077889560196630139 0.00072953862615454299 0.02842086408547706 -0.016679879726556091 -0.00019869828442662998 -0.0098071300724595807 0.0010567854765590199 7.274287635151096e-05 0.0011595494271766215 -0.010882023520836746 -0.0037475991473000757 -0.00098517516982635808
leaf_weight=0.23411182733252722 0.76593109918758295 0.4975466466275974 0.26295577595010389 0.019815658219158538 1.7058325877296736 0.92425014465698041 0.12573070719372481 0.41503916232613847 0.062070491840131581 0.057023728266358376 0.083084306330420077 0.39026595174800605 0.1504600866464898 0.036151242675259709
leaf_count=16 7 395 16 15 48 878 8 92 6 3 20 29 58 14
internal_value=0.00846411 -0.0025057 0.0145125 0.0196181 0.0254979 -0.00975799 -0.0027818 -0.00172867 -0.00863517 -0.016161 -0.00924486 -0.0101271 -0.0030484 0.000210053
internal_weight=5.73027 2.24475 3.48552 2.58733 1.87611 1.7472 0.898188 0.711221 0.47711 0.981274 0.635232 0.515997 0.170276 0.119236
internal_count=1605 1283 322 235 121 888 87 114 98 881 71 37 73 34
is_linear=0
shrinkage=0.05


Tree=481
num_leaves=15
num_cat=0
split_feature=28 1 13 48 2 28 30 25 39 27 25 30 27 25
split_gain=0.153194 0.194853 0.0840218 0.0539704 0.0690234 0.0365075 0.0215061 0.02067 0.00656895 0.00305152 0.00144038 0.00144012 0.000974813 0.000416109
threshold=86.000000000000014 5.0000000000000009 0.97000000000000008 320.00000000000006 1.0000000180025095e-35 98.000000000000014 1046.0000000000002 103.48000000000002 12.500000000000002 116.20000000000003 127.60000000000001 99.260000000000005 112.80000000000003 144.48000000000005
decision_type=2 2 2 8 2 2 2 2 10 2 2 2 2 2
left_child=2 5 -1 9 10 -2 -6 -7 -9 11 12 -3 -5 -12
right_child=1 3 -4 4 6 7 -8 8 -10 -11 13 -13 -14 -15
leaf_value=-0.0061219792654920533 -0.0045396626056341313 -0.00059390704639703624 0.012922838944193072 -0.00045905292304627195 -0.027064607298896065 0.010539441289925157 0.00049300729842165669 -0.0032569617021532661 0.0022563669208090979 -0.0015202293076152459 -0.0012069361475502431 0.0028850797590407829 0.0025475952541695059 0.00041194893089845791
leaf_weight=0.19497041925205882 0.13758152641821619 0.016083775757579022 0.52108762785792351 0.012390064104693121 0.72219833575945813 0.36038235330488533 0.037053309788461775 0.19981385837309062 0.070327761408407241 0.058435907558305189 0.037387700984254479 0.11299073041300289 0.083992633910384029 0.027340420056134462
leaf_count=398 252 30 201 39 170 43 27 162 8 98 59 56 43 19
internal_value=-0.00657312 -0.0125008 0.00719159 -0.0206999 -0.0232411 0.00434405 -0.026204 0.00787782 -0.00117522 0.00084087 0.00126429 0.00230951 0.00209492 -0.000778461
internal_weight=2.59204 1.87598 0.716058 1.10787 0.920362 0.768105 0.759252 0.630524 0.270142 0.18751 0.161111 0.129075 0.0963827 0.0647281
internal_count=1605 1006 599 541 357 465 197 213 170 184 160 86 82 78
is_linear=0
shrinkage=0.05


Tree=482
num_leaves=5
num_cat=0
split_feature=4 53 29 21
split_gain=0.1149 0.0646379 0.0666706 0.10311
threshold=6.0000000000000009 212.50000000000003 11.500000000000002 1.0000000180025095e-35
decision_type=2 8 2 2
left_child=-1 -2 -3 -4
right_child=1 2 3 -5
leaf_value=-0.012862670489263496 -0.0069863963342594705 -0.0024699633237904154 0.016857660101186764 -0.0054849406017881174
leaf_weight=0.52141083512106012 0.20522487175185267 0.76907617598772038 0.87060535716591381 0.17041762656299397
leaf_count=895 4 4 428 274
internal_value=-0.00204844 0.00408733 0.00738223 0.0123048
internal_weight=2.53673 2.01532 1.8101 1.04102
internal_count=1605 710 706 702
is_linear=0
shrinkage=0.05


Tree=483
num_leaves=12
num_cat=0
split_feature=27 29 30 27 9 39 25 32 27 32 30
split_gain=0.151004 0.174202 0.105293 0.0600131 0.044302 0.0234156 0.0204221 0.0117865 0.00252665 0.00161759 0.000221199
threshold=140.80000000000004 25.500000000000004 117.76000000000001 93.200000000000017 0.9967765931068685 12.500000000000002 92.080000000000013 82.800000000000011 128.80000000000004 1474.0000000000002 1444.0800000000002
decision_type=2 2 2 2 2 8 2 2 2 2 2
left_child=1 2 3 -1 -2 -6 7 -3 9 10 -8
right_child=4 6 -4 -5 5 -7 8 -9 -10 -11 -12
leaf_value=-0.008025657931294965 -0.003991294158393369 0.0024006899428373569 -0.025235879010592172 0.0072638872160479349 -0.0017901307393660916 0.012790346436377886 0.0065165474799068566 -0.005258535489542044 -0.00045770228441172089 -0.00026323781746310013 -5.5391770944173666e-06
leaf_weight=0.24130050631356492 0.11891692513017904 0.10531616146909051 0.77311805702629499 0.32929311215411872 0.068207596428692341 0.49558999284636229 0.64567354143946432 0.22659151503467001 0.012351945915725082 0.014266226178733632 0.011392764776246622
leaf_count=71 184 45 50 66 7 96 541 471 29 28 17
internal_value=-0.00645966 -0.0115682 -0.0192228 -0.000195097 0.00757761 0.0110097 0.00307185 -0.00285046 0.00593232 0.0062534 0.00646836
internal_weight=3.04202 2.3593 1.34371 0.570594 0.682715 0.563798 1.01559 0.331908 0.683684 0.671333 0.657066
internal_count=1605 1318 187 137 287 103 1131 516 615 586 558
is_linear=0
shrinkage=0.05


Tree=484
num_leaves=15
num_cat=0
split_feature=27 21 28 35 38 32 40 0 29 31 17 48 17 17
split_gain=0.110218 0.0697258 0.143414 0.0693383 0.0542068 0.0450656 0.0432069 0.0430605 0.0371787 0.0349457 0.0297362 0.0109379 0.0105679 0.00744932
threshold=101.20000000000002 0.00019178241947741782 118.00000000000001 inf 5.5000000000000009 130.40000000000003 19.500000000000004 154.50000000000003 24.500000000000004 1478.0000000000002 0.010303000238114137 80.000000000000014 0.9968553459119498 0.020617814488224136
decision_type=2 2 2 8 10 2 10 2 2 2 2 10 2 2
left_child=6 2 -2 4 11 -5 7 8 9 -1 -9 -4 -12 -8
right_child=1 -3 3 5 -6 -7 13 10 -10 -11 12 -13 -14 -15
leaf_value=-0.0050359363853765843 -0.01559499611440337 0.0089057140522570931 0.013831698995163478 0.0020952628643930698 -0.0040828709790515826 -0.0099200779329198189 -0.0045382076552055372 -0.0060110273588099032 0.0177130410731757 0.0063267542045633701 0.0066878008313011232 -0.00042083297864077795 -0.0017607216401885836 0.0018125497959557526
leaf_weight=0.22503377217799547 0.71392210727208372 0.30722228251397599 0.61735075118485871 1.2143208339111877 0.11832824349403381 0.34920037005213078 0.13575971033424128 0.21071183442836616 1.2788537744199855 0.64845153759233654 0.2167688284534961 0.084008470410481095 0.049169661069754511 0.08455144171603024
leaf_count=65 416 174 55 44 38 131 45 213 108 6 172 29 68 72
internal_value=0.00468271 -0.00147193 -0.00442375 0.00254313 0.0095338 -0.00341116 0.0105083 0.0120249 0.0141563 0.00227392 -0.000668682 0.0128806 0.00496881 -0.00261287
internal_weight=6.25365 3.40435 3.09713 2.38321 0.819687 1.56352 2.8493 2.62899 2.15234 0.873485 0.47665 0.701359 0.265938 0.220311
internal_count=1636 887 713 297 122 175 749 632 179 71 453 84 240 117
is_linear=0
shrinkage=0.05


Tree=485
num_leaves=15
num_cat=0
split_feature=28 28 1 9 40 32 17 32 32 34 28 33 34 29
split_gain=0.120369 0.129732 0.141898 0.0714018 0.0269939 0.0186212 0.00957084 0.00511725 0.00235794 0.00141357 0.00117933 0.000715891 0.000454199 0.000348276
threshold=86.000000000000014 114.00000000000001 5.0000000000000009 1.0000000180025095e-35 25.500000000000004 103.20000000000002 0.6180000000000001 99.600000000000037 1062.0000000000002 172.00000000000003 118.00000000000001 86.000000000000014 23.500000000000004 24.500000000000004
decision_type=2 2 2 2 10 2 2 2 2 2 2 2 2 2
left_child=3 2 5 6 -4 7 -1 11 9 12 -10 -2 -3 -14
right_child=1 8 4 -5 -6 -7 -8 -9 10 -11 -12 -13 13 -15
leaf_value=0.012667982162766524 0.00063162617002596969 -1.7843304862629948e-05 -0.025339432671103775 -0.0056823576544333919 0.00062787792702398361 -0.0031410357025078656 -0.000794797813832686 0.006773568776673621 0.0010052447233541619 -0.00024663475357445606 -0.0014191803357442158 -0.0013633880553945658 -2.1214684133099689e-05 0.005519595571786072
leaf_weight=0.5208988307276744 0.028289732523262279 0.032698414957849198 0.57093872978293803 0.17845574312377721 0.05628548888489604 0.21672769988072105 0.021646313980454579 0.21007437829393893 0.027489525265991688 0.032144096214324236 0.039302332850638777 0.037703106121625751 0.021154510788619518 0.40799181582406163
leaf_count=215 14 26 229 351 39 290 52 24 13 54 77 70 16 166
internal_value=-0.00492119 -0.0106309 -0.0167612 0.00683225 -0.0240554 0.00241791 0.0119638 0.00582354 0.00450724 0.00500465 -0.0004144 -0.00071792 0.00528883 0.00542274
internal_weight=2.4018 1.6808 1.12002 0.721001 0.627224 0.492795 0.542545 0.276067 0.560781 0.493989 0.0667919 0.0659928 0.461845 0.429146
internal_count=1636 1018 666 618 268 398 267 108 352 262 90 84 208 182
is_linear=0
shrinkage=0.05


Tree=486
num_leaves=4
num_cat=0
split_feature=17 53 29
split_gain=0.188992 0.10192 0.101091
threshold=0.9968553459119498 212.50000000000003 11.500000000000002
decision_type=2 8 2
left_child=-1 -2 -3
right_child=1 2 -4
leaf_value=-0.015669904820373174 -0.0081172272650667857 -0.0023898285585559481 0.0167153083842961
leaf_weight=0.71583270540577371 0.25051992759108532 0.77008054777979851 0.79649034515023232
leaf_count=1226 4 4 402
internal_value=-0.00318121 0.00555465 0.0100518
internal_weight=2.53292 1.81709 1.56657
internal_count=1636 410 406
is_linear=0
shrinkage=0.05


Tree=487
num_leaves=6
num_cat=0
split_feature=9 32 33 32 36
split_gain=0.165279 0.0975457 0.122719 0.0716334 0.0276903
threshold=0.9967765931068685 95.200000000000017 124.00000000000001 136.80000000000004 16.000000000000004
decision_type=2 2 2 2 8
left_child=-1 -2 -3 -4 -5
right_child=1 2 3 4 -6
leaf_value=-0.014530625379736085 -0.0079142200680311879 0.017141454460502237 -0.0058809184056483558 -0.0026919478130747101 0.010717724197456343
leaf_weight=0.63154507701983709 0.43762740679085288 0.8217664972180504 1.3958250563591716 0.076240599155425914 0.38623953855130821
leaf_count=1241 11 226 45 5 108
internal_value=-0.00126059 0.0043035 0.00790697 -0.000745023 0.00817799
internal_weight=3.74924 3.1177 2.68007 1.85831 0.46248
internal_count=1636 395 384 158 113
is_linear=0
shrinkage=0.05


Tree=488
num_leaves=15
num_cat=0
split_feature=40 32 31 31 34 17 39 29 0 17 17 34 2 17
split_gain=0.134989 0.123125 0.18788 0.101627 0.0916963 0.0854938 0.105542 0.0703436 0.0163417 0.0134666 0.0115319 0.0110826 0.00885889 0.00727074
threshold=19.500000000000004 128.40000000000003 99.90000000000002 82.40000000000002 24.500000000000004 1.0000000180025095e-35 12.500000000000002 24.500000000000004 100.00000000000001 0.011500000000000002 0.019000000000000003 99.500000000000014 1.0000000180025095e-35 0.9968553459119498
decision_type=10 2 2 2 2 2 8 2 2 2 2 2 2 2
left_child=1 2 3 11 -4 6 -3 -6 -9 -2 -5 -1 -7 -11
right_child=9 5 4 10 7 12 -8 8 -10 13 -12 -13 -14 -15
leaf_value=0.010260870122543305 -0.0084887579139285955 0.0073680152879895657 -0.0021404588976614769 -0.01093950408101837 -0.0021521515852599223 0.0089790429299758875 -0.012645650714523428 0.027938969160452794 0.002061145049858239 0.0035952006011044898 0.00067757371987089466 -0.00091423708939255698 -0.00044587536437479849 -0.0023292165402420059
leaf_weight=0.35032186296302859 0.28725487482734013 0.26329716935288172 0.17365152027923647 0.40923565614502877 0.075236416771076953 1.2266115782258564 0.67860521178226918 1.8658292932668703 0.23437126743374381 0.10593163652811199 0.12149780028266832 0.084128142625559121 0.17806917364941921 0.066088043007766828
leaf_count=60 91 35 66 133 25 239 337 33 155 88 100 30 176 73
internal_value=0.0104083 0.0125423 0.0176146 -0.000911933 0.0232261 0.00225559 -0.00613783 0.0252874 0.0266475 -0.00646506 -0.00957478 0.00896813 0.0080957 0.00127378
internal_weight=6.12013 5.66086 3.31427 0.965183 2.34909 2.34658 0.941902 2.17544 2.1002 0.459275 0.530733 0.43445 1.40468 0.17202
internal_count=1641 1389 602 323 279 787 372 213 188 252 233 90 415 161
is_linear=0
shrinkage=0.05


Tree=489
num_leaves=15
num_cat=0
split_feature=28 1 2 9 40 28 28 30 4 39 33 27 28 48
split_gain=0.139669 0.190096 0.0886291 0.0731099 0.0652903 0.0345469 0.024989 0.0206233 0.0110229 0.00759986 0.00260092 0.00379361 0.00182159 0.000228228
threshold=86.000000000000014 5.0000000000000009 1.0000000180025095e-35 1.0000000180025095e-35 17.000000000000004 98.000000000000014 102.00000000000001 1046.0000000000002 6.0000000000000009 12.500000000000002 118.00000000000001 112.80000000000003 142.00000000000003 192.00000000000003
decision_type=2 2 2 2 10 2 2 2 2 10 2 2 2 8
left_child=3 5 10 8 7 -2 -7 -4 -1 -8 11 -3 -12 -13
right_child=1 2 4 -5 -6 6 9 -9 -10 -11 12 13 -14 -15
leaf_value=0.013485204307771396 -0.0040281662246429923 -0.0011356074166968336 -0.026062398420084593 -0.0054344562330199599 0.0021380380872631738 0.011330683879304764 -0.0036316642570090834 0.00053843704464576756 -0.00085075314839890232 0.0023487119904083455 -0.0020753042571143563 -2.5788600343422355e-05 0.001041269892317816 0.0038958310187717721
leaf_weight=0.56687757576582987 0.12022614476154525 0.046739534038351849 0.71124346248689108 0.16936169783002697 0.081795559759484604 0.39924958010669798 0.18357626479701139 0.034507182863308117 0.023205297184176743 0.072057500859955326 0.073896576010156423 0.024842820974299684 0.035285517922602594 0.13479600741993636
leaf_count=220 233 101 176 349 31 48 163 24 54 9 122 36 9 66
internal_value=-0.00440716 -0.0103188 -0.0185124 0.00790268 -0.0228334 0.00538648 0.00850456 -0.0252282 0.012741 -0.00141793 0.00156223 0.00265742 -0.00103739 0.00378958
internal_weight=2.67766 1.91822 1.14311 0.759445 0.827546 0.775109 0.654883 0.745751 0.590083 0.255634 0.31556 0.206378 0.109182 0.159639
internal_count=1641 1018 565 623 231 453 220 200 274 172 334 203 131 102
is_linear=0
shrinkage=0.05


Tree=490
num_leaves=4
num_cat=0
split_feature=17 53 33
split_gain=0.133767 0.0843568 0.122851
threshold=0.9968553459119498 212.50000000000003 1462.0000000000002
decision_type=2 8 2
left_child=-1 -2 -3
right_child=1 2 -4
leaf_value=-0.015623558806459291 -0.0086406278040788813 0.015524551535190249 -0.0042581086929504982
leaf_weight=0.71218900330131885 0.27344358526170243 0.70198980032000691 0.83616181835532188
leaf_count=1237 5 394 5
internal_value=-0.00543444 0.00270334 0.00732976
internal_weight=2.52378 1.8116 1.53815
internal_count=1641 404 399
is_linear=0
shrinkage=0.05


Tree=491
num_leaves=13
num_cat=0
split_feature=32 30 4 27 34 39 29 32 48 0 34 34
split_gain=0.162334 0.198453 0.106525 0.098252 0.0579155 0.0209572 0.0144739 0.00747949 0.00151407 0.00136811 0.000669558 0.00341171
threshold=141.20000000000002 115.68000000000002 1.0000000180025095e-35 93.200000000000017 24.500000000000004 12.500000000000002 99.500000000000014 90.800000000000026 80.000000000000014 277.00000000000006 27.500000000000004 71.000000000000014
decision_type=2 2 2 2 2 8 2 2 10 2 2 2
left_child=1 3 5 6 -3 8 -1 -5 -2 -8 -6 -12
right_child=2 4 -4 7 10 -7 9 -9 -10 -11 11 -13
leaf_value=-0.010376743707617465 -0.0019648464424656307 0.0018572964527800414 -0.0080835442321733619 -0.00083088178760942473 -0.026765709033365354 0.013286853467011748 0.0019842456444383052 0.009728908392328775 0.00090704284583885289 -0.00082519664058399757 -0.0034125656344551774 0.0010992495573798236
leaf_weight=0.34691068518441237 0.099654608056880423 0.071234910923521855 0.27444886445300654 0.022646502911811695 0.87434452123125062 0.58341551903868094 0.084432601259322837 0.65104874438839033 0.036034988821484149 0.022490431962069124 0.11833576328353956 0.077164067392004654
leaf_count=200 33 33 577 40 23 220 34 303 30 51 19 78
internal_value=-0.00909177 -0.0147666 0.0047732 0.00119607 -0.0237314 0.0115279 -0.00871387 0.00908959 -0.00107505 0.00118168 -0.0255094 -0.00220186
internal_weight=3.26216 2.26861 0.993554 1.12753 1.14108 0.719105 0.453834 0.673695 0.13569 0.106923 1.06984 0.1955
internal_count=1641 781 860 628 153 283 285 343 63 85 120 97
is_linear=0
shrinkage=0.05


Tree=492
num_leaves=10
num_cat=0
split_feature=21 0 27 35 28 30 27 3 27
split_gain=0.103833 0.126776 0.0811746 0.097521 0.121283 0.0428652 0.129961 0.0199351 0.00482227
threshold=1.0000000180025095e-35 154.50000000000003 101.20000000000002 1.0000000180025095e-35 122.00000000000001 99.260000000000005 80.40000000000002 1.5000000000000002 128.80000000000004
decision_type=2 2 2 10 2 2 2 2 2
left_child=1 2 5 8 -5 6 -1 -3 -4
right_child=-2 7 3 4 -6 -7 -8 -9 -10
leaf_value=0.010538416429649314 0.014675473564883527 -0.013547507455708742 -0.0027528846909659066 -0.0078434931396582155 0.013272582084510032 0.012198686798453713 -0.011021571264654112 0.0015101645974000652 -0.010638966597915207
leaf_weight=0.3876705288421366 0.6370015566353685 0.56405470910249267 1.4204271355993112 0.2767506034579128 0.80669673252850771 1.5063800634816287 0.40980609675170854 0.041866333573125303 0.40276257239747804
leaf_count=12 454 806 64 58 31 32 97 15 55
internal_value=0.00354824 0.000355423 0.00354857 -0.00195098 0.006703 0.00897742 -0.000508729 -0.0122146 -0.00764635
internal_weight=6.45342 5.81641 5.21049 2.90664 1.08345 2.30386 0.797477 0.605921 1.82319
internal_count=1624 1170 349 208 89 141 109 821 119
is_linear=0
shrinkage=0.05


Tree=493
num_leaves=15
num_cat=0
split_feature=1 13 2 48 28 31 28 28 32 33 31 34 34 33
split_gain=0.137081 0.212289 0.18948 0.0664651 0.0374107 0.0147131 0.00584998 0.0042432 0.0022984 0.00150164 0.000518486 0.000186808 8.26041e-05 2.84708e-05
threshold=5.0000000000000009 0.97000000000000008 1.0000000180025095e-35 80.000000000000014 86.000000000000014 1057.6000000000001 118.00000000000001 142.00000000000003 82.800000000000011 82.000000000000014 1095.6000000000001 4160.5000000000009 23370.500000000004 86.000000000000014
decision_type=2 2 2 8 2 2 2 2 2 2 2 2 2 2
left_child=1 -1 6 -4 9 -6 8 -8 -2 -5 -7 -10 -13 -11
right_child=2 -3 3 4 5 10 7 -9 11 13 -12 12 -14 -15
leaf_value=-0.010793391136754812 -0.00036936093422757123 0.016052647229522789 0.0024651334946977016 -0.0010232042642732005 -0.025160785589851287 0.00090072333047736702 -0.0025791391377265817 0.0019262086999752106 0.0071563958747020533 0.0017799161668040587 -0.00070427553335482545 -0.00027511552259467173 0.000368545283487826 -8.1262861187366894e-06
leaf_weight=0.40341474738670513 0.0099291621008887887 0.69291447196155787 0.095848507189657539 0.034554716490674764 0.70374760359118227 0.024145402014255524 0.073773443698883057 0.059907826827839017 0.38115203563938849 0.051387316605541855 0.019134095782646909 0.016389241995057091 0.019811919744824991 0.013499837688868865
leaf_count=643 9 132 40 84 153 1 131 13 257 27 54 33 25 22
internal_value=-0.0050698 0.00573772 -0.0120951 -0.0201599 -0.0226694 -0.0244203 0.00568845 -0.000641986 0.00673116 0.000731812 0.000196228 0.0070415 9.28607e-05 0.00174962
internal_weight=2.59961 1.09633 1.50328 0.942317 0.846469 0.747027 0.560964 0.133681 0.427282 0.0994419 0.0432795 0.417353 0.0362012 0.0648872
internal_count=1624 775 849 381 341 208 468 144 324 133 55 315 58 49
is_linear=0
shrinkage=0.05


Tree=494
num_leaves=5
num_cat=0
split_feature=9 30 13 53
split_gain=0.0644481 0.0690852 0.0775516 0.0357039
threshold=1.0000000180025095e-35 1458.0000000000002 0.22056034482758624 110.00000000000001
decision_type=2 2 2 8
left_child=1 2 3 -1
right_child=-2 -3 -4 -5
leaf_value=-0.0025266927083016002 -0.011828503240513903 -0.0060812410106873601 -0.0058733001597679919 0.014050046552187093
leaf_weight=0.070094458758831246 0.46022810318390828 0.76974876463646058 0.18555132061010227 0.77207098534563556
leaf_count=2 866 20 338 398
internal_value=-0.00393033 0.00159734 0.0075113 0.0120477
internal_weight=2.25769 1.79747 1.02772 0.842165
internal_count=1624 758 738 400
is_linear=0
shrinkage=0.05


Tree=495
num_leaves=8
num_cat=0
split_feature=4 27 1 33 30 35 32
split_gain=0.160515 0.109548 0.0737806 0.108423 0.0769352 0.0319845 0.00172953
threshold=1.0000000180025095e-35 93.200000000000017 5.0000000000000009 118.00000000000001 142.16000000000003 1.5000000000000002 95.200000000000017
decision_type=2 2 2 2 2 10 2
left_child=1 5 3 6 -5 -1 -3
right_child=-2 2 -4 4 -6 -7 -8
leaf_value=0.0029988811780116342 -0.013140565422497617 -9.5126019394638792e-05 0.016666524850160579 -0.0093493383295508315 0.0063744506769153669 -0.010671273188407979 0.012273073534742152
leaf_weight=0.11193436809117052 0.53854700393276278 0.013231082644780012 0.80974109325325105 1.2592167014954609 0.35038503041141655 0.35812805977184325 0.50173438727506436
leaf_count=24 1116 7 211 20 39 39 168
internal_value=0.000931963 0.00563622 0.0091458 0.00186275 -0.00479545 -0.00759042 0.0121023
internal_weight=3.94292 3.40437 2.93431 2.12457 1.6096 0.470062 0.514965
internal_count=1624 508 445 234 59 63 175
is_linear=0
shrinkage=0.05


Tree=496
num_leaves=15
num_cat=0
split_feature=21 29 27 26 1 25 35 27 25 31 25 52 31 3
split_gain=0.102161 0.123124 0.0762456 0.0453803 0.149968 0.0937363 0.0880995 0.084383 0.0445447 0.0340049 0.0307236 0.0256602 0.0239664 0.00770533
threshold=1.0000000180025095e-35 25.500000000000004 80.40000000000002 100.80000000000003 5.0000000000000009 99.920000000000016 1.0000000180025095e-35 93.200000000000017 127.60000000000001 82.40000000000002 572.00000000000011 236.00000000000003 131.00000000000003 1.5000000000000002
decision_type=2 2 2 2 2 2 10 2 2 2 2 10 2 2
left_child=1 3 -3 4 7 9 12 -1 11 -6 13 -8 -5 -4
right_child=-2 2 10 6 5 -7 8 -9 -10 -11 -12 -13 -14 -15
leaf_value=0.0051991580205876901 0.01471017572875811 0.0043033224794067184 -0.016258566436823382 -0.00071171077707178046 0.0053583565806164281 0.023258096342813159 0.0039868761189384523 -0.011468802655191072 0.011643452468740444 -0.0067354554049005103 0.0016745244498667475 -0.006723188010158085 -0.010819960883370342 0.00048170671707897084
leaf_weight=0.77696967357769631 0.63966834178427223 0.26323092303937279 0.7632239808444865 1.2835333202383483 0.14714897295925755 0.48086022771894932 0.1579069118015467 0.40183627628721297 0.61848516174359247 0.21502617921214551 0.085429297265363857 0.21599123952910304 0.38562564674066369 0.012999372440390289
leaf_count=21 466 37 934 30 2 3 4 19 17 26 15 20 27 10
internal_value=0.00368271 0.000485996 -0.009848 0.00426412 0.00846055 0.0175824 -0.000363722 -0.00313871 0.00767214 -0.00149534 -0.0141605 -0.00259037 -0.00622579 -0.0158649
internal_weight=6.44794 5.80827 1.12488 4.68338 2.02184 0.843035 2.66154 1.17881 0.992383 0.362175 0.861653 0.373898 1.66916 0.776223
internal_count=1631 1165 996 169 71 31 98 40 41 28 959 24 57 944
is_linear=0
shrinkage=0.05


Tree=497
num_leaves=15
num_cat=0
split_feature=1 2 9 28 4 40 31 28 28 27 32 31 26 26
split_gain=0.147122 0.201421 0.132435 0.0732073 0.0669488 0.0464542 0.0158832 0.00850871 0.00360179 0.00210538 0.00189741 0.000467277 0.000244282 0.000138013
threshold=5.0000000000000009 1.0000000180025095e-35 1.0000000180025095e-35 86.000000000000014 6.0000000000000009 17.000000000000004 1057.6000000000001 118.00000000000001 142.00000000000003 80.40000000000002 82.800000000000011 1065.6000000000006 84.800000000000011 218.80000000000021
decision_type=2 2 2 2 2 10 2 2 2 2 2 2 2 2
left_child=2 7 4 9 -1 6 -5 10 -9 -3 -2 -8 -11 -14
right_child=1 3 -4 5 -6 -7 11 8 -10 12 -12 -13 13 -15
leaf_value=0.016706548844824389 -0.00027396362178187908 -0.00082338620754886141 -0.0083449332484950827 -0.025733031625042719 -0.0037721498011546715 0.0015034829511042474 0.00089097226581726855 -0.0025729445231907856 0.0016424906927476413 0.0031144905655252353 0.0077893928771487599 -0.00064228177708113465 -0.00044071813522104307 0.00038598197812811044
leaf_weight=0.75064671557629481 0.0073439705884084097 0.02979880032944493 0.28579783721943386 0.66195385856553912 0.11161819103290327 0.063675907906144857 0.023882858455181122 0.073585141566582024 0.053494198247790337 0.092214804288232699 0.43370802325080149 0.017420592688722536 0.015254067402565852 0.013089664309518412
leaf_count=149 6 72 474 133 182 29 1 133 13 34 308 51 36 10
internal_value=-0.00391573 -0.0114878 0.00666842 -0.0200344 0.0134536 -0.0231526 -0.0249571 0.00628762 -0.00091557 0.00217095 0.00755819 0.000248516 0.00298537 -5.48518e-05
internal_weight=2.63348 1.48542 1.14806 0.917291 0.862265 0.766933 0.703257 0.568131 0.127079 0.150357 0.441052 0.0413035 0.120559 0.0283437
internal_count=1631 826 805 366 331 214 185 460 146 152 314 52 80 46
is_linear=0
shrinkage=0.05


Tree=498
num_leaves=7
num_cat=0
split_feature=4 29 9 30 52 28
split_gain=0.070368 0.0440432 0.0350855 0.0196606 0.00924494 0.0053819
threshold=6.0000000000000009 26.500000000000004 1.0000000180025095e-35 107.92000000000002 288.00000000000006 1062.0000000000002
decision_type=2 2 2 2 8 2
left_child=-1 3 5 -2 -5 -3
right_child=1 2 -4 4 -6 -7
leaf_value=-0.012706522824446809 0.0034131605640530787 0.011042984097006291 -0.0034171017157252487 -0.0081689870020169707 -0.0007356695405788163 -0.00037381541247308829
leaf_weight=0.51186408990179222 0.12301704852143291 0.42718984017847095 0.10021863231668249 0.29462570833857138 0.94659502804279338 0.042682754807174206
leaf_count=943 55 325 243 14 48 3
internal_value=-0.00457729 0.00117107 0.00739518 -0.00345769 -0.00535772 0.0104571
internal_weight=2.44619 1.93433 0.570091 1.36424 1.24122 0.469873
internal_count=1631 688 571 117 62 328
is_linear=0
shrinkage=0.05


Tree=499
num_leaves=5
num_cat=0
split_feature=9 27 33 30
split_gain=0.191118 0.115915 0.0515795 0.0282173
threshold=0.9967765931068685 93.200000000000017 124.00000000000001 129.36000000000004
decision_type=2 2 2 2
left_child=-1 -2 -3 -4
right_child=1 2 3 -5
leaf_value=-0.014143681522338844 -0.0078177454311853228 0.016380037013998219 -0.0014581522966604814 0.0076925327124277455
leaf_weight=0.60455606697360087 0.40530372783541713 0.75819464121013913 1.4396776309004051 0.4315366712398826
leaf_count=1233 10 231 73 84
internal_value=0.000554695 0.00626258 0.00998896 0.00259637
internal_weight=3.63927 3.03471 2.62941 1.87121
internal_count=1631 398 388 157
is_linear=0
shrinkage=0.05


Tree=500
num_leaves=15
num_cat=0
split_feature=52 26 37 40 5 31 5 17 26 29 29 34 33 34
split_gain=0.179216 0.278161 0.0752769 0.0604739 0.0586656 0.0466634 0.0491191 0.046563 0.0264182 0.0224074 0.0186302 0.0170602 0.0105006 0.00547933
threshold=302.00000000000006 109.20000000000002 192.00000000000003 19.500000000000004 0.99724055188962224 99.90000000000002 0.99724055188962224 0.9968553459119498 89.600000000000009 24.500000000000004 24.500000000000004 24.500000000000004 142.00000000000003 23.500000000000004
decision_type=8 2 8 10 2 2 2 2 2 2 2 2 2 2
left_child=2 5 -1 10 -3 6 -2 9 -9 -7 -4 -12 13 -11
right_child=1 4 3 -5 -6 7 -8 8 -10 12 11 -13 -14 -15
leaf_value=-0.0047305711134578605 0.0053326106138603356 0.0028892327292081819 -0.0010866205078693763 -0.003033740646501464 -0.018599646208750452 -0.0016208237600966497 -0.0093001148753828946 0.0033778739214209669 -0.006330938750875148 -0.00030667694275374863 -0.00081274617941214436 0.017565698620895603 -0.00070144011586681365 0.014054089792389297
leaf_weight=0.20746075554052334 0.1655961049254987 0.083354096743277872 0.03163773997221131 0.16888293737429205 1.7796331523568369 0.066273675067350046 0.32759929989697412 0.72800987306982268 0.19451979442965239 0.025307211850304157 0.043391586106736102 1.0831331809458786 0.035104725800920278 0.88539904332719743
leaf_count=78 143 64 4 110 465 17 169 53 88 15 14 113 9 281
internal_value=-0.00107443 -0.00618015 0.0100077 0.0133545 -0.0169648 0.00463043 -0.00410606 0.00749788 -0.00089748 0.0117932 0.0160427 0.0168085 0.013083 0.0137034
internal_weight=5.8253 4.2908 1.53451 1.32705 1.86299 2.42781 0.493195 1.93461 0.92253 1.01208 1.15816 1.12652 0.945811 0.910706
internal_count=1623 1304 319 241 529 775 312 463 141 322 131 127 305 296
is_linear=0
shrinkage=0.05


Tree=501
num_leaves=5
num_cat=0
split_feature=13 1 2 32
split_gain=0.213345 0.101589 0.157138 0.100537
threshold=0.97000000000000008 5.0000000000000009 1.0000000180025095e-35 115.60000000000002
decision_type=2 2 2 2
left_child=-1 -2 -3 -4
right_child=1 2 3 -5
leaf_value=-0.015035124138670516 0.015561414449592909 0.010497570013910773 -0.018499313742311192 0.0050973177012035124
leaf_weight=0.66801628874964092 0.6602627953980118 0.38531981490086764 0.39113631320651621 0.15510961192194372
leaf_count=1301 134 137 18 33
internal_value=-0.00139498 0.0079216 -0.00274628 -0.0128357
internal_weight=2.25984 1.59183 0.931566 0.546246
internal_count=1623 322 188 51
is_linear=0
shrinkage=0.05


Tree=502
num_leaves=4
num_cat=0
split_feature=17 53 33
split_gain=0.13677 0.0885222 0.0945396
threshold=0.9968553459119498 212.50000000000003 1462.0000000000002
decision_type=2 8 2
left_child=-1 -2 -3
right_child=1 2 -4
leaf_value=-0.014939313483306311 -0.0084444877663240603 0.01522390442779269 -0.0026268399966728408
leaf_weight=0.66043073270702746 0.26612143591046322 0.67919762129895389 0.88369581289589405
leaf_count=1216 5 396 6
internal_value=-0.00426477 0.00350795 0.00804395
internal_weight=2.48945 1.82901 1.56289
internal_count=1623 407 402
is_linear=0
shrinkage=0.05


Tree=503
num_leaves=4
num_cat=0
split_feature=9 48 38
split_gain=0.303438 0.250354 0.0418568
threshold=0.9967765931068685 80.000000000000014 5.5000000000000009
decision_type=2 8 10
left_child=-1 2 -2
right_child=1 -3 -4
leaf_value=-0.013731963992057471 -0.0091578915102470248 0.020258018232463006 0.0044525060078801915
leaf_weight=0.57683874014765057 0.69571489642839912 1.9073261021403594 0.13373485661577433
leaf_count=1225 37 331 30
internal_value=0.00620416 0.0129565 -0.00572916
internal_weight=3.31361 2.73678 0.82945
internal_count=1623 398 67
is_linear=0
shrinkage=0.05


Tree=504
num_leaves=15
num_cat=0
split_feature=31 37 38 35 3 26 31 3 3 30 28 32 30 28
split_gain=0.2492 0.0759384 0.0883279 0.109197 0.0640453 0.0510094 0.0652613 0.0210562 0.0170611 0.0108147 0.00987647 0.00749186 0.00697534 0.00375099
threshold=1242.0000000000002 192.00000000000003 5.5000000000000009 1.0000000180025095e-35 1.5000000000000002 109.20000000000002 99.90000000000002 3.5000000000000004 2.5000000000000004 70.440000000000012 86.000000000000014 133.20000000000002 124.24000000000002 66.000000000000014
decision_type=2 8 10 10 2 2 2 2 2 2 2 2 2 2
left_child=1 8 3 5 -2 6 9 -4 -1 -3 -8 12 -7 -11
right_child=4 2 7 -5 -6 11 10 -9 -10 13 -12 -13 -14 -15
leaf_value=-0.0087467287914129808 -0.019270998990098976 0.0019891475985043812 -0.0087512746048312457 0.016810082808374809 0.00312374892655271 -0.0034200857022147002 -0.00053151309458654677 0.0025734001295070041 0.0021034622117831981 0.0006518539294511368 0.012573354868720209 -0.0059929351125164272 0.0013835211701219517 -0.0065225992405230377
leaf_weight=0.29885301381000307 0.61808979202760372 0.063638566643931194 0.29783925355877716 1.5847232143860308 0.090760205173864961 0.1566422849136867 0.07113816007040441 0.073615711065940559 0.059373210533522069 0.017675204435363412 0.75357057378278114 0.28600099033792492 1.2163911811076105 0.29810163410729729
leaf_count=106 176 59 128 208 73 102 85 68 54 16 119 219 40 177
internal_value=0.000746679 0.00532846 0.00722578 0.00929612 -0.0162536 0.0018624 0.00716432 -0.006267 -0.00672374 -0.0041234 0.0117712 -0.00323287 -0.000374791 -0.00593081
internal_weight=5.88641 5.17756 4.81934 4.44788 0.70885 2.86316 1.20412 0.371455 0.358226 0.379415 0.824709 1.65903 1.37303 0.315777
internal_count=1630 1381 1221 1025 249 817 456 196 160 252 204 361 142 193
is_linear=0
shrinkage=0.05


Tree=505
num_leaves=12
num_cat=0
split_feature=1 13 2 25 40 30 27 31 25 25 34
split_gain=0.126022 0.186264 0.180234 0.0634781 0.0407111 0.0174991 0.00221068 0.00216658 0.00214798 0.00375866 0.00141325
threshold=5.0000000000000009 0.97000000000000008 1.0000000180025095e-35 87.38000000000001 17.000000000000004 1046.0000000000002 80.40000000000002 82.40000000000002 119.84000000000002 144.48000000000005 22.500000000000004
decision_type=2 2 2 2 10 2 2 2 2 2 2
left_child=1 -1 7 6 5 10 -4 -2 -9 -10 -5
right_child=2 -3 3 4 -6 -7 -8 8 9 -11 -12
leaf_value=-0.0098876897345187911 -0.00037495748377368998 0.015757103479929129 -0.00084458716821210966 3.1240631992555788e-05 0.0014206786654754923 0.00053025231841174623 0.0030604884161217838 0.0071966411337239565 -0.0020429052116271574 0.0021365919313839896 -0.023975315728518201
leaf_weight=0.35759786822018214 0.010082570952363312 0.67284385883249342 0.030446309072431177 0.0035433553421171373 0.06463580799754709 0.031995485871448182 0.10077342990553007 0.36794315979932435 0.067905462929047644 0.085716116969706491 0.69698880081705283
leaf_count=656 10 126 77 6 38 23 47 265 144 47 191
internal_value=-0.00388387 0.00637086 -0.0107691 -0.0187184 -0.0214754 -0.0231496 0.00220877 0.00627035 0.00656081 0.000119712 -0.0239069
internal_weight=2.49047 1.03044 1.46003 0.928383 0.797163 0.732528 0.13122 0.531647 0.521565 0.153622 0.700532
internal_count=1630 782 848 382 258 220 124 466 456 191 197
is_linear=0
shrinkage=0.05


Tree=506
num_leaves=3
num_cat=0
split_feature=17 53
split_gain=0.364673 0.244555
threshold=0.9968553459119498 212.50000000000003
decision_type=2 8
left_child=-1 -2
right_child=1 -3
leaf_value=-0.014517760470864727 -0.0082812730172507325 0.023787155371076996
leaf_weight=0.63020402457914304 0.26017441786825646 1.0676668827654794
leaf_count=1223 5 402
internal_value=0.00509835 0.0166455
internal_weight=1.95805 1.32784
internal_count=1630 407
is_linear=0
shrinkage=0.05


Tree=507
num_leaves=6
num_cat=0
split_feature=9 1 28 27 32
split_gain=0.133068 0.0683148 0.123112 0.0695166 0.0487803
threshold=0.9967765931068685 5.0000000000000009 122.00000000000001 93.200000000000017 90.800000000000026
decision_type=2 2 2 2 2
left_child=-1 2 4 -3 -2
right_child=1 3 -4 -5 -6
leaf_value=-0.013571267135091504 -0.0032114050878978423 -0.0042330611152932053 -0.0085380260158652074 0.015009913386850175 0.012840404379739587
leaf_weight=0.56635023985290933 0.21146917901933271 0.1567538222298025 1.4190031760372219 0.64012967253802344 0.51188670634292066
leaf_count=1253 7 3 18 176 173
internal_value=-0.00147962 0.00370396 -0.00163278 0.0109754 0.00900726
internal_weight=3.50559 2.93924 2.14236 0.796883 0.723356
internal_count=1630 377 198 179 180
is_linear=0
shrinkage=0.05


Tree=508
num_leaves=14
num_cat=0
split_feature=21 53 27 1 28 35 32 37 38 53 29 39 34
split_gain=0.13737 0.12256 0.149696 0.125551 0.129088 0.124806 0.117368 0.0911107 0.0809318 0.0411323 0.0286295 0.00523864 0.00196614
threshold=1.0000000180025095e-35 327.00000000000006 101.20000000000002 5.0000000000000009 98.000000000000014 inf 1478.0000000000002 192.00000000000003 5.5000000000000009 621.00000000000011 24.500000000000004 8.0000000000000018 16.500000000000004
decision_type=2 8 2 2 2 8 2 8 10 8 2 8 2
left_child=1 7 3 6 -5 9 -3 -1 10 11 -9 -4 -7
right_child=-2 2 5 4 -6 12 -8 8 -10 -11 -12 -13 -14
leaf_value=-0.0066385850754553961 0.013911809897539099 -0.013599606879452098 0.0010265873701193254 -0.0057198696412428061 0.020735957102520557 -6.0727434994675889e-05 0.0059673843430946222 -0.0016637764371665775 -0.0047407458603110648 0.0083551832917503673 0.016917813940013914 -0.0058288178882309602 -0.018010608660541435
leaf_weight=0.21103423606837135 0.58492961269803334 0.57771991493064001 0.02765661804005537 0.17889080810709845 0.32979801297187805 0.02216495361062687 0.67732773075113073 0.045582752674818039 0.14384368594619446 0.33372967975446954 0.90741581944166683 0.18014529821812175 1.6597840840404385
leaf_count=58 451 195 4 143 1 5 23 2 71 34 94 111 419
internal_value=0.000850928 -0.00257261 -0.00666951 0.00339556 0.0138077 -0.01323 -0.00507622 0.00739531 0.0119737 0.00345091 0.0156322 -0.00482188 -0.0178849
internal_weight=5.88002 5.29509 3.98722 1.76374 0.508689 2.22348 1.25505 1.30788 1.09684 0.541532 0.952999 0.207802 1.68195
internal_count=1611 1160 935 362 144 573 218 225 167 149 96 115 424
is_linear=0
shrinkage=0.05


Tree=509
num_leaves=15
num_cat=0
split_feature=1 28 9 4 40 2 30 27 33 27 31 33 32 29
split_gain=0.116124 0.119694 0.114727 0.0602661 0.0518373 0.0351421 0.0152698 0.00422997 0.00254243 0.00171983 0.0012521 0.00117215 0.000607768 1.52432e-05
threshold=5.0000000000000009 86.000000000000014 1.0000000180025095e-35 6.0000000000000009 19.500000000000004 1.0000000180025095e-35 1046.0000000000002 72.800000000000011 118.00000000000001 112.80000000000003 82.40000000000002 98.000000000000014 380.80000000000007 7421.5000000000009
decision_type=2 2 2 2 10 2 2 2 2 2 2 2 2 2
left_child=2 7 3 -1 5 8 -7 -2 9 -3 -9 -6 -13 -14
right_child=1 4 -4 -5 11 6 -8 10 -10 -11 -12 12 13 -15
leaf_value=0.015785227614394447 -0.00072757380692002388 -0.00078817125665269459 -0.0078902821723164478 -0.0036444670739112436 -0.00054773552362279577 -0.021951531070923583 0.00051739715940258982 -0.00017829453282119573 -0.0015965657608352679 0.0025962742741212608 0.0066254505462752609 0.0028163392962519407 -0.00030616556646536627 6.126467365174516e-05
leaf_weight=0.69435612019151449 0.027151875314302742 0.021461430354975164 0.26611479488201439 0.10744191755657084 0.01481659448472783 0.56589448789600283 0.031985138775780797 0.017361269157845527 0.062043774203630164 0.10110535460989922 0.27906233826070093 0.11098333750851452 0.011748239601729438 0.0058770274918060741
leaf_count=144 68 65 471 190 32 170 25 16 102 63 187 48 23 7
internal_value=-0.00328313 -0.0104962 0.00615101 0.0126039 -0.0161777 -0.0187837 -0.021178 0.00570096 0.000302262 0.00182945 0.00639681 0.00203329 0.0025525 -0.00024384
internal_weight=2.3174 1.24949 1.06791 0.801798 0.925915 0.78249 0.59788 0.323575 0.184611 0.122567 0.296424 0.143425 0.128609 0.0176253
internal_count=1611 806 805 334 535 425 195 271 230 128 203 110 78 30
is_linear=0
shrinkage=0.05


Tree=510
num_leaves=4
num_cat=0
split_feature=17 53 33
split_gain=0.123444 0.0639221 0.098902
threshold=0.9968553459119498 212.50000000000003 1462.0000000000002
decision_type=2 8 2
left_child=-1 -2 -3
right_child=1 2 -4
leaf_value=-0.014417250567403847 -0.0071808198288385323 0.014704273379346072 -0.0032984589126870707
leaf_weight=0.62304175981262244 0.21683622151613224 0.64205361297354102 0.87478584609925747
leaf_count=1205 4 396 6
internal_value=-0.00422329 0.003374 0.00713645
internal_weight=2.35672 1.73368 1.51684
internal_count=1611 406 402
is_linear=0
shrinkage=0.05


Tree=511
num_leaves=5
num_cat=0
split_feature=9 35 37 38
split_gain=0.244208 0.205496 0.0514628 0.0656095
threshold=0.9967765931068685 1.0000000180025095e-35 192.00000000000003 5.5000000000000009
decision_type=2 10 8 10
left_child=-1 -2 -3 -4
right_child=1 2 3 -5
leaf_value=-0.013300726084024096 0.018328438920628017 0.005689108877916179 -0.012287109457401694 0.0050281857148189238
leaf_weight=0.54881730640772763 1.6684019860695116 0.17470060463529069 0.75625983625650417 0.1540024058194831
leaf_count=1221 269 30 41 50
internal_value=0.00446597 0.0106075 -0.00436162 -0.00825898
internal_weight=3.30218 2.75336 1.08496 0.910262
internal_count=1611 390 121 91
is_linear=0
shrinkage=0.05


Tree=512
num_leaves=15
num_cat=0
split_feature=29 29 9 9 32 48 27 28 48 53 38 32 28 33
split_gain=0.454698 0.139605 0.0696121 0.0654792 0.0595279 0.0751147 0.036436 0.0348664 0.0203853 0.00908501 0.00700785 0.00560787 0.00290849 0.000214259
threshold=24.500000000000004 25.500000000000004 1.0000000180025095e-35 0.9967765931068685 620.4000000000002 320.00000000000006 80.40000000000002 122.00000000000001 80.000000000000014 49.000000000000007 5.5000000000000009 95.200000000000017 66.000000000000014 78.000000000000014
decision_type=2 2 2 2 2 8 2 2 8 8 10 2 2 2
left_child=11 4 9 -4 5 6 -2 -8 10 -3 -5 13 -11 -1
right_child=1 2 3 8 -6 -7 7 -9 -10 12 -12 -13 -14 -15
leaf_value=0.00041626050258172982 0.0066481743412296112 0.00097178110597805024 0.011341290377553851 0.0042085527252664727 -0.0017650493161380299 0.019593433861771991 -0.0090284847602240502 0.004011600157991675 -0.0075948858345727052 0.00030667473504344327 -0.001893042722908761 -0.019682510235912914 -0.010344143642280999 -0.00062515424230338422
leaf_weight=0.021956392214633413 0.19124462595209557 0.026059217751025932 0.43294503365177661 0.1846993577782996 0.29682849626988161 2.2799032295588404 0.32191743433941156 0.1175840615760535 0.25319717620732263 0.0082367721479386091 0.052892653096932918 0.69161674595670775 0.52015972434310243 0.038193454034626484
leaf_count=19 4 1 391 24 10 56 24 12 289 6 22 71 659 22
internal_value=0.00376431 0.0101574 -0.00189339 0.00505592 0.0148411 0.0165529 0.00028698 -0.00517652 -0.004377 -0.00927556 0.00241816 -0.0191343 -0.0100861 -0.000210943
internal_weight=5.43743 4.68567 1.47819 0.923734 3.20748 2.91065 0.630746 0.439501 0.490789 0.554456 0.237592 0.751767 0.528396 0.0601498
internal_count=1610 1498 1392 726 106 96 40 36 335 666 46 112 665 41
is_linear=0
shrinkage=0.05


Tree=513
num_leaves=15
num_cat=0
split_feature=1 13 2 26 40 31 25 32 33 25 37 31 33 33
split_gain=0.138223 0.177782 0.146743 0.0492564 0.0347345 0.0123009 0.0117561 0.00211469 0.00182988 0.00144846 0.00124087 0.000420091 0.000249848 8.76269e-05
threshold=5.0000000000000009 0.97000000000000008 1.0000000180025095e-35 84.800000000000011 17.000000000000004 1057.6000000000001 119.84000000000002 82.800000000000011 82.000000000000014 144.48000000000005 192.00000000000003 1065.6000000000006 156.00000000000003 146.00000000000003
decision_type=2 2 2 2 10 2 2 2 2 2 8 2 2 2
left_child=1 -1 6 8 5 -5 7 -2 -4 13 -9 -7 -11 -8
right_child=2 -3 3 4 -6 11 9 10 -10 12 -12 -13 -14 -15
leaf_value=-0.0095627220170173468 -0.00033451940377727954 0.015674274770832056 -0.0008154070996670888 -0.022948755776422299 0.0012467885702441117 0.00084036813145583426 -0.0024388999059049778 -0.00015865128083144913 0.002637467210319515 0.0010041269805772378 0.0073536089308688934 -0.00061285047049054655 -0.00030132045107983494 3.8905678951360012e-05
leaf_weight=0.34184595465194434 0.0089846693444997072 0.66963972174562514 0.032221372413914651 0.66910502275277395 0.061003346287179738 0.022520696744322777 0.073291507316753268 0.014094661048147827 0.07496968365740031 0.02896868804236874 0.33866630497504957 0.016609580343356356 0.016785746818641201 0.0049190638528671107
leaf_count=645 8 142 79 171 42 1 145 23 25 14 226 54 30 5
internal_value=-0.00412573 0.00663126 -0.0115393 -0.0185199 -0.0207687 -0.0222848 0.00504398 0.00686297 0.00180052 -0.00164749 0.00715806 0.000227367 0.000695036 -0.00239151
internal_weight=2.37363 1.01149 1.36214 0.87643 0.769239 0.708235 0.485711 0.361746 0.107191 0.123965 0.352761 0.0391303 0.0457544 0.0782106
internal_count=1610 787 823 372 268 226 451 257 104 194 249 55 44 150
is_linear=0
shrinkage=0.05


Tree=514
num_leaves=6
num_cat=0
split_feature=4 53 21 28 26
split_gain=0.229932 0.15403 0.0942053 0.0748664 0.00193335
threshold=6.0000000000000009 212.50000000000003 1.0000000180025095e-35 1462.0000000000002 84.800000000000011
decision_type=2 8 2 2 2
left_child=-1 -2 3 4 -3
right_child=1 2 -4 -5 -6
leaf_value=-0.011568181437926893 -0.0068999546110925115 0.00026103513338877042 -0.003840643781722402 -0.0028422148407095177 0.024021068916533508
leaf_weight=0.445666379440809 0.20701812053448487 0.030836516059934982 0.11383815566659916 0.076604716479778179 1.1395971171441486
leaf_count=919 6 23 262 1 399
internal_value=0.00639595 0.0140186 0.0187755 0.0216305 0.0238038
internal_weight=2.01356 1.56789 1.36088 1.24704 1.17043
internal_count=1610 691 685 423 422
is_linear=0
shrinkage=0.05


Tree=515
num_leaves=15
num_cat=0
split_feature=2 9 0 37 29 29 52 33 32 39 29 29 29 40
split_gain=0.212512 0.105205 0.0734941 0.0739537 0.0540539 0.0163296 0.00685976 0.00339196 0.00244914 0.00159999 0.00121117 0.000753331 0.000729233 0.000198962
threshold=1.0000000180025095e-35 0.9967765931068685 163.00000000000003 192.00000000000003 23.500000000000004 25.500000000000004 236.00000000000003 78.000000000000014 1458.0000000000002 12.500000000000002 28.500000000000004 27.500000000000004 21.500000000000004 25.500000000000004
decision_type=2 2 2 8 2 2 10 2 2 8 2 2 2 8
left_child=2 -2 3 -1 12 -6 -7 -4 9 -9 11 -8 -5 -10
right_child=1 -3 7 4 5 6 10 8 13 -11 -12 -13 -14 -15
leaf_value=0.0032535003699437938 -0.0067133920331131931 0.014208671449649683 -0.0013656943858068478 -0.00034816064227533462 -0.022499044916123895 0.001957382773554164 -0.00085026761495157776 -0.00037171538685790482 0.00023647221284272074 0.003971583145319659 -0.0042794571155593012 0.0010597871344490389 0.0023949099721505087 -0.0009997389583312631
leaf_weight=0.12607935411506388 0.21783330393373024 0.64517010533018038 0.037783589214086422 0.025602581503335498 1.253004372003488 0.097288294549798482 0.052113117417320609 0.065094112709630281 0.022808559588156641 0.27861067818594165 0.12363243862637319 0.032236887054750696 0.079483436653390527 0.035459927516058087
leaf_count=31 511 189 106 19 71 69 27 126 33 296 25 9 19 79
internal_value=-0.00723045 0.00815881 -0.0138698 -0.0169424 -0.0191201 -0.0207764 -0.0018857 0.00171666 0.00277386 0.00348454 -0.00381559 0.000183865 0.00201631 -0.000749643
internal_weight=3.0922 0.863003 2.2292 1.78944 1.66336 1.55828 0.305271 0.439757 0.401973 0.343705 0.207982 0.08435 0.105086 0.0582685
internal_count=1610 700 910 270 239 201 130 640 534 422 61 36 38 112
is_linear=0
shrinkage=0.05


Tree=516
num_leaves=11
num_cat=0
split_feature=33 21 0 29 38 40 31 52 32 3
split_gain=0.151003 0.100524 0.0795617 0.0725325 0.0683268 0.0683856 0.0538087 0.0198729 0.0146135 0.0090721
threshold=1462.0000000000002 1.0000000180025095e-35 154.50000000000003 24.500000000000004 5.5000000000000009 19.500000000000004 131.00000000000003 288.00000000000006 103.20000000000002 1.5000000000000002
decision_type=2 2 2 2 10 8 2 8 2 2
left_child=1 2 3 -1 5 -5 8 -8 -7 -4
right_child=-2 -3 9 4 -6 6 7 -9 -10 -11
leaf_value=-0.0087198862370075972 0.021648119239371162 0.01377086841210716 -0.011625428339002562 0.013535941553943798 -0.0071416021949049224 0.0075869366999765462 0.0021608020446643251 -0.0095468661117866678 0.0005043348303195083 0.00083104380636965936
leaf_weight=0.29980616091052059 0.47376947966404248 0.5758139703539199 0.44847358678816807 1.1038355796481489 0.22951356903649855 0.69383831153390985 0.075421999907120951 0.33205573906889185 1.5497740762657486 0.022613550303503871
leaf_count=76 18 462 777 65 39 45 5 56 53 8
internal_value=0.00730673 0.00281424 -0.00067467 0.00229102 0.00470274 0.00677638 0.00102539 -0.00738426 0.00435841 -0.010869
internal_weight=5.80492 5.33115 4.75533 4.28425 3.98444 3.75493 2.65109 0.407478 2.24361 0.471087
internal_count=1604 1586 1124 339 263 224 159 61 98 785
is_linear=0
shrinkage=0.05


Tree=517
num_leaves=13
num_cat=0
split_feature=1 13 2 26 40 26 48 27 40 25 34 29
split_gain=0.135109 0.183085 0.12289 0.0469789 0.0435796 0.0242939 0.00404568 0.002101 0.00143562 0.000614511 0.000323334 0.000257092
threshold=5.0000000000000009 0.97000000000000008 1.0000000180025095e-35 84.800000000000011 19.500000000000004 924.4000000000002 80.000000000000014 80.40000000000002 14.500000000000002 87.38000000000001 22.500000000000004 15.500000000000002
decision_type=2 2 2 2 10 2 8 2 8 2 2 2
left_child=1 -1 6 7 5 10 9 -4 -8 -2 -5 -10
right_child=2 -3 3 4 -6 -7 8 -9 11 -11 -12 -13
leaf_value=-0.0098177527717080524 0.00055811021111099068 0.015646889273006056 -0.00091310788004968007 -4.4951769490230558e-05 0.0017297369674407065 0.00099285634920075585 -0.00028913405327183001 0.0027374735160499179 -5.4471205762187447e-05 -0.0013172103069277424 -0.022873064255664311 0.0054887973319720489
leaf_weight=0.35410476746619679 0.028821128216804937 0.6669524050084874 0.02495008209371008 0.0055006898037390775 0.065375472127925605 0.028279265461605974 0.013918692042352632 0.07955029490403831 0.0014540487318299702 0.051533256919356063 0.6821236681425944 0.3563467674102867
leaf_count=651 21 135 71 12 30 7 35 29 3 86 227 297
internal_value=-0.00433562 0.00632756 -0.0116993 -0.0178374 -0.0200175 -0.0218541 0.00432906 0.00182829 0.0051738 -0.000750582 -0.0228253 0.00544274
internal_weight=2.35891 1.02106 1.33785 0.885779 0.781279 0.715904 0.452074 0.1045 0.37172 0.0803544 0.687624 0.357801
internal_count=1604 786 818 376 276 246 442 100 335 107 239 300
is_linear=0
shrinkage=0.05


Tree=518
num_leaves=15
num_cat=0
split_feature=1 33 34 26 33 26 32 27 26 25 28 33 28 28
split_gain=0.0968179 0.0767015 0.0337 0.01632 0.0157884 0.00810304 0.00175712 0.00131055 0.00424882 0.00116102 0.000933322 0.000818378 0.000537895 0.000438229
threshold=5.0000000000000009 106.00000000000001 82.500000000000014 102.80000000000003 118.00000000000001 120.70000000000003 103.20000000000002 90.000000000000014 84.800000000000011 119.84000000000002 164.00000000000003 102.00000000000001 92.000000000000014 78.000000000000014
decision_type=2 2 2 2 2 2 2 2 2 2 2 2 2 2
left_child=1 3 -3 11 7 -6 -5 8 -2 13 -7 -1 -4 -9
right_child=4 2 12 6 5 10 -8 9 -10 -11 -12 -13 -14 -15
leaf_value=-0.0039451013547486093 -0.0021050825112370122 -0.023742071032140814 0.0012759226626230386 -0.00039869847833316904 0.006560077997945897 -0.0017366337177377165 0.0049313358004522065 9.776028588534243e-05 0.0023657490737669143 0.00031222317675341115 0.00063043503571903487 0.00024471060911364259 -0.00050871437869673831 -0.0040134473456685024
leaf_weight=0.22958207366173133 0.063303636561613641 0.72186564802541398 0.067302615963853896 0.017904473410453647 0.21897675789659843 0.098907645471626893 0.16139251328422688 0.019458084832876921 0.069410708383657038 0.032544959161896259 0.034592832787893713 0.0065616117790341369 0.017983331461437047 0.12626946580712683
leaf_count=442 156 97 62 30 118 184 108 30 66 50 9 5 42 205
internal_value=-0.0126075 -0.017691 -0.0221546 0.000506464 0.00176371 0.00498376 0.00451233 -0.00290358 0.000257448 -0.00347812 -0.00110821 -0.0037249 0.000777613 -0.0038583
internal_weight=1.88606 1.22259 0.807152 0.415441 0.663464 0.352477 0.179297 0.310987 0.132714 0.178273 0.1335 0.236144 0.0852859 0.145728
internal_count=1604 786 201 585 818 311 138 507 222 285 193 447 104 235
is_linear=0
shrinkage=0.05


Tree=519
num_leaves=5
num_cat=0
split_feature=9 32 33 1
split_gain=0.146296 0.0730126 0.0828704 0.119164
threshold=0.9967765931068685 90.800000000000026 124.00000000000001 5.0000000000000009
decision_type=2 2 2 2
left_child=-1 -2 -3 -4
right_child=1 2 3 -5
leaf_value=-0.012956249721113811 -0.0064077592347668083 0.016014281204467472 -0.0061058171235773969 0.011918507585489733
leaf_weight=0.52714565143105607 0.33730447292327914 0.72853223723359439 1.5121697874274103 0.44649715680861835
leaf_count=1218 9 220 41 116
internal_value=0.000269624 0.00522134 0.00802301 0.0006426
internal_weight=3.55165 3.0245 2.6872 1.95867
internal_count=1604 386 377 157
is_linear=0
shrinkage=0.05


Tree=520
num_leaves=15
num_cat=0
split_feature=27 35 4 5 38 37 1 26 28 27 28 39 25 48
split_gain=0.253599 0.511253 0.12591 0.0740385 0.0633876 0.0813999 0.0401556 0.123442 0.120421 0.0515148 0.024196 0.00456509 0.00247196 0.00161069
threshold=101.20000000000002 1.0000000180025095e-35 10.000000000000002 0.99724055188962224 5.5000000000000009 192.00000000000003 5.0000000000000009 93.600000000000009 98.000000000000014 80.40000000000002 118.00000000000001 12.500000000000002 110.88000000000001 192.00000000000003
decision_type=2 10 2 2 10 8 2 2 2 2 2 10 2 10
left_child=6 2 3 -2 5 -3 7 11 9 -8 -7 13 -6 -1
right_child=1 4 -4 -5 12 10 8 -9 -10 -11 -12 -13 -14 -15
leaf_value=0.0087783764717395806 0.0021667193287676122 -0.004321382577665899 0.0038321519133047649 -0.0292832264354243 0.00053883238577387329 -0.00096566083456143311 0.0058099821365199074 -0.010724847211184966 0.020441626163745091 -0.0085835481308129038 0.017546690988992347 -0.00047640063391728404 -0.0050447824470180496 -3.8625432192174448e-05
leaf_weight=1.1563004345225634 0.061230551567859615 0.17518558134906892 0.11229801014997076 1.3114567890879698 0.027580987080000452 0.084521155629772804 0.24044399504782632 0.40649157337611552 0.47479674010537565 0.33591706020524725 0.85757439851295203 0.040494493499863782 0.15207780280616134 0.044124571868451201
leaf_count=251 50 99 49 426 30 85 87 149 8 205 59 24 67 37
internal_value=-0.00165405 -0.0105541 -0.0245977 -0.0275584 0.00923415 0.0125012 0.00789378 0.00124967 0.0126208 -0.0027024 0.0162438 0.0082077 -0.00445747 0.00858402
internal_weight=5.48049 2.78193 1.48499 1.37269 1.29694 1.11728 2.69857 1.64741 1.05116 0.576361 0.942096 1.24092 0.179659 1.20043
internal_count=1626 865 525 476 340 243 761 461 300 292 144 312 97 288
is_linear=0
shrinkage=0.05


Tree=521
num_leaves=15
num_cat=0
split_feature=25 1 2 40 13 25 25 39 48 26 37 31 31 52
split_gain=0.109462 0.112464 0.0710548 0.0486436 0.0398688 0.0243466 0.0179572 0.0059875 0.00213598 0.0013377 0.000670528 0.000433462 0.000144112 4.72644e-05
threshold=84.160000000000011 5.0000000000000009 1.0000000180025095e-35 17.000000000000004 0.97000000000000008 99.920000000000016 100.28000000000002 12.500000000000002 80.000000000000014 115.20000000000002 192.00000000000003 238.80000000000021 1458.0000000000002 460.00000000000006
decision_type=2 2 2 10 2 2 2 10 8 2 10 2 2 10
left_child=4 5 8 -4 -1 -2 -7 -8 -3 -10 11 -11 -13 -12
right_child=1 2 3 -5 -6 6 7 -9 9 10 13 12 -14 -15
leaf_value=-0.0037204212094778723 -0.0038057203531943109 -0.00097719095270137695 -0.022258648537573637 0.0018274633846038415 0.010893774648066158 0.0090247548604313037 -0.0032335136406486846 0.0020765676185684717 -0.00051843729130911264 0.0033488247044629904 -0.00038896673826566478 -0.00047663338249907204 0.00037228267348372971 0.00015056592729536443
leaf_weight=0.1100538644823249 0.13270114178885672 0.058415703679202124 0.66720385383814573 0.077036825125105679 0.40575902943965048 0.30164793849689886 0.21722576886531897 0.062311520014191046 0.028943582510692067 0.17655570979695767 0.01047804590780288 0.022604711964959279 0.010012976359575987 0.0052445152541622511
leaf_count=229 286 89 222 42 162 55 253 9 77 116 29 47 6 4
internal_value=-0.00493935 -0.00989604 -0.0161061 -0.0201471 0.00737832 0.00332948 0.00633518 -0.00135202 0.00153878 0.00243536 0.00292841 0.00316636 -0.000107878 -0.000237946
internal_weight=2.2862 1.77038 1.0565 0.744241 0.515813 0.713886 0.581185 0.279537 0.312255 0.25384 0.224896 0.209173 0.0326177 0.0157226
internal_count=1626 1235 632 264 391 603 317 262 368 279 202 169 53 33
is_linear=0
shrinkage=0.05


Tree=522
num_leaves=6
num_cat=0
split_feature=4 53 30 3 4
split_gain=0.0618485 0.0414041 0.0636124 0.0427857 0.0157818
threshold=6.0000000000000009 212.50000000000003 1450.0000000000002 1.5000000000000002 10.000000000000002
decision_type=2 8 2 2 2
left_child=-1 -2 3 4 -3
right_child=1 2 -4 -5 -6
leaf_value=-0.01161881815103704 -0.0066269694010103481 0.014312040020654849 -0.0032751013541502923 -0.0031676486965426021 -0.0011315707819820741
leaf_weight=0.44847038746229406 0.19822476332774353 0.61367198475636542 0.88618401702842675 0.092234406620264053 0.030841597355902195
leaf_count=942 6 384 32 259 3
internal_value=-0.00381661 0.00154214 0.00468606 0.010634 0.0133343
internal_weight=2.26963 1.82116 1.62293 0.736748 0.644514
internal_count=1626 684 678 646 387
is_linear=0
shrinkage=0.05


Tree=523
num_leaves=15
num_cat=0
split_feature=35 9 40 29 34 0 26 31 31 31 40 31 32 29
split_gain=0.390281 0.362513 0.0337443 0.0254693 0.0172273 0.0196034 0.00335399 0.00057763 0.000573554 0.000558507 0.000307317 0.000175678 0.000103688 2.58138e-05
threshold=1.0000000180025095e-35 0.9967765931068685 19.500000000000004 24.500000000000004 24.500000000000004 183.50000000000003 93.600000000000009 146.90000000000003 95.600000000000009 95.600000000000009 8.0000000000000018 757.6000000000007 1474.0000000000002 71.500000000000014
decision_type=10 2 10 2 2 2 2 2 2 2 10 2 2 2
left_child=1 -1 3 -2 9 -6 -4 -8 -7 -5 -10 -9 13 -12
right_child=2 -3 6 4 5 8 7 11 10 -11 12 -13 -14 -15
leaf_value=-0.00896226788502647 0.0021534439819769955 0.029499379811322196 -0.0010906802325143456 -0.00043393246370635992 -0.014339041490070162 -0.00056177159177248244 0.0037798939331533769 -0.00053290141436478056 -0.00025567682531518467 0.0015618780773108379 -1.8312039226819977e-05 0.00040401444056496598 -7.5777633235118899e-05 0.0015625285624973702
leaf_weight=0.31365572437061917 0.069175109121715428 1.3368795423884876 0.029947813745821006 0.011697221518261358 0.76148807283607312 0.015204057563096285 0.17437241424340755 0.014410453964956105 0.0068630138994194559 0.065475192328449339 0.0029811387357767663 0.022107633849373087 0.010502890712814406 0.10822874977020547
leaf_count=716 16 273 88 26 81 44 97 37 21 37 7 25 22 136
internal_value=0.00999994 0.0215666 -0.00773561 -0.0101976 -0.0117148 -0.0128324 0.00256925 0.00356049 0.000707264 0.00113736 0.00122213 -0.000123138 0.00145911 0.00154181
internal_weight=2.94299 1.65054 1.29245 1.05162 0.98244 0.905268 0.240838 0.210891 0.14378 0.0771724 0.128576 0.0365181 0.121713 0.11121
internal_count=1626 989 637 390 374 311 247 159 230 63 186 62 165 143
is_linear=0
shrinkage=0.05


Tree=524
num_leaves=15
num_cat=0
split_feature=35 21 37 38 3 40 29 34 33 33 34 32 34 26
split_gain=0.446081 0.325806 0.103063 0.0861604 0.0391481 0.026516 0.0175415 0.0060244 0.00516593 0.00393086 0.000420671 0.000136306 8.93731e-05 5.36644e-05
threshold=1.0000000180025095e-35 1.0000000180025095e-35 192.00000000000003 5.5000000000000009 1.5000000000000002 19.500000000000004 24.500000000000004 24.500000000000004 78.000000000000014 82.000000000000014 105.50000000000001 86.000000000000014 22.500000000000004 81.200000000000017
decision_type=10 2 8 10 2 10 2 2 2 2 2 2 2 2
left_child=1 4 9 5 -1 6 -4 12 13 11 -7 -2 -8 -5
right_child=2 -3 3 8 -6 10 7 -9 -10 -11 -12 -13 -14 -15
leaf_value=-0.024691606106700108 -0.00021648525678712931 0.0095363935942802073 -0.00099086686880684501 0.0011257766710491086 0.001429486433571197 -0.001552414506856573 0.00027544175018164762 0.017611862753296948 -0.0052022164966471088 -0.0070722519105881985 0.00031319504933003317 0.00076616416646404335 -0.00039800713236419981 -4.0809842403042886e-05
leaf_weight=2.4502094324561776 0.013244014000520443 0.33802255510818202 0.028727434808388241 0.030926687584724166 0.039529161876998731 0.055943409912288078 0.018355755892116465 1.2633645151800008 0.21364404255291447 0.30127811792772263 0.030967954458901659 0.027365573099814355 0.016823391721118242 0.034352809481788427
leaf_count=706 6 260 3 32 14 30 10 125 147 140 46 31 11 36
internal_value=-0.00808043 -0.0185344 0.00776664 0.011959 -0.0239861 0.0154927 0.0166369 0.0172883 -0.00406221 -0.00643511 -0.00121111 0.000545621 -0.000119984 0.00104985
internal_weight=4.86275 2.82776 2.03499 1.69311 2.48974 1.41418 1.32727 1.29854 0.278924 0.341888 0.0869114 0.0406096 0.0351791 0.0652795
internal_count=1597 980 617 440 720 225 149 146 215 177 76 37 21 68
is_linear=0
shrinkage=0.05


Tree=525
num_leaves=5
num_cat=0
split_feature=17 4 28 31
split_gain=0.112783 0.130254 0.0780348 0.00060311
threshold=1.0000000180025095e-35 1.0000000180025095e-35 590.00000000000011 77.500000000000014
decision_type=2 2 2 2
left_child=1 -1 3 -3
right_child=-2 2 -4 -5
leaf_value=-0.0073020410724888019 -0.0089117122388518762 6.2881901680482649e-05 -0.0035541318853009301 0.018293402430909593
leaf_weight=0.24146123396349128 0.31150211050407972 0.011479100649012142 0.15954183740541328 1.0040910085081121
leaf_count=393 881 10 4 309
internal_value=0.00434414 0.0097406 0.0149896 0.0182208
internal_weight=1.72808 1.41657 1.17511 1.01557
internal_count=1597 716 323 319
is_linear=0
shrinkage=0.05


Tree=526
num_leaves=3
num_cat=0
split_feature=17 53
split_gain=0.337944 0.22005
threshold=0.9968553459119498 212.50000000000003
decision_type=2 8
left_child=-1 -2
right_child=1 -3
leaf_value=-0.013412732167700409 -0.0075582000667079614 0.023753343270684887
leaf_weight=0.55560796997451678 0.23452098481357087 1.0786777063622139
leaf_count=1181 5 411
internal_value=0.00668565 0.0173114
internal_weight=1.86881 1.3132
internal_count=1597 416
is_linear=0
shrinkage=0.05


Tree=527
num_leaves=5
num_cat=0
split_feature=9 35 48 37
split_gain=0.197924 0.172937 0.0507436 0.0578847
threshold=0.9967765931068685 1.0000000180025095e-35 80.000000000000014 192.00000000000003
decision_type=2 10 10 8
left_child=-1 -2 3 -3
right_child=1 2 -4 -5
leaf_value=-0.012373034239284047 0.016901742706964457 0.0047604975344597402 0.0058061672352233947 -0.011575498368874303
leaf_weight=0.49179197389457874 1.5546103385277092 0.14172220695763826 0.18029197526630014 0.78522785357199609
leaf_count=1205 264 17 62 49
internal_value=0.00393452 0.00950355 -0.00397523 -0.00790354
internal_weight=3.15364 2.66185 1.10724 0.92695
internal_count=1597 392 128 66
is_linear=0
shrinkage=0.05


Tree=528
num_leaves=12
num_cat=0
split_feature=52 4 5 28 37 38 29 28 21 34 28
split_gain=0.316319 0.339019 0.152369 0.122946 0.0765879 0.0744892 0.02846 0.0250798 0.0135811 0.00907386 2.48476e-05
threshold=302.00000000000006 6.0000000000000009 0.99724055188962224 590.00000000000011 192.00000000000003 5.5000000000000009 23.500000000000004 102.00000000000001 0.43500000000000005 24.500000000000004 70.000000000000014
decision_type=8 2 2 2 8 10 2 2 2 2 2
left_child=4 2 -2 -4 -1 6 -6 -3 -9 -8 -7
right_child=1 7 3 -5 5 10 9 8 -10 -11 -12
leaf_value=-0.005077980716893379 0.0046634378572216308 0.0070697898228176603 -0.029666348821992816 0.0020518604195656747 -0.0016048105769967591 -3.2322448213202583e-05 -0.00032305657195147485 -0.0056289577250272158 0.0026892030857154372 0.017842273350660801 -0.0040726382226145058
leaf_weight=0.21097860205918517 0.14184248191304516 0.98180310573661678 1.6165278613334519 0.20634550321847211 0.043926335871219413 0.019993803929537646 0.034895526943728328 0.17511795132304542 0.076153688423801214 0.94446338916895911 0.13547364342957735
leaf_count=82 127 364 604 7 2 21 22 181 32 118 75
internal_value=-0.00673914 -0.0141818 -0.0235512 -0.026621 0.00915473 0.0128636 0.0161539 0.0046081 -0.00297353 0.0173588 -0.0040307
internal_weight=4.58752 3.19779 1.96472 1.82287 1.38973 1.17875 1.02329 1.23307 0.251272 0.979359 0.155467
internal_count=1635 1315 738 611 320 238 142 577 213 140 96
is_linear=0
shrinkage=0.05


Tree=529
num_leaves=3
num_cat=0
split_feature=13 28
split_gain=0.284912 0.0774661
threshold=0.97000000000000008 590.00000000000011
decision_type=2 2
left_child=-1 -2
right_child=1 -3
leaf_value=-0.013613313852158382 0.018155824396227836 -0.003611972173031202
leaf_weight=0.56914883438730601 0.92067678773310035 0.15361263114027679
leaf_count=1309 322 4
internal_value=0.00353454 0.0148025
internal_weight=1.64344 1.07429
internal_count=1635 326
is_linear=0
shrinkage=0.05


Tree=530
num_leaves=8
num_cat=0
split_feature=4 1 33 4 33 33 33
split_gain=0.029784 0.0528797 0.0494284 0.016348 0.00312146 3.11464e-05 0.000144044
threshold=6.0000000000000009 5.0000000000000009 106.00000000000001 10.000000000000002 86.000000000000014 74.000000000000014 70.000000000000014
decision_type=2 2 2 2 2 2 2
left_child=-1 2 4 -3 5 6 -2
right_child=1 3 -4 -5 -6 -7 -8
leaf_value=-0.01097297073415681 -0.00039675201222051019 0.009081767760405245 -0.0086268019719538801 -0.0019368050540585287 0.0055067570162147753 -0.0006562507528706361 0.00044871239676847439
leaf_weight=0.41327998338965732 0.010689589282264822 0.32727339240955178 1.0866895730432586 0.054286950151436031 0.21135891458834521 0.017806424933951348 0.012088032788597047
leaf_count=932 29 239 66 123 187 51 8
internal_value=-0.00556617 -0.000710814 -0.00510794 0.00724691 0.00483717 -0.000590815 5.19598e-05
internal_weight=2.13347 1.72019 1.33863 0.38156 0.251943 0.040584 0.0227776
internal_count=1635 703 341 362 275 88 37
is_linear=0
shrinkage=0.05


Tree=531
num_leaves=6
num_cat=0
split_feature=9 48 37 26 30
split_gain=0.3627 0.328905 0.0375926 0.0019182 0.0191118
threshold=0.9967765931068685 80.000000000000014 192.00000000000003 93.600000000000009 124.24000000000002
decision_type=2 8 8 2 2
left_child=-1 2 -2 -4 -5
right_child=1 -3 3 4 -6
leaf_value=-0.012143699876280114 0.0047061663230356064 0.02873970059656953 -0.0089474020114674226 0.0042062882204072062 -0.0048756053452857825
leaf_weight=0.47846263456449412 0.13991693966090712 1.4730554961715823 0.28770489990711212 0.12477518175728619 0.21868896484375
leaf_count=1226 17 345 5 25 17
internal_value=0.0122906 0.0196376 -0.00415999 -0.00780565 -0.000901191
internal_weight=2.7226 2.24414 0.771086 0.631169 0.343464
internal_count=1635 409 64 47 42
is_linear=0
shrinkage=0.05


Tree=532
num_leaves=15
num_cat=0
split_feature=33 1 2 13 1 36 32 25 25 28 25 29 27 30
split_gain=0.246439 0.323345 0.149553 0.127346 0.0816735 0.0447311 0.044232 0.0378224 0.0383413 0.0375431 0.0336043 0.0107097 0.0106096 0.00985249
threshold=124.00000000000001 5.0000000000000009 1.0000000180025095e-35 1.0000000180025095e-35 5.0000000000000009 9.5000000000000018 80.800000000000011 114.72000000000001 87.38000000000001 98.000000000000014 590.00000000000011 24.500000000000004 128.80000000000004 209.52000000000004
decision_type=2 2 2 2 2 8 2 2 2 2 2 2 2 2
left_child=3 2 -2 5 9 -1 -7 8 -6 -5 -3 -10 -4 -8
right_child=1 10 12 4 7 6 13 -9 11 -11 -12 -13 -14 -15
leaf_value=0.0041129765343549344 0.035191841885872141 -0.0082062035554382722 0.0028698721050346375 0.0044572259491504895 -0.00067997613503683317 0.0026288782706271044 -0.014347242297780061 -0.0020794801902770861 -0.00039306235415560676 -0.0078957127429580224 0.0041270908042290149 0.020805972592305176 -0.0040708654261858192 0.00054000422047826343
leaf_weight=0.11127886432223055 1.5428506178723185 0.38355411807424378 0.12933691180660378 0.30413311393931486 0.1849543895223178 0.18483057717094198 0.64229612110648304 0.063959110411815345 0.024088998965453357 0.2721733212529216 0.14610051177442074 0.42956307140411809 0.12587105334387161 0.043699835543520749
leaf_count=4 78 206 16 300 184 22 542 54 9 54 2 105 30 37
internal_value=0.0157996 0.0244978 0.0315023 0.00207834 0.00969374 -0.00772581 -0.0106285 0.0154606 0.0174143 -0.00268469 -0.00433017 0.0201843 -0.00106932 -0.0136411
internal_weight=4.58869 2.32771 1.79806 2.26098 1.27887 0.982105 0.870827 0.702566 0.638606 0.576306 0.529655 0.453652 0.255208 0.685996
internal_count=1643 332 124 1311 706 605 601 352 298 354 208 114 46 579
is_linear=0
shrinkage=0.05


Tree=533
num_leaves=6
num_cat=0
split_feature=13 1 34 32 25
split_gain=0.0817039 0.135285 0.125162 0.0299239 0.0144435
threshold=0.97000000000000008 5.0000000000000009 25.500000000000004 115.60000000000002 590.00000000000011
decision_type=2 2 2 2 2
left_child=-1 -2 3 -3 -5
right_child=1 2 -4 4 -6
leaf_value=-0.013208807598288283 0.012893295916625884 -0.017199470451806174 0.0077580241020449945 0.0041535694571275001 -0.0038273926382938143
leaf_weight=0.54315750065143209 0.49526771134696901 0.3965006722137332 0.25999052578117698 0.12300578563008457 0.1464740913361311
leaf_count=1311 140 16 155 19 2
internal_value=-0.00508431 0.00219366 -0.00725222 -0.0142514 0.000217787
internal_weight=1.9644 1.42124 0.925971 0.665981 0.26948
internal_count=1643 332 192 37 21
is_linear=0
shrinkage=0.05


Tree=534
num_leaves=15
num_cat=0
split_feature=1 33 34 33 33 25 40 28 52 27 28 28 30 52
split_gain=0.0900627 0.082529 0.0380732 0.0123501 0.0115532 0.00718696 0.00204725 0.000951164 0.000976029 0.000480152 0.000389709 0.000330749 0.000257023 0.000166026
threshold=5.0000000000000009 106.00000000000001 82.500000000000014 102.00000000000001 118.00000000000001 120.28000000000002 14.500000000000002 118.00000000000001 236.00000000000003 260.00000000000006 92.000000000000014 86.000000000000014 230.00000000000003 588.00000000000011
decision_type=2 2 2 2 2 2 8 2 8 2 2 2 2 10
left_child=1 3 -3 6 7 -6 -1 8 -2 -7 11 -4 13 -10
right_child=4 2 10 -5 5 9 -8 -9 12 -11 -12 -13 -14 -15
leaf_value=0.00065559484044852134 0.00036100061471354525 -0.02366033280603631 -0.00023372060944202655 0.0043606584019269977 0.0060125054411808987 -0.0015501846576917297 -0.0035010406496654733 0.00039530504541043809 -0.0032517859085897972 0.00035643169084248781 -0.00033701771350891124 0.0016471198688899121 7.0940470772875512e-05 5.6133543139646146e-05
leaf_weight=0.034730739949736522 0.019253717327956221 0.738163001529756 0.020250138069968671 0.13110309530748054 0.21144457554328255 0.068326095293741673 0.23936033091740683 0.022866669023642316 0.20448255095107015 0.036438214534427971 0.014700903178891167 0.045526958245318383 0.018657357490155846 0.0046683444816153488
leaf_count=46 17 96 48 78 144 143 494 28 424 31 35 13 38 8
internal_value=-0.0127157 -0.0174078 -0.0219856 0.000904976 0.00187964 0.00455637 -0.00287318 -0.00237475 -0.00274253 -0.00116467 0.00105665 0.00139209 -0.00308522 -0.00319259
internal_weight=1.80997 1.22384 0.818641 0.405194 0.586138 0.316209 0.274091 0.269929 0.247062 0.104764 0.080478 0.0657771 0.227808 0.209151
internal_count=1643 810 192 618 833 318 540 515 487 174 96 61 470 432
is_linear=0
shrinkage=0.05


Tree=535
num_leaves=15
num_cat=0
split_feature=33 32 26 34 52 28 28 32 30 33 26 26 38 30
split_gain=0.183541 0.156795 0.0666472 0.049802 0.00974361 0.00871665 0.00611247 0.00351872 0.00331263 0.000801986 0.000794815 0.000208905 0.000197397 7.09984e-05
threshold=114.00000000000001 141.20000000000002 93.600000000000009 24.500000000000004 236.00000000000003 122.00000000000001 78.000000000000014 95.200000000000017 145.04000000000002 94.000000000000014 238.00000000000003 242.00000000000003 5.5000000000000009 217.92000000000002
decision_type=2 2 2 2 10 2 2 2 2 2 2 2 10 2
left_child=2 3 9 -2 5 10 -4 -8 -9 -1 -3 -12 -6 -10
right_child=1 4 6 -5 12 -7 7 8 13 -11 11 -13 -14 -15
leaf_value=-0.0060047597112562554 0.0016533454192345155 -0.0017762402038430094 -0.00066784020802985013 -0.025137579535755069 -0.0021639287167353224 0.0067144410862122533 -0.00037578465521289814 0.01052260208977682 -0.00044159008057612759 0.00014589919643464267 0.00083400614319625887 -0.00030835324989618619 0.00010358953844483591 0.00019705366058865939
leaf_weight=0.35410562444303673 0.060883251833729335 0.078425977480946929 0.018124937327229418 1.0753748266433829 0.060758672989322804 0.24280043691396713 0.010113181953784078 0.6564726524084108 0.013717189605813473 0.0068040367623325429 0.022722073248587549 0.0082883677096106112 0.0095488849619869143 0.015100704971700907
leaf_count=543 34 157 48 108 65 85 16 484 13 8 18 22 18 24
internal_value=-0.0103204 -0.0178347 0.0039235 -0.0236001 0.00336045 0.00515532 0.00940939 0.00991103 0.0101957 -0.0058668 -0.00123801 0.000525744 -0.00204691 -0.000240682
internal_weight=2.63324 1.5588 1.07444 1.13626 0.422544 0.352237 0.713529 0.695404 0.685291 0.36091 0.109436 0.0310104 0.0703076 0.0288179
internal_count=1643 507 1136 142 365 282 585 537 521 551 197 40 83 37
is_linear=0
shrinkage=0.05


Tree=536
num_leaves=15
num_cat=0
split_feature=38 34 37 34 26 53 34 25 33 25 29 33 40 30
split_gain=0.132256 0.149095 0.163897 0.0702819 0.0537516 0.0252053 0.00834681 0.00604393 0.00296776 0.00213613 0.00197405 0.00152937 0.00120456 0.00105868
threshold=5.5000000000000009 25.500000000000004 192.00000000000003 24.500000000000004 93.600000000000009 212.50000000000003 35.500000000000007 81.520000000000024 78.000000000000014 182.00000000000003 26.500000000000004 114.00000000000001 8.0000000000000018 83.360000000000014
decision_type=10 2 8 2 2 8 2 2 2 2 2 2 8 2
left_child=1 2 -1 10 6 -6 -3 -2 -7 12 11 -4 -10 -12
right_child=7 4 3 -5 5 8 -8 -9 9 -11 13 -13 -14 -15
leaf_value=-0.0057192344083549021 0.00085537181778280432 -0.001099703753429195 0.0020279995960215233 0.023978349032568298 0.0031903299924659297 0.00037238797648580591 0.0070284560741457371 -0.0072899928829238169 0.00011696920464068409 -5.9315754889296916e-05 0.00053014580408014328 -0.0008930666652586035 -0.0089837557587817939 -0.0023879273017938045
leaf_weight=0.20393616927322034 0.045197459345217683 0.085651106957811751 0.089501447160728609 2.44258943060413 0.090604399447329231 0.015313447191147134 1.124184330779826 0.32587281957967207 0.011198471329407766 0.086793350783409551 0.014298346359282732 0.031607830023858696 0.51329703457304277 0.12123483754112385
leaf_count=40 47 46 27 79 5 16 355 181 19 89 7 29 606 93
internal_value=0.0113027 0.0135265 0.0191666 0.0220846 0.00138435 -0.00563927 0.00621578 -0.00639761 -0.00809244 -0.008404 -0.000677589 0.00114905 -0.00884018 -0.00188431
internal_weight=5.20128 4.83021 2.90317 2.69923 1.92704 0.717207 1.20984 0.37107 0.626602 0.611289 0.256642 0.121109 0.524496 0.135533
internal_count=1639 1411 275 235 1136 735 401 228 730 714 156 56 625 100
is_linear=0
shrinkage=0.05


Tree=537
num_leaves=15
num_cat=0
split_feature=33 1 40 13 34 34 53 28 29 33 33 31 34 26
split_gain=0.101383 0.107468 0.0463885 0.039882 0.0250908 0.0172326 0.00433556 0.00194412 0.00143047 0.00119109 0.000833804 0.000173038 8.71815e-05 5.06128e-05
threshold=86.000000000000014 5.0000000000000009 19.500000000000004 0.97000000000000008 25.500000000000004 27.500000000000004 333.00000000000006 118.00000000000001 25.500000000000004 98.000000000000014 98.000000000000014 115.80000000000004 86116.000000000015 102.80000000000003
decision_type=2 2 10 2 2 2 8 2 2 2 2 2 2 2
left_child=3 5 4 -1 -3 6 -2 9 -8 -6 -4 -11 -7 -10
right_child=1 2 10 -5 7 12 8 -9 13 11 -12 -13 -14 -15
leaf_value=-0.0041173234383101703 -0.00073864258268545281 -0.021569749798908897 -0.00047075206595002946 0.0099085748905126947 -0.00072952697172327333 -0.0028599953051293325 0.0067858667500428045 -0.0017430665387089949 0.00019151400879434399 -9.7367343133396498e-05 0.0021270810540589551 0.002049599476093851 3.1696594931826882e-05 -0.00032274605135650071
leaf_weight=0.12325863011938087 0.025420758349355088 0.66728903434704989 0.012708101829048246 0.35697718907613307 0.019835913088172674 0.20681393504492007 0.32003470882773399 0.048733941715909168 0.021194497850956395 0.0077238715894054613 0.11262013818486594 0.11010215131682344 0.0044590948964469126 0.019437114067841321
leaf_count=296 38 105 30 161 80 412 48 161 26 22 76 140 8 36
internal_value=-0.00687036 -0.0115748 -0.0174167 0.00595911 -0.0196138 0.00290922 0.00581977 -0.000332828 0.00648516 0.00125973 0.00167942 0.00194766 -0.00282318 -0.000128236
internal_weight=2.05661 1.57637 0.979013 0.480236 0.853685 0.59736 0.386087 0.186396 0.360666 0.137662 0.125328 0.117826 0.211273 0.0406316
internal_count=1639 1182 614 457 508 568 148 403 110 242 106 162 420 62
is_linear=0
shrinkage=0.05


Tree=538
num_leaves=6
num_cat=0
split_feature=4 53 30 4 13
split_gain=0.0464735 0.0331865 0.0605693 0.0379919 0.0200447
threshold=6.0000000000000009 212.50000000000003 1450.0000000000002 10.000000000000002 1.0000000180025095e-35
decision_type=2 8 2 2 2
left_child=-1 -2 3 4 -3
right_child=1 2 -4 -5 -6
leaf_value=-0.010718577802037853 -0.0062040814558720174 0.013716474239611271 -0.0036935790127256129 -0.0030571303728873997 -0.0014958845138728439
leaf_weight=0.39986401355417944 0.18456477078143474 0.59009862822131254 0.83711818850133568 0.088209212117362767 0.041536754259141162
leaf_count=926 6 422 30 130 125
internal_value=-0.00388793 0.00101806 0.00396572 0.00984143 0.0124124
internal_weight=2.14139 1.74153 1.55696 0.719845 0.631635
internal_count=1639 713 707 677 547
is_linear=0
shrinkage=0.05


Tree=539
num_leaves=12
num_cat=0
split_feature=33 1 26 27 33 32 27 28 33 28 25
split_gain=0.137193 0.201351 0.1342 0.0808055 0.0106628 0.00653676 0.00349358 0.00319917 0.00296339 0.00173891 6.16763e-06
threshold=114.00000000000001 5.0000000000000009 93.600000000000009 140.80000000000004 124.00000000000001 90.800000000000026 575.20000000000039 110.00000000000001 94.000000000000014 134.00000000000003 238.00000000000003
decision_type=2 2 2 2 2 2 2 2 2 2 2
left_child=2 3 8 -2 -3 -4 -5 10 -1 -9 -6
right_child=1 4 5 6 7 -7 -8 9 -10 -11 -12
leaf_value=-0.0099173622974349993 -0.026726172889550537 -0.0016555129983510078 -0.00063968689055459728 0.0028017968346340264 -0.00044818611886256274 0.010938903102317472 -0.0014506672291527837 0.0078584062650533942 0.00031264127330953126 -0.00017179646720767873 1.5620447383632032e-05
leaf_weight=0.52718421790632441 0.89207574038300641 0.046172176880645455 0.017340706137474626 0.14191054308321327 0.018194934207713231 0.80796225389349274 0.039974945888388902 0.27909594430821016 0.011766748866648413 0.026870144647546113 0.0070742728421464554
leaf_count=538 69 146 29 69 45 563 11 130 10 19 10
internal_value=-0.00966487 -0.0167965 0.0018175 -0.0235671 0.00559216 0.0104784 0.00143055 0.00708713 -0.00963599 0.00756164 -0.00042975
internal_weight=2.81562 1.45137 1.36425 1.07396 0.377407 0.825303 0.181885 0.331235 0.538951 0.305966 0.0252692
internal_count=1639 499 1140 149 350 592 80 204 548 149 55
is_linear=0
shrinkage=0.05


Tree=540
num_leaves=15
num_cat=0
split_feature=30 27 28 52 33 28 4 17 28 17 17 52 33 29
split_gain=0.0993397 0.149713 0.142921 0.0758109 0.0655614 0.0496704 0.04472 0.0108961 0.00473494 0.0040448 0.00353571 0.00342669 0.00291762 0.00250746
threshold=96.060000000000016 101.20000000000002 122.00000000000001 588.00000000000011 82.000000000000014 86.000000000000014 10.000000000000002 0.031483516483516487 66.000000000000014 0.9968553459119498 0.9968553459119498 236.00000000000003 98.000000000000014 25.500000000000004
decision_type=2 2 2 8 2 2 2 2 2 2 2 8 2 2
left_child=4 3 6 -2 10 -5 8 -6 -3 -9 11 -1 -10 -4
right_child=1 2 13 5 7 -7 -8 9 12 -11 -12 -13 -14 -15
leaf_value=-0.0005389314021676697 -0.0025215938118859633 0.00042079155518129981 0.010838915870490309 -0.0010474610281371178 -0.010344713445618126 0.026881243201752211 0.0037665050281532036 0.0025544592480490728 0.000119075603543255 -0.0018629932649819197 -0.00061061226542237382 0.0070038365754703348 -0.01228281996147087 0.00069251273471271357
leaf_weight=0.018333822255954035 0.089517661632271595 0.011340274824761187 1.1195260739768853 0.094018732896074653 0.38313195205410011 0.95934557460714132 0.11017420212738216 0.073041215538978577 0.02920494182035327 0.05220184670179151 0.016533906949916855 0.43318127832026221 0.65859480641665868 0.21076919394545246
leaf_count=7 24 12 44 72 228 65 65 76 45 75 23 275 511 117
internal_value=0.00994245 0.0132973 0.00260198 0.022762 -0.00235732 0.0250923 -0.00864561 -0.00896813 -0.0116671 0.00069389 0.00604084 0.00653728 -0.0119977 0.0102184
internal_weight=4.25892 3.28249 2.13961 1.14288 0.976424 1.05336 0.809314 0.508375 0.69914 0.125243 0.468049 0.451515 0.6878 1.3303
internal_count=1639 955 794 161 684 137 633 379 568 151 305 282 556 161
is_linear=0
shrinkage=0.05


Tree=541
num_leaves=15
num_cat=0
split_feature=28 1 2 13 25 28 41 31 28 28 28 31 33 33
split_gain=0.13543 0.0735906 0.0610394 0.0603754 0.0216396 0.0200558 0.0172551 0.0132333 0.00278631 0.00209996 0.00244611 0.000335263 4.1978e-05 4.94235e-05
threshold=86.000000000000014 5.0000000000000009 1.0000000180025095e-35 0.97000000000000008 103.48000000000002 98.000000000000014 17.000000000000004 1057.6000000000001 114.00000000000001 118.00000000000001 142.00000000000003 1065.6000000000006 114.00000000000001 118.00000000000001
decision_type=2 2 2 2 2 2 10 2 2 2 2 2 2 2
left_child=3 4 8 -1 5 -2 7 -4 12 -10 -11 -9 -3 -14
right_child=1 2 6 -5 -6 -7 -8 11 9 10 -12 -13 13 -15
leaf_value=-0.0049783732984959861 -0.002659032497669122 -0.001305594134970052 -0.021814425142715269 0.011866394690932081 -0.0040507596946903705 0.0081290162266104589 0.00064312778794207081 0.00085232319254676184 0.003335719886653469 -0.0020480768658996842 0.0014195339478049798 -0.00048300497068285374 0.00026401638898916017 -0.00023245024223845741
leaf_weight=0.15300720685627345 0.076259020512224884 0.051308283087564632 0.61364659744140226 0.45916017750278115 0.12958142580464482 0.26519231911515817 0.035425177935394458 0.022842450067400932 0.099526400677859783 0.057714621711056679 0.043964783806586638 0.013045025174506009 0.0070827435702085495 0.0062356557755265385
leaf_count=412 188 137 144 223 196 49 29 1 45 131 12 49 5 18
internal_value=-0.00596159 -0.0122479 -0.0166648 0.0071797 0.00193558 0.00553353 -0.020269 -0.021108 0.00129779 0.00248365 -0.000621177 0.000369236 -0.00125922 3.15662e-05
internal_weight=2.03399 1.42182 0.950792 0.612167 0.471033 0.341451 0.684959 0.649534 0.265832 0.201206 0.101679 0.0358875 0.0646267 0.0133184
internal_count=1639 1004 571 635 433 237 223 194 348 188 143 50 160 23
is_linear=0
shrinkage=0.05


Tree=542
num_leaves=12
num_cat=0
split_feature=27 17 25 32 34 32 41 25 33 34 52
split_gain=0.122342 0.0804093 0.042568 0.0298862 0.00867165 0.00596165 0.00106759 0.00200722 0.00052054 0.000310008 0.000269125
threshold=101.20000000000002 0.9968553459119498 1062.0000000000002 1450.0000000000002 643.50000000000011 1446.0000000000002 25.500000000000004 182.00000000000003 102.00000000000001 672.00000000000011 236.00000000000003
decision_type=2 2 2 2 2 2 10 2 2 2 8
left_child=3 -2 6 5 -5 8 -3 -8 10 -6 -1
right_child=1 2 -4 4 9 -7 7 -9 -10 -11 -12
leaf_value=8.4807860371033373e-05 -0.0080118849995849083 0.012359942846975277 -0.0034787005086182399 -0.021946487567097318 0.00058634975758454296 0.0021886129251626313 0.0017544112839138666 -0.0013715447266669789 0.00018587229078404779 -0.00064434931758770235 -0.0032630540679663305
leaf_weight=0.011039480858016759 0.2710920907848049 0.47782058996381238 0.11665709875524044 0.35822815560095478 0.016316811670549214 0.061380133265629411 0.048982340609654784 0.036843497306108475 0.011376748443581164 0.037048340513138101 0.26963698232430033
leaf_count=12 588 250 6 87 2 28 33 1 8 99 525
internal_value=-0.00987003 0.00236533 0.00880765 -0.0178053 -0.021168 -0.00114244 0.011949 0.000385208 -0.00299458 -6.86412e-05 -0.00316797
internal_weight=1.71642 0.951396 0.680304 0.765027 0.411593 0.353433 0.563646 0.0858258 0.292053 0.0533652 0.280676
internal_count=1639 878 290 761 188 573 284 34 545 101 537
is_linear=0
shrinkage=0.05


Tree=543
num_leaves=6
num_cat=0
split_feature=9 1 2 33 26
split_gain=0.0976915 0.0967786 0.143731 0.0651552 0.0204379
threshold=0.9967765931068685 5.0000000000000009 1.0000000180025095e-35 124.00000000000001 81.200000000000017
decision_type=2 2 2 2 2
left_child=-1 2 3 4 -2
right_child=1 -3 -4 -5 -6
leaf_value=-0.012195977150628477 -0.0035081046551734283 0.012861383028985519 0.0098192479264294363 -0.016166364019985981 0.0061257327195336046
leaf_weight=0.48143234760209463 0.15483822114765622 0.50832738913595688 0.38622967450646684 0.58237154083326459 0.1918829302303493
leaf_count=1251 5 187 143 9 44
internal_value=-0.00223533 0.00378219 -0.00376604 -0.0115761 0.00241317
internal_weight=2.30508 1.82365 1.31532 0.929093 0.346721
internal_count=1639 388 201 58 49
is_linear=0
shrinkage=0.05


Tree=544
num_leaves=15
num_cat=0
split_feature=29 32 17 17 37 38 29 21 52 32 48 3 33 52
split_gain=0.322198 0.0594024 0.073188 0.0678239 0.0484562 0.0320884 0.0168866 0.0120486 0.0114083 0.00347471 0.00208271 0.00152823 0.00525651 0.00145342
threshold=24.500000000000004 141.20000000000002 0.9968553459119498 1.0000000180025095e-35 192.00000000000003 5.5000000000000009 91.500000000000014 0.077500000000000013 302.00000000000006 93.200000000000031 80.000000000000014 1.5000000000000002 182.00000000000003 302.00000000000006
decision_type=2 2 2 2 8 10 2 2 8 2 10 2 2 10
left_child=9 2 4 7 -2 6 10 8 -3 -1 -6 12 -5 -7
right_child=1 3 -4 11 5 13 -8 -9 -10 -11 -12 -13 -14 -15
leaf_value=-0.0003088658253805113 -0.003569158087780216 0.0006736047468414826 -0.0058866800309825204 -0.0023325985804716113 0.013755884090978852 -0.0027131780889787412 -0.00034652270846944515 0.0012268432692190542 -0.011690080055294441 -0.020076911064677974 0.00098602224406951636 0.006577523987042192 0.0025096428305908056 0.00060491084738439633
leaf_weight=0.054604991863015928 0.14998515963088799 0.095159098360454442 0.18546191108180199 0.066303617844823748 2.4155312320217504 0.089675916184205451 0.18743509793421242 0.033166698180139065 0.4411164298071526 0.66757803549990058 0.19624423253117118 0.21251185517758131 0.19968753209104761 0.04373432687134482
leaf_count=40 47 50 165 180 161 37 199 5 326 76 13 223 32 46
internal_value=-0.000961306 0.00526729 0.00804665 -0.00309709 0.0101215 0.0115512 0.0125688 -0.00945656 -0.0104858 -0.0196295 0.013335 0.00574828 0.000413533 -0.00205144
internal_weight=5.0382 4.31601 3.26807 1.04795 3.08261 2.93262 2.79921 0.569442 0.536276 0.722183 2.61178 0.478503 0.265991 0.13341
internal_count=1600 1484 668 816 503 456 373 381 376 116 174 435 212 83
is_linear=0
shrinkage=0.05


Tree=545
num_leaves=5
num_cat=0
split_feature=13 1 32 30
split_gain=0.0999055 0.119104 0.164228 0.082614
threshold=0.97000000000000008 5.0000000000000009 110.00000000000001 99.260000000000005
decision_type=2 2 2 2
left_child=-1 -2 3 -3
right_child=1 2 -4 -5
leaf_value=-0.013172536980732891 0.013140958805254866 0.0039737761975664103 0.0093772249237667211 -0.019479995767621501
leaf_weight=0.54067930061137293 0.5062983077368699 0.11802729777991772 0.33010149706387892 0.44942598347552121
leaf_count=1281 131 45 134 9
internal_value=-0.00401416 0.00352552 -0.00596524 -0.0151788
internal_weight=1.94453 1.40385 0.897555 0.567453
internal_count=1600 319 188 54
is_linear=0
shrinkage=0.05


Tree=546
num_leaves=5
num_cat=0
split_feature=17 25 53 25
split_gain=0.372345 0.0817783 0.000762932 0.00524485
threshold=0.9968553459119498 182.00000000000003 110.00000000000001 1460.6800000000001
decision_type=2 2 8 2
left_child=-1 -2 -3 -4
right_child=1 2 3 -5
leaf_value=-0.012900414194003229 0.023584696419094674 -0.0024134597041728933 0.0025984747701780202 -0.0023579455562020807
leaf_weight=0.52332552763982665 0.98984121158719063 0.06687651202082634 0.07404263480566442 0.066103994962759316
leaf_count=1191 379 2 26 2
internal_value=0.00918335 0.0203162 -0.0019037 0.000243002
internal_weight=1.72019 1.19686 0.207023 0.140147
internal_count=1600 409 30 28
is_linear=0
shrinkage=0.05


Tree=547
num_leaves=7
num_cat=0
split_feature=9 32 30 32 39 52
split_gain=0.0870312 0.0574325 0.0553727 0.0904722 0.00648705 0.000872483
threshold=0.9967765931068685 132.40000000000003 124.24000000000002 90.800000000000026 12.500000000000002 302.00000000000006
decision_type=2 2 2 2 8 10
left_child=-1 2 3 -2 5 -3
right_child=1 4 -4 -5 -6 -7
leaf_value=-0.011821899308186813 -0.0064056480103622266 -0.0011252570966347741 -0.006423793131336359 0.012269711794835996 0.011170621507113647 0.00092917627464541392
leaf_weight=0.45982723245106205 0.33238855749368723 0.068408355815335997 1.3681725828791969 0.47608642833074555 0.41331516113132238 0.025384820066392422
leaf_count=1214 10 14 39 117 184 22
internal_value=-0.0017753 0.00268797 -0.00177429 0.00529526 0.0103099 -0.000228079
internal_weight=3.14358 2.68376 2.17665 0.808475 0.507108 0.0937932
internal_count=1600 386 166 127 220 36
is_linear=0
shrinkage=0.05


Tree=548
num_leaves=10
num_cat=0
split_feature=21 0 34 29 34 52 32 5 25
split_gain=0.0748312 0.0690778 0.0464847 0.0346586 0.0546255 0.0293488 0.0362529 0.012261 0.00239105
threshold=1.0000000180025095e-35 154.50000000000003 24.500000000000004 24.500000000000004 47.500000000000007 302.00000000000006 130.40000000000003 0.99724055188962224 572.00000000000011
decision_type=2 2 2 2 2 10 2 2 2
left_child=1 2 -1 4 -4 6 -5 -3 -8
right_child=-2 7 3 5 -6 -7 8 -9 -10
leaf_value=-0.0070428056170299715 0.012134033341046006 0.0011588550273665904 -0.0093581000784815661 0.009237575105241801 0.004413728372785428 -0.0026744889504045164 -0.0032216532015845577 -0.011246240337829084 0.00067889670708603904
leaf_weight=0.25269854720681895 0.47583267296431575 0.031829772167838999 0.33777706127148099 2.4889445792068736 0.67156791314482689 0.34908450674265612 0.2625911944778635 0.42747202319151256 0.14903108426369727
leaf_count=159 448 14 83 57 3 18 21 823 11
internal_value=0.00223674 -0.000584149 0.00206289 0.00383961 -0.00255865 0.00596136 0.0074199 -0.0101815 -0.00232892
internal_weight=5.44683 4.971 4.51169 4.259 1.00934 3.24965 2.90057 0.459302 0.411622
internal_count=1637 1189 352 193 86 107 89 837 32
is_linear=0
shrinkage=0.05


Tree=549
num_leaves=6
num_cat=0
split_feature=13 1 2 32 26
split_gain=0.117613 0.122419 0.134468 0.0239168 0.0124478
threshold=0.97000000000000008 5.0000000000000009 1.0000000180025095e-35 115.60000000000002 590.00000000000011
decision_type=2 2 2 2 2
left_child=-1 -2 -3 -4 -5
right_child=1 2 3 4 -6
leaf_value=-0.013015036104168952 0.014065853146748249 0.0088655443666836743 -0.015724291576105009 0.0038700844534154386 -0.0035632651861079653
leaf_weight=0.53079042184981529 0.56479312584269792 0.30793445889139548 0.39724700117949396 0.11377805948723108 0.14089086651802063
leaf_count=1292 142 148 21 32 2
internal_value=-0.00263242 0.00470565 -0.00516879 -0.0131518 0.000195365
internal_weight=2.05543 1.52464 0.95985 0.651916 0.254669
internal_count=1637 345 203 55 34
is_linear=0
shrinkage=0.05


Tree=550
num_leaves=4
num_cat=0
split_feature=17 53 29
split_gain=0.110194 0.0698699 0.0688548
threshold=0.9968553459119498 212.50000000000003 11.500000000000002
decision_type=2 8 2
left_child=-1 -2 -3
right_child=1 2 -4
leaf_value=-0.012787863781217804 -0.0069927187796464023 -0.0018969020755435423 0.014307798049302748
leaf_weight=0.5165884157177062 0.21389164961874474 0.75846166908740997 0.61216644791420549
leaf_count=1221 5 4 407
internal_value=-0.00262855 0.00434995 0.00832308
internal_weight=2.10111 1.58452 1.37063
internal_count=1637 416 411
is_linear=0
shrinkage=0.05


Tree=551
num_leaves=5
num_cat=0
split_feature=9 1 33 32
split_gain=0.124403 0.0810791 0.0683999 0.0379282
threshold=0.9967765931068685 5.0000000000000009 124.00000000000001 90.800000000000026
decision_type=2 2 2 2
left_child=-1 2 3 -2
right_child=1 -3 -4 -5
leaf_value=-0.011937000057011928 -0.0029835397891899585 0.013902303617499879 -0.0059661926738866387 0.011015276578790414
leaf_weight=0.46646030132251359 0.21662320848554451 0.56975569296628226 1.4196498844539744 0.40918896615039557
leaf_count=1250 9 189 34 155
internal_value=0.000434809 0.00533298 -0.000835123 0.00731497
internal_weight=3.08168 2.61522 2.04546 0.625812
internal_count=1637 387 198 164
is_linear=0
shrinkage=0.05


Tree=552
num_leaves=10
num_cat=0
split_feature=3 0 40 35 27 26 27 32 26
split_gain=0.0472644 0.101153 0.044696 0.0453575 0.0723612 0.0380701 0.0515545 0.0138153 0.00876473
threshold=1.5000000000000002 154.50000000000003 19.500000000000004 1.0000000180025095e-35 101.20000000000002 117.60000000000001 80.40000000000002 130.40000000000003 99.800000000000026
decision_type=2 2 10 10 2 2 2 2 2
left_child=1 2 3 4 8 6 -5 -6 -1
right_child=-2 -3 -4 5 7 -7 -8 -9 -10
leaf_value=0.0012655922419939529 0.011839179657823884 -0.010909651625033434 -0.0058563922636071884 0.0069807998343847794 -0.00056613718515042405 0.014209327996320548 -0.0075270744799208521 -0.0081083471756277295 0.0097766889523297155
leaf_weight=0.80344975483603798 0.46084549417719234 0.40939621385768976 0.18303087801905338 0.20848471112549283 1.3798035588115451 0.82237585884286091 0.24623615137534216 0.37979674001689989 0.55914006941020489
leaf_count=61 489 798 43 3 56 31 43 68 13
internal_value=0.00386386 0.00127453 0.00412241 0.00554534 0.00121064 0.0109571 -0.000649143 -0.00454238 0.00741799
internal_weight=5.45256 4.99171 4.58232 4.39929 3.12219 1.2771 0.454721 1.7596 1.36259
internal_count=1605 1116 318 275 198 77 46 124 74
is_linear=0
shrinkage=0.05


Tree=553
num_leaves=5
num_cat=0
split_feature=13 1 29 32
split_gain=0.100521 0.120296 0.0853495 0.0273232
threshold=0.97000000000000008 5.0000000000000009 25.500000000000004 115.60000000000002
decision_type=2 2 2 2
left_child=-1 -2 3 -3
right_child=1 2 -4 -5
leaf_value=-0.012759809328708009 0.013440361451698586 -0.014130200723333245 0.0068322219629414873 0.00074029718484359529
leaf_weight=0.51506698461889744 0.52468967391178012 0.43364345468580723 0.22238487226422876 0.27279205457307398
leaf_count=1296 124 14 154 17
internal_value=-0.00330239 0.00388364 -0.00568421 -0.0113192
internal_weight=1.96858 1.45351 0.92882 0.706436
internal_count=1605 309 185 31
is_linear=0
shrinkage=0.05


Tree=554
num_leaves=4
num_cat=0
split_feature=17 53 33
split_gain=0.0805196 0.0541562 0.0776187
threshold=0.9968553459119498 212.50000000000003 1462.0000000000002
decision_type=2 8 2
left_child=-1 -2 -3
right_child=1 2 -4
leaf_value=-0.012482374361722209 -0.006933887139927368 0.013242413508306876 -0.0030303414323128376
leaf_weight=0.49794719385681685 0.21194174699485291 0.54325091140344739 0.83054247684776783
leaf_count=1186 5 408 6
internal_value=-0.00396027 0.00250827 0.00627232
internal_weight=2.08368 1.58574 1.37379
internal_count=1605 419 414
is_linear=0
shrinkage=0.05


Tree=555
num_leaves=9
num_cat=0
split_feature=9 52 33 32 29 34 0 0
split_gain=0.0991156 0.0486485 0.0177308 0.0309608 0.0135605 0.0102334 0.00838155 0.00472907
threshold=0.9967765931068685 302.00000000000006 124.00000000000001 136.80000000000004 24.500000000000004 24.500000000000004 152.50000000000003 163.00000000000003
decision_type=2 8 2 2 2 2 2 2
left_child=-1 4 -3 -4 -2 -6 -7 -8
right_child=1 2 3 -5 5 6 7 -9
leaf_value=-0.011631174529179783 0.002339755710811096 0.011252011948438334 -0.0021029021039923857 0.0077903677789728874 0.0015055717538665749 -0.0086825393902605786 -0.0020542431578599737 0.0026999733786950792
leaf_weight=0.44907351196161505 0.065467900596559381 0.42268217517994378 1.3319613776984622 0.25795862544327963 0.04159228119533509 0.35538977012038231 0.055302862077951431 0.077446206356398761
leaf_count=1221 4 175 33 110 8 13 1 40
internal_value=-0.000718826 0.00386336 0.00693889 0.00189043 -0.00436677 -0.00618331 -0.00740993 0.000654362
internal_weight=3.05687 2.6078 2.0126 1.58992 0.595199 0.529731 0.488139 0.132749
internal_count=1605 384 318 143 66 62 54 41
is_linear=0
shrinkage=0.05


Tree=556
num_leaves=15
num_cat=0
split_feature=17 28 0 38 29 33 52 37 32 34 37 21 33 33
split_gain=0.136933 0.0480666 0.0451342 0.0443344 0.047931 0.0412982 0.0318168 0.0290928 0.0164244 0.0124603 0.00696413 0.00419157 0.00078342 0.0425338
threshold=1.0000000180025095e-35 102.00000000000001 154.50000000000003 5.5000000000000009 24.500000000000004 110.00000000000001 302.00000000000006 192.00000000000003 139.60000000000002 28.500000000000004 192.00000000000003 0.12194876734595587 98.000000000000014 82.000000000000014
decision_type=2 2 2 10 2 2 8 10 2 2 8 2 2 2
left_child=2 9 3 4 -1 12 10 8 -7 -2 -3 -4 13 -6
right_child=1 6 11 -5 5 7 -8 -9 -10 -11 -12 -13 -14 -15
leaf_value=-0.0055339897830745423 0.00062102028902323201 -0.001049869256135648 -0.0081976865229912484 -0.0062728515022112399 0.0076710968360309585 0.00091196988110447226 -0.0050931482798536008 0.0066982466385438312 -0.0066140412999310203 0.021552046704738703 0.0071781003202017373 0.00057039470391057685 0.013443756070634364 -0.0056676174116084589
leaf_weight=0.17170922283548984 0.13769021769985534 0.039450469135772437 0.27922783608664747 0.19682557974010695 0.26837270986288808 1.2479556195321491 0.23548124810622539 0.33549351117108006 0.24911131354747329 0.69487210342776962 0.27722124988213181 0.015431985433679074 0.56486179697094485 0.18301303935004398
leaf_count=48 116 28 510 32 8 30 225 12 34 449 55 14 18 35
internal_value=0.00710835 0.016362 0.000642104 0.0030362 0.00505214 0.00696227 0.00114953 0.000965155 -0.00248756 0.0203183 0.00613421 -0.0076526 0.0119343 0.00208418
internal_weight=4.89672 1.38472 3.512 3.21734 3.02052 2.84881 0.552153 1.83256 1.49707 0.832562 0.316672 0.29466 1.01625 0.451386
internal_count=1614 873 741 217 185 137 308 76 64 565 83 524 61 43
is_linear=0
shrinkage=0.05


Tree=557
num_leaves=5
num_cat=0
split_feature=13 1 2 31
split_gain=0.0909749 0.101423 0.143075 0.014534
threshold=0.97000000000000008 5.0000000000000009 1.0000000180025095e-35 115.80000000000004
decision_type=2 2 2 2
left_child=-1 -2 -3 -4
right_child=1 2 3 -5
leaf_value=-0.012481483396101606 0.012507397879901917 0.0091223928607700386 -0.015542522886312039 -0.00036409553853577938
leaf_weight=0.49821120173146471 0.48018394759856164 0.3189227154944092 0.39025342487730086 0.23323478072416037
leaf_count=1284 141 141 23 25
internal_value=-0.00349629 0.00350365 -0.00516128 -0.0135862
internal_weight=1.92081 1.42259 0.942411 0.623488
internal_count=1614 330 189 48
is_linear=0
shrinkage=0.05


Tree=558
num_leaves=15
num_cat=0
split_feature=26 26 32 40 33 40 34 33 33 0 30 33 33 34
split_gain=0.0622793 0.0366009 0.0282437 0.00603173 0.00575487 0.00481171 0.00456416 0.00365169 0.000727455 0.000521224 0.000520742 0.00035233 0.00256011 0.000349669
threshold=102.80000000000003 105.60000000000001 1450.0000000000002 19.500000000000004 86.000000000000014 17.000000000000004 643.50000000000011 106.00000000000001 102.00000000000001 8154.0000000000009 117.76000000000001 90.000000000000014 102.00000000000001 672.00000000000011
decision_type=2 2 2 10 2 8 2 2 2 2 2 2 2 2
left_child=2 -2 4 5 -1 -3 -4 8 -7 -9 -5 -6 -13 -8
right_child=1 3 6 10 11 7 13 9 -10 -11 -12 12 -14 -15
leaf_value=-0.0032775522325156031 0.0062089144986190968 0.00067449434116326548 -0.021691062650574966 -0.00044378712717688405 0.0020918501241913717 -0.00075612964017508864 0.00055836617060518669 -0.0074034917602028311 0.0011650784206808794 3.1397234089431004e-05 0.0014027587853000208 -0.0018051254680071509 0.001685998337824916 -0.00076627560338084341
leaf_weight=0.13698064022173639 0.19234186025278177 0.057775135297561064 0.36121503950562328 0.023355873097898439 0.10150544582575094 0.028379046125337481 0.015524991700658575 0.50968943371844944 0.031987720169126987 0.015397353243315592 0.055379606317728758 0.050537333561806008 0.052110523218289018 0.030001482111401856
leaf_count=325 100 84 95 48 130 71 2 419 23 39 49 115 18 96
internal_value=-0.0123473 -0.000824022 -0.0179036 -0.00521531 -0.00115188 -0.00608976 -0.021147 -0.00676168 0.000400577 -0.00730784 0.000951383 0.0018118 -0.000111092 -0.000212553
internal_weight=1.66218 0.914306 0.747875 0.721964 0.341134 0.643229 0.406742 0.585454 0.0603668 0.525087 0.0787355 0.204153 0.102648 0.0455265
internal_count=1614 833 781 733 588 636 193 552 94 458 97 263 133 98
is_linear=0
shrinkage=0.05


Tree=559
num_leaves=6
num_cat=0
split_feature=9 32 28 32 25
split_gain=0.112318 0.0568869 0.0433748 0.0226182 0.000624398
threshold=0.9967765931068685 90.800000000000026 122.00000000000001 141.20000000000002 572.00000000000011
decision_type=2 2 2 2 2
left_child=-1 -2 -3 -4 -5
right_child=1 2 3 4 -6
leaf_value=-0.011512144636004754 -0.0055184387536047659 0.013756565482906956 -0.0020689257099776224 0.0065090972234197395 0.00011533044000625948
leaf_weight=0.44246133077831507 0.29303513001650605 0.56997839355608482 1.3378832854214122 0.23262310860445712 0.077263689134269953
leaf_count=1227 9 254 35 85 4
internal_value=0.000295137 0.00506228 0.00774085 0.00125033 0.00622001
internal_weight=2.95324 2.51078 2.21775 1.64777 0.309887
internal_count=1614 387 378 124 89
is_linear=0
shrinkage=0.05


Tree=560
num_leaves=14
num_cat=0
split_feature=37 34 34 29 30 52 13 34 13 3 27 25 25
split_gain=0.0677657 0.0620623 0.065486 0.0855756 0.0655981 0.0574837 0.0346908 0.0250279 0.0249122 0.0114052 0.00333133 0.00301769 0.00178277
threshold=192.00000000000003 71.000000000000014 24.500000000000004 24.500000000000004 131.64000000000001 302.00000000000006 1.0000000180025095e-35 47.500000000000007 0.97000000000000008 3.5000000000000004 322.00000000000006 69.360000000000014 71.600000000000009
decision_type=8 2 2 2 2 8 2 2 2 2 2 2 2
left_child=9 2 10 7 -5 -6 -3 11 -8 -1 12 -4 -2
right_child=1 6 3 4 5 -7 8 -9 -10 -11 -12 -13 -14
leaf_value=-0.0072355913930210796 0.00040376759273314813 -0.0076454980639752996 0.00054008018320620842 0.018282878593239755 0.0075240581753804664 -0.0075565953481504843 0.0075416362432303933 0.0036056706369976856 -0.0035301839644117047 0.0017444807176162783 0.00079640951207400959 -0.0062689674707950699 -0.0048718904530344808
leaf_weight=0.23613991786260147 0.020513659343123325 0.29044198495103035 0.01788877299986813 2.2870435875374828 0.24269367731176306 0.28625461109913886 0.25152496789814904 0.67722950503230095 0.10386425387696363 0.048754807794466615 0.054052678548032418 0.23983107064850628 0.22016290348256007
leaf_count=123 19 518 17 99 21 17 297 3 226 55 9 88 172
internal_value=0.00709789 0.00870323 0.0106743 0.0123243 0.0156518 -0.000241739 -0.00262747 -0.000607345 0.00408864 -0.00553716 -0.00362469 -0.00574271 -0.00445922
internal_weight=4.9764 4.6915 4.04567 3.75094 2.81599 0.528948 0.645831 0.934949 0.355389 0.284895 0.294729 0.25772 0.240677
internal_count=1664 1486 445 245 137 38 1041 108 523 178 200 105 191
is_linear=0
shrinkage=0.05


Tree=561
num_leaves=5
num_cat=0
split_feature=13 1 2 36
split_gain=0.123081 0.116959 0.133651 0.00509564
threshold=0.97000000000000008 5.0000000000000009 1.0000000180025095e-35 9.5000000000000018
decision_type=2 2 2 10
left_child=-1 -2 -3 -4
right_child=1 2 3 -5
leaf_value=-0.01254755233739145 0.014420380507668413 0.0090183907629322636 -0.014041541540784653 -0.00061833190601169477
leaf_weight=0.50223994311818398 0.58815936744213104 0.31403872626833618 0.42300577799323946 0.17542009137105197
leaf_count=1331 145 139 30 19
internal_value=-0.00160016 0.00561635 -0.00463145 -0.0129552
internal_weight=2.00286 1.50062 0.912465 0.598426
internal_count=1664 333 188 49
is_linear=0
shrinkage=0.05


Tree=562
num_leaves=6
num_cat=0
split_feature=4 53 30 9 4
split_gain=0.0371644 0.0375491 0.0579247 0.0326205 0.0135169
threshold=6.0000000000000009 212.50000000000003 1450.0000000000002 0.00043889203632664853 10.000000000000002
decision_type=2 8 2 2 2
left_child=-1 -2 3 4 -3
right_child=1 2 -4 -5 -6
leaf_value=-0.010123657358034199 -0.0067578881214399381 0.013194461010868481 -0.0035681635522693701 -0.0026942070844800719 -0.0010664417925910343
leaf_weight=0.36949816167179994 0.20595181171665866 0.54027836973546073 0.802666465882794 0.077387244848068804 0.029059842228889465
leaf_count=949 7 413 29 256 10
internal_value=-0.00400789 0.0006557 0.00403806 0.0099124 0.0122508
internal_weight=2.02484 1.65534 1.44939 0.646725 0.569338
internal_count=1664 715 708 679 423
is_linear=0
shrinkage=0.05


Tree=563
num_leaves=13
num_cat=0
split_feature=1 30 32 4 32 26 30 37 2 32 27 27
split_gain=0.133701 0.151289 0.117759 0.0742552 0.0511917 0.0281516 0.00539202 0.00394081 0.00388589 0.00257284 0.000687125 0.000144124
threshold=5.0000000000000009 115.68000000000002 188.00000000000003 1.0000000180025095e-35 95.200000000000017 93.600000000000009 321.04000000000002 1.0000000180025095e-35 1.0000000180025095e-35 90.800000000000026 80.40000000000002 93.200000000000017
decision_type=2 2 2 2 2 2 2 10 2 2 2 2
left_child=1 5 -3 4 -2 7 -4 10 -8 -7 -1 -12
right_child=3 2 6 -5 -6 9 8 -9 -10 -11 11 -13
leaf_value=0.0014135821985461509 -0.0035066398937157184 -0.024903533658904509 0.0040767575835712307 -0.0065373247562066188 0.013720961033526416 -0.00037626207074376109 -0.0029190089178762688 -0.0046743306632107511 0.0015603877084127988 0.0076843884103628864 -0.00080086283169053518 0.00022012289425771392
leaf_weight=0.063969278417062347 0.13056931213941414 0.78353130554023642 0.15826983559236396 0.21096048584149685 0.58630271040601656 0.010126591092557646 0.086052237922558561 0.13959865368087776 0.046432741393800825 0.38648130341607612 0.021817824148456566 0.010427510627778247
leaf_count=35 9 54 94 628 208 19 56 148 11 306 83 13
internal_value=-0.00701369 -0.0130698 -0.0198775 0.00512734 0.0103683 0.00358695 0.00246726 -0.0035756 -0.00135751 0.00735653 0.000828387 -0.000577302
internal_weight=2.63454 1.70671 1.07429 0.927833 0.716872 0.632421 0.290755 0.235813 0.132485 0.396608 0.0962146 0.0322453
internal_count=1664 819 215 845 217 604 161 279 67 325 131 96
is_linear=0
shrinkage=0.05


Tree=564
num_leaves=15
num_cat=0
split_feature=27 33 52 33 21 28 37 33 27 52 17 9 26 17
split_gain=0.11219 0.14283 0.0682761 0.0539924 0.0459492 0.0331204 0.0248108 0.0236605 0.0217323 0.0424843 0.00914422 0.00847895 0.00442417 0.00339564
threshold=101.20000000000002 98.000000000000014 302.00000000000006 82.000000000000014 0.00019178241947741782 122.00000000000001 1.0000000180025095e-35 118.00000000000001 128.80000000000004 588.00000000000011 0.019000000000000003 1.0000000180025095e-35 93.600000000000009 0.9968553459119498
decision_type=2 2 8 2 2 2 10 2 2 10 2 2 2 2
left_child=1 3 7 11 5 -4 -3 -2 -7 -10 -5 -1 -13 -12
right_child=2 6 4 10 -6 8 -8 -9 9 -11 13 12 -14 -15
leaf_value=-0.0012921804859656228 -0.0020965216414155345 0.02244003888447714 -0.011968467745155548 -0.0092189702435177094 0.0057618428536908668 0.0022640488213392174 0.0005979365502016223 0.010488823603920401 -0.0097704728241616492 0.0044846760767015261 0.0023978846271512227 0.0076013153183913766 -0.00063142787801463338 -0.0016742590137284398
leaf_weight=0.049506410025060066 0.11686685032327693 0.90666122807306215 0.47975924336060494 0.33126987973810174 0.17960336385294784 1.2934548143239224 0.19959686865331605 0.52839998627314344 0.35757831914816041 0.12053836137056351 0.068263861874584109 0.36978484212886542 0.022780311934184283 0.04667936242185533
leaf_count=55 100 64 463 215 127 62 19 66 72 1 79 193 34 80
internal_value=0.00661841 0.0135077 -6.63893e-05 -0.00161712 -0.00406892 -0.00638412 0.0206541 0.00832058 -0.00109917 -0.00557394 -0.00792675 0.00583203 0.00701321 0.000725742
internal_weight=5.07074 1.99454 3.0762 0.888285 2.43093 2.25133 1.10626 0.645267 1.77157 0.478117 0.446213 0.442072 0.392565 0.114943
internal_count=1630 739 891 656 725 598 83 166 135 73 374 282 227 159
is_linear=0
shrinkage=0.05


Tree=565
num_leaves=15
num_cat=0
split_feature=25 52 13 27 25 31 29 29 27 32 34 31 27 32
split_gain=0.0875074 0.0552518 0.0278074 0.016026 0.00988615 0.00988041 0.00764831 0.00293678 0.00270684 0.00169437 0.0016903 0.00129212 0.000651136 0.000602449
threshold=84.160000000000011 588.00000000000011 0.97000000000000008 112.80000000000003 116.08000000000001 87.600000000000009 26.500000000000004 17.500000000000004 1030.0000000000002 566.00000000000011 23.500000000000004 131.00000000000003 230.00000000000003 118.00000000000003
decision_type=2 8 2 2 2 2 2 2 2 2 2 2 2 2
left_child=2 6 -1 5 12 -3 -2 -7 9 11 -9 -6 -5 -8
right_child=1 3 -4 4 8 7 13 10 -10 -11 -12 -13 -14 -15
leaf_value=-0.0028945407236127341 0.0049245781620890338 0.00068781461354022592 0.010035176110104391 0.0031001228936394995 -0.0012390441454265474 2.1019010347472306e-05 0.00032397472260427837 2.4457626596974095e-05 0.00065546003927401456 -0.0049624373244961453 -0.015228247440131251 0.0012083682948960421 -0.00023764931164064888 -0.0019061909266510379
leaf_weight=0.083599141842569558 0.21713181686936844 0.018464394262991846 0.36232661263784394 0.11122912300925236 0.034119716976420023 0.03001453573233448 0.07462297631718684 0.015127397258765996 0.056507568850065582 0.13798322062939405 0.65239899198786588 0.12907263421220705 0.015449546932359226 0.097922684042714536
leaf_count=218 73 2 162 89 67 14 110 26 31 81 350 139 25 243
internal_value=-0.00372215 -0.00843036 0.00728576 -0.0118545 -0.00112374 -0.0142285 0.00305766 -0.0147959 -0.00358821 -0.00427625 -0.0150752 7.13688e-05 0.00284342 -0.00148796
internal_weight=2.03597 1.59004 0.445926 1.20037 0.484362 0.716005 0.389677 0.697541 0.357683 0.301176 0.667526 0.163192 0.126679 0.172546
internal_count=1630 1250 380 824 432 392 426 390 318 287 376 206 114 353
is_linear=0
shrinkage=0.05


Tree=566
num_leaves=15
num_cat=0
split_feature=26 26 32 34 37 52 32 34 40 29 29 33 52 29
split_gain=0.0678215 0.0517556 0.0250346 0.0166635 0.0142421 0.00892909 0.00552768 0.00395685 0.00150384 0.0010913 0.000967962 0.000721097 0.000748489 0.000524185
threshold=102.80000000000003 105.60000000000001 1450.0000000000002 119.50000000000001 192.00000000000003 302.00000000000006 1446.0000000000002 22.500000000000004 25.500000000000004 351.50000000000006 4110.5000000000009 102.00000000000001 236.00000000000003 22.500000000000004
decision_type=2 2 2 2 8 10 2 2 10 2 2 2 8 2
left_child=2 -2 6 -4 -3 7 11 -6 10 -5 13 12 -1 -9
right_child=1 4 3 9 5 -7 -8 8 -10 -11 -12 -13 -14 -15
leaf_value=0.00025632552734441565 0.007599556026625264 0.0019761516960685177 -0.021238027125728781 0.0012055841870857818 0.00041366198998725483 0.0009972488179242039 0.0021329971320632039 1.2849646765892702e-05 9.8149302105437683e-05 -0.0010832025843237573 5.4716419185928125e-05 0.00026360086343968174 -0.0033473243621459647 -0.0091707289502391976
leaf_weight=0.012434417047188728 0.24632569325331111 0.084685785986948758 0.33746124251047149 0.037885856028879061 0.03360688965767622 0.075519358957535587 0.059744073543697596 0.012875116197392344 0.025198420480592176 0.049770493744290434 0.017385358936735429 0.01514316676184535 0.24763317649194505 0.51492053589026909
leaf_count=13 105 84 22 14 33 99 32 21 38 153 46 15 535 420
internal_value=-0.010932 -0.000302644 -0.0168627 -0.0198516 -0.00571366 -0.00727803 -0.00104026 -0.00828938 -0.00873905 0.000104946 -0.00894668 -0.00286159 -0.00310834 -0.00908493
internal_weight=1.77059 1.01052 0.760072 0.425118 0.764191 0.679506 0.334955 0.603986 0.570379 0.0876563 0.545181 0.275211 0.260068 0.527796
internal_count=1630 846 784 189 741 657 595 558 525 167 487 563 548 441
is_linear=0
shrinkage=0.05


Tree=567
num_leaves=6
num_cat=0
split_feature=9 1 2 53 35
split_gain=0.110401 0.0639192 0.0562898 0.0180662 0.00886592
threshold=0.9967765931068685 5.0000000000000009 1.0000000180025095e-35 315.00000000000006 1.0000000180025095e-35
decision_type=2 2 2 8 10
left_child=-1 2 4 -4 -2
right_child=1 -3 3 -5 -6
leaf_value=-0.011385495035961269 -0.00077583098696258222 0.01285744010043555 -0.0018321231023697114 0.0095721174559128472 -0.007568678697218386
leaf_weight=0.43548524341895278 1.1187724313349465 0.50819361675530661 0.098624496371485182 0.33641737583093345 0.42346549103967834
leaf_count=1232 32 191 12 133 30
internal_value=0.000359546 0.00509356 -0.000550178 0.00751165 -0.0048845
internal_weight=2.92096 2.48547 1.97728 0.435042 1.54224
internal_count=1630 398 207 145 62
is_linear=0
shrinkage=0.05


Tree=568
num_leaves=15
num_cat=0
split_feature=35 13 1 21 37 39 36 2 30 40 29 29 33 34
split_gain=0.217929 0.3109 0.0900657 0.0690565 0.0681761 0.0505118 0.0601414 0.0494074 0.0259224 0.0258986 0.0255592 0.0207812 0.003238 0.00318769
threshold=1.0000000180025095e-35 1.0000000180025095e-35 5.0000000000000009 0.059500000000000004 192.00000000000003 12.500000000000002 16.000000000000004 1.0000000180025095e-35 217.92000000000002 19.500000000000004 24.500000000000004 27.500000000000004 82.000000000000014 23.500000000000004
decision_type=10 2 2 2 8 10 10 2 2 10 2 2 2 2
left_child=1 3 11 -1 12 6 9 -4 -9 10 -6 -3 -2 -12
right_child=4 2 7 -5 5 -7 -8 8 -10 -11 13 -13 -14 -15
leaf_value=-0.022985949177248877 0.00053199978232095738 -0.0082071340114927994 -0.0026759426994611168 0.0026804000404834615 -0.0015045677608958169 -0.003727013168130166 -0.0034844607980415668 0.017464733349145289 -0.0014058483199197432 -0.0013655123401002964 -5.5017480547066182e-05 0.002466852826774139 -0.0062785851787105999 0.016778778420240108
leaf_weight=1.8043877989694013 0.034118944138753826 0.31169547443278112 0.14174976185313426 0.07533248746767629 0.042970669805072137 0.16837658087024476 0.17446642176946614 0.42224390179035254 0.048889148194575682 0.082661182706942671 0.021885772293899097 0.1437194156460464 0.26133815848152153 1.1655123305681625
leaf_count=507 36 41 143 4 4 105 118 117 12 75 16 190 139 142
internal_value=-0.00539029 -0.0124654 0.00597854 -0.0213837 0.0059006 0.00933173 0.011714 0.0125919 0.015882 0.0143668 0.0155621 -0.00545815 -0.00568855 0.0165852
internal_weight=4.89935 2.94802 1.0683 1.87972 1.95133 1.65587 1.4875 0.612883 0.471133 1.31303 1.23037 0.455415 0.295457 1.1874
internal_count=1649 1014 503 511 635 460 355 272 129 237 162 231 175 158
is_linear=0
shrinkage=0.05


Tree=569
num_leaves=15
num_cat=0
split_feature=1 28 9 40 4 2 31 31 33 26 31 32 31 26
split_gain=0.105454 0.107772 0.0845481 0.040557 0.0351348 0.0302941 0.0114983 0.00313854 0.00142721 0.00139223 0.000496348 0.000514678 0.000310265 0.000216136
threshold=5.0000000000000009 86.000000000000014 1.0000000180025095e-35 19.500000000000004 6.0000000000000009 1.0000000180025095e-35 1057.6000000000001 82.40000000000002 118.00000000000001 115.20000000000002 99.90000000000002 384.80000000000007 1065.6000000000006 146.00000000000003
decision_type=2 2 2 10 2 2 2 2 2 2 2 2 2 2
left_child=2 7 4 5 -1 8 -7 -2 9 -3 -5 -12 -8 -10
right_child=1 3 -4 10 -6 6 12 -9 13 -11 11 -13 -14 -15
leaf_value=0.014191222439196936 -0.00052886593757619778 -0.00074301062115885309 -0.0064830225136338453 -0.00028872871592738127 -0.002472606520288044 -0.020220709836283365 0.00082503164285200161 0.0062147207901699121 -0.0013051380036056878 0.0022427966715188371 0.0023422094232132978 -0.00025446136077880466 -0.00046207483487880892 0.00019041395111180288
leaf_weight=0.5852879920275883 0.031142584412009455 0.02020859534968622 0.20878508570604026 0.0077561767247971139 0.070512525591766462 0.58539246692089364 0.022107981145381927 0.25922236208862159 0.036018076469190419 0.083942070326884277 0.094814205454895273 0.016172482835827395 0.012473140741349198 0.025025581620866433
leaf_count=143 65 77 471 18 194 142 1 206 86 71 51 37 55 32
internal_value=-0.00322261 -0.00996736 0.00644306 -0.0153114 0.0119883 -0.0174584 -0.0195573 0.00564211 0.000442903 0.00151522 0.0018009 0.00207537 0.000362884 -0.00109041
internal_weight=2.05886 1.19428 0.864586 0.903911 0.655801 0.785168 0.619974 0.290365 0.165194 0.104151 0.118743 0.110987 0.0345811 0.0610437
internal_count=1649 841 808 570 337 464 198 271 266 148 106 88 56 118
is_linear=0
shrinkage=0.05


Tree=570
num_leaves=6
num_cat=0
split_feature=9 53 13 28 21
split_gain=0.157517 0.101208 0.106219 0.0564301 0.03351
threshold=1.0000000180025095e-35 212.50000000000003 0.23526859504132233 1462.0000000000002 0.99724055188962224
decision_type=2 8 2 2 2
left_child=1 -1 3 4 -3
right_child=-2 2 -4 -5 -6
leaf_value=-0.0052181873963712154 -0.0090305214677476511 0.023816938836609621 -0.0044716083401889527 -0.002292996638353792 -0.0013018607196066882
leaf_weight=0.15049751847982373 0.31696748115064122 0.98228319175541379 0.13531050778692599 0.061761848628520855 0.035592111758887768
leaf_count=3 866 419 357 1 3
internal_value=0.00762598 0.0136756 0.0173153 0.020883 0.0227287
internal_weight=1.68241 1.36545 1.21495 1.07964 1.01788
internal_count=1649 783 780 423 422
is_linear=0
shrinkage=0.05


Tree=571
num_leaves=5
num_cat=0
split_feature=9 35 26 28
split_gain=0.187916 0.127122 0.0352182 0.069166
threshold=0.9967765931068685 inf 93.600000000000009 122.00000000000001
decision_type=2 8 2 2
left_child=-1 2 -2 -4
right_child=1 -3 3 -5
leaf_value=-0.011179378133085442 -0.0080480057849611781 0.017188121429139974 0.010095018256458544 -0.0063008374283971729
leaf_weight=0.42428615306562312 0.25375631079077754 1.428443052107468 0.36119945155223832 0.31223541311919689
leaf_count=1253 5 279 89 23
internal_value=0.00560876 0.011063 -0.00239576 0.00327061
internal_weight=2.77992 2.35563 0.927191 0.673435
internal_count=1649 396 117 112
is_linear=0
shrinkage=0.05


Tree=572
num_leaves=11
num_cat=0
split_feature=21 0 40 35 27 25 27 32 25 3
split_gain=0.0626683 0.0548805 0.0396659 0.0390791 0.0661131 0.0463401 0.0748325 0.0178061 0.0104374 0.00637137
threshold=1.0000000180025095e-35 163.00000000000003 19.500000000000004 1.0000000180025095e-35 101.20000000000002 119.84000000000002 80.40000000000002 130.40000000000003 99.920000000000016 1.5000000000000002
decision_type=2 2 10 10 2 2 2 2 2 2
left_child=1 2 3 4 8 6 -5 -6 -1 -3
right_child=-2 9 -4 5 7 -7 -8 -9 -10 -11
leaf_value=0.00056209608138987834 0.011382168661966724 -0.0099417028582453968 -0.0066880649509151908 0.0078742200210407762 -0.00077656971929589787 0.012644254210296902 -0.0092724786146812354 -0.0097178453220217592 0.0083029819126963066 0.00069824809052548365
leaf_weight=0.8209009246202188 0.43407823931192968 0.36018713878002007 0.21391458078869607 0.24580025195609756 1.2860500765964387 0.71199504908872768 0.32195642747683451 0.3382327438739593 0.56242416310124099 0.018941858084872365
leaf_count=66 457 799 44 13 54 48 55 64 9 9
internal_value=0.00218674 -0.000427652 0.00187163 0.00348285 -0.000195557 0.00842144 -0.00156154 -0.00563202 0.00587259 -0.00928927
internal_weight=5.31448 4.8804 4.50127 4.28736 3.00761 1.27975 0.567757 1.62428 1.38333 0.379129
internal_count=1618 1161 353 309 193 116 68 118 75 808
is_linear=0
shrinkage=0.05


Tree=573
num_leaves=5
num_cat=0
split_feature=13 2 52 28
split_gain=0.102373 0.0449802 0.0471465 0.0316802
threshold=0.97000000000000008 1.0000000180025095e-35 588.00000000000011 98.000000000000014
decision_type=2 2 8 2
left_child=-1 -2 -3 -4
right_child=1 2 3 -5
leaf_value=-0.012136665366802784 0.010690435420493093 0.0065648060602547008 0.0035479109694458591 -0.0089181291574535245
leaf_weight=0.47789694909442904 0.39451297553023312 0.20812224701512594 0.10393822827609267 0.72593300900189206
leaf_count=1300 178 46 67 27
internal_value=-0.00225849 0.00467157 -0.00173913 -0.00627116
internal_weight=1.9104 1.43251 1.03799 0.829871
internal_count=1618 318 140 94
is_linear=0
shrinkage=0.05


Tree=574
num_leaves=5
num_cat=0
split_feature=4 53 30 21
split_gain=0.0425874 0.0320881 0.0380463 0.0432411
threshold=6.0000000000000009 212.50000000000003 1450.0000000000002 1.0000000180025095e-35
decision_type=2 8 2 2
left_child=-1 -2 3 -3
right_child=1 2 -4 -5
leaf_value=-0.0095542113826048158 -0.0056888299071106646 0.012428570643498152 -0.0020238225307699603 -0.0034764602357216876
leaf_weight=0.34161343747109651 0.16762806329643321 0.50358757883077487 0.85829631349770352 0.10194426224916242
leaf_count=911 6 407 29 265
internal_value=-0.00281352 0.00169233 0.00450345 0.00925337
internal_weight=1.97307 1.63146 1.46383 0.605532
internal_count=1618 707 701 672
is_linear=0
shrinkage=0.05


Tree=575
num_leaves=6
num_cat=0
split_feature=4 27 1 28 35
split_gain=0.0759659 0.0523804 0.0555098 0.0829053 0.0115099
threshold=1.0000000180025095e-35 93.200000000000017 5.0000000000000009 118.00000000000001 1.0000000180025095e-35
decision_type=2 2 2 2 10
left_child=1 4 3 -3 -1
right_child=-2 2 -4 -5 -6
leaf_value=0.0016287965991654684 -0.0098679421521748988 0.0099836687665775681 0.013436491119427374 -0.0054319053471101183 -0.0074987203962979176
leaf_weight=0.066541793697980078 0.35680071613751341 0.37918468646239523 0.57426294713513915 1.3747912952821932 0.23232417035615072
leaf_count=26 1121 191 211 34 35
internal_value=0.000283577 0.0040028 0.00661679 0.000315791 -0.0057771
internal_weight=2.98391 2.6271 2.32824 1.75398 0.298866
internal_count=1618 497 436 225 61
is_linear=0
shrinkage=0.05


Tree=576
num_leaves=15
num_cat=0
split_feature=9 25 27 40 33 26 32 33 32 34 40 53 28 39
split_gain=0.15631 0.0558578 0.0560746 0.0480843 0.0451531 0.0385615 0.019403 0.0174649 0.0111474 0.0106785 0.010432 0.0126661 0.0149313 0.0100118
threshold=0.9967765931068685 84.160000000000011 101.20000000000002 8.0000000000000018 124.00000000000001 105.60000000000001 91.800000000000026 82.000000000000014 136.80000000000004 24.500000000000004 19.500000000000004 1.0000000180025095e-35 114.00000000000001 1.0000000180025095e-35
decision_type=2 2 2 10 2 2 2 2 2 2 10 10 2 10
left_child=1 7 3 6 -2 -4 -3 -1 -6 -8 11 12 -7 -10
right_child=4 2 5 -5 8 10 9 -9 13 -11 -12 -13 -14 -15
leaf_value=0.0035687494965835663 -0.0093458329607295724 -0.00058389141769885251 -0.0053277570727128312 -0.0011054169676796104 0.0036315097715193638 0.0038484731346916609 -0.00040334668900759529 -0.0051059105171865453 -0.0049079364231805374 0.024047060716884089 -0.0012933812968542223 0.009732299956590541 -0.0041288716121639603 0.002309844729702529
leaf_weight=0.17936800417373922 0.47726568811049208 0.036795098480070232 0.17392610463139113 0.13428920699516311 1.2531275352230293 0.17507357736758422 0.012375647318549454 0.2018206064531114 0.14838898106245313 0.8786161204916425 0.085072118250536732 0.44716897385660559 0.17327441794623155 0.064976870082318783
leaf_count=210 249 28 113 101 44 164 7 159 104 133 86 114 124 6
internal_value=0.00703555 0.0134613 0.0157262 0.020808 -0.00298948 0.00297122 0.0229079 -0.00139555 0.00202959 0.0236737 0.00657178 0.00766477 -0.000238856 -0.00261775
internal_weight=4.44154 2.49778 2.11659 1.06208 1.94376 1.05452 0.927787 0.381189 1.46649 0.890992 0.880589 0.795517 0.348348 0.213366
internal_count=1642 1239 870 269 403 601 168 369 154 140 488 402 288 110
is_linear=0
shrinkage=0.05


Tree=577
num_leaves=15
num_cat=0
split_feature=28 1 13 28 26 40 28 40 29 32 37 32 29 29
split_gain=0.074225 0.0422291 0.0412938 0.0250655 0.0152547 0.0143706 0.0140078 0.0124394 0.000834398 0.000395201 0.000165389 0.000158968 0.000131455 3.48379e-05
threshold=86.000000000000014 5.0000000000000009 0.97000000000000008 114.00000000000001 102.80000000000003 19.500000000000004 98.000000000000014 25.500000000000004 24.500000000000004 1099.6000000000006 192.00000000000003 1458.0000000000002 212.00000000000003 27.500000000000004
decision_type=2 2 2 2 2 8 2 10 2 2 10 2 2 2
left_child=2 4 -1 7 6 -5 -2 8 -3 12 -9 -11 -7 -12
right_child=1 3 -4 5 -6 9 -8 10 -10 11 13 -13 -14 -15
leaf_value=-0.0043096689988402015 -0.0022232110501447903 2.1180275887229325e-06 0.0097837359013086336 -0.0042356446150026107 -0.0033333301375150048 0.0037883815605981239 0.0069511769567978379 0.00079880507068982691 -0.016820061525155954 -0.0004819186647148446 0.00011608244658109894 0.00040646566549364669 -1.5053356001570094e-05 -0.00036841952007274012
leaf_weight=0.12979471913422469 0.062975469671073148 0.0071573630848433814 0.35109827038832009 0.1329045718011912 0.14649140066467226 0.18649761665437836 0.21654945658519864 0.026433772931341082 0.39669813599175541 0.018862729499232955 0.010567135759629309 0.010946712573058903 0.015120663330890238 0.0099188665044493973
leaf_count=407 177 14 209 51 252 128 40 11 213 62 8 9 36 25
internal_value=-0.00466675 -0.00939382 0.00563832 -0.0128501 0.00159297 -0.000292488 0.0047621 -0.0158021 -0.0167328 0.00357271 0.000539827 -7.77754e-05 0.00372799 -0.00024965
internal_weight=1.72202 1.24112 0.480893 0.815108 0.426016 0.364332 0.279525 0.450775 0.403855 0.231428 0.0469198 0.0298094 0.201618 0.020486
internal_count=1642 1026 616 557 469 286 217 271 227 235 44 71 164 33
is_linear=0
shrinkage=0.05


Tree=578
num_leaves=15
num_cat=0
split_feature=27 27 1 1 26 26 33 34 33 32 52 38 33 34
split_gain=0.0660488 0.0466104 0.0281188 0.0080528 0.00625924 0.00571652 0.00428223 0.00373963 0.0021068 0.000645196 0.000593663 0.000583913 0.000331508 0.000130841
threshold=101.20000000000002 104.80000000000001 5.0000000000000009 5.0000000000000009 117.60000000000001 120.70000000000003 106.00000000000001 25.500000000000004 86.000000000000014 76.200000000000017 236.00000000000003 5.5000000000000009 102.00000000000001 24.500000000000004
decision_type=2 2 2 2 2 2 2 2 2 2 10 8 2 2
left_child=2 -2 7 6 -5 -6 12 13 -4 -9 -10 -7 -3 -1
right_child=1 3 8 4 5 11 -8 9 10 -11 -12 -13 -14 -15
leaf_value=-0.00054455581034776139 0.0069772077150041236 -0.00044343898077377046 -0.001461307364590531 -0.0026079968865365725 0.0042610528695510392 0.00038516949264689315 -0.0081319546112124143 9.9728465569300324e-06 0.0020212187560511331 -0.020788269684920993 -0.00034826012623259922 -0.0017914152113790952 0.00090465851756327026 0.00029343063476051928
leaf_weight=0.031596347151207738 0.2227450548671186 0.026592943802825175 0.068980978554463945 0.079199349478585646 0.13067646595300175 0.020400078676175326 0.33953631107578985 0.0027772844914579755 0.078173554982640781 0.4733804192946991 0.016372915109968744 0.096521366038359702 0.024659428221639246 0.016201482620090246
leaf_count=66 99 69 196 159 127 18 184 6 68 361 31 229 17 12
internal_value=-0.0122069 -0.000751388 -0.018145 -0.00581589 0.000325615 0.00260226 -0.0074931 -0.0202648 0.000226168 -0.0207424 0.0016676 -0.00140681 0.000448737 -0.000251553
internal_weight=1.62781 0.940331 0.687483 0.717586 0.326797 0.247598 0.390789 0.523956 0.163527 0.476158 0.0945465 0.116921 0.0512524 0.0477978
internal_count=1642 902 740 803 533 374 270 445 295 367 99 247 86 78
is_linear=0
shrinkage=0.05


Tree=579
num_leaves=5
num_cat=0
split_feature=9 33 1 27
split_gain=0.121329 0.0501286 0.0559258 0.000186732
threshold=0.9967765931068685 124.00000000000001 5.0000000000000009 93.200000000000017
decision_type=2 2 2 2
left_child=-1 3 -3 -2
right_child=1 2 -4 -5
leaf_value=-0.010887624161818883 0.00073172787798892955 -0.0045786373332678491 0.0084783283273338946 0.013308225413706236
leaf_weight=0.40868260514980681 0.12541214935481582 1.2704483029083347 0.28421209024963889 0.54171215719543397
leaf_count=1239 9 41 113 240
internal_value=0.00178934 0.00677679 0.000192751 0.0128011
internal_weight=2.63047 2.22178 1.55466 0.667124
internal_count=1642 403 154 249
is_linear=0
shrinkage=0.05


Tree=580
num_leaves=12
num_cat=0
split_feature=30 21 28 25 32 36 32 28 38 37 25
split_gain=0.0920624 0.0670673 0.0753429 0.0471478 0.0445069 0.0412918 0.0650709 0.0462158 0.0200205 0.00610568 0.00192558
threshold=1462.0000000000002 1.0000000180025095e-35 98.000000000000014 93.440000000000012 80.800000000000011 9.5000000000000018 130.40000000000003 122.00000000000001 5.5000000000000009 192.00000000000003 1062.0000000000002
decision_type=2 2 2 2 2 10 2 2 10 10 2
left_child=1 2 4 -2 9 6 -4 -7 -9 -1 -8
right_child=3 -3 5 -5 -6 7 10 8 -10 -11 -12
leaf_value=-0.0015122187868405971 0.020769455087959819 0.011598801422853066 0.0090859058610980887 -0.0012278176877341274 -0.012921944022088095 -0.0094986393325418236 -0.0053918091600910212 0.0070594322605277817 -0.0030581870074231202 0.0044705239142874935 0.00025889675999522815
leaf_weight=0.073026333469897842 0.35745602881070215 0.44512372330063943 1.8976704801025341 0.16788061882834882 0.53526268401765265 0.33851184806553636 0.36209070374025021 0.27693995140725747 0.086753807117929682 0.13024760270491242 0.070705033838748932
leaf_count=19 16 451 94 15 575 170 244 21 23 9 3
internal_value=0.00685357 0.00241381 -0.00087409 0.0175435 -0.00943807 0.0030347 0.00578328 -0.00412586 0.00417321 0.00285068 -0.00493227
internal_weight=4.74167 4.21633 3.77121 0.525337 0.738537 3.03267 2.33047 0.702206 0.363694 0.203274 0.432796
internal_count=1640 1609 1158 31 603 555 341 214 44 28 247
is_linear=0
shrinkage=0.05


Tree=581
num_leaves=6
num_cat=0
split_feature=13 28 53 31 25
split_gain=0.0945759 0.0444424 0.058559 0.0285516 0.0161454
threshold=0.97000000000000008 98.000000000000014 621.00000000000011 111.60000000000001 590.00000000000011
decision_type=2 2 8 2 2
left_child=-1 -2 -3 -4 -5
right_child=1 2 3 4 -6
leaf_value=-0.011837477387697661 0.010450918535818936 0.00717814945233098 -0.010281162690116745 0.0053576038574779765 -0.0032537739326955217
leaf_weight=0.46070004074135784 0.38352630310691904 0.23154044570401278 0.48089356708806019 0.16527138504898176 0.13134834542870522
leaf_count=1301 214 42 17 64 2
internal_value=-0.00233244 0.00444537 -0.00190299 -0.00712422 0.00197584
internal_weight=1.85328 1.39258 1.00905 0.777513 0.29662
internal_count=1640 339 125 83 66
is_linear=0
shrinkage=0.05


Tree=582
num_leaves=15
num_cat=0
split_feature=27 27 32 37 40 34 32 34 0 29 31 29 53 40
split_gain=0.0554169 0.0488634 0.0262908 0.0090731 0.00584608 0.00406768 0.00369308 0.00300766 0.000942457 0.000545442 0.000493806 0.000392374 0.000310362 0.000262308
threshold=101.20000000000002 104.80000000000001 1450.0000000000002 192.00000000000003 17.000000000000004 119.50000000000001 1446.0000000000002 21.500000000000004 9411.0000000000018 188.50000000000003 119.20000000000003 23.500000000000004 269.00000000000006 14.500000000000002
decision_type=2 2 2 8 8 2 2 2 2 2 2 2 8 8
left_child=2 -2 6 10 -5 -4 12 -6 11 -7 -3 -9 -1 -14
right_child=1 3 5 4 7 9 -8 8 -10 -11 -12 -13 13 -15
leaf_value=0.0001469339716390657 0.0070151541498223698 -0.00036349709666758356 -0.020763117202877313 0.0006965717424189076 0.00036178703667317028 0.00062620670475829624 0.0017814313583729405 -1.1751856785574554e-06 4.5568078103884737e-05 -0.0010554390180159948 0.0016432830473230688 -0.0084078380569972307 0.0001045360624660863 -0.0025739756604501968
leaf_weight=0.0083507150557124987 0.22517846367554739 0.012063642963767052 0.33522076286317315 0.055474549168138765 0.022771341537008993 0.020002034012577496 0.049365796090569347 0.014287786121712998 0.023242393246619031 0.049915643001440912 0.055109221924794838 0.54880532580136787 0.01743774427450262 0.22500585568195675
leaf_count=11 104 26 15 78 23 9 28 25 62 159 53 520 29 498
internal_value=-0.0116942 -0.000976351 -0.017136 -0.00606637 -0.00713178 -0.020064 -0.000791627 -0.00783456 -0.00818028 -0.000438716 0.00127998 -0.00833175 -0.00231742 -0.00245225
internal_weight=1.66223 0.956933 0.705299 0.731754 0.664581 0.405138 0.30016 0.609107 0.586336 0.0699177 0.0671729 0.563093 0.250794 0.242444
internal_count=1640 891 749 787 708 183 566 630 607 168 79 545 538 527
is_linear=0
shrinkage=0.05


Tree=583
num_leaves=5
num_cat=0
split_feature=9 1 28 32
split_gain=0.0895177 0.0635019 0.0579458 0.0211439
threshold=0.9967765931068685 5.0000000000000009 122.00000000000001 90.800000000000026
decision_type=2 2 2 2
left_child=-1 2 3 -2
right_child=1 -3 -4 -5
leaf_value=-0.010899801874842758 -0.0019790580260881608 0.012015687848590459 -0.0058419019476952209 0.0093763855012068877
leaf_weight=0.4093313389894323 0.17137471772730384 0.46058938652276982 1.3786020404659209 0.32908785797189921
leaf_count=1251 8 191 22 168
internal_value=-0.000416962 0.00413164 -0.00130311 0.00676046
internal_weight=2.74899 2.33965 1.87906 0.500463
internal_count=1640 389 198 176
is_linear=0
shrinkage=0.05


Tree=584
num_leaves=11
num_cat=0
split_feature=21 30 1 31 31 52 52 27 52 52
split_gain=0.128137 0.149087 0.0765203 0.053361 0.0532714 0.0448851 0.0339441 0.0255974 0.0287555 0.00368336
threshold=1.0000000180025095e-35 117.76000000000001 5.0000000000000009 82.40000000000002 191.00000000000003 588.00000000000011 588.00000000000011 93.200000000000017 302.00000000000006 268.00000000000006
decision_type=2 2 2 2 2 10 10 2 8 10
left_child=1 3 4 9 -3 -4 -5 -6 -9 -1
right_child=-2 2 5 6 7 -7 -8 8 -10 -11
leaf_value=-0.0011938664199057408 0.011362280872303253 0.0094742182756885479 -0.011798242520768209 -0.019300319621066851 0.0027535105034191408 0.0037650769098793052 0.0006175192930403232 0.0031400445893897638 -0.0096031770600460281 0.0034598409309077312
leaf_weight=0.067657791660167166 0.43215887056430791 1.3980910015379784 0.4484280490578384 1.006657980426098 0.69253837884752989 0.12249365248135291 0.1717257301788776 0.090418212348595262 0.33082283128169365 0.10364619962638244
leaf_count=20 445 52 344 597 22 12 32 13 76 10
internal_value=-0.00239188 -0.00557758 0.00126425 -0.0150921 0.00513239 -0.00818795 -0.0174467 -0.00222149 -0.0065831 0.00217177
internal_weight=4.86464 4.43248 3.08279 1.34969 2.51187 0.570922 1.17838 1.11378 0.421241 0.171304
internal_count=1623 1178 519 659 163 356 629 111 89 30
is_linear=0
shrinkage=0.05


Tree=585
num_leaves=3
num_cat=0
split_feature=13 52
split_gain=0.234815 0.136873
threshold=0.97000000000000008 588.00000000000011
decision_type=2 10
left_child=-1 -2
right_child=1 -3
leaf_value=-0.011818660685680993 0.019496033770429775 -0.0057799769505248247
leaf_weight=0.4596104788215597 1.025085538451094 0.22032945230603229
leaf_count=1289 330 4
internal_value=0.00561068 0.0144417
internal_weight=1.70503 1.24541
internal_count=1623 334
is_linear=0
shrinkage=0.05


Tree=586
num_leaves=7
num_cat=0
split_feature=4 53 27 4 30 3
split_gain=0.0541974 0.0404045 0.021381 0.0236654 0.00741849 0.00598682
threshold=6.0000000000000009 212.50000000000003 93.200000000000017 10.000000000000002 1450.0000000000002 1.5000000000000002
decision_type=2 8 2 2 2 2
left_child=-1 -2 4 -4 5 -3
right_child=1 2 3 -5 -6 -7
leaf_value=-0.0094684269198844102 -0.0056792655440642392 0.0044903102876537515 0.011524900620154941 -0.0021321484340143197 -0.002203998718624825 -0.0015352731249224875
leaf_weight=0.33752095453382946 0.16797946271253716 0.13536231132457033 0.46715083047456574 0.059894194797379896 0.68580406172259245 0.04267835542850662
leaf_count=936 5 101 336 74 20 151
internal_value=-0.00168028 0.00304723 0.00603572 0.00959298 -0.000117057 0.00296877
internal_weight=1.89639 1.55887 1.39089 0.527045 0.863845 0.178041
internal_count=1623 687 682 410 272 252
is_linear=0
shrinkage=0.05


Tree=587
num_leaves=5
num_cat=0
split_feature=9 1 28 27
split_gain=0.103848 0.0467044 0.0580799 0.0167695
threshold=0.9967765931068685 5.0000000000000009 122.00000000000001 93.200000000000017
decision_type=2 2 2 2
left_child=-1 2 3 -2
right_child=1 -3 -4 -5
leaf_value=-0.010701583662251657 -0.0014262980303091036 0.012218469037433136 -0.0045917044869485304 0.0099346345865614707
leaf_weight=0.39890956110321019 0.13502135965973172 0.47127271909266699 1.4263673385139553 0.35597721597878262
leaf_count=1223 7 189 24 180
internal_value=0.00098144 0.00551484 0.000243746 0.00794921
internal_weight=2.78755 2.38864 1.91737 0.490999
internal_count=1623 400 211 187
is_linear=0
shrinkage=0.05


Tree=588
num_leaves=11
num_cat=0
split_feature=3 27 1 35 33 26 4 29 31 27
split_gain=0.102232 0.0829081 0.123793 0.097541 0.0893789 0.0657117 0.0511703 0.0488754 0.0395682 0.020123
threshold=1.5000000000000002 101.20000000000002 5.0000000000000009 inf 124.00000000000001 99.800000000000026 10.000000000000002 11.500000000000002 82.40000000000002 80.40000000000002
decision_type=2 2 2 8 2 2 2 2 2 2
left_child=1 2 7 4 -3 9 -5 -1 -9 -4
right_child=-2 3 5 6 -6 -7 -8 8 -10 -11
leaf_value=0.0027218515782191505 0.011247613791980748 -0.0080979179302588487 0.0035945975732694282 -0.016126761774190125 0.009963626909581913 0.017045450849278995 0.0029959261150289585 0.0025956006033731717 -0.013365119409516618 -0.006016336688633793
leaf_weight=0.66121476888656638 0.42798599446541619 0.27189961350814007 0.12726982927415509 1.3376037392154101 0.56362488909508102 0.4459688424540218 0.085183060728013404 0.14693075325340033 0.52189519570674747 0.18987014595768414
leaf_count=2 515 213 6 419 40 12 4 9 230 178
internal_value=-0.000762516 -0.00382482 0.0028123 -0.00895164 0.00287636 0.0122174 -0.0142179 -0.00551139 -0.0104045 -0.00235858
internal_weight=4.77945 4.35146 2.09315 2.25831 0.835525 0.763109 1.42279 1.33004 0.668826 0.31714
internal_count=1628 1113 437 676 253 196 423 241 239 184
is_linear=0
shrinkage=0.05


Tree=589
num_leaves=4
num_cat=0
split_feature=13 34 52
split_gain=0.0718401 0.0554607 0.049741
threshold=0.97000000000000008 25.500000000000004 588.00000000000011
decision_type=2 2 8
left_child=-1 2 -2
right_child=1 -3 -4
leaf_value=-0.0117238276309692 0.0060433714610688373 0.0099126429975432886 -0.0073592342428887405
leaf_weight=0.45425330751459103 0.18797711678780582 0.35815695446217444 0.91379544278606784
leaf_count=1297 25 265 41
internal_value=-0.00360004 0.00266603 -0.00328517
internal_weight=1.91418 1.45993 1.10177
internal_count=1628 331 66
is_linear=0
shrinkage=0.05


Tree=590
num_leaves=3
num_cat=0
split_feature=17 33
split_gain=0.109774 0.0250156
threshold=0.9968553459119498 182.00000000000003
decision_type=2 2
left_child=-1 -2
right_child=1 -3
leaf_value=-0.011856703131203393 0.010037369387693089 -0.0002512804277187274
leaf_weight=0.46153403430071183 0.36470191308762878 0.95822196645895019
leaf_count=1233 360 35
internal_value=-0.00148073 0.00568506
internal_weight=1.78446 1.32292
internal_count=1628 395
is_linear=0
shrinkage=0.05


Tree=591
num_leaves=7
num_cat=0
split_feature=4 35 48 37 38 34
split_gain=0.140825 0.117139 0.0279788 0.024921 0.0281032 0.000917409
threshold=1.0000000180025095e-35 inf 80.000000000000014 192.00000000000003 5.5000000000000009 18.500000000000004
decision_type=2 8 10 8 10 2
left_child=1 2 3 -1 -5 -3
right_child=-2 5 -4 4 -6 -7
leaf_value=0.0029792956848965031 -0.0097807921237087585 -2.6148260852901435e-06 0.0043466610972170538 -0.010870245690194369 0.0026320990025863848 0.016002044045095653
leaf_weight=0.091054720105604114 0.35246412034030061 0.0086600487702525042 0.1481920946680475 0.52146403222286608 0.081016362906666473 1.3561923647939691
leaf_count=23 1133 6 81 56 32 297
internal_value=0.00534445 0.0100572 -0.00296025 -0.00616626 -0.00854509 0.0159423
internal_weight=2.55904 2.20658 0.841727 0.693535 0.60248 1.36485
internal_count=1628 495 192 111 88 303
is_linear=0
shrinkage=0.05


Tree=592
num_leaves=15
num_cat=0
split_feature=17 0 28 38 29 52 37 32 34 37 25 26 34 40
split_gain=0.0870905 0.0468654 0.0464797 0.0420873 0.0442944 0.0368617 0.0182838 0.0381426 0.00845347 0.00582698 0.00045493 0.000383041 0.000234481 0.000215302
threshold=1.0000000180025095e-35 150.50000000000003 102.00000000000001 5.5000000000000009 24.500000000000004 302.00000000000006 192.00000000000003 130.40000000000003 28.500000000000004 192.00000000000003 109.44000000000001 78.600000000000009 24.500000000000004 19.500000000000004
decision_type=2 2 2 10 2 8 10 2 2 8 2 2 2 10
left_child=1 3 8 4 -1 9 7 -6 12 -4 -9 -3 -2 -7
right_child=2 11 5 -5 6 13 -8 10 -10 -11 -12 -13 -14 -15
leaf_value=-0.0049740296716845687 0.000898142718739513 4.1610363483793746e-05 -0.00086329944524243763 -0.0056323057634402821 0.0053332382388983877 -0.0057450455049697768 0.012031523701063645 -3.1795331546337079e-05 0.01972139001812406 0.0072082079778033525 -0.005663849781734104 -0.0072064541887624763 -0.00029886754462600686 2.9501659402680231e-06
leaf_weight=0.1518298208829959 0.068976974929682688 0.0069052604667375608 0.036762246687430888 0.17348007054533798 2.0244632220710637 0.23542778291448485 0.61383163195569057 0.048688133538234868 0.66240688940160908 0.28439486469142139 0.17798791464883834 0.26240727478580084 0.05442190874600783 0.015469247737200931
leaf_count=48 76 7 30 30 83 213 22 7 449 63 32 527 40 24
internal_value=0.00724475 0.00167 0.0147161 0.00393843 0.00575396 0.000806942 0.00746235 0.00289895 0.0187198 0.00633017 -0.00546623 -0.00713424 0.000574116 -0.0056716
internal_weight=4.81745 3.45959 1.35786 3.19028 3.0168 0.572054 2.86497 2.25114 0.785806 0.321157 0.226676 0.269313 0.123399 0.250897
internal_count=1651 756 895 222 192 330 144 122 565 93 39 534 116 237
is_linear=0
shrinkage=0.05


Tree=593
num_leaves=15
num_cat=0
split_feature=1 13 28 2 40 31 27 52 33 27 31 28 28 28
split_gain=0.0922799 0.11525 0.0923924 0.0333311 0.0361697 0.0105318 0.00440869 0.00144658 0.000926205 0.000631408 0.000241607 0.000174034 0.000141986 6.00201e-05
threshold=5.0000000000000009 0.97000000000000008 86.000000000000014 1.0000000180025095e-35 17.000000000000004 1057.6000000000001 80.40000000000002 460.00000000000006 118.00000000000001 112.80000000000003 1065.6000000000006 164.00000000000003 142.00000000000003 118.00000000000001
decision_type=2 2 2 2 10 2 2 8 2 2 2 2 2 2
left_child=1 -1 6 7 5 -5 -2 12 9 -9 -7 13 -4 -10
right_child=2 -3 3 4 -6 10 -8 8 11 -11 -12 -13 -14 -15
leaf_value=-0.0075736786566462993 -0.00078231151045518609 0.013793323377558507 -0.001048458598642641 -0.018864411111467236 0.0018391918128922034 0.00078300814832994031 0.0062653507309380603 -0.0002882404561727061 8.6491551234862317e-05 0.0026322986273012417 -0.00037976701206873342 0.00029290655738800723 0.00016533903561122116 -0.00082204225854644027
leaf_weight=0.25281200512836211 0.027315255370922387 0.54617087700171396 0.056240185484057292 0.56972042967390735 0.064077086368342862 0.020977379754185677 0.23981639865087345 0.0077447845833376041 0.011449859870481305 0.08922467204683926 0.010228856044705026 0.010415462544187903 0.0061259386711753896 0.02240640034142416
leaf_count=657 89 138 143 151 31 1 186 40 21 63 51 4 4 72
internal_value=-0.00247307 0.00658063 -0.00894126 -0.0139464 -0.0163597 -0.018237 0.00549604 0.000979221 0.00185734 0.00234892 0.0004032 -0.000437647 -0.000885827 -0.000728321
internal_weight=1.93473 0.798983 1.13574 0.868611 0.665004 0.600927 0.267132 0.203607 0.141241 0.0969695 0.0312062 0.0442717 0.0623661 0.0338563
internal_count=1651 795 856 581 234 203 275 347 200 103 52 97 147 93
is_linear=0
shrinkage=0.05


Tree=594
num_leaves=15
num_cat=0
split_feature=26 26 32 34 37 52 32 34 40 29 29 52 40 30
split_gain=0.0597051 0.0373523 0.0224008 0.0153305 0.010175 0.00469206 0.00428773 0.00323717 0.0012768 0.000954132 0.000728723 0.000590191 0.000450689 0.000424096
threshold=102.80000000000003 105.60000000000001 1450.0000000000002 119.50000000000001 192.00000000000003 302.00000000000006 1446.0000000000002 22.500000000000004 25.500000000000004 369.50000000000006 4110.5000000000009 236.00000000000003 14.500000000000002 117.76000000000001
decision_type=2 2 2 2 8 10 2 2 10 2 2 8 8 2
left_child=2 -2 6 -4 -3 7 11 -6 10 -5 -9 -1 -13 -7
right_child=1 4 3 9 5 13 -8 8 -10 -11 -12 12 -14 -15
leaf_value=0.00025011713721767608 0.0066002487931635856 0.0016707268613105162 -0.020314837758958256 0.0011484598869668219 0.00041416605182511808 -0.00047803071404548875 0.0019181648429367516 -0.0077201889029430322 0.00012747657927741104 -0.00099588287187028757 5.209029773309037e-05 0.00017000047274755639 -0.0029018789130552062 0.0010814755594430647
leaf_weight=0.013221630288171582 0.20784616489254404 0.074538535642204806 0.33862417696218472 0.038159707823069766 0.034309057082282379 0.012908914824947715 0.05340629379497841 0.46794534186483361 0.021751619016868062 0.045650925007066689 0.017183159405249171 0.015889304864685982 0.21942070301156491 0.049329730565659702
leaf_count=14 99 83 21 19 38 43 28 456 36 159 50 26 518 61
internal_value=-0.0108951 -0.000160799 -0.016316 -0.0190118 -0.00493176 -0.00628066 -0.000838656 -0.00695645 -0.00739912 0.000139267 -0.00759519 -0.00249292 -0.00272475 0.000612502
internal_weight=1.61019 0.885813 0.724373 0.422435 0.677966 0.603428 0.301938 0.541189 0.50688 0.0838106 0.485129 0.248532 0.23531 0.0622386
internal_count=1651 866 785 199 767 684 586 580 542 178 506 558 544 104
is_linear=0
shrinkage=0.05


Tree=595
num_leaves=7
num_cat=0
split_feature=9 0 1 26 33 26
split_gain=0.0637237 0.0344307 0.0295216 0.0329427 0.0277502 0.0180278
threshold=0.9967765931068685 150.50000000000003 5.0000000000000009 81.200000000000017 124.00000000000001 81.200000000000017
decision_type=2 2 2 2 2 2
left_child=-1 2 4 -4 5 -2
right_child=1 -3 3 -5 -6 -7
leaf_value=-0.010445165830777611 -0.0030627502497902197 0.0088098749870401984 -0.0039486771474445525 0.0088022970247884254 -0.006430544200407555 0.0064542414626327293
leaf_weight=0.38570449773396864 0.08672596141696054 0.3062148934113792 0.10631488263607014 0.29795829416252673 1.3311771799344567 0.20521844387985766
leaf_count=1251 3 281 1 51 22 42
internal_value=-0.00173422 0.00240694 -0.00115076 0.00502504 -0.00401824 0.00344473
internal_weight=2.71931 2.33361 2.02739 0.404273 1.62312 0.291944
internal_count=1651 400 119 52 67 45
is_linear=0
shrinkage=0.05


Tree=596
num_leaves=15
num_cat=0
split_feature=13 52 48 37 31 30 32 26 29 34 21 29 29 31
split_gain=0.0454458 0.0783365 0.0507376 0.0398395 0.0232757 0.0196535 0.0328827 0.0198245 0.0173328 0.0155819 0.0151882 0.0117417 0.00844858 0.00487327
threshold=1.0000000180025095e-35 302.00000000000006 320.00000000000006 192.00000000000003 87.600000000000009 124.24000000000002 141.20000000000002 93.600000000000009 24.500000000000004 24.500000000000004 0.012882112882112884 23.500000000000004 25.500000000000004 82.40000000000002
decision_type=2 8 8 8 2 2 2 2 2 2 2 2 2 2
left_child=1 3 12 -1 13 10 -7 -8 -5 -10 -3 -6 -2 -4
right_child=2 5 4 8 11 6 7 -9 9 -11 -12 -13 -14 -15
leaf_value=-0.0033797331557755324 -0.0046226511003780715 -0.0097455080470035781 0.0019930350440375681 -0.001408131253773693 -0.00065920920731671979 0.0038428341065989517 0.00078667421883615103 -0.0085536908001121736 -0.0011067571994612881 0.013712771753886755 0.0016719960368188167 0.015822437832703103 0.0018711632651396987 -0.0028480852947396274
leaf_weight=0.099794968555216079 0.16121366305742379 0.37746570732269935 0.061522298783529661 0.038558070082217455 0.032666090410202742 1.2292178977513688 0.71896693887538254 0.34715760705876164 0.041384764714166522 0.68631387696950696 0.045804408378899097 0.7284269918454811 0.1591154164634645 0.083463047747500241
leaf_count=44 27 397 72 4 16 45 25 204 23 105 4 391 219 67
internal_value=0.00447597 0.00076606 0.0101051 0.0089987 0.0134816 -0.0035712 -0.000486865 -0.0049227 0.0116116 0.0127172 -0.00820331 0.0151424 -0.00242287 -0.000847298
internal_weight=4.81107 3.58466 1.22641 0.866052 0.906078 2.71861 2.29534 1.06612 0.766257 0.727699 0.42327 0.761093 0.320329 0.144985
internal_count=1643 851 792 176 546 675 274 229 132 128 401 407 246 139
is_linear=0
shrinkage=0.05


Tree=597
num_leaves=12
num_cat=0
split_feature=25 27 13 27 39 29 32 26 27 29 25
split_gain=0.0814587 0.0359755 0.0211418 0.0131829 0.00651903 0.00540855 0.00256171 0.00314743 0.000547519 0.000398956 4.18577e-05
threshold=86.100000000000009 112.80000000000003 0.97000000000000008 116.20000000000003 12.500000000000002 21.500000000000004 231.20000000000005 129.20000000000005 1462.0000000000002 13.500000000000002 103.48000000000002
decision_type=2 2 2 2 10 2 2 2 2 2 2
left_child=2 5 -1 -3 6 9 7 10 -9 -2 -5
right_child=1 3 -4 4 -6 -7 -8 8 -10 -11 -12
leaf_value=-0.0027960488815611017 -0.00066832799050417729 0.0039229815284769886 0.0081198410211184863 2.3023840395459348e-05 0.0015513392303950629 -0.015889174161119481 -0.0054762903365733308 0.0021821942514656484 -0.0002972551725052815 0.00072955085445867182 -0.0019244974911306707
leaf_weight=0.080527538535534515 0.018088524069753253 0.11729593417840078 0.27475086966296658 0.0043310865003149948 0.05443207189819077 0.54376527220301796 0.20120132974989247 0.12346354217152111 0.012730500748148188 0.028288895642617717 0.057850813122058753
leaf_count=241 10 53 161 11 29 582 248 118 29 18 143
internal_value=-0.00697381 -0.0115111 0.00540816 -0.00026815 -0.0033043 -0.0153819 -0.00460157 0.000115046 0.00189279 6.66796e-05 -0.00189488
internal_weight=1.51673 1.16145 0.355278 0.571305 0.454009 0.590143 0.399577 0.198376 0.136194 0.0463774 0.0621819
internal_count=1643 1241 402 631 578 610 549 301 147 28 154
is_linear=0
shrinkage=0.05


Tree=598
num_leaves=5
num_cat=0
split_feature=4 53 21 30
split_gain=0.0420783 0.0400807 0.0293096 0.0295931
threshold=6.0000000000000009 212.50000000000003 1.0000000180025095e-35 1462.0000000000002
decision_type=2 8 2 2
left_child=-1 -2 3 -3
right_child=1 2 -4 -5
leaf_value=-0.0088639398987430482 -0.0060629742822942249 0.011723912979312065 -0.0037557291356409075 3.1017008584048116e-05
leaf_weight=0.30931897391565155 0.18226967405644212 0.46720487222773932 0.11090840442921046 0.86570965085411444
leaf_count=920 6 422 278 17
internal_value=-0.00193731 0.00225388 0.00535513 0.00739815
internal_weight=1.93541 1.62609 1.44382 1.33291
internal_count=1643 723 717 439
is_linear=0
shrinkage=0.05


Tree=599
num_leaves=8
num_cat=0
split_feature=9 52 52 1 28 25 33
split_gain=0.0730103 0.0341167 0.017065 0.0133144 0.0343622 0.000816685 0.0128481
threshold=0.9967765931068685 302.00000000000006 268.00000000000006 5.0000000000000009 122.00000000000001 93.440000000000012 124.00000000000001
decision_type=2 8 10 2 2 2 2
left_child=-1 2 -2 4 -3 -4 -7
right_child=1 3 5 -5 -6 6 -8
leaf_value=-0.010298247005576562 0.0028176878932088378 0.0077759908068123973 -0.0068292939557342038 0.0098326582253493999 -0.0026528877449309755 0.0035687564254126211 -0.0040429534593387504
leaf_weight=0.37821116705890778 0.12113396485801819 0.25910044321790326 0.20671799033880234 0.34708222962217394 1.2362466582562772 0.10386746347649023 0.12296414538286626
leaf_count=1257 28 152 4 158 13 24 7
internal_value=-0.000734295 0.00336196 -0.0036552 0.00601726 0.00154617 -0.00616769 -0.000489601
internal_weight=2.77532 2.39711 0.554684 1.84243 1.49535 0.43355 0.226832
internal_count=1643 386 63 323 165 35 31
is_linear=0
shrinkage=0.05


Tree=600
num_leaves=8
num_cat=0
split_feature=21 40 29 53 28 27 3
split_gain=0.146661 0.163183 0.0896089 0.0801151 0.032282 0.0679673 0.0287615
threshold=1.0000000180025095e-35 19.500000000000004 11.500000000000002 110.00000000000001 118.00000000000001 80.40000000000002 1.5000000000000002
decision_type=2 8 2 8 2 2 2
left_child=1 4 -3 -4 5 -1 -5
right_child=-2 2 3 6 -6 -7 -8
leaf_value=0.0072542693530195899 0.010551504296507926 0.00039608698695445238 0.0033693238020648499 -0.02211624724989401 0.0093144209762709065 -0.0092306808410043076 0.0012175870024164022
leaf_weight=0.22448650456499386 0.3895640302216633 0.73358856141567264 0.09687402599956807 1.3573521309590431 0.44125051193987019 0.32134444214170799 0.033492980524897686
leaf_count=12 447 6 7 884 74 183 16
internal_value=-0.00472445 -0.00864577 -0.0144336 -0.0189658 0.00508799 -0.00214393 -0.0212801
internal_weight=3.59795 3.20839 2.22131 1.48772 0.987081 0.545831 1.39085
internal_count=1629 1182 913 907 269 195 900
is_linear=0
shrinkage=0.05


Tree=601
num_leaves=3
num_cat=0
split_feature=13 52
split_gain=0.219409 0.0658905
threshold=0.97000000000000008 588.00000000000011
decision_type=2 10
left_child=-1 -2
right_child=1 -3
leaf_value=-0.011155396702458117 0.018000234139077753 -0.00328820130281869
leaf_weight=0.42298069858952658 0.87702148669632152 0.11481787357479334
leaf_count=1303 324 2
internal_value=0.00589989 0.0151222
internal_weight=1.41482 0.991839
internal_count=1629 326
is_linear=0
shrinkage=0.05


Tree=602
num_leaves=6
num_cat=0
split_feature=9 53 13 33 21
split_gain=0.0305847 0.0281958 0.0255949 0.0205761 0.0127244
threshold=1.0000000180025095e-35 212.50000000000003 0.22056034482758624 1462.0000000000002 0.99724055188962224
decision_type=2 8 2 2 2
left_child=1 -1 3 4 -3
right_child=-2 2 -4 -5 -6
leaf_value=-0.0052624152058352788 -0.0078895122800688878 0.011143187853126704 -0.0037628023053683443 0.00011886660905338745 -0.0012152312837709722
leaf_weight=0.1538466680794951 0.26628789059759594 0.42164270451758035 0.11149186590046167 0.85720789339393377 0.033173101954162121
leaf_count=4 857 405 353 7 3
internal_value=-0.00191229 0.00176634 0.00438393 0.00640428 0.0100261
internal_weight=1.84365 1.57736 1.42352 1.31202 0.454816
internal_count=1629 772 768 415 408
is_linear=0
shrinkage=0.05


Tree=603
num_leaves=4
num_cat=0
split_feature=9 32 53
split_gain=0.149859 0.0942572 0.00184854
threshold=0.9967765931068685 90.800000000000026 269.00000000000006
decision_type=2 2 8
left_child=-1 -2 -3
right_child=1 2 -4
leaf_value=-0.010049155839374921 -0.004869291323524403 0.00026392298284476536 0.015636708626835538
leaf_weight=0.36573430635326065 0.25517173297703277 0.054852696601301099 1.0766127400565892
leaf_count=1230 9 12 378
internal_value=0.00469178 0.0111613 0.0153649
internal_weight=1.75237 1.38664 1.13147
internal_count=1629 399 390
is_linear=0
shrinkage=0.05


Tree=604
num_leaves=15
num_cat=0
split_feature=32 33 17 25 17 4 29 29 52 29 29 25 38 34
split_gain=0.103839 0.0679863 0.0626321 0.0272184 0.0247433 0.0144816 0.012913 0.0123096 0.00965814 0.00941814 0.00874746 0.0085417 0.00421366 0.00146672
threshold=128.40000000000003 118.00000000000001 1.0000000180025095e-35 109.44000000000001 0.9968553459119498 10.000000000000002 24.500000000000004 25.500000000000004 302.00000000000006 76.500000000000014 23.500000000000004 76.080000000000013 5.5000000000000009 24.500000000000004
decision_type=2 2 2 2 2 2 2 2 8 2 2 2 8 2
left_child=1 3 5 4 6 8 -1 -3 -2 11 -4 -8 -9 -13
right_child=2 7 10 -5 -6 -7 9 12 -10 -11 -12 13 -14 -15
leaf_value=-0.001513625337164942 0.00062304343294895066 0.019191040205511267 -9.0346260654150192e-05 -0.0047187394434769318 -0.0034968085330884229 0.0014882331297787548 -0.00076822521644634098 0.0024264545049798251 -0.011370156410902273 -0.00056865238116300914 0.0064283477744738887 0.00027031749868968141 -0.0020321227380751187 0.0099366257855494355
leaf_weight=0.10054772335570339 0.077775218844180594 0.95048415591008939 0.75867399704293348 0.16646784999466024 0.10257834978983726 0.040706230152864009 0.066060395620297419 0.079328672640258446 0.43699407236999832 0.17243274244538032 0.43899301782948896 0.09851146349683404 0.058624436205718666 0.84838289470644668
leaf_count=68 49 20 12 81 122 5 39 18 342 224 499 71 50 35
internal_value=0.00723142 0.0120908 -0.00182594 0.00240799 0.00488029 -0.00907667 0.0067859 0.0181473 -0.0103431 0.00786037 0.00413687 0.00886491 0.00041099 0.00958636
internal_weight=4.39656 2.64342 1.75314 1.55498 1.38851 0.555476 1.28594 1.08844 0.514769 1.18539 1.19767 1.01295 0.137953 0.946894
internal_count=1635 728 907 640 559 396 437 88 391 369 511 145 68 106
is_linear=0
shrinkage=0.05


Tree=605
num_leaves=5
num_cat=0
split_feature=13 2 31 30
split_gain=0.0977497 0.0325862 0.0323323 0.0249986
threshold=0.97000000000000008 1.0000000180025095e-35 115.80000000000004 99.260000000000005
decision_type=2 2 2 2
left_child=-1 -2 3 -3
right_child=1 2 -4 -5
leaf_value=-0.010949167229907623 0.01062542749112539 0.0032948745701876277 0.0057418812407546635 -0.0077978033344728278
leaf_weight=0.41191699781484192 0.39174955571070313 0.095937488484196365 0.17769427527673542 0.54921102389926091
leaf_count=1305 196 51 65 18
internal_value=-0.000905638 0.00590657 -0.000936606 -0.00514815
internal_weight=1.62651 1.21459 0.822843 0.645149
internal_count=1635 330 134 69
is_linear=0
shrinkage=0.05


Tree=606
num_leaves=5
num_cat=0
split_feature=4 53 21 30
split_gain=0.0325313 0.0336416 0.0248085 0.0381752
threshold=6.0000000000000009 212.50000000000003 1.0000000180025095e-35 1462.0000000000002
decision_type=2 8 2 2
left_child=-1 -2 3 -3
right_child=1 2 -4 -5
leaf_value=-0.0085545681899084538 -0.0059168688347354843 0.01143508380580472 -0.0036301458366420434 -0.0010124623304479117
leaf_weight=0.29534266637347184 0.17743474154849503 0.44835451288963646 0.10680066315399028 0.8146452127257362
leaf_count=917 7 423 272 16
internal_value=-0.00258247 0.00146835 0.00451808 0.00650676
internal_weight=1.84258 1.54724 1.3698 1.263
internal_count=1635 718 711 439
is_linear=0
shrinkage=0.05


Tree=607
num_leaves=15
num_cat=0
split_feature=2 1 27 29 27 29 29 34 52 27 48 29 28 32
split_gain=0.106765 0.145821 0.0456344 0.039846 0.0288495 0.013232 0.0130607 0.0129828 0.00437629 0.00421868 0.00185985 0.00160563 0.00159471 0.00111577
threshold=1.0000000180025095e-35 5.0000000000000009 310.40000000000003 99.500000000000014 93.200000000000017 41.000000000000007 24.500000000000004 23.500000000000004 268.00000000000006 93.200000000000017 80.000000000000014 75.500000000000014 78.000000000000014 98.600000000000023
decision_type=2 2 2 2 2 2 2 2 10 2 10 2 2 2
left_child=1 2 3 6 -3 9 -1 -8 -4 -2 -6 -7 -13 -5
right_child=5 4 8 13 10 11 7 -9 -10 -11 -12 12 -14 -15
leaf_value=0.00015334553296137199 -0.00066640544961267837 -0.003992430615971816 0.0028928421749592169 0.0015992039856467574 0.0075919784481492461 -0.002567410038151341 0.0002982924891598427 -0.025169395304072598 -0.001774472298694977 0.0071115790286053887 -0.00020842705248578461 -0.0011472703659808059 0.0016222566005453182 -0.00081431364852652642
leaf_weight=0.042165624705376326 0.018087767166434676 0.14288135031529225 0.083183285722043365 0.056313356690225191 0.37703005557705183 0.078001252099056728 0.027614677979727276 0.7682419477350777 0.049266033718595281 0.3677356747793965 0.025644438472227193 0.031552783853840083 0.1466657607088564 0.058499821592704393
leaf_count=34 65 106 9 28 297 32 45 128 24 121 66 137 342 201
internal_value=-0.00895396 -0.0137837 -0.0201125 -0.0221278 0.00367359 0.00423701 -0.0239601 -0.0246117 0.00112286 0.00652919 0.00730077 -0.00166448 0.000574355 0.000742106
internal_weight=2.27288 1.63084 1.08528 0.952835 0.545556 0.642043 0.838022 0.795857 0.132449 0.385823 0.402674 0.25622 0.178219 0.114813
internal_count=1635 938 469 436 469 697 207 173 33 186 363 511 479 229
is_linear=0
shrinkage=0.05


Tree=608
num_leaves=15
num_cat=0
split_feature=33 52 38 40 34 34 17 26 3 17 17 33 17 33
split_gain=0.288053 0.0635067 0.0391522 0.0282014 0.0251908 0.0184098 0.0121248 0.0120094 0.00991211 0.00736243 0.00195788 0.00149511 0.000937865 0.00081108
threshold=222.00000000000003 302.00000000000006 5.5000000000000009 19.500000000000004 99.500000000000014 23.500000000000004 1.0000000180025095e-35 129.20000000000005 3.5000000000000004 0.9968553459119498 0.024784763749224819 182.00000000000003 0.9968553459119498 82.000000000000014
decision_type=2 8 10 10 2 2 2 2 2 2 2 2 2 2
left_child=2 -2 3 4 5 13 -6 -7 -4 -8 -5 -9 -12 -1
right_child=1 -3 8 10 6 7 9 11 -10 -11 12 -13 -14 -15
leaf_value=0.00045928368102468771 0.0026156720299044967 -0.021423076751476824 -0.0062856645872765614 -0.0037878557036839407 -0.004647124906061866 0.010104191417923002 0.0045439255524437295 -0.0017407794565517461 0.0017663970866536869 -0.0018550030337462988 0.001364398695733612 0.0010072657784439476 -0.00083409692771663874 -0.0021254418875019995
leaf_weight=0.012370846408886638 0.091231855039950349 0.70611790151451714 0.19994063052581612 0.11072099258308288 0.16545095514447883 2.6564734864659845 0.13779045955743641 0.087564827452297211 0.049403911922127008 0.052028510806849226 0.037734696292318404 0.046902079193387181 0.022737411694834009 0.093403827573638409
leaf_count=8 20 95 149 42 358 262 204 31 68 191 49 11 54 77
internal_value=-0.00200711 -0.0187476 0.0048619 0.0064221 0.00753778 0.00878894 -0.00162143 0.00952455 -0.0045534 0.00270505 -0.00311172 -0.000739292 0.000530728 -0.00168118
internal_weight=4.46987 0.79735 3.67252 3.42318 3.25198 2.89672 0.35527 2.79094 0.249345 0.189819 0.171193 0.134467 0.0604721 0.105775
internal_count=1619 115 1504 1287 1142 389 753 304 217 395 145 42 103 85
is_linear=0
shrinkage=0.05


Tree=609
num_leaves=5
num_cat=0
split_feature=13 1 32 30
split_gain=0.08335 0.108358 0.0883523 0.0673756
threshold=0.97000000000000008 5.0000000000000009 110.00000000000001 99.260000000000005
decision_type=2 2 2 2
left_child=-1 -2 3 -3
right_child=1 2 -4 -5
leaf_value=-0.010952725377870398 0.013285925364640266 0.004109210677532788 0.0070004197716778092 -0.015858136315037442
leaf_weight=0.41210572318232142 0.51441499328939244 0.12214114924427122 0.22800298896618187 0.43857874360401183
leaf_count=1292 139 49 130 9
internal_value=-0.0018236 0.00456546 -0.00537005 -0.0116626
internal_weight=1.71524 1.30314 0.788723 0.56072
internal_count=1619 327 188 58
is_linear=0
shrinkage=0.05


Tree=610
num_leaves=3
num_cat=0
split_feature=17 53
split_gain=0.279859 0.140729
threshold=0.9968553459119498 212.50000000000003
decision_type=2 8
left_child=-1 -2
right_child=1 -3
leaf_value=-0.011028090234049619 -0.0051251400659302268 0.02379517007657489
leaf_weight=0.41588056217005931 0.14957548677921284 0.905933638860006
leaf_count=1205 4 410
internal_value=0.00964875 0.0191973
internal_weight=1.47139 1.05551
internal_count=1619 414
is_linear=0
shrinkage=0.05


Tree=611
num_leaves=9
num_cat=0
split_feature=9 32 1 30 26 32 52 25
split_gain=0.050065 0.0382931 0.0284424 0.0296239 0.0233771 0.0178941 0.00184459 0.00111393
threshold=0.9967765931068685 132.40000000000003 5.0000000000000009 124.24000000000002 81.200000000000017 90.800000000000026 302.00000000000006 572.00000000000011
decision_type=2 2 2 2 2 2 8 2
left_child=-1 2 3 5 -4 -2 7 -3
right_child=1 6 4 -5 -6 -7 -8 -9
leaf_value=-0.0098986226646430846 -0.0029172368435515491 0.0011611941584895691 -0.0031823832948153427 -0.007354219295886995 0.0076985006197462366 0.006261098762543809 0.008707287906605481 -0.0011621517297259589
leaf_weight=0.35828472556022495 0.17069927323609602 0.031904686242341884 0.11618565628305066 1.1676971191773191 0.25311827869154513 0.1984185348264873 0.29647679289337248 0.031725289765745401
leaf_count=1231 8 21 3 17 67 80 188 4
internal_value=-0.00218392 0.00169294 -0.00198151 -0.0046726 0.00445117 0.00298602 0.00829936 -7.32996e-07
internal_weight=2.62451 2.26623 1.90612 1.53681 0.369304 0.369118 0.360107 0.06363
internal_count=1619 388 175 105 70 88 213 25
is_linear=0
shrinkage=0.05


Tree=612
num_leaves=15
num_cat=0
split_feature=32 38 33 17 39 32 25 52 25 17 52 29 30 33
split_gain=0.0825346 0.123788 0.103141 0.033003 0.0392954 0.0270941 0.0147166 0.0110183 0.00560038 0.0045469 0.0075065 0.00867453 0.00433909 0.00164111
threshold=128.40000000000003 inf 98.000000000000014 1.0000000180025095e-35 12.500000000000002 82.800000000000011 127.60000000000001 588.00000000000011 198.00000000000003 0.9968553459119498 288.00000000000006 11.500000000000002 70.440000000000012 82.000000000000014
decision_type=2 8 2 2 8 2 2 10 2 2 8 2 2 2
left_child=1 5 12 4 8 -1 7 13 -2 -5 -11 -12 -3 -7
right_child=3 2 -4 9 -6 6 -8 -9 -10 10 11 -13 -14 -15
leaf_value=0.0045291101936526332 -0.0012660165443001449 0.0011552857816081884 0.020228345703291836 0.005688504990986473 -0.0098232421080463872 0.00012315665525987414 0.0019576288105572371 0.0008911821019354834 0.0050704953334439369 0.0035338673884061488 0.0012658063286067394 -0.0045813800236594237 -0.0042669837266498083 -0.0091893524939127402
leaf_weight=0.13313031994039226 0.036237368243746126 0.037611976906191447 1.6596788741298949 0.17869179550325487 0.42535628432233352 0.021894225646974519 0.095862478803610429 0.14658693698584102 0.14389428705908358 0.14659821864916001 0.72060124576091777 0.13824242971895728 0.23481224876013584 0.41229471378028393
leaf_count=32 43 46 162 248 372 28 14 24 6 44 3 208 204 196
internal_value=0.00784317 0.0120736 0.0169608 -0.000642831 -0.00592555 -0.00251581 -0.00577651 -0.00748392 0.00380315 0.00353465 0.000506199 -0.00163369 -0.00319876 -0.00896132
internal_weight=4.53149 2.74187 1.9321 1.78962 0.605488 0.809769 0.676638 0.580776 0.180132 1.18413 1.00544 0.858844 0.272424 0.434189
internal_count=1630 706 412 924 421 294 262 248 49 503 255 211 250 224
is_linear=0
shrinkage=0.05


Tree=613
num_leaves=15
num_cat=0
split_feature=1 13 2 40 28 31 48 40 33 31 28 52 32 28
split_gain=0.0546172 0.084436 0.0768144 0.0375367 0.0287977 0.00933395 0.00209323 0.00070189 0.000496082 0.0002136 0.000167813 4.55223e-05 2.96734e-05 4.42366e-06
threshold=5.0000000000000009 0.97000000000000008 1.0000000180025095e-35 17.000000000000004 86.000000000000014 1057.6000000000001 80.000000000000014 14.500000000000002 82.000000000000014 1065.6000000000006 86.000000000000014 288.00000000000006 107.60000000000001 82.000000000000014
decision_type=2 2 2 10 2 2 8 8 2 2 2 10 2 2
left_child=1 -1 6 4 8 -6 10 -8 -4 -7 13 -5 -12 -2
right_child=2 -3 3 11 5 9 7 -9 -10 -11 12 -13 -14 -15
leaf_value=-0.0072847452848435069 -1.6936112484687822e-05 0.011028384294624488 -0.00034593639883879996 0.0021886189336407392 -0.018226092694180011 0.0007323283642844446 -0.00015220935960932967 0.0049000012010736796 0.0017105583198295301 -0.00035931971015982876 4.4162773658246206e-05 -1.3225327245282435e-05 -0.0007630196318840197 0.00030621383321106536
leaf_weight=0.24080473612411868 0.0073483952437527486 0.39877548639196903 0.017058715849998407 0.074415068491362035 0.55608843064692337 0.019614443182945251 0.010705765394959599 0.2650896441336954 0.05751284962752834 0.0096729780125315301 0.011677130096359178 0.011788885516580194 0.025362058004247956 0.00822766765486449
leaf_count=657 16 137 59 39 151 1 37 314 47 52 10 30 70 10
internal_value=-0.00449348 0.00389568 -0.00895766 -0.0138489 -0.0159767 -0.0176472 0.00421487 0.0047383 0.00135598 0.000372974 -0.000423726 0.00215255 -0.000711345 0.000287199
internal_weight=1.71414 0.63958 1.07456 0.746151 0.659947 0.585376 0.328411 0.275795 0.0745716 0.0292874 0.0526153 0.086204 0.0370392 0.0155761
internal_count=1630 794 836 379 310 204 457 351 106 53 106 69 80 26
is_linear=0
shrinkage=0.05


Tree=614
num_leaves=5
num_cat=0
split_feature=17 52 29 1
split_gain=0.0729968 0.0235914 0.0271409 0.012887
threshold=0.9968553459119498 288.00000000000006 11.500000000000002 5.0000000000000009
decision_type=2 8 2 2
left_child=-1 3 -3 -2
right_child=1 2 -4 -5
leaf_value=-0.010758220530937631 -0.0054805019457316809 -0.00071550132625547013 0.010332376631091817 0.0025927762527201545
leaf_weight=0.40166442387271661 0.23926857649348665 0.73059771209955215 0.37794734080671333 0.074068416142836213
leaf_count=1216 30 3 327 54
internal_value=-0.00215586 0.00371291 0.00616502 -0.003051
internal_weight=1.82355 1.42188 1.10855 0.313337
internal_count=1630 414 330 84
is_linear=0
shrinkage=0.05


Tree=615
num_leaves=15
num_cat=0
split_feature=1 30 27 30 26 30 25 26 52 27 34 29 25 25
split_gain=0.177494 0.137178 0.120658 0.0264581 0.0193366 0.00498065 0.00365006 0.0034385 0.00256063 0.000989132 0.000487656 0.000427679 1.71258e-05 3.34753e-05
threshold=5.0000000000000009 115.68000000000002 140.80000000000004 94.000000000000014 120.70000000000003 96.060000000000016 198.00000000000003 93.600000000000009 588.00000000000011 575.20000000000039 129.50000000000003 99.500000000000014 276.20000000000005 238.00000000000003
decision_type=2 2 2 2 2 2 2 2 8 2 2 2 2 2
left_child=1 3 -3 8 5 7 -6 -2 -1 -4 11 -10 13 -8
right_child=4 2 9 -5 6 -7 12 -9 10 -11 -12 -13 -14 -15
leaf_value=-0.0044234932116510532 -0.0013097642926404452 -0.024700492679116531 0.0038016218630451738 0.0070130109679740248 0.010237569580032505 -0.0031930291084155044 -0.00017855376223863448 0.0030279789608070838 -0.00035327902859411662 -0.00020160730069248114 -0.00055415563577921158 0.0014343961004738841 -0.00036848227855012085 0.00023256152186753627
leaf_weight=0.13577115730731781 0.05537268507760007 0.89067688310024073 0.13688215152069461 0.32653788311290555 0.42192790008266456 0.10654257253918331 0.004783334181411191 0.092435120226582512 0.024241876148153096 0.067684998677577823 0.014994938435847871 0.04902973715797998 0.0099114082549931481 0.01195431814994663
leaf_count=132 202 131 70 297 205 326 20 52 66 15 61 22 10 21
internal_value=-0.00749573 -0.0142619 -0.0203289 0.00313391 0.00741855 -0.00128165 0.00983095 0.00167762 -0.00363033 0.00340931 0.00053334 0.00106486 -0.000307993 5.5013e-05
internal_weight=2.34875 1.64582 1.09524 0.550576 0.702927 0.25435 0.448577 0.147808 0.224038 0.204567 0.0882666 0.0732716 0.0266491 0.0167377
internal_count=1630 794 216 578 836 580 256 254 281 85 149 88 51 41
is_linear=0
shrinkage=0.05


Tree=616
num_leaves=15
num_cat=0
split_feature=33 1 27 1 2 33 52 48 25 26 2 29 34 13
split_gain=0.177122 0.25924 0.124917 0.0851182 0.114865 0.058271 0.0460777 0.0360634 0.0336357 0.0157972 0.00743291 0.00243391 0.0019111 0.00105763
threshold=124.00000000000001 5.0000000000000009 128.80000000000004 5.0000000000000009 1.0000000180025095e-35 82.000000000000014 236.00000000000003 80.000000000000014 590.00000000000011 115.20000000000002 1.0000000180025095e-35 23.500000000000004 22.500000000000004 0.69883720930232573
decision_type=2 2 2 2 2 2 8 8 2 2 2 2 2 2
left_child=3 2 -2 5 -5 13 -7 -6 -3 11 -4 -9 -13 -1
right_child=1 8 10 4 7 6 -8 9 -10 -11 -12 12 -14 -15
leaf_value=0.0045882997185310651 0.030000958875922204 -0.0089072614429164931 0.00232346011942575 -0.006590194691003512 -0.0021396089598544137 0.0033145937588968176 -0.013691878791076995 -8.121113020475333e-05 0.0039247048052414458 -0.00087179778704213123 -0.0033432149247246117 -7.7111964592756717e-05 0.017658488708633964 -0.00024745447029135895
leaf_weight=0.2710422887321331 1.2835643949219959 0.39105274305620685 0.24832316263928067 0.32971135427942488 0.062852262199157849 0.091593840799760073 0.72762786332168616 0.010561419709119946 0.10567557066679001 0.02922162449976895 0.099522389151388779 0.0065899838809855274 0.53285266619059257 0.016946937568718567
leaf_count=171 46 206 50 334 34 10 485 11 1 78 30 7 144 15
internal_value=0.0115611 0.0190793 0.0257404 0.000168155 0.00759399 -0.00686026 -0.0110137 0.0144553 -0.00537908 0.0164707 -0.000575371 0.0173601 0.0175325 0.00433255
internal_weight=4.20714 2.12814 1.63141 2.079 0.971789 1.10721 0.819222 0.642078 0.496728 0.579226 0.347846 0.550004 0.539443 0.287989
internal_count=1622 333 126 1289 608 681 495 274 207 240 80 162 151 186
is_linear=0
shrinkage=0.05


Tree=617
num_leaves=12
num_cat=0
split_feature=1 13 2 40 33 26 26 34 27 26 26
split_gain=0.0819096 0.0993316 0.0919996 0.0397116 0.0131558 0.000788618 0.0020731 0.000370303 0.000259262 3.26438e-05 6.32001e-05
threshold=5.0000000000000009 0.97000000000000008 1.0000000180025095e-35 17.000000000000004 86.000000000000014 117.60000000000001 146.00000000000003 22.500000000000004 80.40000000000002 238.00000000000003 1458.0000000000002
decision_type=2 2 2 10 2 2 2 2 2 2 2
left_child=1 -1 5 4 8 -2 -7 -6 -4 -8 -11
right_child=2 -3 3 -5 7 6 9 -9 -10 10 -12
leaf_value=-0.0072108709947092831 0.0050792690934762796 0.012782625073473634 -0.00035279736692901746 0.0021056184689187559 -2.063384082144246e-06 -0.0015416652207455345 0.001625876517032212 -0.01791668661567038 0.00089662260761303012 -0.0002866098317000116 0.00027357965762903253
leaf_weight=0.23780996186542314 0.23225188850483391 0.48556302394717932 0.015085859995451756 0.084987589667434804 0.0031207136053126297 0.048634980441420339 0.050647607509745285 0.56382028012012597 0.027240814924880397 0.0076993663678877056 0.0073378426022827625
leaf_count=670 240 137 55 65 9 148 36 207 25 25 5
internal_value=-0.00317345 0.00583954 -0.00922948 -0.0148579 -0.0170622 0.00470624 7.03118e-05 -0.0178823 0.000540068 0.00159052 -1.30334e-05
internal_weight=1.7642 0.723373 1.04083 0.694255 0.609268 0.346572 0.11432 0.566941 0.0423267 0.0656848 0.0150372
internal_count=1622 807 815 361 296 454 214 216 80 66 30
is_linear=0
shrinkage=0.05


Tree=618
num_leaves=15
num_cat=0
split_feature=26 53 1 34 26 34 32 31 25 32 31 28 52 29
split_gain=0.0737597 0.031471 0.0237056 0.00974127 0.00923152 0.00842113 0.00126696 0.0012612 0.000916699 0.00054955 0.000227103 0.000254862 0.000197503 8.61192e-05
threshold=102.80000000000003 269.00000000000006 5.0000000000000009 118.50000000000001 120.70000000000003 25.500000000000004 1446.0000000000002 1478.0000000000002 150.00000000000003 1450.0000000000002 299.2000000000001 86.000000000000014 236.00000000000003 25.500000000000004
decision_type=2 8 2 2 2 2 2 2 2 2 2 2 8 2
left_child=2 -2 3 5 -3 13 12 -5 -6 -8 11 -10 -4 -1
right_child=1 4 6 7 8 -7 9 -9 10 -11 -12 -13 -14 -15
leaf_value=0.00033024392834192929 -0.0056695740602091616 0.0067308570950195077 0.00019734810210930267 -0.0013737352950232292 -0.001735410622193348 -0.020391125794764067 0.001788891302495542 0.0010942471918883967 -0.00026770377068259938 -0.00037308335115767013 -0.00030625446322302694 0.0011425430788592507 -0.0012230504686900883 -0.00031774094822628807
leaf_weight=0.021664456857251935 0.18342974517145194 0.40407729588332586 0.0052828855114057651 0.060435464576585218 0.086541706245043315 0.38968788493366446 0.04965467844158411 0.039395459636580199 0.016141796266310848 0.010047086296253838 0.034051403010380454 0.06087278549966868 0.082401200867025182 0.029846723060472868
leaf_count=22 26 443 3 226 235 147 29 27 53 44 21 65 216 65
internal_value=-0.0108316 0.000828457 -0.0167441 -0.0185892 0.00511239 -0.0196552 0.000327218 -0.00029041 -0.00105394 0.00141633 0.000561069 0.000872846 -0.00103471 9.67561e-06
internal_weight=1.47353 0.785115 0.688416 0.54103 0.601685 0.441199 0.147386 0.0998309 0.197608 0.0597018 0.111066 0.0770146 0.0876841 0.0515112
internal_count=1622 843 779 487 817 234 292 253 374 73 139 118 219 87
is_linear=0
shrinkage=0.05


Tree=619
num_leaves=15
num_cat=0
split_feature=1 33 27 26 26 28 40 30 28 28 27 2 34 29
split_gain=0.134124 0.146696 0.12805 0.0254591 0.0194809 0.00400611 0.00338415 0.00311796 0.00221295 0.00214119 0.00178056 0.000698363 0.00067468 0.000567474
threshold=5.0000000000000009 114.00000000000001 140.80000000000004 93.600000000000009 120.70000000000003 110.00000000000001 1.0000000180025095e-35 96.060000000000016 134.00000000000003 78.000000000000014 93.200000000000017 1.0000000180025095e-35 129.50000000000003 99.500000000000014
decision_type=2 2 2 2 2 2 10 2 2 2 2 2 2 2
left_child=1 3 -3 6 7 -6 12 10 -7 -5 -2 -4 13 -1
right_child=4 2 11 9 5 8 -8 -9 -10 -11 -12 -13 -14 -15
leaf_value=-0.0003881248181900365 -0.00097640513253238097 -0.024502385125506662 -1.7853690136845705e-05 -0.00032049315646943624 -0.00043376673212073126 0.0095987172826697796 -0.0043350934079751423 -0.0030195178840149205 -0.00015694757764783988 0.007533130220341311 0.0021152240311050627 0.003891829037314764 -0.00060026802092915939 0.0017481221592472785
leaf_weight=0.017331436101813202 0.057905413006665074 0.84029975213343255 0.11707640861277469 0.0086171239818213508 0.02186534387874417 0.3494364088983275 0.12765759519243147 0.10966651035414543 0.027598764965659939 0.36269832038669847 0.067663047244423069 0.11912869145453442 0.019419621210545301 0.05839268714771606
leaf_count=61 190 68 47 31 68 150 141 324 28 332 55 28 79 20
internal_value=-0.00745474 -0.0130528 -0.0196273 0.00369926 0.00625595 0.00882717 -0.00330804 -0.00172053 0.00928922 0.00725007 0.0010887 0.00350712 0.000770148 0.0013529
internal_weight=2.30476 1.67062 1.0765 0.594117 0.634135 0.398901 0.222801 0.235235 0.377035 0.371315 0.125568 0.236205 0.0951437 0.0757241
internal_count=1622 807 143 664 815 246 301 569 178 363 245 75 160 81
is_linear=0
shrinkage=0.05


Tree=620
num_leaves=15
num_cat=0
split_feature=4 39 1 5 32 37 29 0 30 25 25 34 32 28
split_gain=0.240737 0.0715929 0.0512799 0.0360378 0.0270326 0.0262496 0.0101747 0.00802964 0.00724924 0.0044703 0.00494248 0.00276379 0.00114014 0.00109412
threshold=6.0000000000000009 12.500000000000002 5.0000000000000009 0.99724055188962224 106.80000000000003 192.00000000000003 24.500000000000004 188.50000000000003 117.76000000000001 127.60000000000001 128.72000000000003 24.500000000000004 103.20000000000002 70.000000000000014
decision_type=2 8 2 2 2 10 2 2 2 2 2 2 2 2
left_child=1 5 4 -3 12 -1 -7 -6 -4 -5 -11 -8 -2 -10
right_child=2 3 8 9 7 6 11 -9 13 10 -12 -13 -14 -15
leaf_value=-0.0036090517580202835 0.00083635619672310006 0.0030708742472004402 0.0021627589365970901 -0.01459257797159768 0.020461058774813128 -0.0013463879721957288 -0.0003254247287160165 0.00049082800152484699 0.00032423996773045359 -0.0008776532027361079 -0.0064828845426230328 0.0085000909919782305 -0.0015912444998179343 -0.0039848151435556275
leaf_weight=0.15402673592325378 0.063793413282837497 0.089130347361788265 0.12536457160604186 0.60545125009957712 0.65202083712210879 0.038307598326355219 0.018325350480154157 0.1036568532435922 0.008717344026081264 1.1505571594461796 0.20400578732369457 0.5023679017322138 0.044163423081045039 0.12206459573644679
leaf_count=82 78 117 173 416 37 5 8 179 13 97 82 107 49 173
internal_value=0.00183569 -0.00608691 0.0150307 -0.00976535 0.0180143 0.00401393 0.00708204 0.0195616 -0.00136151 -0.0111893 -0.00411663 0.00817974 -0.000696606 -0.00366486
internal_weight=3.88195 2.76217 1.11978 2.04914 0.863635 0.713028 0.559001 0.755678 0.256147 1.96001 1.35456 0.520693 0.107957 0.130782
internal_count=1616 914 702 712 343 202 120 216 359 595 179 115 127 186
is_linear=0
shrinkage=0.05


Tree=621
num_leaves=3
num_cat=0
split_feature=13 25
split_gain=0.184958 0.0668688
threshold=0.97000000000000008 590.00000000000011
decision_type=2 2
left_child=-1 -2
right_child=1 -3
leaf_value=-0.010110782622448737 0.017559909390426683 -0.0035490089845484091
leaf_weight=0.36883267035591416 0.83805919549195096 0.10578004224225879
leaf_count=1288 325 3
internal_value=0.00627489 0.0145854
internal_weight=1.31267 0.943839
internal_count=1616 328
is_linear=0
shrinkage=0.05


Tree=622
num_leaves=15
num_cat=0
split_feature=1 33 34 30 26 25 28 33 27 27 28 37 31 28
split_gain=0.0624607 0.0414302 0.0234739 0.00695846 0.00625988 0.00246571 0.00103702 0.000393545 0.000386452 0.00138697 0.000271847 0.000233074 0.000204826 0.000159772
threshold=5.0000000000000009 106.00000000000001 82.500000000000014 117.76000000000001 102.80000000000003 120.28000000000002 86.000000000000014 166.00000000000003 90.000000000000014 86.000000000000014 118.00000000000001 192.00000000000003 103.20000000000002 78.000000000000014
decision_type=2 2 2 2 2 2 2 2 2 2 2 8 2 2
left_child=1 4 -3 8 11 6 -5 -7 9 -2 13 -1 -6 -10
right_child=3 2 -4 5 12 7 -8 -9 10 -11 -12 -13 -14 -15
leaf_value=8.5956693290007856e-05 -0.0012189429189296262 -0.020136722471212558 0.00080020494780598203 -0.00025403839100217112 -6.5804474664898745e-05 -0.001003450408304449 0.0047254277419174744 0.00046757406856939767 6.7186447469795026e-05 0.0013689949906444798 0.00013830042294830041 -0.0024245172570162292 0.003093772803840128 -0.0023986061660768998
leaf_weight=0.028564982334500888 0.03895601244585134 0.68061704379942967 0.064999696507584304 0.0081257901474600658 0.010988654350512661 0.039676942120422609 0.15839083593164105 0.036875898687867448 0.013468323639244772 0.038358592297299765 0.0075412047735881052 0.12547185145376716 0.095581153698731214 0.072702193967415951
leaf_count=61 138 96 106 29 33 143 172 44 32 49 9 389 110 205
internal_value=-0.0123366 -0.0161035 -0.0188987 0.00173175 0.000541515 0.00374826 0.00447297 -0.000518737 -0.00188764 0.00014395 -0.00216287 -0.00228789 0.00300293 -0.00230617
internal_weight=1.42032 1.00622 0.745617 0.414096 0.260607 0.243069 0.166517 0.0765528 0.171026 0.0773146 0.0937117 0.154037 0.10657 0.0861705
internal_count=1616 795 202 821 593 388 201 187 433 187 246 450 143 237
is_linear=0
shrinkage=0.05


Tree=623
num_leaves=6
num_cat=0
split_feature=4 1 52 40 28
split_gain=0.0685191 0.030362 0.0221987 0.0100058 0.00876446
threshold=1.0000000180025095e-35 5.0000000000000009 302.00000000000006 19.500000000000004 122.00000000000001
decision_type=2 2 8 10 2
left_child=1 2 3 -1 -4
right_child=-2 -3 4 -5 -6
leaf_value=-0.0061117768034946425 -0.008329183992878476 0.010892608031233098 0.0063337673713885455 0.0017832670891623813 4.7704293341342742e-05
leaf_weight=0.34933736328093856 0.28534930589376006 0.42567681134096336 0.23544725803367339 0.057757207832764834 1.0338722988963125
leaf_count=64 1128 204 186 25 9
internal_value=0.00188488 0.00550945 0.00058342 -0.00452037 0.00349094
internal_weight=2.38744 2.10209 1.67641 0.407095 1.26932
internal_count=1616 488 284 89 195
is_linear=0
shrinkage=0.05


Tree=624
num_leaves=15
num_cat=0
split_feature=21 52 1 13 33 28 30 1 27 27 29 27 33 33
split_gain=0.0615583 0.040647 0.0336544 0.123929 0.0551161 0.0423649 0.0328167 0.0275884 0.0233493 0.0228206 0.0107468 0.00649914 0.00691646 0.00627416
threshold=1.0000000180025095e-35 302.00000000000006 5.0000000000000009 0.97000000000000008 124.00000000000001 98.000000000000014 131.64000000000001 5.0000000000000009 101.20000000000002 80.40000000000002 24.500000000000004 112.80000000000003 580.00000000000011 70.000000000000014
decision_type=2 8 2 2 2 2 2 2 2 2 2 2 2 2
left_child=1 7 4 -4 13 -5 -6 10 -8 -9 -1 -7 -13 -3
right_child=-2 2 3 5 6 11 8 9 -10 -11 -12 12 -14 -15
leaf_value=-0.0012161960140621673 0.010632384767193422 0.00041347131192993978 -0.0095570790656959777 -0.0030025771561276839 0.0042281839460941934 0.015404284518236028 0.0011629873538562441 0.0038933647810154843 -0.0088697746095138807 -0.0063833317473905807 0.0095262151352894821 -0.002498653601168205 0.0031684295242121159 -0.013444384830235266
leaf_weight=0.033123319968581089 0.39377923001302395 0.024778668623185562 0.33497078904474609 0.086629386525601149 1.0287430607713761 0.32186248898506165 0.68461447069421399 0.10502613382413983 0.29890865538618527 0.20304426507209428 0.50572022233973257 0.070918727462412789 0.12019175861496478 0.55847862588416319
leaf_count=3 468 11 330 98 11 1 12 2 54 117 116 49 3 369
internal_value=0.00142632 -0.00122526 -0.0035978 0.00269549 -0.00598328 0.0112359 -0.000326645 0.00525751 -0.00482064 -0.00258179 0.00850466 0.0140358 0.00073326 -0.0129664
internal_weight=4.77079 4.37701 3.5301 0.934573 2.59552 0.599602 2.01227 0.846914 0.983523 0.30807 0.538844 0.512973 0.19111 0.583257
internal_count=1644 1176 938 481 457 151 77 238 66 119 119 53 52 380
is_linear=0
shrinkage=0.05


Tree=625
num_leaves=6
num_cat=0
split_feature=13 1 2 32 27
split_gain=0.0723187 0.102524 0.0870484 0.0130537 0.00799838
threshold=0.97000000000000008 5.0000000000000009 1.0000000180025095e-35 115.60000000000002 588.00000000000011
decision_type=2 2 2 2 2
left_child=-1 -2 -3 -4 -5
right_child=1 2 3 4 -6
leaf_value=-0.010735246388337153 0.012633140594784291 0.0069053511000627165 -0.013417233825006626 0.0030573999789692712 -0.0029627596403724757
leaf_weight=0.40065278515248781 0.47836429195012897 0.22429650370031595 0.36750922910869122 0.087891566101461649 0.11948173865675926
leaf_count=1318 142 131 20 31 2
internal_value=-0.00233164 0.00386019 -0.00549397 -0.0116446 7.75596e-06
internal_weight=1.6782 1.27754 0.799179 0.574883 0.207373
internal_count=1644 326 184 53 33
is_linear=0
shrinkage=0.05


Tree=626
num_leaves=4
num_cat=0
split_feature=17 53 30
split_gain=0.0823925 0.0362608 0.0195926
threshold=0.9968553459119498 212.50000000000003 1462.0000000000002
decision_type=2 8 2
left_child=-1 -2 -3
right_child=1 2 -4
leaf_value=-0.010772623977203501 -0.0046391273377557884 0.010820246697341969 0.00050930674055926686
leaf_weight=0.40240428059041722 0.13409974332898844 0.40443265470094047 0.84104906162247062
leaf_count=1228 4 405 7
internal_value=-0.00152224 0.00456918 0.00718508
internal_weight=1.78199 1.37958 1.24548
internal_count=1644 416 412
is_linear=0
shrinkage=0.05


Tree=627
num_leaves=5
num_cat=0
split_feature=9 27 28 1
split_gain=0.0804824 0.0542251 0.00993345 0.0309311
threshold=0.9967765931068685 93.200000000000017 122.00000000000001 5.0000000000000009
decision_type=2 2 2 2
left_child=-1 -2 -3 -4
right_child=1 2 3 -5
leaf_value=-0.0097654398184796789 -0.0055284899108598547 0.011200052333328672 -0.0017577688436336951 0.0082686657281956736
leaf_weight=0.35177959684369886 0.27203485777135972 0.4213962813373654 1.2689875352662054 0.27593127533327777
leaf_count=1257 11 251 22 103
internal_value=0.000626287 0.00477069 0.00757897 0.00257843
internal_weight=2.59013 2.23835 1.96632 1.54492
internal_count=1644 387 376 125
is_linear=0
shrinkage=0.05


Tree=628
num_leaves=15
num_cat=0
split_feature=33 1 1 33 25 25 37 35 52 26 29 29 9 52
split_gain=0.0413981 0.0710027 0.0603746 0.0488636 0.0462213 0.0362827 0.0316998 0.0275495 0.0127624 0.0122004 0.00609498 0.00494681 0.00255388 0.000578456
threshold=110.00000000000001 5.0000000000000009 5.0000000000000009 82.000000000000014 590.00000000000011 119.84000000000002 192.00000000000003 1.0000000180025095e-35 268.00000000000006 98.100000000000009 24.500000000000004 28.500000000000004 1.0000000180025095e-35 252.00000000000003
decision_type=2 2 2 2 2 2 8 10 8 2 2 2 2 8
left_child=1 3 5 12 -4 9 -3 -7 -8 -2 -10 -12 -1 -5
right_child=2 6 4 13 -6 7 8 -9 10 -11 11 -13 -14 -15
leaf_value=-0.00048668519397543374 0.00087173126086173688 -0.0019732162703475493 -0.012208775277168064 4.5206494112561915e-05 0.0037964973945060032 4.0211190914384541e-06 -0.00074631201512681696 0.010544131219133373 -0.0002914692210802383 -0.0064081819774122421 0.016583740563978773 0.0006039899559164651 0.0057848383970749151 -0.0085095930067374346
leaf_weight=0.020597778318915294 0.7085019421065234 0.092015222326153889 0.56026105242199253 0.0093703380844090134 0.10225238651037216 1.0680472794629166 0.037444296292960644 0.48023650870891277 0.024649885075632483 0.20698346148128621 0.51809631523792632 0.13068752417166252 0.27345277450513095 0.41348200831271242
leaf_count=17 21 53 391 16 1 60 46 47 26 68 40 269 162 393
internal_value=0.00212982 0.00695232 -0.00133129 -0.00297776 -0.00894079 0.00270541 0.0125526 0.00612809 0.0144871 -0.00326038 0.015274 0.0156835 0.00530892 -0.00842148
internal_weight=4.64608 1.5198 3.12628 0.716903 0.662513 2.46377 0.802893 1.54828 0.710878 0.915485 0.673434 0.648784 0.294051 0.422852
internal_count=1610 1022 588 588 392 196 434 107 381 89 335 309 179 409
is_linear=0
shrinkage=0.05


Tree=629
num_leaves=15
num_cat=0
split_feature=25 1 2 40 28 9 39 30 25 48 27 30 25 27
split_gain=0.0446131 0.0544795 0.0423733 0.0303473 0.0138924 0.0119665 0.00445244 0.00218531 0.00119609 0.000545386 0.000195654 0.000112446 8.6839e-05 8.40634e-05
threshold=84.160000000000011 5.0000000000000009 1.0000000180025095e-35 17.000000000000004 98.000000000000014 0.0045964360587002111 12.500000000000002 444.40000000000009 99.920000000000016 80.000000000000014 112.80000000000003 238.00000000000003 242.00000000000003 116.20000000000003
decision_type=2 2 2 10 2 2 8 2 2 8 2 2 2 2
left_child=5 4 8 -4 12 -1 -6 -8 -3 13 -11 -12 -2 -10
right_child=1 2 3 -5 6 -7 7 -9 9 10 11 -13 -14 -15
leaf_value=0.0066143094876709545 -0.0027444211012317013 -0.00060049052418730594 -0.017136173748710945 0.0016494211469164925 -0.00081591378584569747 -0.0020034503703628363 0.0064774852947468422 -0.00033480365851608519 0.0002269580864899172 -7.9410775665715699e-05 0.0027564509278027137 -3.2194024161280538e-05 3.0951734519070501e-05 -0.00045449751299640853
leaf_weight=0.23757429057150159 0.11484468478010945 0.01626928687619511 0.46478049793950049 0.061740088669466786 0.026889846369158477 0.056413196085486561 0.28706882464757655 0.026164965092903003 0.015692041939473711 0.0082465268351370469 0.15446909009187948 0.013740351379965432 0.0062753555976087219 0.012263765835086815
leaf_count=189 382 65 222 38 79 186 114 16 25 30 176 36 14 38
internal_value=-0.00436512 -0.0076944 -0.0120878 -0.0152959 0.00282437 0.00469033 0.00533947 0.00608681 0.00182662 0.00235798 0.00260914 0.00269609 -0.00270128 -0.000223309
internal_weight=1.50243 1.20845 0.747202 0.526521 0.461244 0.293987 0.340124 0.313234 0.220681 0.204412 0.176456 0.168209 0.12112 0.0279558
internal_count=1610 1235 630 260 605 375 209 130 370 305 242 212 396 63
is_linear=0
shrinkage=0.05


Tree=630
num_leaves=4
num_cat=0
split_feature=17 53 30
split_gain=0.0782703 0.0364926 0.016863
threshold=0.9968553459119498 212.50000000000003 1462.0000000000002
decision_type=2 8 2
left_child=-1 -2 -3
right_child=1 2 -4
leaf_value=-0.010241951600849359 -0.0045837865600210108 0.010769515203570577 0.00078914500473768853
leaf_weight=0.37519732657528937 0.13237885851413 0.40142346231732517 0.8537234547547996
leaf_count=1208 4 390 8
internal_value=-0.000984456 0.00476013 0.00734121
internal_weight=1.76272 1.38753 1.25515
internal_count=1610 402 398
is_linear=0
shrinkage=0.05


Tree=631
num_leaves=5
num_cat=0
split_feature=9 32 33 1
split_gain=0.0685219 0.0519973 0.0306031 0.0469707
threshold=0.9967765931068685 90.800000000000026 124.00000000000001 5.0000000000000009
decision_type=2 2 2 2
left_child=-1 -2 -3 -4
right_child=1 2 3 -5
leaf_value=-0.0092442799401750344 -0.0057264200752560742 0.012209047295282421 -0.0034839448807120047 0.0085362985668313331
leaf_weight=0.32688286949269274 0.2616333439946178 0.476111233379925 1.2640505289309656 0.28564941114746023
leaf_count=1205 9 238 40 118
internal_value=0.000447677 0.00422338 0.00697624 0.00121068
internal_weight=2.61433 2.28744 2.02581 1.5497
internal_count=1610 405 396 158
is_linear=0
shrinkage=0.05


Tree=632
num_leaves=10
num_cat=0
split_feature=3 0 35 38 37 27 1 29 31
split_gain=0.0531418 0.0344024 0.029428 0.0536497 0.0528542 0.045145 0.0803887 0.0217206 0.00265796
threshold=1.5000000000000002 154.50000000000003 1.0000000180025095e-35 5.5000000000000009 192.00000000000003 101.20000000000002 5.0000000000000009 11.500000000000002 131.00000000000003
decision_type=2 2 10 10 8 2 2 2 2
left_child=1 2 5 4 -4 6 7 -1 -7
right_child=-2 -3 3 -5 -6 8 -8 -9 -10
leaf_value=0.0013075362663046433 0.009747071315686362 -0.0085160165117829003 -0.0041692111407099098 -0.0054584858890147263 0.012141181792688497 -0.0021034558345221829 0.01173541638935534 -0.0083179224219579115 -0.0086759680173189354
leaf_weight=0.6654021739959719 0.35090291322558176 0.29341499766451296 0.12382126803277083 0.16797429203870706 0.84789095201995224 1.2169709954468997 0.40174754429608583 0.26518521324032918 0.29199762755888503
leaf_count=2 491 805 28 44 58 64 33 42 61
internal_value=0.00102371 -0.00140464 0.000723969 0.00531609 0.00900239 -0.00202241 0.00347461 -0.00432311 -0.00632636
internal_weight=4.62531 4.27441 3.98099 1.13969 0.971712 2.8413 1.33233 0.930587 1.50897
internal_count=1628 1137 332 130 86 202 77 44 125
is_linear=0
shrinkage=0.05


Tree=633
num_leaves=15
num_cat=0
split_feature=1 13 28 40 2 27 33 33 27 30 0 31 0 30
split_gain=0.0761621 0.0929283 0.0837606 0.0307325 0.0238395 0.00204978 0.000595955 0.000581495 0.000709553 0.000134437 6.04172e-05 6.02412e-05 5.99835e-06 3.79112e-06
threshold=5.0000000000000009 0.97000000000000008 86.000000000000014 19.500000000000004 1.0000000180025095e-35 72.800000000000011 98.000000000000014 118.00000000000001 112.80000000000003 145.04000000000002 968.00000000000011 191.00000000000003 14447.000000000002 851.5200000000001
decision_type=2 2 2 10 2 2 2 2 2 2 2 2 2 2
left_child=1 -1 5 4 7 -2 -5 8 -4 -9 -8 -11 -12 -13
right_child=2 -3 3 6 -6 -7 10 9 -10 11 12 13 -14 -15
leaf_value=-0.0069064777006842062 -0.00039905662162603397 0.012590608710972673 -0.00048743358311266585 -0.00036429645126974755 -0.017206365723497118 0.0057112120158396978 0.0020233062354212098 -0.00075623916728861972 0.0017621092413879159 0.00040014772113871309 -9.8347169221971653e-05 -0.00020874611952561282 7.5716381526613448e-05 2.2360799532520369e-05
leaf_weight=0.22550466746906739 0.016255799433565699 0.47764590883161873 0.013166475691832602 0.0098073011613450944 0.54074235007283278 0.22631493664812297 0.080268929203157313 0.020574730267981067 0.06413377913122531 0.013406675527221523 0.009409307298483327 0.0055964845087146387 0.0050656194653129214 0.0032091531320475042
leaf_count=667 62 147 63 33 204 196 46 72 66 10 26 22 9 5
internal_value=-0.00263718 0.00595399 -0.00861087 -0.0135316 -0.015464 0.00531012 0.0016248 0.000738782 0.00128216 -0.000531046 0.00197539 0.000213293 -2.2842e-05 -0.000185845
internal_weight=1.7111 0.703151 1.00795 0.765381 0.66083 0.242571 0.104551 0.120087 0.0773003 0.042787 0.0947439 0.0222123 0.0144749 0.00880564
internal_count=1628 814 814 556 442 258 114 238 129 109 81 37 35 27
is_linear=0
shrinkage=0.05


Tree=634
num_leaves=6
num_cat=0
split_feature=4 25 3 29 53
split_gain=0.0524718 0.0149127 0.0179541 0.0134284 0.00828943
threshold=6.0000000000000009 1062.0000000000002 1.5000000000000002 11.500000000000002 110.00000000000001
decision_type=2 2 2 2 8
left_child=-1 2 3 -2 -5
right_child=1 -3 -4 4 -6
leaf_value=-0.0082311198231086961 0.00066942106751357385 -0.0025187729140372893 -0.002530831880863363 -0.00083167286460204555 0.010738873419602196
leaf_weight=0.28104277803504385 0.73633855581283547 0.098176394050824345 0.072356019212747813 0.022286694496870041 0.43562241594190709
leaf_count=932 3 10 285 1 397
internal_value=-0.00011162 0.00433406 0.00574214 0.00716833 0.00999154
internal_weight=1.64582 1.36478 1.2666 1.19425 0.457909
internal_count=1628 696 686 401 398
is_linear=0
shrinkage=0.05


Tree=635
num_leaves=5
num_cat=0
split_feature=9 32 1 28
split_gain=0.0686157 0.0529511 0.0197367 0.0302381
threshold=0.9967765931068685 90.800000000000026 5.0000000000000009 122.00000000000001
decision_type=2 2 2 2
left_child=-1 -2 3 -3
right_child=1 2 -4 -5
leaf_value=-0.0091947163060226416 -0.0057332433532886022 0.0075797716373047028 0.011593391221214095 -0.0022632159416137465
leaf_weight=0.32461448934918768 0.25562465889379415 0.25224408338544879 0.43578468001214776 1.2414037345442919
leaf_count=1237 9 181 179 22
internal_value=0.000480473 0.00435338 0.00719066 0.00177208
internal_weight=2.50967 2.18506 1.92943 1.49365
internal_count=1628 391 382 203
is_linear=0
shrinkage=0.05


Tree=636
num_leaves=15
num_cat=0
split_feature=27 33 33 1 28 3 52 4 38 4 17 26 13 17
split_gain=0.184737 0.0594662 0.0482593 0.0421533 0.0414416 0.0337024 0.013688 0.00650833 0.00563372 0.00537811 0.00528484 0.00424441 0.00319368 0.00270548
threshold=101.20000000000002 98.000000000000014 82.000000000000014 5.0000000000000009 118.00000000000001 1.5000000000000002 302.00000000000006 10.000000000000002 1.0000000180025095e-35 10.000000000000002 0.019000000000000003 81.200000000000017 1.0000000180025095e-35 0.9968553459119498
decision_type=2 2 2 2 2 2 8 2 10 2 2 2 2 2
left_child=1 2 11 4 9 7 -6 -5 -3 12 -4 -1 -2 -12
right_child=3 8 10 5 6 -7 -8 -9 -10 -11 13 -13 -14 -15
leaf_value=0.0079266917045639675 -0.0075937370208091146 0.020200010232996439 -0.0070960265015052012 -0.012365100346107034 0.0084214608985240923 0.0028879622533087867 0.00052830138697220667 0.00055948052664292946 0.00088010150460241616 0.00085565541305782338 0.0021075066853745153 -0.00032281000899893997 0.00038085079469263181 -0.0015270659755718015
leaf_weight=0.34341082954779245 0.2476887996454028 0.86215717691811733 0.23581907169136684 0.48077561626269005 0.28022499222424779 0.083391312888124958 1.2178711354499683 0.014970859512686729 0.13491532293846831 0.023192108666989952 0.059514481050428003 0.090994201513240114 0.038039531602407806 0.04239573806989938
leaf_count=162 202 68 201 404 31 126 29 1 18 16 89 139 63 71
internal_value=0.00580343 0.0147272 0.00122358 -0.00320836 0.00133568 -0.00925397 0.00478487 -0.0118617 0.0193355 -0.00626759 -0.00607618 0.00717832 -0.00706159 0.000581832
internal_weight=4.15536 1.76921 0.772134 2.38615 1.80702 0.579138 1.4981 0.495746 0.997072 0.30892 0.337729 0.434405 0.285728 0.10191
internal_count=1620 748 662 872 341 531 60 405 86 281 361 301 265 160
is_linear=0
shrinkage=0.05


Tree=637
num_leaves=11
num_cat=0
split_feature=28 1 25 13 28 25 33 28 28 52
split_gain=0.0558049 0.0606401 0.0454878 0.0312219 0.0107759 0.00566569 0.00303552 0.00199861 0.00110901 0.00032332
threshold=86.000000000000014 5.0000000000000009 114.72000000000001 0.97000000000000008 98.000000000000014 103.48000000000002 118.00000000000001 130.00000000000003 142.00000000000003 460.00000000000006
decision_type=2 2 2 2 2 2 2 2 2 10
left_child=3 4 -3 -1 -2 -6 -4 -7 -8 -9
right_child=1 2 6 -5 5 7 8 9 -10 -11
leaf_value=-0.0036201252504532615 -0.0022512011173370055 -0.01603218733237349 0.0031612387960454126 0.0090152914741969889 0.0065037183781333748 -0.0019122603422174992 -0.0017886219192246597 -0.00023095422774846886 0.0007399440951351261 0.0014926691040782205
leaf_weight=0.10681303098681394 0.063826989528024347 0.42765303084888728 0.11286587768699974 0.31453912606230006 0.20107390056364238 0.060585642218939029 0.060884730635734741 0.054495513439178467 0.028843722422607243 0.040228107594884932
leaf_count=416 235 192 103 206 49 133 233 33 17 3
internal_value=-0.00322227 -0.00770998 -0.0125788 0.0055188 0.00330769 0.00522898 0.00198055 -0.000622292 -0.00104268 0.0011959
internal_weight=1.47181 1.05046 0.630247 0.421352 0.42021 0.356383 0.202594 0.155309 0.0897285 0.0947236
internal_count=1620 998 545 622 453 218 353 169 250 36
is_linear=0
shrinkage=0.05


Tree=638
num_leaves=15
num_cat=0
split_feature=26 26 32 34 32 34 37 29 52 30 30 37 40 30
split_gain=0.0799684 0.0334102 0.0173074 0.0146947 0.00267919 0.00265313 0.000928954 0.000661279 0.000405743 0.000376828 0.000118578 8.32381e-05 7.99998e-05 2.53832e-05
threshold=102.80000000000003 120.70000000000003 1450.0000000000002 119.50000000000001 1446.0000000000002 24.500000000000004 192.00000000000003 351.50000000000006 236.00000000000003 100.88000000000001 100.88000000000001 192.00000000000003 14.500000000000002 94.000000000000014
decision_type=2 2 2 2 2 2 8 2 8 2 2 10 8 2
left_child=2 10 4 -4 8 11 -7 -5 -1 12 13 -3 -10 -2
right_child=1 5 3 7 -6 6 -8 -9 9 -11 -12 -13 -14 -15
leaf_value=0.00021249062119479937 0.00018642215498926252 0.00066210602413165553 -0.019443593196842062 0.0010462019996084506 0.0014766620002178992 0.00019074419252656106 -0.0053658354109278111 -0.00076093099320699684 2.3028692145197531e-05 0.00017212987046483143 0.0068422842900330728 -0.00015380043204987848 -0.0024819263168200257 -0.00016923731040678898
leaf_weight=0.0092146486131241545 0.0070340669917641208 0.041087077013798989 0.33896070193441119 0.034677615782129578 0.040619168838020414 0.0092580500640906394 0.24271124396182131 0.037547794781858101 0.01402271720871795 0.016668259733705781 0.35377428325591609 0.0078926544811110944 0.1803514493512921 0.0045325099345063791
leaf_count=12 14 52 21 20 25 15 306 153 31 29 417 11 496 18
internal_value=-0.00999938 0.00200401 -0.0159811 -0.0182408 -0.000777319 -0.00456696 -0.00517239 0.000273244 -0.00206247 -0.00225524 0.0067973 0.000509348 -0.00243324 1.75264e-05
internal_weight=1.33835 0.66629 0.672062 0.411186 0.260876 0.300949 0.251969 0.0722254 0.220257 0.211042 0.365341 0.0489797 0.194374 0.0115666
internal_count=1620 833 787 194 593 384 321 173 568 556 449 63 527 32
is_linear=0
shrinkage=0.05


Tree=639
num_leaves=6
num_cat=0
split_feature=27 4 33 35 31
split_gain=0.0507957 0.0398582 0.0147864 0.0337875 0.000670538
threshold=93.200000000000017 1.0000000180025095e-35 118.00000000000001 1.0000000180025095e-35 95.600000000000009
decision_type=2 2 2 10 2
left_child=-1 2 4 -4 -2
right_child=1 -3 3 -5 -6
leaf_value=-0.0077685402666282689 -2.231842500048176e-05 -0.0053792013429091396 0.0048014539523930557 -0.0054319644633804946 0.01013982827522255
leaf_weight=0.36093101964797858 0.01198832018417384 0.16737379465484981 1.3177562399068845 0.27958494500489894 0.39299799589207396
leaf_count=529 12 665 134 41 239
internal_value=0.000404496 0.00378603 0.00608865 0.00160854 0.0100372
internal_weight=2.53063 2.1697 2.00233 1.59734 0.404986
internal_count=1620 1091 426 175 251
is_linear=0
shrinkage=0.05


Tree=640
num_leaves=15
num_cat=0
split_feature=9 31 40 0 52 31 37 34 28 31 30 34 30 30
split_gain=0.10801 0.0426853 0.0452463 0.0228692 0.02178 0.00808017 0.00607722 0.00384296 0.00217369 0.0012912 0.00112864 0.00052082 0.000348736 0.000500215
threshold=0.9967765931068685 91.40000000000002 19.500000000000004 152.50000000000003 302.00000000000006 82.40000000000002 192.00000000000003 24.500000000000004 82.000000000000014 85.200000000000017 99.260000000000005 23.500000000000004 108.16000000000001 104.34000000000002
decision_type=2 2 10 2 8 2 10 2 2 2 2 2 2 2
left_child=1 5 3 7 6 -1 -2 11 -5 -7 -4 -3 13 -10
right_child=4 2 10 8 -6 9 -8 -9 12 -11 -12 -13 -14 -15
leaf_value=0.0022317183662228512 -0.001378191451285363 -0.00050251414711433419 0.00044400702769253588 0.0016785431737786839 -0.0047540813737368542 -0.0044464605096797899 0.0047238409035900075 0.016483083384955324 -0.00067193056231436071 0.00019303628004864392 -0.002969123463243328 0.0011966302098557354 -0.0017116235738437681 0.0008913736970237369
leaf_weight=0.087620412377873769 0.072033975360681901 0.058102066774154415 0.018295444722752907 0.093567069008713477 1.5576773050124757 0.13353719310543966 0.29942634611506946 1.5821254040929487 0.053594441604218446 0.080826376215554774 0.12021166397607885 0.068501368135912344 0.094942038689623587 0.02433758121333085
leaf_count=118 14 68 31 183 314 85 45 101 159 118 97 29 212 42
internal_value=0.00574354 0.0111828 0.0130396 0.0146126 -0.00256 -0.00184666 0.00339843 0.0159884 0.000131547 -0.0039787 -0.00252428 0.000662957 -0.001423 0.000190295
internal_weight=4.3448 2.41566 2.11368 1.97517 1.92914 0.301984 0.37146 1.70873 0.266441 0.214364 0.138507 0.126603 0.172874 0.077932
internal_count=1616 1243 922 794 373 321 59 198 596 203 128 97 413 201
is_linear=0
shrinkage=0.05


Tree=641
num_leaves=13
num_cat=0
split_feature=1 13 2 48 31 32 25 25 34 31 32 30
split_gain=0.0635535 0.0821247 0.0716129 0.0263103 0.0212785 0.0101814 0.00192155 0.00140543 0.00132322 0.000838851 0.000474215 0.000126571
threshold=5.0000000000000009 0.97000000000000008 1.0000000180025095e-35 80.000000000000014 1057.6000000000001 86.000000000000014 119.84000000000002 144.48000000000005 22.500000000000004 82.40000000000002 1446.0000000000002 83.840000000000018
decision_type=2 2 2 8 2 2 2 2 2 2 2 2
left_child=1 -1 6 -4 5 11 9 -8 -7 -2 -6 -5
right_child=2 -3 3 4 10 8 7 -9 -10 -11 -12 -13
leaf_value=-0.0065865863087038751 -0.00018212219553464433 0.011871378574306906 0.0017705934216034334 -0.0002121429241003941 0.001568972845495149 5.8310875746000378e-05 -0.0014444044123206828 0.0011621414097346126 -0.016576299315917638 0.0051149597220863166 -0.00036799362595623731 0.00072979787111772355
leaf_weight=0.21283309394493688 0.0086587183177471161 0.4382371015381068 0.059567038013483398 0.011092287837527692 0.047287555789807811 0.0050033169609378083 0.046196663650334813 0.045101782758138143 0.53994367922132369 0.22620702382118907 0.0099089140276191756 0.019821321126073599
leaf_count=650 12 143 34 37 18 12 141 46 209 243 57 14
internal_value=-0.00258945 0.00550275 -0.00792499 -0.0128739 -0.0144923 -0.0158251 0.00436728 -0.000271763 -0.0164847 0.00493033 0.00120273 0.000513881
internal_weight=1.66986 0.65107 1.01879 0.692624 0.633057 0.575861 0.326164 0.0912984 0.544947 0.234866 0.0571965 0.0309136
internal_count=1616 793 823 381 347 272 442 187 221 255 75 51
is_linear=0
shrinkage=0.05


Tree=642
num_leaves=15
num_cat=0
split_feature=0 1 33 28 33 28 28 30 34 0 32 52 34 32
split_gain=0.0356205 0.0273328 0.0348039 0.00597832 0.00348041 0.00143498 0.00131885 0.000865232 0.000141741 0.000104399 0.000104043 7.4871e-05 6.89644e-05 6.7692e-05
threshold=141.00000000000003 5.0000000000000009 106.00000000000001 86.000000000000014 118.00000000000001 122.00000000000001 122.00000000000001 87.760000000000005 74.500000000000014 188.50000000000003 102.20000000000002 236.00000000000003 25.500000000000004 93.200000000000031
decision_type=2 2 2 2 2 2 2 2 2 2 2 8 2 2
left_child=1 2 7 8 -3 -6 9 -1 -2 -5 13 -10 -9 -11
right_child=3 4 -4 6 5 -7 -8 12 11 10 -12 -13 -14 -15
leaf_value=-0.00056856070775864202 6.4910310652511555e-05 -0.0017869247790670791 -0.018727935206239815 -3.553216786022817e-05 0.0028341146631305552 -0.00058123938023320744 -0.00049544235581989548 0.0018912384562671349 3.2596112788118327e-05 0.00028323116118286377 0.0031574119715899298 -0.0025021584398664505 -2.5967255927921587e-05 -0.00029592778047390255
leaf_weight=0.015389288208098151 0.0055674130853731177 0.07758642420230899 0.68313548517471645 0.0042063925502588964 0.091430327054695226 0.032790978148113936 0.021947688146610744 0.073358980371267535 0.0038243670423980794 0.010974007192999125 0.22580248942540493 0.12968244285730179 0.021097160875797272 0.0079529298527631909
leaf_count=53 8 115 93 11 54 40 85 64 7 19 524 470 33 40
internal_value=-0.0120347 -0.0148026 -0.0167852 0.000416872 0.0004721 0.00221748 0.00260954 0.001285 -0.0023955 0.0030608 0.00309981 -0.00246485 0.00183056 -1.17201e-05
internal_weight=1.40475 0.994789 0.792981 0.409958 0.201808 0.124221 0.270884 0.109845 0.139074 0.248936 0.244729 0.133507 0.0944561 0.0189269
internal_count=1616 452 243 1164 209 94 679 150 485 594 583 477 97 59
is_linear=0
shrinkage=0.05


Tree=643
num_leaves=5
num_cat=0
split_feature=9 35 33 26
split_gain=0.0812062 0.0246966 0.0169471 0.0275379
threshold=0.9967765931068685 inf 124.00000000000001 93.600000000000009
decision_type=2 8 2 2
left_child=-1 2 3 -2
right_child=1 -3 -4 -5
leaf_value=-0.0092534321219085221 -0.0041714613484263299 0.007799236504626831 -0.0052328446327447667 0.0070792066357392401
leaf_weight=0.32731526629504548 0.1158872023224834 1.5486552907677831 0.23965860297903419 0.22926870419178158
leaf_count=1243 2 268 21 82
internal_value=0.00148977 0.00556507 -0.00153934 0.00300885
internal_weight=2.46079 2.13347 0.584815 0.345156
internal_count=1616 373 105 84
is_linear=0
shrinkage=0.05


Tree=644
num_leaves=13
num_cat=0
split_feature=17 21 53 32 38 32 28 28 52 27 3 33
split_gain=0.20441 0.0627165 0.0566825 0.0257827 0.0170729 0.0325611 0.0204268 0.0197819 0.0121588 0.00587566 0.00553152 0.00167757
threshold=0.9968553459119498 1.0000000180025095e-35 110.00000000000001 128.40000000000003 1.0000000180025095e-35 82.800000000000011 98.000000000000014 118.00000000000001 302.00000000000006 108.40000000000002 1.5000000000000002 182.00000000000003
decision_type=2 2 8 2 10 2 2 2 8 2 2 2
left_child=1 3 -2 4 6 -6 -1 -7 11 -8 -10 -5
right_child=2 -3 -4 8 5 7 9 -9 10 -11 -12 -13
leaf_value=-0.0039828971445108044 0.0023140282982359972 0.0097767770707814783 -0.022664619040305888 -0.00094499971547061599 0.0043109822626203461 -0.0098330642299444496 0.0064762491837750003 0.0019815378954222656 -0.0099955402535911349 0.00087574246743678567 0.00060364757531056385 0.0021289043645853971
leaf_weight=0.14959580686991225 0.064552657306194194 0.35095503801130679 0.68381197612325195 0.025803055585129075 0.1259920397424138 0.34954061932512559 0.52429634678992432 0.094656790664885193 0.35776805353816599 1.2140105174039488 0.016343296971172094 0.059732930676545948
leaf_count=154 3 437 405 45 5 106 11 16 360 54 12 14
internal_value=-0.00661303 0.000590715 -0.0204188 -0.0027277 0.000284845 -0.00397843 0.00250421 -0.00768663 -0.00799606 0.00431311 -0.00943018 0.0011853
internal_weight=4.01706 3.26869 0.748365 2.91774 2.45809 0.570189 1.8879 0.444197 0.459647 1.73831 0.374111 0.085536
internal_count=1622 1214 408 777 346 127 219 122 431 65 372 59
is_linear=0
shrinkage=0.05


Tree=645
num_leaves=14
num_cat=0
split_feature=1 28 25 4 4 40 27 34 29 28 29 34 31
split_gain=0.0328082 0.0523363 0.0515855 0.0323149 0.0368874 0.0115594 0.00208376 0.00065362 0.000444278 0.00018927 0.0001826 1.48299e-05 1.05038e-05
threshold=5.0000000000000009 86.000000000000014 114.72000000000001 1.0000000180025095e-35 6.0000000000000009 25.500000000000004 72.800000000000011 350.00000000000006 24.500000000000004 118.00000000000001 17.500000000000004 537.50000000000011 131.00000000000003
decision_type=2 2 2 2 2 10 2 2 2 2 2 2 2
left_child=3 6 5 -1 -5 8 -2 10 -3 11 -4 -9 -13
right_child=1 2 7 4 -6 -7 -8 9 -10 -11 -12 12 -14
leaf_value=-0.0038587605259734151 -0.00041270135825359239 -6.5296206642367327e-06 -6.3446507286310481e-05 0.011527333485872015 -0.003256525194902278 0.00075054333765503707 0.0056291758745854936 -4.1247411157522003e-05 -0.014442420569333063 -0.00057711672083587344 0.0034341003728016253 -2.7348436083959128e-05 0.00046910330233343
leaf_weight=0.11457484029233456 0.016560369258513674 0.0062596029238193287 0.0016943808004725716 0.43178823025664315 0.095008658259757794 0.034606729881488718 0.22487465714220889 0.0032803710928419596 0.3424385633552447 0.015627441884134896 0.1970399779456784 0.0026544305728748432 0.022996314233751036
leaf_count=286 66 17 6 159 337 26 219 13 152 85 194 11 51
internal_value=0.000146424 -0.00442737 -0.00906552 0.00526261 0.00847446 -0.0134592 0.00521614 0.00311443 -0.0143803 -0.000167581 0.00337623 0.000399528 0.000441154
internal_weight=1.5094 0.868033 0.626598 0.641372 0.526797 0.383305 0.241435 0.243293 0.348698 0.0445586 0.198734 0.0289311 0.0256507
internal_count=1622 840 555 782 496 195 285 360 169 160 200 75 62
is_linear=0
shrinkage=0.05


Tree=646
num_leaves=3
num_cat=0
split_feature=17 53
split_gain=0.292084 0.0580932
threshold=0.9968553459119498 110.00000000000001
decision_type=2 8
left_child=-1 -2
right_child=1 -3
leaf_value=-0.010198671251342904 -0.0021869124091443014 0.024167813725589737
leaf_weight=0.37298068725067424 0.060855587013065815 0.84903108997968957
leaf_count=1214 3 405
internal_value=0.0124249 0.022183
internal_weight=1.28287 0.909887
internal_count=1622 408
is_linear=0
shrinkage=0.05


Tree=647
num_leaves=7
num_cat=0
split_feature=9 1 2 48 30 27
split_gain=0.075739 0.0336707 0.0273346 0.012981 0.00289899 0.011251
threshold=0.9967765931068685 5.0000000000000009 1.0000000180025095e-35 80.000000000000014 124.24000000000002 93.200000000000017
decision_type=2 2 2 8 2 2
left_child=-1 2 4 -4 5 -2
right_child=1 -3 3 -5 -6 -7
leaf_value=-0.009079344489729314 -0.0032228482466670791 0.01099822998009726 -0.0017075135838924803 0.0078202582395678431 -0.0036207164421935031 0.003866416333515327
leaf_weight=0.31919581958209198 0.13697053678333793 0.4069507211097515 0.082065627677366026 0.25951772759435698 1.1249410255695691 0.11356816021725535
leaf_count=1230 6 187 12 129 17 41
internal_value=0.00129126 0.00525718 0.000349472 0.00596468 -0.00296891 0.000512767
internal_weight=2.44321 2.12401 1.71706 0.341583 1.37548 0.250539
internal_count=1622 392 205 141 64 47
is_linear=0
shrinkage=0.05


Tree=648
num_leaves=15
num_cat=0
split_feature=35 21 37 40 39 29 28 1 33 30 34 33 33 26
split_gain=0.0767831 0.0700816 0.053485 0.034316 0.0354738 0.0183568 0.0124033 0.011633 0.0157725 0.0106456 0.00875808 0.00449537 0.00275949 0.000971967
threshold=1.0000000180025095e-35 1.0000000180025095e-35 192.00000000000003 19.500000000000004 12.500000000000002 24.500000000000004 74.000000000000014 5.0000000000000009 124.00000000000001 131.64000000000001 24.500000000000004 70.000000000000014 82.000000000000014 93.600000000000009
decision_type=10 2 8 10 10 2 2 2 2 2 2 2 2 2
left_child=1 7 12 4 5 -4 -7 8 11 -10 -8 -1 -2 -5
right_child=2 -3 3 13 -6 6 10 -9 9 -11 -12 -13 -14 -15
leaf_value=0.00061773555960783837 0.00057901690750156458 0.0068241776143253222 -0.0012761846521411786 0.00035225311551116668 -0.0024890164103515675 -0.00067972649526323457 -0.00046894573851708377 -0.012141307652014087 0.0024739613401226785 -0.0028340528060765984 0.015528472494782409 -0.0080996956471128517 -0.0053862011204207812 -0.0029669299268022219
leaf_weight=0.017176848181408189 0.020384809438837359 0.2210528619471005 0.038824812392703967 0.037425898743094987 0.092480401537613832 0.044865415839012712 0.029598154913401231 0.46787778465659347 0.93596500088460721 0.84717343057855032 0.88704571666312404 0.2761127429548651 0.2088888679863885 0.11673958928440697
leaf_count=9 36 242 8 63 61 35 24 409 10 47 156 261 139 103
internal_value=-0.000848199 -0.00521664 0.00613693 0.00939799 0.0114988 0.0133898 0.0143307 -0.007893 -0.00330034 -0.000160066 0.0150368 -0.00750627 -0.00481626 -0.0025541
internal_weight=4.24161 2.76536 1.47625 1.24698 1.09281 1.00033 0.961509 2.54431 2.07643 1.78314 0.916644 0.29329 0.229274 0.154165
internal_count=1603 978 625 450 284 223 215 736 327 57 180 270 175 166
is_linear=0
shrinkage=0.05


Tree=649
num_leaves=3
num_cat=0
split_feature=13 52
split_gain=0.134327 0.0875133
threshold=0.97000000000000008 588.00000000000011
decision_type=2 10
left_child=-1 -2
right_child=1 -3
leaf_value=-0.010010632584834984 0.01551513939293377 -0.0051520031354824834
leaf_weight=0.36381671683921013 0.68514965672511607 0.1709227254614234
leaf_count=1278 322 3
internal_value=0.00291009 0.0108362
internal_weight=1.21989 0.856072
internal_count=1603 325
is_linear=0
shrinkage=0.05


Tree=650
num_leaves=4
num_cat=0
split_feature=17 53 29
split_gain=0.0758129 0.0457296 0.00807456
threshold=0.9968553459119498 212.50000000000003 11.500000000000002
decision_type=2 8 2
left_child=-1 -2 -3
right_child=1 2 -4
leaf_value=-0.010032870499524366 -0.0051945886526310846 0.0014520643583850945 0.010537740797671788
leaf_weight=0.36473055245005515 0.15340188983827818 0.75494066067039967 0.38863836860400625
leaf_count=1208 5 4 386
internal_value=-0.000940078 0.00487159 0.00801529
internal_weight=1.66171 1.29698 1.14358
internal_count=1603 395 390
is_linear=0
shrinkage=0.05


Tree=651
num_leaves=6
num_cat=0
split_feature=9 32 28 32 25
split_gain=0.0592526 0.0358595 0.0342408 0.00142374 0.00387213
threshold=0.9967765931068685 90.800000000000026 122.00000000000001 136.80000000000004 572.00000000000011
decision_type=2 2 2 2 2
left_child=-1 -2 -3 -4 -5
right_child=1 2 3 4 -6
leaf_value=-0.0088590706218721199 -0.0045423400257466216 0.011592657807755619 -0.00039248687178842356 0.0031888797216245626 -0.0014200177597268164
leaf_weight=0.30905059554061187 0.2751538418233398 0.44257783511420701 1.3429134151665492 0.11292215538560402 0.039061535149812698
leaf_count=1193 12 272 35 86 5
internal_value=0.000138594 0.00376173 0.00608592 0.000462515 0.00179993
internal_weight=2.52168 2.21263 1.93747 1.4949 0.151984
internal_count=1603 410 398 126 91
is_linear=0
shrinkage=0.05


Tree=652
num_leaves=15
num_cat=0
split_feature=40 35 33 38 37 31 3 30 32 30 29 29 4 33
split_gain=0.025153 0.0397257 0.0446233 0.0426883 0.0432125 0.038251 0.0120407 0.00788053 0.00970099 0.0047798 0.00475857 0.00353329 0.00179964 0.00164975
threshold=19.500000000000004 1.0000000180025095e-35 110.00000000000001 5.5000000000000009 192.00000000000003 99.100000000000009 2.5000000000000004 1478.0000000000002 141.20000000000002 70.440000000000012 24.500000000000004 26.500000000000004 6.0000000000000009 78.000000000000014
decision_type=10 10 2 10 8 2 2 2 2 2 2 2 2 2
left_child=1 2 5 4 -3 9 -2 8 -4 -1 -7 -12 -11 -5
right_child=6 3 7 13 -6 10 -8 -9 -10 12 11 -13 -14 -15
leaf_value=0.0012327532522458762 -0.006112041857469391 -0.0026135579843553709 -0.00060999904244010293 0.00051435481347749735 0.014513485456064025 -0.00045718589760424829 0.0021964215572587995 0.00067067709936681312 -0.0075837008433151977 -0.0048927070920900678 0.011157819513648299 0.00028424263347108622 0.00035795794100031755 -0.0036770259279015659
leaf_weight=0.039285505190492009 0.19301875474047836 0.12431041046511349 1.1295198996522233 0.02296598523389537 0.89700347771577083 0.020613367902114987 0.062180817942135036 0.68877392265130755 0.29300106888695143 0.16050663986243308 0.47785117663443089 0.13502465220517479 0.041497541795251891 0.11994116850837599
leaf_count=57 156 105 93 43 150 13 91 10 285 130 17 327 69 92
internal_value=0.00340255 0.00453397 0.000589419 0.00970409 0.0121672 0.00657229 -0.00395059 -0.00320513 -0.00458396 -0.00324181 0.0100066 0.0104238 -0.00441363 -0.00314276
internal_weight=4.40549 4.15029 2.98607 1.16422 1.02131 0.874779 0.2552 2.11129 1.42252 0.24129 0.633489 0.612876 0.202004 0.142907
internal_count=1638 1391 1001 390 255 613 247 388 378 256 357 344 199 135
is_linear=0
shrinkage=0.05


Tree=653
num_leaves=15
num_cat=0
split_feature=28 1 2 9 40 28 28 4 39 28 28 28 29 29
split_gain=0.0541941 0.0477072 0.024311 0.0236811 0.0172313 0.00871096 0.00665965 0.00350937 0.00275398 0.000849443 0.000829957 0.00102187 0.000111182 3.87702e-05
threshold=86.000000000000014 5.0000000000000009 1.0000000180025095e-35 1.0000000180025095e-35 17.000000000000004 98.000000000000014 102.00000000000001 6.0000000000000009 12.500000000000002 114.00000000000001 118.00000000000001 142.00000000000003 18.500000000000004 26.500000000000004
decision_type=2 2 2 2 10 2 2 2 10 2 2 2 2 2
left_child=3 5 9 7 -4 -2 -7 -1 12 13 -11 -12 -8 -3
right_child=1 2 4 -5 -6 6 8 -9 -10 10 11 -13 -14 -15
leaf_value=0.0084817058400307923 -0.0021444149963476388 6.3371880494056762e-05 -0.015479870853954764 -0.0031284387240483828 0.001080254337494962 0.0059500166119624068 5.3103281308713482e-05 -0.00046078518694196707 0.0013664059670391317 0.0020816613699474007 -0.0013492902303241093 0.00091487349019748272 -0.0024332029407346783 -0.00070154850343943833
leaf_weight=0.29611560603370901 0.060607198465731704 0.016163543608854525 0.45499702909000916 0.090982430236181244 0.038013830475392751 0.18061027600197122 0.0032618652330711475 0.012438275662134402 0.040778756374493241 0.060355297231581062 0.037291558022843674 0.030011239898158237 0.082201618264662102 0.033463650121120736
leaf_count=221 228 26 203 352 26 46 4 58 10 37 119 13 160 135
internal_value=-0.00394139 -0.0082051 -0.012161 0.00508289 -0.0143347 0.0026271 0.00448929 0.00804457 -0.00102803 0.000925345 0.00155191 -0.000428442 -0.00237681 -0.000629394
internal_weight=1.43729 1.03776 0.670296 0.399536 0.493011 0.36746 0.306853 0.308554 0.126242 0.177285 0.127658 0.0673028 0.0854635 0.0496272
internal_count=1638 1007 559 631 229 448 220 279 174 330 169 132 164 161
is_linear=0
shrinkage=0.05


Tree=654
num_leaves=5
num_cat=0
split_feature=4 53 21 30
split_gain=0.0219545 0.0232743 0.0193145 0.0319871
threshold=6.0000000000000009 212.50000000000003 1.0000000180025095e-35 1462.0000000000002
decision_type=2 8 2 2
left_child=-1 -2 3 -3
right_child=1 2 -4 -5
leaf_value=-0.0075657114239425036 -0.005110960532428644 0.010196135004863606 -0.0033416674036260011 -0.0012451772309978015
leaf_weight=0.25259524359717045 0.15070708698476631 0.3828426728287011 0.097531314968364424 0.75251950151869096
leaf_count=912 6 418 286 16
internal_value=-0.00269636 0.000993728 0.0036947 0.005581
internal_weight=1.6362 1.3836 1.23289 1.13536
internal_count=1638 726 720 434
is_linear=0
shrinkage=0.05


Tree=655
num_leaves=8
num_cat=0
split_feature=4 52 40 34 33 1 34
split_gain=0.0412436 0.0380232 0.0183445 0.00598909 0.000759768 0.0135757 0.000429508
threshold=1.0000000180025095e-35 302.00000000000006 19.500000000000004 23.500000000000004 118.00000000000001 5.0000000000000009 18.500000000000004
decision_type=2 8 10 2 2 2 2
left_child=1 2 3 -1 6 -6 -3
right_child=-2 4 -4 -5 5 -7 -8
leaf_value=0.00086912207620736025 -0.0079985629591612026 -6.2236991238238251e-05 0.0028088470219783425 -0.0075951122448750519 -0.00093871760501627931 0.0060297816355203608 0.0078043194926993055
leaf_weight=0.025616779690609159 0.27091131688212033 0.001661422837059833 0.09032858804857824 0.41241792367509333 1.1608437540708108 0.19256329926429305 0.3019467491103569
leaf_count=6 1149 3 43 67 36 109 225
internal_value=-0.000485504 0.00266449 -0.00443188 -0.00683995 0.00574364 0.00219362 0.00774655
internal_weight=2.45629 2.18538 0.528363 0.438035 1.65702 1.35341 0.303608
internal_count=1638 489 116 73 373 145 228
is_linear=0
shrinkage=0.05


Tree=656
num_leaves=15
num_cat=0
split_feature=9 52 1 13 2 17 48 31 37 33 13 13 52 29
split_gain=0.292576 0.246608 0.0386911 0.0900614 0.0607946 0.0361598 0.0261909 0.0174979 0.0171089 0.0117654 0.00183183 0.0028201 0.00100443 0.0001713
threshold=0.9967765931068685 302.00000000000006 5.0000000000000009 0.97000000000000008 1.0000000180025095e-35 0.9968553459119498 80.000000000000014 1057.6000000000001 192.00000000000003 1478.0000000000002 0.97000000000000008 0.0017353288950193995 460.00000000000006 28.500000000000004
decision_type=2 8 2 2 2 2 8 2 8 2 2 2 10 2
left_child=2 8 3 9 10 6 -6 -8 -2 12 11 -4 -1 -14
right_child=1 -3 4 -5 5 -7 7 -9 -10 -11 -12 -13 13 -15
leaf_value=0.0082756821199081679 -0.0026499455479239101 -0.028008849865844704 -0.0016732214881397386 -0.010780619187877628 -0.0015836083538506435 -0.0024025397552285732 0.017348971219837462 -0.00080816666684181714 0.0068939194956143673 0.0001082932827920884 -0.0044561371874438467 0.0019705994315193007 -0.00045193574482444825 0.00046425336300647463
leaf_weight=0.45162378488748778 0.074856587161775789 0.80220033545629132 0.078258686902699992 0.37993955162528448 0.046142856735968962 0.068117514209006913 0.6040488088328857 0.051181953720515594 0.41342382054426707 0.71669461682904512 0.13397018304385711 0.055432856548577547 0.018446205678628758 0.022776919679017738
leaf_count=382 17 334 95 141 18 138 137 34 55 14 133 82 14 51
internal_value=-0.00574851 -0.0190274 0.00422314 -0.00102838 0.00882542 0.0128603 0.0148835 0.0162993 0.00463335 0.00552768 -0.00376872 0.000243161 0.00805691 1.39791e-05
internal_weight=3.91711 1.29048 2.62663 1.58948 1.03715 0.769491 0.701374 0.655231 0.48828 1.20954 0.267662 0.133692 0.492847 0.0412231
internal_count=1645 406 1239 602 637 327 189 171 72 461 310 177 447 65
is_linear=0
shrinkage=0.05


Tree=657
num_leaves=6
num_cat=0
split_feature=13 2 52 32 32
split_gain=0.0526391 0.0400381 0.0309591 0.00406314 0.00364441
threshold=0.97000000000000008 1.0000000180025095e-35 588.00000000000011 108.40000000000002 730.00000000000011
decision_type=2 2 8 2 2
left_child=-1 -2 -3 -4 -5
right_child=1 2 3 4 -6
leaf_value=-0.0098479259777854555 0.0089244558396666691 0.0048394957736831419 -0.0068216166662180642 -0.0018954137049028116 0.0021866444597928628
leaf_weight=0.3558220692211761 0.30992807989241555 0.14591656508855522 0.60837767116026953 0.13088011549552903 0.061314968537772074
leaf_count=1322 184 47 38 21 33
internal_value=-0.00264543 0.00285477 -0.00269657 -0.00599504 0.000148661
internal_weight=1.61224 1.25642 0.946489 0.800573 0.192195
internal_count=1645 323 139 92 54
is_linear=0
shrinkage=0.05


Tree=658
num_leaves=4
num_cat=0
split_feature=17 53 33
split_gain=0.0543302 0.0326816 0.022856
threshold=0.9968553459119498 212.50000000000003 1462.0000000000002
decision_type=2 8 2
left_child=-1 -2 -3
right_child=1 2 -4
leaf_value=-0.0099578397501721913 -0.0050216817963539542 0.0097611766690054568 -0.00045973467729499347
leaf_weight=0.36104697309201572 0.14780185278505076 0.35081542131956667 0.77583741210401058
leaf_count=1241 5 393 6
internal_value=-0.00263625 0.0029041 0.00581625
internal_weight=1.6355 1.27445 1.12665
internal_count=1645 404 399
is_linear=0
shrinkage=0.05


Tree=659
num_leaves=5
num_cat=0
split_feature=9 52 26 33
split_gain=0.248945 0.213092 0.0167038 0.0168212
threshold=0.9967765931068685 302.00000000000006 93.600000000000009 124.00000000000001
decision_type=2 8 2 2
left_child=-1 2 -2 -4
right_child=1 -3 3 -5
leaf_value=-0.0088443382289176749 -0.0060750360777652376 0.029057304608616163 0.0057792610627386103 -0.0030348305227627711
leaf_weight=0.30840229981549772 0.18181132711470116 0.981785055686487 0.17992573732044548 0.16267751785926521
leaf_count=1239 4 334 52 16
internal_value=0.0149664 0.0214254 -0.00255113 0.00245089
internal_weight=1.8146 1.5062 0.524415 0.342603
internal_count=1645 406 72 68
is_linear=0
shrinkage=0.05


Tree=660
num_leaves=15
num_cat=0
split_feature=35 26 1 38 37 25 21 40 27 29 27 3 33 27
split_gain=0.0869353 0.112402 0.0940077 0.0419051 0.0473668 0.0410202 0.0229559 0.0222136 0.0193063 0.0168297 0.00411327 0.00305658 0.00273041 0.00254062
threshold=1.0000000180025095e-35 109.20000000000002 5.0000000000000009 5.5000000000000009 192.00000000000003 97.040000000000006 0.00019178241947741782 19.500000000000004 93.200000000000017 24.500000000000004 104.80000000000001 1.5000000000000002 78.000000000000014 70.000000000000014
decision_type=10 2 2 10 8 2 2 10 2 2 2 2 2 2
left_child=1 2 8 4 -2 13 -3 9 11 -6 -10 -1 -5 -4
right_child=3 6 5 12 7 -7 -8 -9 10 -11 -12 -13 -14 -15
leaf_value=-0.00096631750769374117 -0.0034459294251335663 -0.014547059656994363 0.00090807663395970999 0.00063634838496413339 -0.0011977197959691837 0.014678209831606268 0.0015781350823778227 -0.0015232088438599028 -0.009147272472840029 0.014242256271947629 0.00044946102459631724 0.0024638668826240709 -0.0045934672250804824 -0.0032739595445260951
leaf_weight=0.75077853885886747 0.17082349881820813 1.1351916104467816 0.028733215964166336 0.043374942484660894 0.03387606964679446 0.3717854338028701 0.043759321677498408 0.072367083412245847 0.3189337526273448 0.87317387388611678 0.023906046772026457 0.070271856006002054 0.17539948094054125 0.11850362186669372
leaf_count=61 158 380 49 71 4 46 47 77 150 145 22 97 146 152
internal_value=-0.00145836 -0.00586899 0.00251531 0.00634724 0.00919521 0.0114597 -0.013499 0.012027 -0.00492596 0.0133399 -0.00864172 0.000519041 -0.00388522 -0.00237768
internal_weight=4.23088 2.86186 1.68291 1.36901 1.15024 0.519022 1.17895 0.979417 1.16389 0.90705 0.34284 0.82105 0.218774 0.147237
internal_count=1605 1004 577 601 384 247 427 226 330 149 172 158 217 201
is_linear=0
shrinkage=0.05


Tree=661
num_leaves=11
num_cat=0
split_feature=1 2 13 29 25 25 30 33 33 25
split_gain=0.0656461 0.0807689 0.0771427 0.0148897 0.00157293 0.00133981 0.000353894 0.000429285 1.59013e-05 1.66515e-05
threshold=5.0000000000000009 1.0000000180025095e-35 0.97000000000000008 26.500000000000004 119.84000000000002 144.48000000000005 117.76000000000001 82.000000000000014 222.00000000000003 87.38000000000001
decision_type=2 2 2 2 2 2 2 2 2 2
left_child=2 4 -1 -3 -2 -6 7 -5 9 -8
right_child=1 3 -4 6 5 -7 8 -9 -10 -11
leaf_value=-0.0063131593894196862 0.0051886751489621354 -0.014953241021132041 0.011722123594610497 -0.00037963918702188011 -0.0013559441784948161 0.0011832818979487661 3.9400970384393013e-05 0.0013604261081155934 4.0924766255871128e-05 -0.00051643034138250854
leaf_weight=0.20221834059339017 0.23553032292693388 0.51819537232950097 0.4299324678722769 0.017446601093979552 0.043258802892523818 0.043561723083257675 0.003411262485315091 0.055416365117707755 0.003393674414837732 0.015767056356708053
leaf_count=641 265 64 142 71 150 41 9 94 9 119
internal_value=-0.0026063 -0.008195 0.00561961 -0.0136936 0.00471206 -0.000165412 0.000552821 0.000978273 -0.000434174 -0.00047591
internal_weight=1.56813 0.935981 0.632151 0.61363 0.322351 0.0868205 0.095435 0.072863 0.022572 0.0191783
internal_count=1605 822 783 366 456 191 302 165 137 128
is_linear=0
shrinkage=0.05


Tree=662
num_leaves=4
num_cat=0
split_feature=17 53 33
split_gain=0.0566346 0.0344562 0.0149519
threshold=0.9968553459119498 212.50000000000003 1462.0000000000002
decision_type=2 8 2
left_child=-1 -2 -3
right_child=1 2 -4
leaf_value=-0.0096666598598738763 -0.0049657619591230388 0.0095139229454199933 0.000392566304958441
leaf_weight=0.34681002886645718 0.14599815942347039 0.33883695845725015 0.81230324693024158
leaf_count=1212 5 382 6
internal_value=-0.00198978 0.00337737 0.00625205
internal_weight=1.64395 1.29714 1.15114
internal_count=1605 393 388
is_linear=0
shrinkage=0.05


Tree=663
num_leaves=4
num_cat=0
split_feature=9 32 33
split_gain=0.12255 0.0883074 0.00551822
threshold=0.9967765931068685 90.800000000000026 558.00000000000011
decision_type=2 2 2
left_child=-1 -2 -3
right_child=1 2 -4
leaf_value=-0.008559239670989453 -0.0048487810769168478 0.014709770731898275 -1.0649265973575454e-05
leaf_weight=0.29551256810373172 0.24706181790679704 1.4969364155840592 0.063846473698504158
leaf_count=1211 10 376 8
internal_value=0.00631017 0.0109234 0.0143386
internal_weight=2.10336 1.80784 1.56078
internal_count=1605 394 384
is_linear=0
shrinkage=0.05


Tree=664
num_leaves=15
num_cat=0
split_feature=13 52 1 5 2 4 37 52 33 38 34 34 52 34
split_gain=0.181202 0.211248 0.0857953 0.0522072 0.0493816 0.0283084 0.0253505 0.0204096 0.0204547 0.019838 0.0011682 0.000895472 0.000155666 1.52599e-05
threshold=1.0000000180025095e-35 302.00000000000006 5.0000000000000009 0.99724055188962224 1.0000000180025095e-35 10.000000000000002 192.00000000000003 268.00000000000006 914.00000000000011 5.5000000000000009 22.500000000000004 66.000000000000014 236.00000000000003 99.500000000000014
decision_type=2 8 2 2 2 2 8 8 2 10 2 2 10 2
left_child=1 6 3 -2 11 -3 -1 -6 10 -8 -9 -4 13 -13
right_child=2 5 4 -5 7 -7 9 8 -10 -11 -12 12 -14 -15
leaf_value=-0.0032772901119592066 0.0050042841966156243 -0.020999047235364998 -0.0031724011922628116 -0.010451873421311627 -0.0013159747032711242 0.0012731743918122198 0.009789736853779249 -4.4169104831261207e-06 -0.0012199042097544325 -0.0021316935989261834 0.016896160527168563 4.9638641499314601e-05 0.00057937368373999474 -0.00037283656473295813
leaf_weight=0.094538993071182964 0.15390230179764353 1.753686656913487 0.11731461729505099 0.36448837938951328 0.036097252508625388 0.034629632718860992 0.49215827682928648 0.0097665618523024023 0.033186528831720352 0.060081014002207667 0.55177495026146062 0.0076272357837297014 0.031102609500521794 0.031184514504275285
leaf_count=40 238 667 55 133 13 2 84 12 2 46 174 17 58 89
internal_value=-0.00752891 -0.0138996 0.00505986 -0.00558947 0.0111708 -0.0202658 0.00532005 0.0144655 0.0156479 0.007955 0.0167876 -0.0027641 0.000245765 -0.000321951
internal_weight=3.77154 2.43509 1.33644 0.518391 0.818054 1.78832 0.646778 0.630825 0.594728 0.552239 0.561542 0.187229 0.0699144 0.0388118
internal_count=1630 839 791 371 420 669 170 201 188 130 186 219 164 106
is_linear=0
shrinkage=0.05


Tree=665
num_leaves=13
num_cat=0
split_feature=1 13 2 28 40 31 28 33 32 28 31 29
split_gain=0.0651935 0.0743655 0.0623243 0.0227559 0.0206345 0.00867999 0.00231131 0.00100596 0.00078111 0.00054369 0.000175362 1.31684e-05
threshold=5.0000000000000009 0.97000000000000008 1.0000000180025095e-35 86.000000000000014 19.500000000000004 1057.6000000000001 118.00000000000001 82.000000000000014 82.800000000000011 142.00000000000003 1065.6000000000006 51601.500000000007
decision_type=2 2 2 2 10 2 2 2 2 2 2 2
left_child=1 -1 6 7 5 -5 8 11 -2 -8 -7 -4
right_child=2 -3 3 4 -6 10 9 -9 -10 -11 -12 -13
leaf_value=-0.0061768366400561346 -0.00019300487424218449 0.011599433685177135 -0.00064572305008436012 -0.016286289575493548 0.0012725182121138909 0.00073440573062423281 -0.0011116853028736323 0.0019466556292427641 0.0047373702474930706 0.00059526157640221809 -0.00029441065240380719 2.4666166534433793e-05
leaf_weight=0.1970043771143537 0.00516748716472648 0.42410190412192605 0.017518212451250292 0.47291780574596487 0.044129094589152373 0.019670296460390091 0.03054108029755298 0.066474044375354424 0.22632097525638528 0.020174198318272829 0.0079119949150481261 0.0025342925946461028
leaf_count=655 6 133 88 161 28 1 120 61 304 13 53 7
internal_value=-0.00258894 0.00562892 -0.00819849 -0.0127295 -0.0143773 -0.0156856 0.00395972 0.00132878 0.00455996 -0.000512381 0.000439976 -0.000619876
internal_weight=1.53447 0.621106 0.913359 0.631156 0.544629 0.5005 0.282204 0.0865265 0.231488 0.0507153 0.0275823 0.0200525
internal_count=1630 788 842 399 243 215 443 156 310 133 54 95
is_linear=0
shrinkage=0.05


Tree=666
num_leaves=5
num_cat=0
split_feature=4 53 21 27
split_gain=0.150378 0.0960393 0.0678199 0.000898302
threshold=6.0000000000000009 212.50000000000003 1.0000000180025095e-35 86.000000000000014
decision_type=2 8 2 2
left_child=-1 -2 3 -3
right_child=1 2 -4 -5
leaf_value=-0.0073558868054051443 -0.0041752036117677907 0.0001461950495595894 -0.0026472467226575083 0.023368323154580602
leaf_weight=0.2438899278495229 0.11954295355826583 0.016856580012245215 0.075804901440278627 0.79743155666801613
leaf_count=925 4 21 277 403
internal_value=0.0113065 0.0172317 0.0207946 0.0232331
internal_weight=1.25353 1.00964 0.890093 0.814288
internal_count=1630 705 701 424
is_linear=0
shrinkage=0.05


Tree=667
num_leaves=5
num_cat=0
split_feature=4 35 38 52
split_gain=0.0882497 0.0692622 0.0157652 0.0136171
threshold=1.0000000180025095e-35 inf 5.5000000000000009 302.00000000000006
decision_type=2 8 10 10
left_child=1 2 3 -1
right_child=-2 -3 -4 -5
leaf_value=-0.0063368926663418205 -0.0074587439393503669 0.013931992495784688 0.0034778779640668926 0.0022747975937434275
leaf_weight=0.51264232512039609 0.24812828309950408 1.123821621236857 0.11405985812598374 0.071704740665154532
leaf_count=83 1122 304 75 46
internal_value=0.00553897 0.00932458 -0.00192709 -0.00451135
internal_weight=2.07036 1.82223 0.698407 0.584347
internal_count=1630 508 204 129
is_linear=0
shrinkage=0.05


Tree=668
num_leaves=14
num_cat=0
split_feature=5 27 1 35 34 33 34 4 34 25 27 48 36
split_gain=0.0730071 0.0598832 0.0831479 0.0822161 0.0431048 0.033772 0.0307831 0.0243441 0.0121202 0.00898749 0.0072821 0.00411216 0.0045496
threshold=0.99724055188962224 101.20000000000002 5.0000000000000009 1.0000000180025095e-35 25.500000000000004 118.00000000000001 47.500000000000007 10.000000000000002 80.000000000000014 99.920000000000016 80.40000000000002 320.00000000000006 9.5000000000000018
decision_type=2 2 2 10 2 2 2 2 2 2 2 8 10
left_child=-1 2 6 7 9 -5 -2 -3 -8 10 -4 12 -7
right_child=1 3 4 5 -6 11 8 -9 -10 -11 -12 -13 -14
leaf_value=0.0090321570938479631 -0.009900838380434188 -0.014689113151347966 0.0030428483627679506 -0.0046726278316755049 -0.0033341714045573528 0.0023235591518354494 0.003364190982282975 0.0016517147414426081 -0.0034266848106654286 0.014261939051628909 -0.002748136936023091 0.0082409999270761543 -0.0022586800094056623
leaf_weight=0.31702759655308943 0.33894770123879447 1.2114037387946153 0.10006474703550328 0.14102675001777232 0.097342604247387499 0.064986512064933777 0.74948542565107346 0.045500879175960907 0.1002512971899705 0.36779734818264842 0.078446270083077252 0.27590027614496648 0.10247391869779676
leaf_count=490 64 438 2 157 159 4 5 3 173 3 34 24 69
internal_value=-0.00172373 -0.00438592 0.00179746 -0.00900617 0.00987577 0.00326153 -0.00509042 -0.0136278 0.00114362 0.0128636 0.000325506 0.00727408 -1.33423e-05
internal_weight=3.99066 3.67363 1.83234 1.84129 0.643651 0.584387 1.18868 1.2569 0.849737 0.546308 0.178511 0.443361 0.16746
internal_count=1625 1135 440 695 198 254 242 441 178 39 36 97 73
is_linear=0
shrinkage=0.05


Tree=669
num_leaves=4
num_cat=0
split_feature=13 2 28
split_gain=0.04153 0.0382895 0.0224092
threshold=0.97000000000000008 1.0000000180025095e-35 98.000000000000014
decision_type=2 2 2
left_child=-1 -2 -3
right_child=1 2 -4
leaf_value=-0.0094911708250394449 0.0082272820236388901 0.0038027400833834622 -0.0057790918693913645
leaf_weight=0.33854952448746178 0.27933043922530487 0.11242775426944718 0.76082627975847572
leaf_count=1305 179 97 44
internal_value=-0.00326144 0.00212754 -0.003174
internal_weight=1.49113 1.15258 0.873254
internal_count=1625 320 141
is_linear=0
shrinkage=0.05


Tree=670
num_leaves=4
num_cat=0
split_feature=17 53 26
split_gain=0.063991 0.029926 0.00950195
threshold=0.9968553459119498 212.50000000000003 89.600000000000009
decision_type=2 8 2
left_child=-1 -2 -3
right_child=1 2 -4
leaf_value=-0.0092268578698800393 -0.0040441490619119898 0.0010427324184518582 0.0097162832797479271
leaf_weight=0.3260313259452231 0.11512298136949528 0.77090429904637858 0.34339936164906248
leaf_count=1206 3 107 309
internal_value=-0.00072214 0.00466026 0.00704697
internal_weight=1.55546 1.22943 1.1143
internal_count=1625 419 416
is_linear=0
shrinkage=0.05


Tree=671
num_leaves=5
num_cat=0
split_feature=9 35 26 36
split_gain=0.116922 0.0634043 0.0173004 0.028488
threshold=0.9967765931068685 1.0000000180025095e-35 93.600000000000009 9.5000000000000018
decision_type=2 10 2 10
left_child=-1 -2 -3 -4
right_child=1 2 3 -5
leaf_value=-0.0083987428541165282 0.014651061633547994 -0.0056139642298031834 -0.0043468521894760711 0.0069443328330641308
leaf_weight=0.28841732882574445 1.1865155409323049 0.1660471484065057 0.12248771404847503 0.26497270265826955
leaf_count=1232 274 4 4 111
internal_value=0.00613274 0.0107275 -0.00170005 0.00281457
internal_weight=2.02844 1.74002 0.553508 0.38746
internal_count=1625 393 119 115
is_linear=0
shrinkage=0.05


Tree=672
num_leaves=14
num_cat=0
split_feature=38 37 0 33 34 31 33 17 33 17 40 25 32
split_gain=0.0748313 0.0764496 0.0474234 0.0379602 0.0291023 0.0145941 0.00403334 0.00397857 0.0014444 0.00103582 0.000242595 0.00010027 4.90814e-05
threshold=5.5000000000000009 192.00000000000003 183.50000000000003 98.000000000000014 24.500000000000004 82.40000000000002 78.000000000000014 0.019000000000000003 82.000000000000014 0.9968553459119498 25.500000000000004 71.600000000000009 86.000000000000014
decision_type=10 8 2 2 2 2 2 2 2 2 10 2 2
left_child=1 8 3 5 -5 -3 -4 -2 12 -9 11 -8 -1
right_child=7 2 6 4 -6 -7 10 9 -10 -11 -12 -13 -14
leaf_value=-0.00012683624723329378 -0.0054089397804858198 0.0039465278188198097 0.0018195909136479748 -0.00088559741608290599 0.018980159736482902 -0.0040519281384722092 4.4346217510068881e-05 0.0015482981237609395 -0.0044465690935139536 -0.00081006353723422008 0.00011034042224932802 -0.0025706643368204863 0.00047562277985772211
leaf_weight=0.0078218868875418179 0.16663896638783615 0.11991461340221654 0.074927001987816655 0.10410316346678916 2.0913105174840894 0.16402820020448416 0.0033564755140105254 0.043045400350820273 0.17370128132461105 0.022049754494219087 0.0071086203388404092 0.25525288342032582 0.01764031384664122
leaf_count=6 113 39 137 102 127 98 5 71 137 38 16 703 34
internal_value=0.0107972 0.0127939 0.0147339 0.016497 0.0180558 -0.000231151 -0.000831903 -0.00448413 -0.00405513 0.00073892 -0.00242646 -0.00252846 0.000347341
internal_weight=3.2509 3.01916 2.82 2.47936 2.19541 0.283943 0.340645 0.231734 0.199163 0.0650952 0.265718 0.258609 0.0254622
internal_count=1626 1404 1227 366 229 137 861 222 177 109 724 708 40
is_linear=0
shrinkage=0.05


Tree=673
num_leaves=14
num_cat=0
split_feature=25 1 40 13 29 25 25 38 30 29 32 32 31
split_gain=0.0530256 0.0476424 0.018709 0.0141055 0.00805363 0.0079222 0.00742323 0.00255907 0.000458882 0.000347632 0.000191255 0.000189068 2.09883e-06
threshold=84.160000000000011 5.0000000000000009 17.000000000000004 0.97000000000000008 32.500000000000007 99.920000000000016 103.48000000000002 5.5000000000000009 99.260000000000005 395.00000000000006 231.20000000000005 1458.0000000000002 1171.2000000000007
decision_type=2 2 10 2 2 2 2 10 2 2 2 2 2
left_child=3 5 4 -1 -3 -2 -7 -8 -4 -10 -6 -12 -11
right_child=1 2 8 -5 10 6 7 -9 9 12 11 -13 -14
leaf_value=-0.0020735434931854618 -0.0019860439827691784 -0.014186343814064199 -0.00038816403290673547 0.0074625538027057519 0.00054185027197292364 0.0059876564306552051 -0.0023684087915373936 0.0012693621361943158 0.0016830863574036907 -0.00025510914112847029 -0.00073819059704149437 0.0003147107438594776 9.7588295285672343e-06
leaf_weight=0.05851011113554716 0.065371014454285392 0.52242038306576433 0.010456269505084492 0.24693399851094 0.052874186323606409 0.18348893610527739 0.10249123813991901 0.039396825421135873 0.076054327131714672 0.010647044706274755 0.023689463800110389 0.010445255480590276 0.0041149002645397567
leaf_count=228 281 133 36 164 148 67 255 11 68 40 166 18 11
internal_value=-0.00394899 -0.00790656 -0.0118629 0.00544676 -0.0133369 0.0026451 0.004372 -0.00113127 0.00106317 0.00143293 0.000122189 -0.000423233 -0.000244418
internal_weight=1.40689 1.10145 0.710702 0.305444 0.609429 0.390748 0.325377 0.141888 0.101273 0.0908163 0.0870089 0.0341347 0.0147619
internal_count=1626 1234 620 392 465 614 333 266 155 119 332 184 51
is_linear=0
shrinkage=0.05


Tree=674
num_leaves=15
num_cat=0
split_feature=26 26 32 1 34 30 30 34 30 30 30 30 29 29
split_gain=0.0460007 0.0246394 0.0186265 0.00660814 0.00331921 0.00268404 0.00204221 0.00165751 0.00075637 0.000479083 0.000344082 0.00137703 0.000294233 2.9373e-05
threshold=102.80000000000003 105.60000000000001 1450.0000000000002 5.0000000000000009 172.00000000000003 117.76000000000001 87.760000000000005 16.500000000000004 124.24000000000002 149.20000000000002 88.240000000000023 100.88000000000001 351.50000000000006 99.500000000000014
decision_type=2 2 2 2 2 2 2 2 2 2 2 2 2 2
left_child=2 -2 6 7 -4 -5 -1 -3 -7 -10 -8 -12 -6 -11
right_child=1 3 4 5 12 8 10 -9 9 13 11 -13 -14 -15
leaf_value=-0.0019445672434406998 0.0051968365574830283 0.00028691691971136898 -0.019613738156020331 -0.0014600907349680652 0.00048412281490216877 0.0025511230425183246 0.0014715158036607476 -0.0063117014457268784 -0.00090977565086336216 0.00068199819116486471 -0.0014138922632160849 0.0011684691011319584 -0.00074232079845909613 -4.6170891574593281e-05
leaf_weight=0.075295026748790406 0.15683256175543647 0.012542054450022988 0.33880724749178626 0.051201441005105153 0.015852868906222284 0.074116517382208258 0.071364496048772708 0.27041829180234345 0.034573601587908342 0.039947127865161747 0.040030277043115348 0.041964384028688073 0.034651853668037802 0.02267155030858703
leaf_count=265 94 8 26 157 10 92 134 219 120 51 161 37 162 90
internal_value=-0.0123199 -0.000475225 -0.0168747 -0.00451808 -0.0190996 0.000757579 -0.000624619 -0.00602356 0.00210107 -0.000254473 0.00114755 -0.000233816 -0.000262965 0.000623012
internal_weight=1.28027 0.662303 0.617966 0.505471 0.389312 0.22251 0.228654 0.28296 0.171309 0.0971923 0.153359 0.0819947 0.0505047 0.0626187
internal_count=1626 831 795 737 198 510 597 227 353 261 332 198 172 141
is_linear=0
shrinkage=0.05


Tree=675
num_leaves=15
num_cat=0
split_feature=1 2 9 25 40 34 29 52 30 30 34 29 52 29
split_gain=0.0738261 0.0549209 0.0511971 0.0172254 0.013229 0.0114658 0.00711619 0.00668948 0.0019379 0.00157992 0.000491814 7.09941e-05 2.31918e-05 1.31288e-05
threshold=5.0000000000000009 1.0000000180025095e-35 0.9967765931068685 310.00000000000006 25.500000000000004 99.500000000000014 22.500000000000004 588.00000000000011 94.000000000000014 117.76000000000001 128.50000000000003 99.500000000000014 298.00000000000006 84.500000000000014
decision_type=2 2 2 2 10 2 2 8 2 2 2 2 8 2
left_child=1 3 -2 4 5 6 -1 9 -9 -3 11 13 -12 -7
right_child=2 7 -4 -5 -6 10 -8 8 -10 -11 12 -13 -14 -15
leaf_value=0.00032664590780881204 -0.004774457827854765 0.00079942539281237029 0.010719319630996371 0.00078660159723181711 0.00084677788000467346 9.2080019917521868e-05 -0.016423442320344799 -0.00041744796118445325 0.0051566508223325159 -0.0023117510151993916 3.8797336018740489e-05 0.00098651103975197214 -0.00069972243272774627 -0.00017665163614635445
leaf_weight=0.026176029816269653 0.14580037542327784 0.040207602200098336 0.39238136593485251 0.10791319781856146 0.033764206731575541 0.0080309057666454464 0.47628670540143503 0.018946972631965764 0.20539159663894679 0.063238564907805994 0.0074352715309942133 0.03058465379581321 0.03829811292962404 0.0047323188628070065
leaf_count=14 634 65 190 18 28 22 147 59 200 13 22 13 174 27
internal_value=-0.00319339 -0.00861474 0.00614674 -0.0126464 -0.0140223 -0.0148698 -0.0159142 0.00313609 0.00472943 -0.0014739 0.000224575 0.000893293 -0.000657371 -8.36011e-05
internal_weight=1.59919 1.06101 0.538182 0.733221 0.625308 0.591544 0.502463 0.327785 0.224339 0.103446 0.0890813 0.0433479 0.0457334 0.0127632
internal_count=1626 802 824 465 447 419 161 337 259 78 258 62 196 49
is_linear=0
shrinkage=0.05


Tree=676
num_leaves=15
num_cat=0
split_feature=33 41 1 33 27 25 33 21 27 37 9 29 52 29
split_gain=0.0931755 0.0625846 0.0576738 0.0376124 0.0360841 0.0300872 0.0240874 0.0208269 0.0167782 0.00835949 0.00198812 0.000730656 0.000488342 4.18948e-05
threshold=110.00000000000001 14.500000000000002 5.0000000000000009 82.000000000000014 101.20000000000002 97.040000000000006 124.00000000000001 0.0021610724086974886 80.40000000000002 192.00000000000003 1.0000000180025095e-35 22.500000000000004 302.00000000000006 97.500000000000014
decision_type=2 10 2 2 2 2 2 2 2 8 2 2 10 2
left_child=2 4 3 10 -2 8 -3 -5 -4 13 -1 -12 -10 -7
right_child=1 6 5 7 -6 9 -8 -9 12 -11 11 -13 -14 -15
leaf_value=-0.00044248828149092128 -2.9513121348606443e-05 -0.0034308527593359924 0.0039043382574204194 -0.0097623421959869682 -0.012922614807541311 -0.00053338357365175859 0.0073667113133720694 0.002264895144455712 -0.0047576301924660488 0.014859250358130398 -0.00014584490793358786 0.0051970641963356833 0.00010374074471024118 9.5049014137381442e-05
leaf_weight=0.018506676482502593 0.72473461146000806 0.10454824501357496 0.14935896257520653 0.34097587630094495 1.2161247641924999 0.025085792294703424 0.35045143644674681 0.064132814848562703 0.16175325882795732 0.44773089696536772 0.011333423492033035 0.2381644326960668 0.010288372504874133 0.01099097948463168
leaf_count=21 23 90 78 341 403 13 53 85 210 108 8 158 20 18
internal_value=-0.00148698 -0.00663461 0.00616641 -0.00289536 -0.00975532 0.0111492 0.00423288 -0.00760149 -0.000707505 0.0141942 0.00460302 0.00503188 -0.00462644 -0.000434978
internal_weight=3.87418 2.39586 1.47832 0.673113 1.94086 0.805208 0.455 0.405109 0.321401 0.483808 0.268005 0.249498 0.172042 0.0360768
internal_count=1629 569 1060 613 426 447 143 426 308 139 187 166 230 31
is_linear=0
shrinkage=0.05


Tree=677
num_leaves=15
num_cat=0
split_feature=28 1 13 2 40 28 32 52 30 25 25 28 34 32
split_gain=0.0365057 0.0504279 0.022262 0.020231 0.0174141 0.0102748 0.00737657 0.00333206 0.00157755 0.0011554 0.000775468 0.000942228 0.000650581 0.000210125
threshold=86.000000000000014 5.0000000000000009 0.97000000000000008 1.0000000180025095e-35 17.000000000000004 98.000000000000014 1053.4000000000005 302.00000000000006 444.40000000000009 114.72000000000001 119.84000000000002 142.00000000000003 19.500000000000004 1191.2000000000003
decision_type=2 2 2 2 10 2 2 8 2 2 2 2 2 2
left_child=2 5 -1 9 6 -2 -5 -7 12 -3 -11 -12 -9 -8
right_child=1 3 -4 4 -6 7 13 8 -10 10 11 -13 -14 -15
leaf_value=-0.0032720056676385032 -0.00218115904915147 -0.00081929150051842357 0.0073264069837020596 -0.014857760600772936 0.0011859096574286855 -0.00064957697990553813 0.00074767610199232427 -0.00012080976350218849 -0.00025717223973421209 0.0021523934935353843 -0.0012671702019322864 0.00089699142436813057 0.0062017003525239641 -0.00034620926583371289
leaf_weight=0.095561219161027222 0.061710749636403994 0.028252431373402942 0.24171398373437114 0.46931251126807183 0.043766189613961615 0.020740777494211216 0.020027125254273415 0.0032299650774803004 0.021468448976520449 0.06359525554580614 0.044369240466039628 0.029020152607699856 0.26653536852973048 0.0093171754269860685
leaf_count=403 241 119 208 124 33 57 1 6 15 43 152 12 141 74
internal_value=-0.0037743 -0.0070345 0.00412228 -0.0112043 -0.0130831 0.00327001 -0.0142911 0.00518892 0.00578577 0.000898071 0.00166133 -0.000372997 0.00609047 0.000401435
internal_weight=1.41862 1.08135 0.337275 0.70766 0.542423 0.373685 0.498657 0.311975 0.291234 0.165237 0.136985 0.0733894 0.269765 0.0293443
internal_count=1629 1018 611 558 232 460 199 219 162 326 207 164 147 75
is_linear=0
shrinkage=0.05


Tree=678
num_leaves=4
num_cat=0
split_feature=17 28 33
split_gain=0.0747301 0.0209248 0.00088019
threshold=0.9968553459119498 182.00000000000003 1478.0000000000002
decision_type=2 2 2
left_child=-1 2 -2
right_child=1 -3 -4
leaf_value=-0.0092993893186495979 0.0091887944818493297 -0.0026179859360149198 0.0019650760732777611
leaf_weight=0.3293199913096031 0.32360152882756643 0.13435118889901798 0.78504282236099243
leaf_count=1212 399 12 6
internal_value=0.000131581 0.00566222 0.00743134
internal_weight=1.57232 1.243 1.10864
internal_count=1629 417 405
is_linear=0
shrinkage=0.05


Tree=679
num_leaves=4
num_cat=0
split_feature=9 37 38
split_gain=0.111922 0.0762102 0.020093
threshold=0.9967765931068685 192.00000000000003 5.5000000000000009
decision_type=2 10 10
left_child=-1 -2 -3
right_child=1 2 -4
leaf_value=-0.0084671032155685371 0.014331647962777604 -0.0061544577379805841 0.0034507365917977951
leaf_weight=0.29141005926794594 1.1968388567911459 0.35038994974456739 0.10094512632349506
leaf_count=1241 300 35 53
internal_value=0.00545586 0.0101853 -0.00310876
internal_weight=1.93958 1.64817 0.451335
internal_count=1629 388 88
is_linear=0
shrinkage=0.05


Tree=680
num_leaves=12
num_cat=0
split_feature=3 32 1 53 30 28 28 4 32 30 30
split_gain=0.0609901 0.0508602 0.0845221 0.0568388 0.034797 0.0225532 0.0209496 0.0183593 0.0170697 1.86082e-05 0.00468376
threshold=1.5000000000000002 102.20000000000002 5.0000000000000009 315.00000000000006 1478.0000000000002 78.000000000000014 118.00000000000001 10.000000000000002 82.800000000000011 99.260000000000005 83.360000000000014
decision_type=2 2 2 8 2 2 2 2 2 2 2
left_child=1 2 8 6 7 -4 -3 -5 -1 10 -7
right_child=-2 3 5 4 -6 9 -8 -9 -10 -11 -12
leaf_value=0.0019063077228310904 0.0088894794219588694 -0.0031535718500954601 -0.0018871240576230843 -0.012929900530152905 0.00023927820644163529 0.0027999949910286386 0.0070930754759867543 0.001444017129126539 -0.0087573315105943829 0.01301278009156521 -0.0019445295307558325
leaf_weight=0.1085428691585556 0.31047694088192646 0.091055234137457197 0.052511705085635185 1.3757192643679448 0.69883644380024623 0.10473170941986609 0.31605629371188115 0.039421606808900722 0.29435464658308774 0.37033728905953467 0.054377294291043654
leaf_count=9 499 83 35 746 6 10 47 2 145 6 55
internal_value=-0.000747437 -0.00338429 0.00386264 -0.00650827 -0.00925195 0.0106758 0.00418884 -0.0120974 -0.00657344 0.012341 0.000899808
internal_weight=3.81642 3.50594 0.984856 2.52109 2.11398 0.581958 0.407112 1.41514 0.402898 0.529446 0.159109
internal_count=1643 1144 260 884 754 106 130 748 154 71 65
is_linear=0
shrinkage=0.05


Tree=681
num_leaves=5
num_cat=0
split_feature=13 1 32 28
split_gain=0.0550651 0.0426913 0.0657594 0.0427319
threshold=0.97000000000000008 5.0000000000000009 110.00000000000001 98.000000000000014
decision_type=2 2 2 2
left_child=-1 -2 3 -3
right_child=1 2 -4 -5
leaf_value=-0.0090412208500861846 0.0097994718208684259 0.0034912337441998262 0.0069515522742809215 -0.012398984559476307
leaf_weight=0.3174606101347307 0.34167285449802876 0.1019863752881065 0.22572432004380971 0.37549130478873849
leaf_count=1310 149 51 126 7
internal_value=-0.00146062 0.00413765 -0.00275171 -0.00893916
internal_weight=1.36234 1.04487 0.703202 0.477478
internal_count=1643 333 184 58
is_linear=0
shrinkage=0.05


Tree=682
num_leaves=4
num_cat=0
split_feature=17 53 33
split_gain=0.046492 0.025943 0.0258889
threshold=0.9968553459119498 212.50000000000003 1462.0000000000002
decision_type=2 8 2
left_child=-1 -2 -3
right_child=1 2 -4
leaf_value=-0.0090308269202137477 -0.0043571267923348481 0.0096925068324919018 -0.00086733381914989654
leaf_weight=0.31684017140651111 0.12570836208760727 0.34744391226558946 0.75836193189024925
leaf_count=1225 4 409 5
internal_value=-0.00206486 0.00297115 0.00547772
internal_weight=1.54835 1.23151 1.10581
internal_count=1643 418 414
is_linear=0
shrinkage=0.05


Tree=683
num_leaves=5
num_cat=0
split_feature=9 35 26 28
split_gain=0.0914289 0.0549804 0.0147972 0.0339816
threshold=0.9967765931068685 1.5000000000000002 93.600000000000009 122.00000000000001
decision_type=2 10 2 2
left_child=-1 -2 -3 -4
right_child=1 2 3 -5
leaf_value=-0.0081702691277362217 0.012649737101581612 -0.0054983949518857675 0.0072936867755726336 -0.0046859835561735659
leaf_weight=0.27838255844835647 1.0406817930634131 0.16217217594385158 0.23844331398140639 0.21631906606489792
leaf_count=1252 269 4 91 27
internal_value=0.00419361 0.008563 -0.00189056 0.00229121
internal_weight=1.936 1.65762 0.616935 0.454762
internal_count=1643 391 122 118
is_linear=0
shrinkage=0.05


Tree=684
num_leaves=15
num_cat=0
split_feature=17 38 37 29 31 29 28 3 34 29 4 33 28 40
split_gain=0.0367688 0.0253324 0.0271472 0.0220189 0.0136807 0.0109565 0.00967862 0.00718426 0.0048565 0.00472529 0.00196159 0.00149842 0.000965359 0.000771944
threshold=0.9968553459119498 5.5000000000000009 192.00000000000003 24.500000000000004 654.00000000000011 92.500000000000014 182.00000000000003 3.5000000000000004 23.500000000000004 11.500000000000002 6.0000000000000009 94.000000000000014 66.000000000000014 17.000000000000004
decision_type=2 10 8 2 2 2 2 2 2 2 2 2 2 10
left_child=1 2 10 -4 5 8 9 -3 -5 -2 -1 -6 -7 -13
right_child=6 7 3 4 11 12 -8 -9 -10 -11 -12 13 -14 -15
leaf_value=-0.0037515663668335783 -0.00070525607988260316 -0.0050422860551649316 -0.0024567581373091171 -0.00033697120194351175 0.00086510971497115962 0.00088449621615970225 0.001956769114090286 0.0016264750061368535 0.009855940413141917 -0.0069641535159449116 0.00061470544170474331 -0.0024233596782229964 -0.0012744964827167814 0.00037869543784992046
leaf_weight=0.15400125237647522 0.73931716941297032 0.15367674145090848 0.10805994149996001 0.054148168215762182 0.033278397488174849 0.024145591160049551 0.085003098647575825 0.045317978714592755 2.2329599760851124 0.22700457894825377 0.016657382773701102 0.083874761228798889 0.16769928896974307 0.014031879953108728
leaf_count=88 4 113 72 62 69 43 9 77 214 403 27 92 368 11
internal_value=0.00221541 0.00465623 0.00595315 0.00722267 0.00819292 0.00888953 -0.00372862 -0.0034337 0.00958552 -0.00496954 -0.00316434 -0.0011923 -0.000488634 -0.00204262
internal_weight=4.13918 3.08785 2.88886 2.7182 2.61014 2.47895 1.05132 0.198995 2.28711 0.966322 0.170659 0.131185 0.191845 0.0979066
internal_count=1652 1236 1046 931 859 687 416 190 276 407 115 172 411 103
is_linear=0
shrinkage=0.05


Tree=685
num_leaves=12
num_cat=0
split_feature=28 13 52 33 28 29 29 29 29 32 29
split_gain=0.0456643 0.0230269 0.0217074 0.0054657 0.00269935 0.00203811 0.00076593 0.000258176 9.66869e-05 1.13466e-05 1.08489e-05
threshold=86.000000000000014 0.97000000000000008 588.00000000000011 86.000000000000014 98.000000000000014 18.500000000000004 320.00000000000006 13.500000000000002 1441.0000000000002 1458.0000000000002 2622.5000000000005
decision_type=2 2 8 2 2 2 2 2 2 2 2
left_child=1 -1 4 -4 -2 7 -6 -5 -7 -8 -10
right_child=2 -3 3 5 6 8 9 -9 10 -11 -12
leaf_value=-0.0031117558065888434 -0.0011458739274660076 0.0079240693416497317 0.00056983957720441257 -0.00052673471756154659 0.003033813593301694 -0.010199936535490031 -0.0003235961067760568 0.00060239217690125026 7.7348139504114077e-05 4.2946599100931603e-05 -0.0001736181750066092
leaf_weight=0.090461695377598628 0.031510348591836768 0.26653566656750627 0.022151333672809526 0.01420703278563451 0.17060943440446863 0.73540929009686806 0.017050273236236535 0.020499810299952514 0.0055780802067602045 0.0051686624647118143 0.016074692037364002
leaf_count=400 129 215 24 10 171 504 69 17 18 14 81
internal_value=-0.00351126 0.00489527 -0.00738533 -0.00944733 0.00170172 -0.00988921 0.00273758 7.78221e-05 -0.0101304 -0.00027973 -9.65391e-05
internal_weight=1.39526 0.356997 1.03826 0.81392 0.224339 0.791769 0.192828 0.0347068 0.757062 0.0222189 0.0216528
internal_count=1652 615 1037 654 383 630 254 27 603 83 99
is_linear=0
shrinkage=0.05


Tree=686
num_leaves=4
num_cat=0
split_feature=17 53 29
split_gain=0.0768994 0.0175481 0.00956549
threshold=0.9968553459119498 110.00000000000001 11.500000000000002
decision_type=2 8 2
left_child=-1 -2 -3
right_child=1 2 -4
leaf_value=-0.0090804621712215015 -0.0023621051364553607 0.0011761222932345405 0.010236978965456299
leaf_weight=0.31912853959511256 0.066266239620745071 0.74773618020117283 0.37356574324076064
leaf_count=1236 4 4 408
internal_value=0.000646183 0.00621607 0.00759756
internal_weight=1.5067 1.18757 1.1213
internal_count=1652 416 412
is_linear=0
shrinkage=0.05


Tree=687
num_leaves=12
num_cat=0
split_feature=1 9 2 52 52 29 29 33 37 0 37
split_gain=0.0408191 0.0499078 0.0308015 0.00792458 0.0067594 0.00797608 0.00757063 0.00151719 0.00122627 0.00048741 4.25773e-05
threshold=5.0000000000000009 0.9967765931068685 1.0000000180025095e-35 588.00000000000011 268.00000000000006 99.500000000000014 22.500000000000004 78.000000000000014 192.00000000000003 259.50000000000006 192.00000000000003
decision_type=2 2 2 8 8 2 2 2 10 2 8
left_child=2 -2 4 8 10 6 -6 -5 -4 -7 -1
right_child=1 -3 3 7 5 9 -8 -9 -10 -11 -12
leaf_value=0.00094830799044994917 -0.004885010863847624 0.010260125780300255 0.00063673467667213219 -0.00032693146349220613 0.00082492070275732492 0.0012367192760781021 -0.0088773096659664538 0.0053779278145270754 -0.0023015312327331057 -0.0004597207497487049 -4.9147382282032156e-05
leaf_weight=0.029209504442405998 0.14966078600264143 0.36965485362452455 0.020015185284137149 0.0087904660613276064 0.045668214108445571 0.051365966974117439 1.2546306297954286 0.2125143993034726 0.070877935067983344 0.046846000943332911 0.014801679470110685
leaf_count=11 652 198 24 29 17 48 178 237 50 183 25
internal_value=-0.0014034 0.00555298 -0.00473061 0.00333473 -0.00712679 -0.00764369 -0.00832608 0.00506918 -0.00166394 0.000745746 0.000887091
internal_weight=2.27404 0.519316 1.75472 0.312198 1.44252 1.39851 1.3003 0.221305 0.0908931 0.098212 0.0440112
internal_count=1652 850 802 340 462 426 195 266 74 231 36
is_linear=0
shrinkage=0.05


Tree=688
num_leaves=15
num_cat=0
split_feature=32 38 33 32 52 26 33 33 1 33 34 32 33 33
split_gain=0.113491 0.112285 0.0710267 0.0544496 0.0187937 0.0181525 0.0141469 0.00377151 0.00332789 0.00316604 0.00107125 0.000990884 0.000764797 0.000661693
threshold=128.40000000000003 inf 98.000000000000014 82.800000000000011 302.00000000000006 93.600000000000009 124.00000000000001 110.00000000000001 5.0000000000000009 78.000000000000014 98.500000000000014 1470.4000000000003 82.000000000000014 106.00000000000001
decision_type=2 8 2 2 8 2 2 2 2 2 2 2 2 2
left_child=1 3 9 -1 8 11 10 13 -2 -3 -5 12 -6 -7
right_child=4 2 -4 6 5 7 -8 -9 -10 -11 -12 -13 -14 -15
leaf_value=0.0068868136392194025 0.0046415562464315208 0.001159608159929627 0.020890949540903328 -0.0092246158631584859 0.0006624718270277516 -0.00075081371889442958 0.0015367797870001929 -0.0082190383254057836 -0.00077678549964538247 -0.0031092326973033366 -2.9193110181162147e-05 0.0013887827769108615 -0.0013856058598401418 0.001058835681960593
leaf_weight=0.2133302670845304 0.15750980343727827 0.05117470039112948 1.4708427309233227 0.39764060669403989 0.025693611372844316 0.043321958597516641 0.082677386904833838 0.36961733248608653 0.047420322793186642 0.15601998129568528 0.038922098508919589 0.70998996874550357 0.06114460522076115 0.028797554055927321
leaf_count=33 62 80 169 168 58 159 15 345 82 173 96 62 107 23
internal_value=0.008556 0.0135869 0.0183877 -0.00167567 -0.00196765 -0.00418437 -0.00741107 -0.00759567 0.00378364 -0.00196769 -0.0089958 0.000881536 -0.000727647 0.000285404
internal_weight=3.8541 2.41061 1.67804 0.73257 1.4435 1.23857 0.51924 0.441737 0.20493 0.207195 0.436563 0.796828 0.0868382 0.0721195
internal_count=1632 734 422 312 898 754 279 527 144 253 264 227 165 182
is_linear=0
shrinkage=0.05


Tree=689
num_leaves=15
num_cat=0
split_feature=30 26 1 28 9 29 25 25 25 28 40 28 1 30
split_gain=0.0217976 0.0213595 0.0397726 0.00853591 0.0079875 0.00736614 0.00581407 0.00465317 0.002414 0.00258311 0.000857386 0.000423564 0.000350838 0.000213027
threshold=84.160000000000011 112.40000000000002 5.0000000000000009 98.000000000000014 0.013968145620022755 24.500000000000004 103.48000000000002 87.38000000000001 116.08000000000001 130.00000000000003 25.500000000000004 70.000000000000014 5.0000000000000009 110.60000000000001
decision_type=2 2 2 2 2 2 2 2 2 2 10 2 2 2
left_child=4 2 3 -2 -1 -4 -5 -7 13 11 -9 -10 -11 -3
right_child=1 8 5 6 -6 7 -8 10 9 12 -12 -13 -14 -15
leaf_value=0.0056250793520170195 -0.0019659479732969535 -6.2418661409797317e-05 0.00061336890501570613 0.0057997869623015183 -0.0016066322125955085 0.00036418934415936095 -0.0011423679117831302 -0.012636038503493763 0.00021945260239731592 -0.00022764637523540023 -2.9054320799334386e-05 -0.0023013216482681803 0.0016746813379500342 0.0034343368885725884
leaf_weight=0.18596137502754573 0.099419108650181442 0.0088083112641470507 0.02397163517161971 0.17541559075471014 0.044740619487129152 0.016031612700317055 0.031380021609948017 0.31738755456535728 0.0084719685401069 0.040536819942644797 0.018292256543645635 0.082651828808593564 0.066564358014147729 0.11033955570019316
leaf_count=150 363 35 20 41 162 32 98 161 19 34 35 371 23 88
internal_value=-0.0018738 -0.00458724 -0.00725401 0.00266231 0.00405672 -0.0113966 0.00467266 -0.0120633 0.00229956 -0.000601671 -0.0124851 -0.00208062 0.0013994 0.00335104
internal_weight=1.22997 0.999271 0.681898 0.306215 0.230702 0.375683 0.206796 0.351711 0.317373 0.198225 0.33568 0.0911238 0.107101 0.119148
internal_count=1632 1320 750 502 312 248 139 228 570 447 196 390 57 123
is_linear=0
shrinkage=0.05


Tree=690
num_leaves=4
num_cat=0
split_feature=17 53 33
split_gain=0.0568483 0.0246833 0.0136821
threshold=0.9968553459119498 212.50000000000003 1462.0000000000002
decision_type=2 8 2
left_child=-1 -2 -3
right_child=1 2 -4
leaf_value=-0.0090483062620952369 -0.003791409401409299 0.0093629391587418606 0.00049112907229918723
leaf_weight=0.31761917212133983 0.10707429517060507 0.33181487178080715 0.82017871923744678
leaf_count=1217 3 406 6
internal_value=-0.00106957 0.00405755 0.00620989
internal_weight=1.57669 1.25907 1.15199
internal_count=1632 415 412
is_linear=0
shrinkage=0.05


Tree=691
num_leaves=15
num_cat=0
split_feature=1 2 31 26 25 33 48 27 29 33 25 41 0 34
split_gain=0.104665 0.132236 0.0429599 0.0278338 0.0276967 0.00897367 0.00645803 0.00290441 0.0021505 0.00186838 0.00154888 0.000212324 0.000207733 0.000199993
threshold=5.0000000000000009 1.0000000180025095e-35 112.80000000000003 93.600000000000009 310.00000000000006 94.000000000000014 80.000000000000014 275.2000000000001 99.500000000000014 78.000000000000014 127.60000000000001 14.500000000000002 259.50000000000006 21.500000000000004
decision_type=2 2 2 2 2 2 8 2 2 2 2 8 2 2
left_child=1 2 5 -2 -4 8 10 11 -1 -8 -3 -5 -10 -11
right_child=3 6 4 7 -6 -7 9 -9 12 13 -12 -13 -14 -15
leaf_value=-0.0039880793902897079 -0.0041848620256062369 0.000867164899197317 -0.025042486261846148 9.2828833672013736e-06 0.00035539004562214443 0.0029889102021160223 -0.00037994564458745147 -0.00041230744009868194 0.00087909560732533909 -3.4376663852933139e-05 -0.0021290955987776131 0.0071745910221414806 -0.00028964123781681934 0.0057126131652369848
leaf_weight=0.12141197254823077 0.1349901744397356 0.030045645893551298 0.78753818714176305 0.013027305940340739 0.084761596182943322 0.10378300993761513 0.010229877778328955 0.026040519878733903 0.030329039625939913 0.0032797468884382388 0.058009010463138111 0.42419997651450103 0.0097596074483590201 0.23666695847350638
leaf_count=104 238 30 212 44 16 78 30 43 18 8 4 505 44 258
internal_value=-0.0112545 -0.0160157 -0.0210232 0.00316259 -0.0237029 -0.000442495 0.00395066 0.00670035 -0.00332242 0.00531627 -0.00124937 0.0071161 0.000589651 0.00566969
internal_weight=2.07407 1.47581 1.13758 0.598258 0.8723 0.265284 0.338231 0.463268 0.161501 0.250177 0.0880547 0.437227 0.0400886 0.239947
internal_count=1632 802 472 830 228 244 330 592 166 296 34 549 62 266
is_linear=0
shrinkage=0.05


Tree=692
num_leaves=12
num_cat=0
split_feature=9 52 5 1 28 13 26 28 53 0 29
split_gain=0.0909587 0.0449253 0.0260147 0.0311927 0.0466107 0.0455736 0.0423318 0.0153042 0.0135294 0.00877226 0.00597291
threshold=0.9967765931068685 302.00000000000006 0.99724055188962224 5.0000000000000009 98.000000000000014 0.97000000000000008 115.20000000000002 106.00000000000001 621.00000000000011 52.000000000000007 11.500000000000002
decision_type=2 8 2 2 2 2 2 2 10 2 2
left_child=2 9 -1 5 -5 7 -6 10 -8 -2 -4
right_child=1 -3 3 4 6 -7 8 -9 -10 -11 -12
leaf_value=0.0087429724142632243 -0.002017900519688455 -0.012762706249022558 0.00099086896252271301 -0.0050744280294461363 0.012866532266795884 -0.010159632373451757 -0.0052042299328088938 0.0060225651212894747 0.0028697428012047724 0.0043831085869254259 -0.0039761279472956311
leaf_weight=0.30380606593098525 0.19291641173185792 1.0250709338215529 0.66594004631042503 0.15541405431576993 0.37401556229451671 0.35062838994781476 0.190831808205985 0.21858228313794825 0.088191023183753714 0.17495679977582768 0.11787600300158374
leaf_count=498 23 312 2 200 7 138 212 16 10 42 168
internal_value=-0.0024987 -0.00965447 0.00316377 -0.000137838 0.00483353 -0.00390008 0.00883481 0.00226973 -0.00240381 0.00200514 -0.00156636
internal_weight=3.85823 1.39294 2.46529 2.16148 0.808452 1.35303 0.653038 1.0024 0.279023 0.367873 0.783816
internal_count=1628 377 1251 753 429 324 229 186 222 65 170
is_linear=0
shrinkage=0.05


Tree=693
num_leaves=15
num_cat=0
split_feature=1 2 9 28 40 32 31 40 34 33 39 32 31 25
split_gain=0.0497534 0.0467259 0.0412486 0.018895 0.0164417 0.00736218 0.00735368 0.00109669 0.000614028 0.000554403 0.000272413 0.000214356 0.000147343 0.000130402
threshold=5.0000000000000009 1.0000000180025095e-35 1.0000000180025095e-35 86.000000000000014 17.000000000000004 1478.0000000000002 1057.6000000000001 25.500000000000004 19.500000000000004 82.000000000000014 12.500000000000002 82.800000000000011 1065.6000000000006 72.080000000000013
decision_type=2 2 2 2 10 2 2 10 2 2 10 2 2 2
left_child=2 7 5 9 6 8 -5 10 -1 -3 11 -2 -8 -10
right_child=1 3 -4 4 -6 -7 12 -9 13 -11 -12 -13 -14 -15
leaf_value=-6.6443465031592634e-05 -6.11168349629018e-05 -0.0003690848006503353 -0.0044036491181828558 -0.0139800721714509 0.0012105741911661071 -0.00078963111240723809 0.00072326866327992567 -0.00028988295254270393 2.5891026241219484e-05 0.001773394492746237 -6.6008880611347225e-05 0.004147759912967155 -0.00025136199100820098 0.010200013839344459
leaf_weight=0.0017743968928698442 0.0016315397951984769 0.021867412317078561 0.1329531453884556 0.45278750873694662 0.044209625906660222 0.02147067706391681 0.01937086321413517 0.024614809197373688 0.0082682399806799367 0.061710040114121512 0.0083570633578347042 0.23301250408258056 0.0067473837771103709 0.43062774997815723
leaf_count=5 4 89 461 150 30 40 1 67 23 63 22 353 50 270
internal_value=-0.00146205 -0.00659797 0.00548949 -0.0106156 -0.0121867 0.00940086 -0.0134058 0.00369942 0.0101008 0.00138954 0.00401163 0.0040927 0.000471896 0.0101595
internal_weight=1.4694 0.874309 0.595094 0.606693 0.523115 0.462141 0.478906 0.267616 0.44067 0.0835775 0.243001 0.234644 0.0261182 0.438896
internal_count=1628 829 799 383 231 338 201 446 298 152 379 357 51 293
is_linear=0
shrinkage=0.05


Tree=694
num_leaves=5
num_cat=0
split_feature=17 52 29 1
split_gain=0.0420118 0.0206665 0.0147379 0.00828381
threshold=0.9968553459119498 288.00000000000006 11.500000000000002 5.0000000000000009
decision_type=2 8 2 2
left_child=-1 3 -3 -2
right_child=1 2 -4 -5
leaf_value=-0.0087281426870690886 -0.0050766763350967841 -0.00028541466129334761 0.0084036443656715816 0.0018390563260474815
leaf_weight=0.30308383715600928 0.21408733126008872 0.68416483700275432 0.28732786257751286 0.051477430446539074
leaf_count=1202 33 3 337 53
internal_value=-0.00207301 0.00273026 0.00524352 -0.00334223
internal_weight=1.54014 1.23706 0.971493 0.265565
internal_count=1628 426 340 86
is_linear=0
shrinkage=0.05


Tree=695
num_leaves=3
num_cat=0
split_feature=9 32
split_gain=0.124184 0.0380133
threshold=0.9967765931068685 90.800000000000026
decision_type=2 2
left_child=-1 -2
right_child=1 -3
leaf_value=-0.0080859652816748992 -0.002268249613804577 0.013926771860830548
leaf_weight=0.27473883522907261 0.130362167954445 1.4332131610717622
leaf_count=1251 8 369
internal_value=0.00740417 0.0122184
internal_weight=1.83831 1.56358
internal_count=1628 377
is_linear=0
shrinkage=0.05


Tree=696
num_leaves=15
num_cat=0
split_feature=9 35 29 38 32 40 33 26 40 37 25 34 32 13
split_gain=0.0903026 0.0483596 0.0189534 0.0240933 0.0178337 0.0184493 0.0129884 0.0199895 0.00693067 0.00754214 0.0057781 0.00467375 0.00279921 0.00251763
threshold=0.9967765931068685 inf 24.500000000000004 5.5000000000000009 90.800000000000026 19.500000000000004 124.00000000000001 93.600000000000009 14.500000000000002 192.00000000000003 88.02000000000001 98.500000000000014 82.800000000000011 0.97000000000000008
decision_type=2 8 2 10 2 10 2 2 8 8 2 2 2 2
left_child=2 6 -1 4 12 8 7 -2 -6 -10 -11 -12 -4 -5
right_child=1 -3 3 13 5 -7 -8 -9 9 10 11 -13 -14 -15
leaf_value=-0.0010071108542752652 0.0036746556750669717 -0.011736927609241238 0.0012270639845421492 0.00081059205092390675 -0.00054155176937006574 -0.0015155513144834835 0.0052033225009108126 -0.0059481883967357077 -0.00058816741927723382 0.00016685177647086274 0.012957145387152197 1.83817679197794e-05 -0.0026649140342022786 -0.0034211121476869309
leaf_weight=0.802597000380047 0.10593093000352394 0.97406667892209964 0.042231997533235588 0.059454674716107436 0.037084338691783736 0.091262750749592558 0.21637434724834748 0.18609577327151783 0.033351916907122248 0.12912196005345322 0.8891256973874988 0.07542534656386124 0.1051371135545196 0.098997145978501067
leaf_count=92 4 263 50 108 60 110 22 93 37 246 146 252 89 59
internal_value=-0.000897924 -0.00798862 0.00460193 0.00675285 0.00840554 0.00969355 0.00221293 -0.00231513 0.0108666 0.0113201 0.0117907 0.0124697 -0.0014522 -0.00250421
internal_weight=3.84626 1.48247 2.36379 1.56119 1.40274 1.25537 0.508401 0.292027 1.16411 1.12702 1.09367 0.964551 0.147369 0.158452
internal_count=1631 382 1249 1157 990 851 119 97 741 681 644 398 139 167
is_linear=0
shrinkage=0.05


Tree=697
num_leaves=6
num_cat=0
split_feature=13 1 28 26 48
split_gain=0.0379513 0.0496118 0.0483443 0.031494 0.0128647
threshold=0.97000000000000008 5.0000000000000009 98.000000000000014 100.80000000000003 320.00000000000006
decision_type=2 2 2 2 10
left_child=-1 -2 -3 -4 -5
right_child=1 2 3 4 -6
leaf_value=-0.0088542697805753558 0.0090669175390656644 0.0054839420988356076 -0.01174819122241241 0.0049344987947000105 -0.002932892964038493
leaf_weight=0.30884451843303384 0.30756421762635 0.17030145647004247 0.35636356007307768 0.15048240002943203 0.079051487147808075
leaf_count=1299 138 122 6 65 1
internal_value=-0.00283988 0.00235053 -0.00398852 -0.00846367 0.0020433
internal_weight=1.37261 1.06376 0.756199 0.585897 0.229534
internal_count=1631 332 194 72 66
is_linear=0
shrinkage=0.05


Tree=698
num_leaves=4
num_cat=0
split_feature=17 53 33
split_gain=0.0380116 0.0249688 0.022011
threshold=0.9968553459119498 212.50000000000003 1462.0000000000002
decision_type=2 8 2
left_child=-1 -2 -3
right_child=1 2 -4
leaf_value=-0.0088423324630295726 -0.0046003757824525154 0.008864258522604123 -0.00087017724126323961
leaf_weight=0.30818002449086623 0.13423137180507172 0.30872445603017695 0.75616728700697422
leaf_count=1222 5 399 5
internal_value=-0.0026772 0.00220761 0.00487807
internal_weight=1.5073 1.19912 1.06489
internal_count=1631 409 404
is_linear=0
shrinkage=0.05


Tree=699
num_leaves=3
num_cat=0
split_feature=9 32
split_gain=0.107445 0.034453
threshold=0.9967765931068685 95.200000000000017
decision_type=2 2
left_child=-1 -2
right_child=1 -3
leaf_value=-0.0080096536850584061 -0.0024794527329555695 0.012178176290914146
leaf_weight=0.27142119305062795 0.12352413358166825 1.5267675963987128
leaf_count=1249 7 375
internal_value=0.00609302 0.0105595
internal_weight=1.92171 1.65029
internal_count=1631 382
is_linear=0
shrinkage=0.05


Tree=700
num_leaves=15
num_cat=0
split_feature=33 52 1 26 25 40 27 48 21 13 28 31 28 29
split_gain=0.221517 0.212294 0.0531908 0.0338769 0.0202834 0.0180849 0.0140215 0.00840135 0.00806284 0.00450586 0.00419888 0.00252551 0.000976408 9.66884e-05
threshold=110.00000000000001 302.00000000000006 5.0000000000000009 93.600000000000009 97.040000000000006 25.500000000000004 80.40000000000002 80.000000000000014 0.0021610724086974886 0.97000000000000008 82.000000000000014 79.200000000000017 66.000000000000014 24.500000000000004
decision_type=2 8 2 2 2 10 2 8 2 2 2 2 2 2
left_child=2 5 3 9 6 -2 -4 -6 11 -1 -3 -5 -8 -9
right_child=1 10 4 8 7 -7 12 13 -10 -11 -12 -13 -14 -15
leaf_value=0.0049922606352860782 0.0084947493989533402 -6.636428503933929e-05 0.0037368075784874298 0.00031418277975824672 -0.00050215475313688217 -0.0022831731149588349 0.00026515372999620862 3.0209579388509932e-05 0.001027680884502831 -0.0010308530785651403 -0.021585091571062524 -0.0089310100502738542 -0.004331798294323376 0.013695192987309214
leaf_weight=0.26613749632088024 0.35239264373376533 0.029101119813276344 0.14818991109495983 0.0084284651093184948 0.038843808142701164 0.064199291882687248 0.0071180952945724121 0.0057295710139442227 0.028070510510588065 0.028208623785758391 1.6340573790366759 0.30246749031357467 0.14685664976423141 0.41051341228012461
leaf_count=241 70 71 85 3 40 26 13 8 28 50 403 270 210 93
internal_value=-0.00770608 -0.0155422 0.00561273 -0.00306006 0.0104798 0.00639456 -0.000315126 0.012938 -0.00766187 0.00406457 -0.0213749 -0.0086319 -0.00407367 0.0136612
internal_weight=3.47031 2.07975 1.39056 0.633313 0.757251 0.416592 0.302165 0.455087 0.338966 0.294346 1.66316 0.310896 0.153975 0.416243
internal_count=1611 570 1041 592 449 96 308 141 301 291 474 273 223 101
is_linear=0
shrinkage=0.05


Tree=701
num_leaves=7
num_cat=0
split_feature=9 1 2 32 4 34
split_gain=0.0248485 0.0306658 0.0518329 0.0325161 0.0148089 9.52751e-05
threshold=1.0000000180025095e-35 5.0000000000000009 1.0000000180025095e-35 115.60000000000002 6.0000000000000009 24.500000000000004
decision_type=2 2 2 2 2 2
left_child=1 4 -3 -4 -1 -5
right_child=-2 2 3 5 -6 -7
leaf_value=0.009182144660195575 -0.0064762171732804857 0.0059133809201671189 -0.011193802850654643 -2.9528136788768673e-05 -0.0017410495966256687 0.0028955291492268219
leaf_weight=0.31549248634837546 0.20862326973292522 0.24134790043171961 0.37252373096271185 0.0080457830335944891 0.04863410960388137 0.10805361824895954
leaf_count=140 853 238 43 17 182 138
internal_value=-0.0010503 0.00258286 -0.00280037 -0.0081855 0.0075164 0.00284799
internal_weight=1.30272 1.0941 0.729971 0.488623 0.364127 0.116099
internal_count=1611 758 436 198 322 155
is_linear=0
shrinkage=0.05


Tree=702
num_leaves=7
num_cat=0
split_feature=32 4 53 4 28 9
split_gain=0.151167 0.00908649 0.015931 0.00990412 0.011922 0.00653847
threshold=1478.0000000000002 6.0000000000000009 212.50000000000003 10.000000000000002 1462.0000000000002 0.00043889203632664853
decision_type=2 2 8 2 2 2
left_child=1 -1 -3 4 5 -4
right_child=-2 2 3 -5 -6 -7
leaf_value=-0.006615859472055759 0.019399478296969783 -0.0041685318469814958 0.0080820075658493609 -0.0019688320189969149 -0.0018204103808475616 -0.00089850528496997456
leaf_weight=0.21410795635165414 0.44646351439587306 0.11985394032672048 0.27418524169479497 0.055218255307408981 0.04897705465555191 0.024543174527934752
leaf_count=907 76 6 368 143 1 110
internal_value=0.00950394 -0.00420881 0.000474235 0.00384219 0.00554116 0.00722046
internal_weight=1.18335 0.736886 0.522778 0.402924 0.347705 0.298728
internal_count=1611 1535 628 622 479 478
is_linear=0
shrinkage=0.05


Tree=703
num_leaves=4
num_cat=0
split_feature=9 52 40
split_gain=0.0981232 0.0845447 0.0141658
threshold=0.9967765931068685 302.00000000000006 19.500000000000004
decision_type=2 8 10
left_child=-1 2 -2
right_child=1 -3 -4
leaf_value=-0.0078867581661507483 -0.0057562893111943059 0.014284851189454235 0.0026396260252709979
leaf_weight=0.26614232992142195 0.40335354488342989 1.1941357823088765 0.075028008257504553
leaf_count=1228 41 314 28
internal_value=0.00548437 0.009767 -0.00354471
internal_weight=1.93866 1.67252 0.478382
internal_count=1611 383 69
is_linear=0
shrinkage=0.05


Tree=704
num_leaves=15
num_cat=0
split_feature=9 37 32 33 25 2 3 29 52 21 33 38 25 28
split_gain=0.0339156 0.0216128 0.0207251 0.0152315 0.014509 0.0118881 0.0122098 0.0105732 0.00544048 0.00416505 0.0049808 0.00403878 0.00230503 0.000897712
threshold=1.0000000180025095e-35 1.0000000180025095e-35 108.40000000000002 98.000000000000014 1460.6800000000001 1.0000000180025095e-35 1.5000000000000002 23.500000000000004 276.00000000000006 0.019381261764527296 1478.0000000000002 5.5000000000000009 1062.0000000000002 150.00000000000003
decision_type=2 10 2 2 2 2 2 2 8 2 2 10 2 2
left_child=1 2 3 -1 -3 7 8 -2 -7 10 12 13 -4 -9
right_child=5 4 9 -5 -6 6 -8 11 -10 -11 -12 -13 -14 -15
leaf_value=-0.002206520781984276 -0.0014643156191716195 -0.0086194481150472773 -0.0056237364460571355 0.0073002864444030313 0.0018331288938073693 0.0010822060140794501 0.0033080744989621401 0.0078549552282857239 -0.0052645973702809814 0.0013717424539587823 5.6938697395870271e-06 -0.00046883598023810051 0.00047238607576420951 0.00016400609337883574
leaf_weight=0.073211239330703726 0.051599780505057757 0.30347922022338014 0.22833158173307289 0.4249848902982194 0.04932108148932457 0.074173052766127401 0.09669015507097356 1.5849139870988436 0.16098090373270679 0.037602210970362648 0.73471436114050448 0.044140184298157581 0.012634073384106159 0.082446161308325716
leaf_count=76 18 293 339 63 1 16 176 402 165 13 6 55 1 19
internal_value=0.00218937 -0.00219017 0.00120984 0.00536294 -0.0068833 0.0055351 -0.000992374 0.00667819 -0.00400729 -0.00248165 -0.0032493 0.00737318 -0.00518101 0.00767872
internal_weight=3.95922 1.86428 1.51148 0.498196 0.3528 2.09494 0.331844 1.7631 0.235154 1.01328 0.97568 1.7115 0.240966 1.66736
internal_count=1643 792 498 139 294 851 357 494 181 359 346 476 340 421
is_linear=0
shrinkage=0.05


Tree=705
num_leaves=5
num_cat=0
split_feature=13 1 2 32
split_gain=0.0610607 0.0245402 0.0444358 0.0263095
threshold=0.97000000000000008 5.0000000000000009 1.0000000180025095e-35 115.60000000000002
decision_type=2 2 2 2
left_child=-1 -2 -3 -4
right_child=1 2 3 -5
leaf_value=-0.0087043234047666975 0.0092783941355496571 0.0063242339041085149 -0.0096212826369981817 0.0028831983892913127
leaf_weight=0.30202686147822533 0.31764882229617797 0.20174634270370007 0.32069636572850868 0.082532600907143205
leaf_count=1304 142 148 18 31
internal_value=-0.000491362 0.00532613 -0.0012371 -0.00683113
internal_weight=1.22465 0.922624 0.604975 0.403229
internal_count=1643 339 197 49
is_linear=0
shrinkage=0.05


Tree=706
num_leaves=6
num_cat=0
split_feature=4 28 3 30 27
split_gain=0.0294271 0.00930228 0.0110224 0.00701319 0.000438982
threshold=6.0000000000000009 138.00000000000003 1.5000000000000002 1478.0000000000002 322.00000000000006
decision_type=2 2 2 2 2
left_child=-1 2 3 4 -2
right_child=1 -3 -4 -5 -6
leaf_value=-0.0065508142806908268 0.0079342482317851983 -0.0020348464617307828 -0.0020610121860438714 0.00068010843935558871 3.7128146805368215e-07
leaf_weight=0.21156383152992941 0.29377626342466079 0.11616785940714169 0.058146587602095567 0.75136922957608476 0.017767775658285245
leaf_count=927 388 15 289 7 17
internal_value=-0.000380666 0.00313091 0.00437319 0.00555362 0.00782705
internal_weight=1.44879 1.23723 1.12106 1.06291 0.311544
internal_count=1643 716 701 412 405
is_linear=0
shrinkage=0.05


Tree=707
num_leaves=6
num_cat=0
split_feature=9 1 33 26 32
split_gain=0.0208796 0.0361195 0.0413729 0.0242515 0.00880905
threshold=0.9967765931068685 5.0000000000000009 124.00000000000001 93.600000000000009 90.800000000000026
decision_type=2 2 2 2 2
left_child=-1 2 4 -3 -2
right_child=1 3 -4 -5 -6
leaf_value=-0.0077580848045762018 -0.0013153132562712983 -0.0026763859564279176 -0.0066394044385339667 0.0093293942566384565 0.0065622304100528802
leaf_weight=0.26068214266706502 0.10508682625368226 0.096039094496518485 1.2554082741262389 0.32555517493165098 0.21042628851137124
leaf_count=1249 7 3 37 192 155
internal_value=-0.00271495 0.000316856 -0.00330038 0.00663565 0.0049331
internal_weight=2.2532 1.99252 1.57092 0.421594 0.315513
internal_count=1643 394 199 195 162
is_linear=0
shrinkage=0.05


Tree=708
num_leaves=15
num_cat=0
split_feature=13 52 37 21 33 32 32 52 27 38 33 34 34 34
split_gain=0.0355434 0.0208552 0.0240875 0.0234534 0.0216327 0.0197557 0.0164985 0.0172497 0.0139561 0.0108269 0.00224302 0.000537866 0.000364857 8.2317e-05
threshold=0.97000000000000008 320.00000000000006 192.00000000000003 1.0000000180025095e-35 124.00000000000001 135.20000000000002 108.40000000000002 588.00000000000011 101.20000000000002 5.5000000000000009 70.000000000000014 23.500000000000004 101.50000000000001 492.50000000000006
decision_type=2 8 8 2 2 2 2 8 2 10 2 2 2 2
left_child=1 2 12 4 10 -6 7 -2 -7 11 -3 -4 -1 -11
right_child=6 3 9 -5 5 8 -8 -9 -10 13 -12 -13 -14 -15
leaf_value=-0.0022049255079301423 -0.0040304648638146276 0.00037917922586327919 1.7005682066760785e-05 0.0071497698405984843 0.0043900934085592891 0.001357336196282981 -0.0070715973666007348 0.0041736672413735321 -0.0061849219210811709 -0.00081360069589202699 -0.0067383917455384624 0.012368593236429968 0.00018061173230064732 0.00011969263487725647
leaf_weight=0.074793817257159723 0.1191923303704242 0.010193998925388637 0.01163680967874825 0.23461375347687852 1.1924100741453005 0.68246178739354935 0.2300708224211121 0.57715969064156525 0.19262972843716852 0.050706421039649285 0.24344136157014873 0.55006084305932745 0.023567754353280179 0.015625936022843234
leaf_count=35 52 5 13 338 37 12 208 78 148 54 426 142 62 34
internal_value=0.00288137 0.00505231 0.00942487 0.00150845 -0.00104287 0.0014775 -0.00344 0.00122125 -0.00271595 0.0113364 -0.00637805 0.0122874 -0.0019893 -0.000687677
internal_weight=4.20857 3.28214 0.726392 2.55575 2.32114 2.0675 0.926423 0.696352 0.875092 0.62803 0.253635 0.561698 0.0983616 0.0663324
internal_count=1644 1306 340 966 628 197 338 130 160 243 431 155 97 88
is_linear=0
shrinkage=0.05


Tree=709
num_leaves=5
num_cat=0
split_feature=9 4 32 28
split_gain=0.0349045 0.0198304 0.0134558 0.0221217
threshold=1.0000000180025095e-35 6.0000000000000009 108.40000000000002 98.000000000000014
decision_type=2 2 2 2
left_child=1 2 3 -1
right_child=-2 -3 -4 -5
leaf_value=0.0054190665630821644 -0.0063711342770223353 -0.0031841155455401117 0.0091615491798009117 -0.0036453638264510669
leaf_weight=0.17339191611972615 0.20454598922151501 0.092683824987034202 0.32686480821575969 0.58344826939719496
leaf_count=107 873 421 214 29
internal_value=0.000667396 0.00425629 0.00611535 0.000333806
internal_weight=1.38093 1.17639 1.0837 0.75684
internal_count=1644 771 350 136
is_linear=0
shrinkage=0.05


Tree=710
num_leaves=4
num_cat=0
split_feature=17 53 33
split_gain=0.0371702 0.0240728 0.0134994
threshold=0.9968553459119498 212.50000000000003 1462.0000000000002
decision_type=2 8 2
left_child=-1 -2 -3
right_child=1 2 -4
leaf_value=-0.0087186896052577553 -0.0045186611407903692 0.0080062787276479318 -0.00011104368935686083
leaf_weight=0.30257482064189378 0.13159136101603497 0.27096443649497814 0.81285468954592943
leaf_count=1240 5 393 6
internal_value=-0.00257969 0.00219423 0.00478659
internal_weight=1.51799 1.21541 1.08382
internal_count=1644 404 399
is_linear=0
shrinkage=0.05


Tree=711
num_leaves=15
num_cat=0
split_feature=2 4 29 48 40 35 32 34 52 25 25 39 29 25
split_gain=0.0146884 0.0178185 0.00821959 0.00789274 0.00781283 0.00613809 0.000852074 0.000497784 0.000334673 0.000267378 2.50883e-05 1.90185e-05 2.56952e-05 1.08175e-05
threshold=1.0000000180025095e-35 1.0000000180025095e-35 83.500000000000014 80.000000000000014 25.500000000000004 1.0000000180025095e-35 162.00000000000003 16.500000000000004 302.00000000000006 127.60000000000001 164.72000000000003 12.500000000000002 88.500000000000014 268.00000000000006
decision_type=2 2 2 8 10 10 2 2 10 2 2 10 2 2
left_child=2 3 4 -2 5 -1 8 -5 -4 11 -11 12 -8 -12
right_child=1 -3 6 7 -6 -7 9 -9 -10 10 13 -13 -14 -15
leaf_value=-0.001730015537938479 -0.0011715523415869221 -0.0035619685854118657 0.0019384420338798673 -7.7400736725816242e-05 0.0013082869257753172 -0.0088454229804159849 3.2270164465759683e-05 0.0067742427094671653 -0.00020186247633875343 0.00043214609813304754 -0.00015639885253143193 2.3963706106670463e-05 -0.00095820528708125932 8.6076122261537341e-05
leaf_weight=1.213424162946467 0.084860011455020756 0.10486519122787286 0.10917298847198242 0.0042380401282571247 0.049118236856884212 0.36630727415467834 0.0025561811489751554 0.23416523980267812 0.013212630794441793 0.011653401597868651 0.006694927258649841 0.00372510626039002 0.047020317702845205 0.0028488024545367807
leaf_count=173 20 497 189 4 37 134 7 206 51 24 35 13 247 7
internal_value=-0.00310437 0.00215411 -0.0046634 0.0052989 -0.0055318 -0.00616918 0.00114024 0.00668829 0.0017334 -0.000540529 0.000358459 -0.00089894 -0.000925047 -7.04522e-05
internal_weight=2.25386 0.428128 1.82573 0.323263 1.62885 1.57973 0.196884 0.238403 0.122386 0.0744987 0.0211971 0.0533016 0.0495765 0.00954373
internal_count=1644 727 917 230 344 307 573 210 240 333 66 267 254 42
is_linear=0
shrinkage=0.05


Tree=712
num_leaves=15
num_cat=0
split_feature=35 9 1 37 38 28 33 2 40 32 33 28 3 30
split_gain=0.0650784 0.0694791 0.0459525 0.0409184 0.0530259 0.0324039 0.0288991 0.0177609 0.00815202 0.00238536 0.00136791 0.00112338 0.000606583 0.000243544
threshold=1.0000000180025095e-35 0.9967765931068685 5.0000000000000009 192.00000000000003 5.5000000000000009 98.000000000000014 114.00000000000001 1.0000000180025095e-35 19.500000000000004 91.800000000000026 82.000000000000014 70.000000000000014 1.5000000000000002 107.92000000000002
decision_type=10 2 2 8 10 2 2 2 10 2 2 2 2 2
left_child=1 2 5 10 8 12 7 13 -5 -9 -2 -6 -1 -4
right_child=3 -3 6 4 11 -7 -8 9 -10 -11 -12 -13 -14 -15
leaf_value=0.00036271797513261574 0.00033168375036482853 -0.011425373955673746 -0.0016166787835901171 0.012950546127202792 0.00028250922353528264 -0.0087530058801734961 -0.0026097614298204752 -9.6799662378691968e-05 -0.00050335895238162525 0.012347549510427089 -0.0044497589479164674 -0.0040422877461497959 0.0029270570392688783 0.00017941919237987836
leaf_weight=0.71782362317026149 0.022753862562240212 0.99372877732093901 0.05269698574556958 0.75707130529917777 0.031601518887327984 0.3284841425193008 0.13391112216049805 0.023735519760521129 0.04273393792391289 0.34746768717013765 0.17290704885090236 0.16860975908639375 0.084609770157840103 0.010363751105614938
leaf_count=104 39 271 74 153 63 83 165 41 69 100 141 167 137 28
internal_value=-0.00115224 -0.0050234 0.00156666 0.0058833 0.0088988 -0.00367467 0.00768983 0.010471 0.0123514 0.0120615 -0.00408136 -0.00369303 0.00210704 -0.00143039
internal_weight=3.8885 2.69282 1.69909 1.19568 1.00002 1.13092 0.568175 0.434264 0.799805 0.371203 0.195661 0.200211 0.802433 0.0630607
internal_count=1635 1003 732 632 452 324 408 243 222 141 180 230 241 102
is_linear=0
shrinkage=0.05


Tree=713
num_leaves=6
num_cat=0
split_feature=13 1 2 32 30
split_gain=0.0503338 0.0551004 0.0515419 0.00356843 0.00449164
threshold=0.97000000000000008 5.0000000000000009 1.0000000180025095e-35 115.60000000000002 580.00000000000011
decision_type=2 2 2 2 2
left_child=-1 -2 -3 -4 -5
right_child=1 2 3 4 -6
leaf_value=-0.0087919429210231333 0.010327290923090567 0.0057137010719315448 -0.0096627383122499886 0.0022011409925997618 -0.0023638512791346838
leaf_weight=0.30599027393327549 0.36017097457079217 0.17915410158457235 0.31193754705600441 0.061868971853982657 0.099394432443659753
leaf_count=1308 135 145 17 26 4
internal_value=-0.0015684 0.0038985 -0.00375286 -0.0087825 -0.00022517
internal_weight=1.31852 1.01253 0.652355 0.473201 0.161263
internal_count=1635 327 192 47 30
is_linear=0
shrinkage=0.05


Tree=714
num_leaves=4
num_cat=0
split_feature=17 53 33
split_gain=0.0476317 0.0194965 0.0141558
threshold=0.9968553459119498 212.50000000000003 1462.0000000000002
decision_type=2 8 2
left_child=-1 -2 -3
right_child=1 2 -4
leaf_value=-0.0085888734375632932 -0.0034382163446858823 0.0087137807255244764 0.00014966676281922512
leaf_weight=0.29673854628344987 0.096363463439047226 0.30184040250605904 0.82337421178817749
leaf_count=1230 3 395 7
internal_value=-0.00130651 0.00353232 0.0054662
internal_weight=1.51832 1.22158 1.12521
internal_count=1635 405 402
is_linear=0
shrinkage=0.05


Tree=715
num_leaves=6
num_cat=0
split_feature=26 4 31 29 29
split_gain=0.0707474 0.0521101 0.00188836 0.00146237 0.00164913
threshold=93.600000000000009 1.0000000180025095e-35 79.200000000000017 99.500000000000014 152.50000000000003
decision_type=2 2 2 2 2
left_child=3 2 -2 -1 -5
right_child=1 -3 -4 4 -6
leaf_value=-0.0070804618400874464 -0.00019366881928583904 -0.0045292087403082052 0.010595967934054609 0.0013649047374158444 -0.0014405557905084183
leaf_weight=0.23417846934171405 0.005186893278732784 0.13725787703151571 1.5203778593859167 0.05412162119318964 0.042116318451007828
leaf_count=264 8 630 432 47 254
internal_value=0.00419588 0.00802167 0.0104971 -0.00661523 -5.69686e-05
internal_weight=1.99324 1.66282 1.52556 0.330416 0.0962379
internal_count=1635 1070 440 565 301
is_linear=0
shrinkage=0.05


Tree=716
num_leaves=14
num_cat=0
split_feature=13 52 1 21 2 26 29 33 29 29 34 34 34
split_gain=0.0792346 0.0606213 0.0273104 0.035563 0.0282324 0.0277873 0.0211935 0.00312232 0.00228261 0.000318962 5.15925e-05 9.42586e-06 2.23036e-06
threshold=0.97000000000000008 588.00000000000011 5.0000000000000009 0.00019178241947741782 1.0000000180025095e-35 84.800000000000011 23.500000000000004 78.000000000000014 100.50000000000001 386.50000000000006 98.500000000000014 462.50000000000006 89.500000000000014
decision_type=2 10 2 2 2 2 2 2 2 2 2 2 2
left_child=2 -2 4 5 6 -4 -1 -6 -8 10 12 -11 -10
right_child=1 -3 3 -5 7 -7 8 -9 9 11 -12 -13 -14
leaf_value=-5.0943855769379307e-05 -0.013180446973591681 0.0044495090303403283 0.0029191318810432589 0.0050179148765121112 0.0008782882219751175 -0.009884840777103724 0.0097152359219204593 -0.0040892526012503818 -2.2265995090962543e-05 -1.5174242557866e-05 -0.00061628454491046076 0.00074889841597553701 0.00012378686961698386
leaf_weight=0.7547258595586771 0.51940527040278528 0.13882143422961235 0.089744273864198365 0.15398615514277481 0.029849345170077757 0.35240365910431137 1.5053182948613537 0.1605909698700998 0.003949636360630282 0.0014696169091621405 0.044698111334582791 0.054527128319023177 0.0061220092029543594
leaf_count=26 323 3 5 238 39 409 186 206 9 6 36 139 16
internal_value=0.000267046 -0.00902123 0.00390756 -0.00275452 0.00579623 -0.0070639 0.00726332 -0.00322691 0.00939291 0.000209672 -0.000513515 0.000733465 0.000101172
internal_weight=3.81561 0.658227 3.15739 0.596134 2.56125 0.442148 2.37081 0.19044 1.61608 0.110767 0.0547698 0.0559967 0.0100716
internal_count=1641 326 1315 652 663 414 418 245 392 206 61 145 25
is_linear=0
shrinkage=0.05


Tree=717
num_leaves=3
num_cat=0
split_feature=13 52
split_gain=0.113274 0.0678326
threshold=0.97000000000000008 588.00000000000011
decision_type=2 10
left_child=-1 -2
right_child=1 -3
leaf_value=-0.008446228727546929 0.015252224976534652 -0.0041602546868646957
leaf_weight=0.29048539160066866 0.65953479468589649 0.13547599595040083
leaf_count=1315 323 3
internal_value=0.00464541 0.0114694
internal_weight=1.0855 0.795011
internal_count=1641 326
is_linear=0
shrinkage=0.05


Tree=718
num_leaves=4
num_cat=0
split_feature=17 53 29
split_gain=0.0399727 0.0237904 0.0124639
threshold=0.9968553459119498 212.50000000000003 11.500000000000002
decision_type=2 8 2
left_child=-1 -2 -3
right_child=1 2 -4
leaf_value=-0.0081530492125389663 -0.0040481255952040281 0.00012417626692365317 0.0084909285045887978
leaf_weight=0.27758353311219242 0.11611455865204323 0.72511506080627441 0.29211732029216364
leaf_count=1229 4 3 405
internal_value=-0.00155495 0.00312529 0.00554497
internal_weight=1.41093 1.13335 1.01723
internal_count=1641 412 408
is_linear=0
shrinkage=0.05


Tree=719
num_leaves=6
num_cat=0
split_feature=9 1 28 26 32
split_gain=0.0217425 0.0341843 0.0379977 0.0249938 0.0140336
threshold=0.9967765931068685 5.0000000000000009 122.00000000000001 93.600000000000009 90.800000000000026
decision_type=2 2 2 2 2
left_child=-1 2 4 -3 -2
right_child=1 3 -4 -5 -6
leaf_value=-0.007444722457947201 -0.0020085726058654794 -0.002763917413459889 -0.0063016763235882473 0.00945232093940402 0.0070082624539991954
leaf_weight=0.2475718563728152 0.12501975707709778 0.086297465953976027 1.2000626929802818 0.33122704792185687 0.22794154036091641
leaf_count=1244 8 2 19 186 182
internal_value=-0.00224513 0.00069439 -0.00294476 0.00675879 0.00469049
internal_weight=2.21812 1.97055 1.55302 0.417525 0.352961
internal_count=1641 397 209 188 190
is_linear=0
shrinkage=0.05


Tree=720
num_leaves=15
num_cat=0
split_feature=13 2 1 31 52 4 26 28 33 25 30 32 0 0
split_gain=0.176425 0.0917492 0.0344553 0.0250877 0.0170793 0.0164639 0.00842558 0.00735118 0.00671308 0.00118668 0.00104916 0.000761166 0.000227362 0.000179916
threshold=0.97000000000000008 1.0000000180025095e-35 5.0000000000000009 115.40000000000005 588.00000000000011 10.000000000000002 81.200000000000017 70.000000000000014 94.000000000000014 128.08000000000001 70.440000000000012 1458.0000000000002 220.50000000000003 312.50000000000006
decision_type=2 2 2 2 10 2 2 2 2 2 2 2 2 2
left_child=1 2 3 8 -2 7 -4 -3 12 11 -9 -8 -1 -14
right_child=4 5 6 -5 -6 -7 9 10 -10 -11 -12 -13 13 -15
leaf_value=0.0028005706358229846 -0.011620342017112744 0.0010967271644103434 0.0029109621670341296 0.016910456463768892 0.0014480615042598093 0.0027467488210400847 -0.0037726165377198898 0.00015643209099105583 -0.0027955128478402507 0.00036399434496429668 -0.0075906178860773305 0.00023880646036290523 -0.00050300929165547918 0.00044038035989674683
leaf_weight=0.12915236630942839 0.43691995051631227 0.030110184656223171 0.095620540902018436 1.7845110511698292 0.060217174235731363 0.078708069398999214 0.17828171398286941 0.0041757812723517409 0.086926571690128185 0.028521083731902763 0.31493374559067888 0.0064065573678817591 0.013534455501940101 0.016356403226382099
leaf_count=105 329 52 11 214 3 113 264 1 62 33 421 13 4 37
internal_value=0.00600652 0.0108239 0.0139273 0.0155582 -0.0101275 -0.00401378 -0.00048989 -0.00644396 4.93751e-05 -0.00315732 -0.0074475 -0.00354935 0.00267465 -6.04276e-05
internal_weight=3.26438 2.76724 2.33931 2.03048 0.497137 0.427928 0.30883 0.34922 0.24597 0.213209 0.31911 0.184688 0.159043 0.0298909
internal_count=1662 1330 743 422 332 587 321 474 208 310 422 277 146 41
is_linear=0
shrinkage=0.05


Tree=721
num_leaves=3
num_cat=0
split_feature=13 52
split_gain=0.122062 0.0178336
threshold=0.97000000000000008 588.00000000000011
decision_type=2 10
left_child=-1 -2
right_child=1 -3
leaf_value=-0.0084418172527293122 0.013956439476979738 -0.0011402041105993143
leaf_weight=0.29030454087114776 0.57834990401170217 0.061764983925968409
leaf_count=1330 329 3
internal_value=0.00514137 0.0126927
internal_weight=0.930419 0.640115
internal_count=1662 332
is_linear=0
shrinkage=0.05


Tree=722
num_leaves=15
num_cat=0
split_feature=26 26 32 34 1 33 33 32 33 33 52 34 1 30
split_gain=0.0431802 0.0194187 0.0172074 0.0107092 0.0056421 0.00216392 0.00190396 0.00153905 0.000653713 0.000371036 0.000255106 0.000165193 6.91742e-05 6.23212e-05
threshold=102.80000000000003 105.60000000000001 1450.0000000000002 119.50000000000001 5.0000000000000009 86.000000000000014 118.00000000000001 107.60000000000001 124.00000000000001 150.00000000000003 236.00000000000003 1346.0000000000002 5.0000000000000009 100.88000000000001
decision_type=2 2 2 2 2 2 2 2 2 2 10 2 2 2
left_child=2 -2 5 -4 7 -1 -6 13 -8 -10 12 -5 -7 -3
right_child=1 4 3 11 6 10 8 -9 9 -11 -12 -13 -14 -15
leaf_value=-0.0018757395442775588 0.0047016521851741275 -0.00017103959603805734 -0.019629723877424812 0.00052339116008593117 -0.0011392004334187498 -2.9695091179768955e-05 0.0023197317179009165 -0.0057339623729864972 -0.00083247691206077474 0.00053624597109473053 -0.00018180119208119247 -0.00038454780735706846 0.0015894873635843043 0.00044993232449499647
leaf_weight=0.079420104215387255 0.13996970311563928 0.0075954799467581316 0.33782124330900842 0.040188649407355115 0.05674066164647229 0.031951314776961226 0.065831258805701509 0.23362014295707922 0.026020091128884815 0.039869934429589193 0.037438751533045433 0.016587572179560084 0.052448996262683067 0.012121941632358357
leaf_count=328 101 32 24 86 216 116 112 187 118 79 89 92 71 11
internal_value=-0.0124619 -0.000289961 -0.0167175 -0.0187205 -0.00403551 -0.000475425 0.000817941 -0.00541792 0.00192267 -0.000278183 0.00129573 0.000145252 0.0015144 0.000277575
internal_weight=1.17763 0.581769 0.595857 0.394597 0.4418 0.201259 0.188462 0.253338 0.131721 0.06589 0.121839 0.0567762 0.0844003 0.0197174
internal_count=1662 856 806 202 755 604 525 230 309 197 276 178 187 43
is_linear=0
shrinkage=0.05


Tree=723
num_leaves=15
num_cat=0
split_feature=2 9 29 34 33 32 52 33 33 33 41 52 33 33
split_gain=0.038621 0.0279429 0.00990221 0.00866847 0.00102138 0.000610921 0.00050621 0.000248068 0.000151155 0.000131433 6.05862e-05 4.26846e-05 2.80424e-05 4.36238e-06
threshold=1.0000000180025095e-35 0.9967765931068685 71.500000000000014 24.500000000000004 78.000000000000014 1458.0000000000002 302.00000000000006 94.000000000000014 162.00000000000003 182.00000000000003 25.500000000000004 236.00000000000003 110.00000000000001 114.00000000000001
decision_type=2 2 2 2 2 2 10 2 2 2 8 8 2 2
left_child=2 -2 3 7 -4 6 8 -1 11 -9 -7 -6 -8 -14
right_child=1 -3 4 -5 5 10 12 9 -10 -11 -12 -13 13 -15
leaf_value=-0.00022576098762953521 -0.0035645678249750568 0.0082637072956336637 -0.00072436328041595392 -0.0073977645971792143 -1.6453284563381861e-05 0.00014859455178554905 -0.00035596478815525851 0.0014462936590530803 -7.2408883708600615e-05 -0.00010762704824558911 -0.00049889664880546408 0.0023699515490403964 0.00013690196105399383 -3.9523209551778254e-05
leaf_weight=0.0083444444535419882 0.10498041969549365 0.29934476609923877 0.019693245005328097 1.3836387385308624 0.0051230595854576668 0.011420541501138359 0.0095817793771857396 0.055703540878312197 0.0068421233154367647 0.0079571991082048044 0.016597434871073347 0.13467145579488715 0.0036623608320951462 0.0042043945650220849
leaf_count=37 529 195 116 167 13 33 53 62 30 25 78 296 6 22
internal_value=-0.00273515 0.00484121 -0.00569849 -0.00669595 0.00102534 0.00166188 0.00200846 0.00111075 0.00226722 0.00133348 -0.000347159 0.00234479 -0.000257174 9.69513e-05
internal_weight=2.07177 0.404325 1.66744 1.45564 0.211796 0.192103 0.164085 0.0720052 0.146637 0.0636607 0.028018 0.139795 0.0174485 0.00786676
internal_count=1662 724 938 291 647 531 420 124 339 87 111 309 81 28
is_linear=0
shrinkage=0.05


Tree=724
num_leaves=12
num_cat=0
split_feature=21 31 52 40 29 27 29 40 33 40 31
split_gain=0.028343 0.0262289 0.0227191 0.0223928 0.0190599 0.0183773 0.0176068 0.011691 0.00287492 0.000417651 0.000337359
threshold=1.0000000180025095e-35 128.40000000000003 288.00000000000006 19.500000000000004 77.500000000000014 93.200000000000017 24.500000000000004 17.000000000000004 182.00000000000003 14.500000000000002 71.40000000000002
decision_type=2 2 8 10 2 2 2 8 2 10 2
left_child=1 3 8 4 6 -4 -1 9 -3 -8 -6
right_child=-2 2 5 -5 10 -7 7 -9 -10 -11 -12
leaf_value=-0.0027260618641944817 0.0081763787577734583 -0.00084141196478627683 -9.9275416961289173e-05 -0.0044713556114941112 0.0001165395103635502 -0.01004499350002892 -0.0017390530875846383 0.00700571338113469 0.0039988118483568463 0.0002237976930953582 -0.0033766516442895744
leaf_weight=0.078095909644618433 0.27819368182099413 0.022917635011253545 0.73650607981835492 0.13428074403782364 0.004807088029337935 0.35823997497936944 0.048299938382115548 2.1037019072246039 0.12966659918311052 0.093780695664463565 0.11554380168672651
leaf_count=58 468 58 93 94 4 371 25 141 21 12 302
internal_value=0.00172347 -0.000342805 -0.0045206 0.00237667 0.00394188 -0.0065955 0.00518263 0.0062128 0.00317255 -0.00138192 -0.00325764
internal_weight=4.10403 3.82584 1.24733 2.57851 2.44423 1.09475 2.32388 2.24578 0.152584 0.142081 0.120351
internal_count=1647 1179 543 636 542 464 236 178 79 37 306
is_linear=0
shrinkage=0.05


Tree=725
num_leaves=4
num_cat=0
split_feature=13 32 33
split_gain=0.0557278 0.0156212 0.0204207
threshold=0.97000000000000008 108.40000000000002 98.000000000000014
decision_type=2 2 2
left_child=-1 2 -2
right_child=1 -3 -4
leaf_value=-0.0084917323036929979 0.0048020391249353192 0.0081859572443323987 -0.0039790916981317509
leaf_weight=0.29249557401271886 0.14604331520968117 0.2767936029995326 0.57708400557748973
leaf_count=1330 80 200 37
internal_value=-0.00056524 0.00484007 -0.000448032
internal_weight=1.29242 0.999921 0.723127
internal_count=1647 317 117
is_linear=0
shrinkage=0.05


Tree=726
num_leaves=4
num_cat=0
split_feature=17 53 33
split_gain=0.0456636 0.022259 0.0124068
threshold=0.9968553459119498 212.50000000000003 1462.0000000000002
decision_type=2 8 2
left_child=-1 -2 -3
right_child=1 2 -4
leaf_value=-0.0081176837635706586 -0.0036448180830705294 0.0088818323243767348 0.00042890166275022843
leaf_weight=0.2760513433095183 0.10338008310645808 0.30949679762125015 0.81032924447208643
leaf_count=1219 4 418 6
internal_value=-0.000789441 0.00377183 0.00585293
internal_weight=1.49926 1.22321 1.11983
internal_count=1647 428 424
is_linear=0
shrinkage=0.05


Tree=727
num_leaves=8
num_cat=0
split_feature=9 32 1 33 26 32 38
split_gain=0.0254636 0.0244024 0.0240591 0.0331629 0.0174833 0.00781755 0.00201926
threshold=0.9967765931068685 132.40000000000003 5.0000000000000009 124.00000000000001 81.200000000000017 90.800000000000026 5.5000000000000009
decision_type=2 2 2 2 2 2 8
left_child=-1 2 3 5 -4 -2 -3
right_child=1 6 4 -5 -6 -7 -8
leaf_value=-0.0074144818154331799 -0.0014545175246946994 -0.00020717475910092759 -0.0027224614116845474 -0.0072015832183442673 0.0069642552144814256 0.0055117143417458955 0.0071027418835207055
leaf_weight=0.24631303975183994 0.10664678737521138 0.042539879883406795 0.085195643827319034 1.113228379865177 0.22348295702249743 0.1704935506277252 0.23042944620829076
leaf_count=1251 7 30 2 13 63 89 192
internal_value=-0.00171763 0.00124928 -0.00178232 -0.00434109 0.00425333 0.00379112 0.00669571
internal_weight=2.21833 1.97202 1.69905 1.39037 0.308679 0.27714 0.272969
internal_count=1647 396 174 109 65 96 222
is_linear=0
shrinkage=0.05


Tree=728
num_leaves=15
num_cat=0
split_feature=13 52 29 37 52 33 34 36 25 21 1 32 32 31
split_gain=0.0497993 0.0493621 0.0217717 0.0159329 0.0126798 0.013612 0.0112463 0.00761477 0.00521234 0.00306286 0.00178002 0.00217978 0.0016397 0.00243031
threshold=0.97000000000000008 588.00000000000011 24.500000000000004 192.00000000000003 302.00000000000006 142.00000000000003 23.500000000000004 16.000000000000004 93.440000000000012 0.0034630938358853557 5.0000000000000009 104.80000000000003 130.40000000000003 111.60000000000001
decision_type=2 10 2 8 8 2 2 8 2 2 2 2 2 2
left_child=2 -2 8 9 6 7 -5 -6 -1 -4 11 -9 13 -12
right_child=1 -3 3 4 5 -7 -8 10 -10 -11 12 -13 -14 -15
leaf_value=0.00059088381501461054 -0.011382127030296608 0.0042667378405885715 -0.0033389678391769159 -0.0010496927443225945 -0.0016857969739222667 -0.0034047131701514226 0.010833372593216003 -0.00032407027089536422 -0.0042031595981596994 0.0010802286205202243 0.0011227452847894816 0.0051816317748833319 0.0013891011468231264 -0.0025122850438094916
leaf_weight=0.71949373470852229 0.42463923843752116 0.143312007188797 0.09680369759735219 0.041183642024407496 0.094203183500212284 0.13222671207040537 0.49193592250230722 0.073905283294152357 0.13087556275422685 0.029647401912370697 0.055035989556927345 1.0273805418037225 0.079240509672672488 0.071466531662736088
leaf_count=46 332 4 97 29 120 115 154 117 48 53 89 173 210 44
internal_value=0.000410917 -0.00723059 0.00327252 0.00531449 0.00636516 0.00175629 0.00982948 0.00345839 -0.00201972 -0.00226369 0.00439916 0.00483376 -6.73313e-06 -0.00133803
internal_weight=3.61135 0.567951 3.0434 2.19303 2.06658 1.53346 0.53312 1.40123 0.850369 0.126451 1.30703 1.10129 0.205743 0.126503
internal_count=1631 336 1295 1201 1051 868 183 753 94 150 633 290 343 133
is_linear=0
shrinkage=0.05


Tree=729
num_leaves=3
num_cat=0
split_feature=13 52
split_gain=0.0938128 0.0569843
threshold=0.97000000000000008 588.00000000000011
decision_type=2 10
left_child=-1 -2
right_child=1 -3
leaf_value=-0.0081991861658931749 0.01373573217786369 -0.0038969845116805222
leaf_weight=0.27959969011499197 0.564654059096938 0.14239074615761638
leaf_count=1295 332 4
internal_value=0.00329607 0.00998204
internal_weight=0.986644 0.707045
internal_count=1631 336
is_linear=0
shrinkage=0.05


Tree=730
num_leaves=4
num_cat=0
split_feature=17 53 30
split_gain=0.0421924 0.0228532 0.0109735
threshold=0.9968553459119498 212.50000000000003 1462.0000000000002
decision_type=2 8 2
left_child=-1 -2 -3
right_child=1 2 -4
leaf_value=-0.0081223537138237177 -0.0038743444984744389 0.0084592279424134092 0.00043853226408612314
leaf_weight=0.2761796918712206 0.11077043414115895 0.29054219191311859 0.81094504590146244
leaf_count=1215 4 404 8
internal_value=-0.00118867 0.00334845 0.00557279
internal_weight=1.48844 1.21226 1.10149
internal_count=1631 416 412
is_linear=0
shrinkage=0.05


Tree=731
num_leaves=6
num_cat=0
split_feature=9 32 33 32 36
split_gain=0.0254481 0.0211924 0.0144637 0.033964 0.00273045
threshold=0.9967765931068685 132.40000000000003 124.00000000000001 90.800000000000026 9.5000000000000018
decision_type=2 2 2 2 8
left_child=-1 2 3 -2 -3
right_child=1 4 -4 -5 -6
leaf_value=-0.0074135051153110809 -0.0046442942469190609 -0.00045353771501280656 -0.0038739277438394472 0.0075433310036667409 0.0068467702161485958
leaf_weight=0.24625364502571767 0.16656833048909869 0.01212864462286245 1.1206545992172323 0.24905470220255665 0.23039119844906963
leaf_count=1238 6 1 43 123 220
internal_value=-0.00181321 0.00135096 -0.00166035 0.00282854 0.0064105
internal_weight=2.02505 1.7788 1.53628 0.415623 0.24252
internal_count=1631 393 172 129 221
is_linear=0
shrinkage=0.05


Tree=732
num_leaves=15
num_cat=0
split_feature=26 1 26 52 25 25 27 3 29 26 13 17 32 31
split_gain=0.0592165 0.0669132 0.0429476 0.038623 0.0222825 0.0222783 0.014758 0.012379 0.00535051 0.00486342 0.00457631 0.00528629 0.00222004 0.000505213
threshold=109.20000000000002 5.0000000000000009 93.600000000000009 236.00000000000003 97.040000000000006 127.60000000000001 80.40000000000002 1.5000000000000002 24.500000000000004 105.60000000000001 0.97000000000000008 0.9968553459119498 620.4000000000002 79.200000000000017
decision_type=2 2 2 10 2 2 2 2 2 2 2 2 2 2
left_child=1 2 10 7 6 -5 -3 -2 -6 13 11 -1 -7 -4
right_child=3 4 9 5 8 12 -8 -9 -10 -11 -12 -13 -14 -15
leaf_value=0.0054610268947496762 -0.011186363604959618 0.0037370781911631804 5.710234723291945e-05 -0.0039405797569837722 -0.00038864863456096894 0.0063615802228541704 -0.0043127288432782528 0.0011598089416570278 0.013302212462415405 0.00054680633458051081 -0.0014104277140089443 1.8456173997535565e-05 -0.00028686615879536384 -0.0097742530389219994
leaf_weight=0.23107535406597957 0.96838786041189429 0.13399719144217659 0.0015244677779264739 0.13330833119107399 0.016845950041897595 0.25393901570350863 0.15528302901657298 0.031888642959529534 0.39239221051684581 0.015066113148350269 0.038983551465207711 0.7104261302301893 0.047433772546355613 0.35117439281748375
leaf_count=208 397 91 3 133 8 52 215 49 91 9 46 54 12 255
internal_value=-0.00168125 0.00330735 -0.003111 -0.00723283 0.0102337 0.0022379 -0.000577521 -0.0104097 0.0128628 -0.00920808 0.0026706 0.00347901 0.00589882 -0.00972096
internal_weight=3.48173 2.04677 1.34825 1.43496 0.698518 0.434681 0.28928 1.00028 0.409238 0.367765 0.980485 0.941501 0.301373 0.352699
internal_count=1623 980 575 643 405 197 306 446 99 267 308 262 64 258
is_linear=0
shrinkage=0.05


Tree=733
num_leaves=12
num_cat=0
split_feature=1 13 28 40 2 27 0 33 33 30 33
split_gain=0.0495428 0.0516378 0.0478578 0.0222867 0.0114644 0.00185257 0.000410338 0.000364689 6.58867e-05 1.6598e-05 7.33251e-06
threshold=5.0000000000000009 0.97000000000000008 86.000000000000014 17.000000000000004 1.0000000180025095e-35 72.800000000000011 835.50000000000011 118.00000000000001 166.00000000000003 188.00000000000003 114.00000000000001
decision_type=2 2 2 10 2 2 2 2 2 2 2
left_child=1 -1 5 4 7 -2 -5 -4 -9 -10 -8
right_child=2 -3 3 6 -6 -7 10 8 9 -11 -12
leaf_value=-0.0050586346637024916 -0.00048080713963712492 0.010240846960924014 0.00095836187651194811 0.001828592123429821 -0.013748974813914606 0.004501671299311596 -0.0002960948991805474 -0.00059369222992191955 0.00022656853502172234 -9.0876439803779728e-05 3.0077978359881679e-05
leaf_weight=0.15582529662060551 0.012986226356588304 0.35851635813014582 0.049551847463590093 0.078723052029090468 0.43980372143778368 0.17257157019048464 0.0099082945089321584 0.021003649926569778 0.0060577919357456267 0.0051771465805359185 0.0058451133954804382
leaf_count=648 76 138 115 76 194 206 49 83 2 19 17
internal_value=-0.00202888 0.00532605 -0.00708486 -0.0108632 -0.0126575 0.00404154 0.0015567 0.000495736 -0.000454902 0.000135077 -0.000264606
internal_weight=1.31597 0.514342 0.801628 0.616071 0.521594 0.185558 0.0944765 0.0817904 0.0322386 0.0112349 0.0157534
internal_count=1623 786 837 555 413 282 142 219 104 21 66
is_linear=0
shrinkage=0.05


Tree=734
num_leaves=4
num_cat=0
split_feature=17 30 53
split_gain=0.0462119 0.00990558 0.0130827
threshold=0.9968553459119498 1478.0000000000002 110.00000000000001
decision_type=2 2 8
left_child=-1 2 -2
right_child=1 -3 -4
leaf_value=-0.0077977772985401029 -0.0016771450340982469 -0.00019674715258765621 0.0085096735462931415
leaf_weight=0.26231454130174814 0.046213445253670216 0.69041568977991119 0.29274807788897306
leaf_count=1217 3 5 398
internal_value=-0.000405648 0.0043923 0.00690551
internal_weight=1.29169 1.02938 0.338962
internal_count=1623 406 401
is_linear=0
shrinkage=0.05


Tree=735
num_leaves=4
num_cat=0
split_feature=9 52 52
split_gain=0.0783726 0.076854 0.0141933
threshold=0.9967765931068685 302.00000000000006 268.00000000000006
decision_type=2 8 10
left_child=-1 2 -2
right_child=1 -3 -4
leaf_value=-0.0071724136571179459 0.0024636918319542811 0.013277352034096447 -0.0062237605205035526
leaf_weight=0.23637312700884638 0.076181749464012571 1.0777922504057642 0.31878611544379964
leaf_count=1229 27 331 36
internal_value=0.00485889 0.00890954 -0.00398319
internal_weight=1.70913 1.47276 0.394968
internal_count=1623 394 63
is_linear=0
shrinkage=0.05


Tree=736
num_leaves=15
num_cat=0
split_feature=9 53 53 29 21 27 29 1 38 39 34 28 34 37
split_gain=0.0589096 0.0328626 0.0379279 0.026312 0.0225424 0.013107 0.0104136 0.010201 0.00690852 0.00435279 0.0029634 0.00255138 0.00177547 0.000781927
threshold=1.0000000180025095e-35 212.50000000000003 621.00000000000011 11.500000000000002 0.019381261764527296 136.80000000000004 24.500000000000004 5.0000000000000009 5.5000000000000009 12.500000000000002 101.50000000000001 110.00000000000001 23.500000000000004 192.00000000000003
decision_type=2 8 10 2 2 2 2 2 8 8 2 2 2 10
left_child=1 -1 3 -3 -5 6 -2 12 13 -7 -10 -11 -8 -9
right_child=5 2 -4 4 -6 9 7 8 10 11 -12 -13 -14 -15
leaf_value=0.0043392885460559662 -0.0013553874522362003 -0.00052758471829322242 0.003726930126566174 -0.01411991122181896 0.001625100091622496 0.0016337487951500738 -0.00012869028035311525 -0.00027810975502166218 -0.0037511494039080898 0.00075567472805201366 0.00087088186772802377 -0.0038455457395794959 0.0086411885360127266 0.0029919728010530606
leaf_weight=0.12598559353500594 0.076511646751896367 0.73321432899683692 0.15382171275268786 0.59528618535841815 0.044935753918252885 0.049097407056251652 0.029397164995316305 0.032039360521593951 0.13547044325969182 0.033466270127973985 0.055352904360916 0.12695447867008625 1.3447651430542462 0.10145610099425539
leaf_count=5 64 4 31 712 25 17 35 32 54 77 162 65 299 31
internal_value=0.00085042 -0.0047321 -0.00690131 -0.00916039 -0.0126978 0.00552836 0.0066084 0.00733648 -0.000250487 -0.0015203 -0.00280498 -0.00306164 0.00847839 0.00265418
internal_weight=3.63775 1.65324 1.52726 1.37344 0.640222 1.98451 1.77499 1.69848 0.324319 0.209518 0.190823 0.160421 1.37416 0.133495
internal_count=1613 777 772 741 737 836 677 613 279 159 216 142 334 63
is_linear=0
shrinkage=0.05


Tree=737
num_leaves=3
num_cat=0
split_feature=13 52
split_gain=0.0860896 0.0515869
threshold=0.97000000000000008 588.00000000000011
decision_type=2 10
left_child=-1 -2
right_child=1 -3
leaf_value=-0.0081668446047432133 0.012967283453944762 -0.0037872975023376838
leaf_weight=0.27819604319302016 0.51731261319946498 0.1388070834800601
leaf_count=1288 321 4
internal_value=0.00254539 0.00927615
internal_weight=0.934316 0.65612
internal_count=1613 325
is_linear=0
shrinkage=0.05


Tree=738
num_leaves=4
num_cat=0
split_feature=17 53 29
split_gain=0.0467439 0.03051 0.00900015
threshold=0.9968553459119498 212.50000000000003 11.500000000000002
decision_type=2 8 2
left_child=-1 -2 -3
right_child=1 2 -4
leaf_value=-0.0077254775283508497 -0.0041970354678498569 0.00095840261243067 0.0094460436678835691
leaf_weight=0.25925554557034036 0.12141488585621107 0.74084063060581684 0.33518902206560597
leaf_count=1190 5 4 414
internal_value=-6.28031e-05 0.00435691 0.00687884
internal_weight=1.4567 1.19744 1.07603
internal_count=1613 423 418
is_linear=0
shrinkage=0.05


Tree=739
num_leaves=15
num_cat=0
split_feature=27 1 30 28 9 30 40 52 37 40 32 34 31 29
split_gain=0.016001 0.013838 0.0152847 0.0144828 0.00630611 0.00577419 0.00462329 0.00263762 0.00197277 0.000580448 0.000478123 0.000134352 9.37817e-05 6.76778e-05
threshold=140.80000000000004 5.0000000000000009 115.68000000000002 110.00000000000001 0.9967765931068685 94.000000000000014 17.000000000000004 236.00000000000003 192.00000000000003 25.500000000000004 127.20000000000003 27.500000000000004 99.90000000000002 21.500000000000004
decision_type=2 2 2 2 2 2 10 10 8 10 2 2 2 2
left_child=1 2 5 8 -2 7 -6 11 12 -10 -5 -1 -3 -13
right_child=4 3 -4 10 6 -7 -8 -9 9 -11 -12 13 -14 -15
leaf_value=-0.00014340283053358821 -0.0016253827610365511 0.00075348843770389968 -0.0074830012035190692 -8.5702255234026162e-05 0.0054296709457472558 0.0033399923505923741 -0.00090619618873083495 -0.0029395443197066675 -0.0038866470091284151 0.0001582274347445632 0.0049453239990061605 -6.883262229128993e-05 -0.00015125433144553267 0.0012073115519556747
leaf_weight=0.0056359092777714661 0.045288480752787907 0.022080908223870099 1.1613710597375755 0.014259243500418961 0.16651497533894144 0.14298934758699033 0.054190912924241275 0.088061287307937164 0.15312486334732966 0.014445176246226765 0.18861875185393728 0.0018386211595498017 0.010626811585098039 0.066449413963709958
leaf_count=29 191 11 126 49 85 264 15 134 345 37 192 9 30 96
internal_value=-0.00277894 -0.00431881 -0.00587104 0.00148748 0.00290641 0.00129776 0.00440605 -0.00182794 -0.00308596 -0.00370109 0.00481444 0.00100041 0.000597715 0.00114068
internal_weight=2.1355 1.8695 1.46635 0.403156 0.265994 0.304975 0.220706 0.161985 0.200278 0.16757 0.202878 0.0739239 0.0327077 0.068288
internal_count=1613 1322 658 664 291 532 100 268 423 382 241 134 41 105
is_linear=0
shrinkage=0.05


Tree=740
num_leaves=14
num_cat=0
split_feature=13 1 21 29 52 0 27 32 31 31 31 29 29
split_gain=0.059353 0.0460133 0.0382519 0.0263106 0.0139881 0.00720561 0.000443771 0.000465224 0.000317056 0.000316954 4.45266e-05 1.18293e-05 9.27317e-06
threshold=0.97000000000000008 5.0000000000000009 0.0005339792033497232 24.500000000000004 588.00000000000011 163.00000000000003 93.200000000000017 86.000000000000014 1478.0000000000002 95.600000000000009 1478.0000000000002 96.500000000000014 340.00000000000006
decision_type=2 2 2 2 10 2 2 2 2 2 2 2 2
left_child=1 3 -3 -1 -2 -5 7 -7 -9 -8 -11 -10 -13
right_child=4 2 -4 5 -6 6 9 8 11 10 -12 12 -14
leaf_value=-0.0011219354123119692 -0.010302225717056471 -0.0093485683387672016 0.0042138439608858493 0.0087987349305678111 0.0013653366158468082 -0.00050006216731537955 0.0003306194495594245 0.0013906812908895576 -0.00031458518873978415 -0.0012037590927306944 4.3768277355898148e-05 0.00013228269263424646 -8.6531783672754188e-05
leaf_weight=0.78988703855429898 0.36980004994984472 0.32919493124063581 0.12617589926230721 1.481578595441533 0.057990206871181726 0.034892776195192599 0.013834174242219888 0.047012925235321745 0.0084127556183375418 0.068907988206774462 0.0040127837128238744 0.0035373790015000841 0.015200048394035548
leaf_count=53 332 418 201 152 3 13 23 111 2 265 13 4 17
internal_value=-0.000175327 0.00303487 -0.00527738 0.0056486 -0.00887209 0.0080651 -0.000201828 0.000600711 0.00110201 -0.00083512 -0.0011583 -0.00026513 4.40777e-05
internal_weight=3.35044 2.92265 0.455371 2.46728 0.42779 1.67739 0.195811 0.109056 0.0741631 0.0867549 0.0729208 0.0271502 0.0187374
internal_count=1607 1272 619 653 335 600 448 147 134 301 278 23 21
is_linear=0
shrinkage=0.05


Tree=741
num_leaves=3
num_cat=0
split_feature=13 52
split_gain=0.0983581 0.0149295
threshold=0.97000000000000008 588.00000000000011
decision_type=2 10
left_child=-1 -2
right_child=1 -3
leaf_value=-0.0077687865064835345 0.012702609707601693 -0.0010697151912242278
leaf_weight=0.2611160088381439 0.50150714046321809 0.059523578267544508
leaf_count=1272 332 3
internal_value=0.00446854 0.0114922
internal_weight=0.822147 0.561031
internal_count=1607 335
is_linear=0
shrinkage=0.05


Tree=742
num_leaves=4
num_cat=0
split_feature=17 28 35
split_gain=0.0351731 0.0141438 0.0140266
threshold=0.9968553459119498 182.00000000000003 1.5000000000000002
decision_type=2 2 8
left_child=-1 2 -2
right_child=1 -3 -4
leaf_value=-0.0075086315019812404 -0.0023642105329073717 -0.0028197031092234981 0.0061181832243946159
leaf_weight=0.25015932755195525 0.063687995076179171 0.12524752062745403 1.0271140841359738
leaf_count=1200 1 11 395
internal_value=-0.0010836 0.00302999 0.00472903
internal_weight=1.46621 1.21605 1.0908
internal_count=1607 407 396
is_linear=0
shrinkage=0.05


Tree=743
num_leaves=10
num_cat=0
split_feature=1 9 0 29 28 32 31 40 40
split_gain=0.0304368 0.0323629 0.01084 0.00620376 0.00136176 0.000664899 0.000467588 5.00638e-05 4.05471e-06
threshold=5.0000000000000009 0.9967765931068685 163.00000000000003 24.500000000000004 78.000000000000014 1474.0000000000002 1458.0000000000002 14.500000000000002 17.000000000000004
decision_type=2 2 2 2 2 2 2 8 8
left_child=2 -2 3 6 -4 7 -1 -6 -7
right_child=1 -3 4 -5 5 8 -8 -9 -10
leaf_value=0.0013679092259180872 -0.0039465430011086473 0.0085796577525390251 -0.00072017316878081458 -0.0063660229858408584 -1.805074087153185e-05 1.5158879265712512e-05 -0.00041646871806049629 0.002561139371814763 -0.00032706268830118269
leaf_weight=0.049796130268077721 0.11756090500421135 0.29202167474431917 0.019576966726162826 1.2411008359267723 0.0049912694303202434 0.0020494892451097266 0.011211310615180992 0.14689985149016138 0.0087934561961446889
leaf_count=52 624 191 114 176 26 10 11 360 43
internal_value=-0.00162654 0.00473516 -0.00458127 -0.00575647 0.00158182 0.00223996 0.000956532 0.00253429 -0.000311373
internal_weight=1.894 0.409583 1.48442 1.30211 0.182311 0.162734 0.0610074 0.151891 0.0108429
internal_count=1607 815 792 239 553 439 63 386 53
is_linear=0
shrinkage=0.05


Tree=744
num_leaves=15
num_cat=0
split_feature=28 33 34 17 29 27 37 39 31 27 38 34 34 26
split_gain=0.0996996 0.0238963 0.0217539 0.0199077 0.0150976 0.0118596 0.010191 0.00987572 0.00873414 0.00826974 0.00729747 0.00315743 0.000873741 0.00083251
threshold=122.00000000000001 110.00000000000001 24.500000000000004 0.9968553459119498 24.500000000000004 128.80000000000004 192.00000000000003 8.0000000000000018 566.00000000000011 101.20000000000002 5.5000000000000009 23.500000000000004 101.50000000000001 109.20000000000002
decision_type=2 2 2 2 2 2 8 8 2 2 10 2 2 2
left_child=1 3 -2 4 -1 -4 12 -3 -7 -9 11 -8 -6 -13
right_child=2 7 5 -5 6 8 10 9 -10 -11 -12 13 -14 -15
leaf_value=-0.0019179808008331228 -0.0011046998390222534 0.0023946044855347286 0.019795350883916676 -0.0030549684736338508 -0.0016736369711089752 -0.001961848044413966 -0.00028948489337996555 1.5198424505905614e-05 0.0044588737609218528 -0.0066339506017205844 -0.00057653650700342481 0.0096339688773406946 0.00062302987894040103 -1.3463262282430261e-05
leaf_weight=0.089137864328223126 0.044499865500256308 0.064551026880507956 0.85833551115501883 0.088560925418278091 0.062385788274695764 0.18274400813243119 0.025347386370413005 0.73531711430405278 0.21299061074387282 0.26301433593471302 0.085220174776623026 0.8992956724614487 0.026673695887438953 0.019806897704256698
leaf_count=62 28 2 70 250 27 64 35 31 19 376 132 435 60 51
internal_value=0.00938757 0.00149002 0.0168456 0.00470673 0.00640174 0.01769 0.00765701 -0.00281316 0.0022126 -0.00417969 0.00855387 0.00925054 -0.00104531 0.00952738
internal_weight=3.65788 2.35931 1.29857 1.29643 1.20787 1.25407 1.11873 1.06288 0.395735 0.998331 1.02967 0.94445 0.0890595 0.919103
internal_count=1642 1461 181 1052 802 153 740 409 83 407 653 521 87 486
is_linear=0
shrinkage=0.05


Tree=745
num_leaves=15
num_cat=0
split_feature=1 13 25 48 27 34 31 33 34 34 25 29 27 29
split_gain=0.0358708 0.0466276 0.0411252 0.0139268 0.0109573 0.00354149 0.00123265 0.000375392 0.000173414 4.98371e-05 1.84396e-05 1.55429e-05 7.73886e-06 2.15667e-06
threshold=5.0000000000000009 0.97000000000000008 87.38000000000001 112.00000000000001 1030.0000000000002 25.500000000000004 82.40000000000002 98.000000000000014 100.50000000000001 109.50000000000001 119.84000000000002 17.500000000000004 80.40000000000002 102.50000000000001
decision_type=2 2 2 8 2 2 2 2 2 2 2 2 2 2
left_child=1 -1 6 7 5 -5 12 -4 -9 11 -10 -7 -2 -13
right_child=2 -3 3 4 -6 9 -8 8 10 -11 -12 13 -14 -15
leaf_value=-0.0052883852602170359 -0.00036827163220404919 0.0089763500187507849 -0.00035158196167487218 -0.013078014628216101 0.00089914786885945215 -7.2104907607961971e-05 0.0040552048904298329 0.0014482151348440598 9.6790420404277647e-05 -0.0003050094093938925 -0.0002351407087288848 0.00027765861925246421 2.5624065978864595e-05 -8.9589225447280963e-06
leaf_weight=0.16403560009348439 0.014459819009061903 0.3010958326049149 0.010698567275539972 0.45928277704661014 0.028133845757110976 0.0019262047208030699 0.13782426140096504 0.059789421269670129 0.0091858181403949857 0.040457098835759098 0.0079362645556102507 0.023982764683751157 0.003430071970797143 0.0054001133321435182
leaf_count=668 57 132 45 82 20 11 150 41 25 256 42 77 10 26
internal_value=-0.00328305 0.00376978 -0.00719443 -0.0104653 -0.0117205 -0.0125396 0.00369142 0.000956347 0.00129581 -0.00010663 -0.000136982 0.000196902 -0.000341771 0.000267452
internal_weight=1.26764 0.465131 0.802507 0.646793 0.559183 0.531049 0.155714 0.0876101 0.0769115 0.0717662 0.0171221 0.0313091 0.0178899 0.0293829
internal_count=1642 800 842 625 472 452 217 153 108 370 67 114 67 103
is_linear=0
shrinkage=0.05


Tree=746
num_leaves=7
num_cat=0
split_feature=4 53 3 25 29 4
split_gain=0.0186431 0.016705 0.00935486 0.00976353 0.00699025 0.00791563
threshold=6.0000000000000009 212.50000000000003 1.5000000000000002 1460.6800000000001 11.500000000000002 10.000000000000002
decision_type=2 8 2 2 2 2
left_child=-1 -2 3 4 -3 -6
right_child=1 2 -4 -5 5 -7
leaf_value=-0.0058638635279851699 -0.0038132549603232496 0.00081378302300503093 -0.0019409020998757327 -0.0017282032745254497 0.0091270293397070837 -0.00095042132028021545
leaf_weight=0.18527216960501403 0.10890310035028927 0.73988842964172341 0.05457310791098291 0.046483192592859157 0.32025453963433392 0.025859964545816183
leaf_count=913 6 4 294 1 420 4
internal_value=-0.001025 0.00191946 0.00394847 0.00500935 0.00598796 0.00822739
internal_weight=1.48123 1.29596 1.18706 1.13249 1.086 0.346115
internal_count=1642 729 723 429 428 424
is_linear=0
shrinkage=0.05


Tree=747
num_leaves=15
num_cat=0
split_feature=1 33 27 26 33 37 27 40 32 25 25 37 29 29
split_gain=0.0937078 0.0919735 0.0639392 0.0230856 0.0129152 0.00399453 0.00189831 0.00115025 0.000974185 0.000498856 0.000211001 0.000271035 0.000190107 0.000201961
threshold=5.0000000000000009 114.00000000000001 140.80000000000004 120.70000000000003 94.000000000000014 192.00000000000003 275.2000000000001 25.500000000000004 326.00000000000006 99.920000000000016 92.080000000000013 1.0000000180025095e-35 131.50000000000003 99.500000000000014
decision_type=2 2 2 2 2 8 2 10 2 2 2 10 2 2
left_child=1 4 -3 5 10 9 -5 -7 -4 -2 11 12 13 -1
right_child=3 2 8 6 -6 7 -8 -9 -10 -11 -12 -13 -14 -15
leaf_value=-0.00031041427066901098 0.0014148705442492437 -0.024195631555433212 0.0021514942429289494 0.0068178790595069955 0.0048113492630444833 -0.0047460905253899448 -0.0002930848898002492 0.0002486186367161925 -0.00050356449777483835 -0.00042984623861174256 6.2278465587781073e-05 -0.0030856245810506801 -0.00047087618991815771 0.00079987977417961134
leaf_weight=0.0083456916327120378 0.041030043183127529 0.73936688250250882 0.089525429619243369 0.25810341370379319 0.19918849570967723 0.16903570906288223 0.015659762029827107 0.022587821134948172 0.054088688571937382 0.011592325383389834 0.019538894463039469 0.08835812090546824 0.012713604861346539 0.030958921248384286
leaf_count=52 17 83 59 219 278 458 38 54 14 56 56 160 76 22
internal_value=-0.0122236 -0.0168424 -0.0213872 0.00265078 0.0018466 -0.00342056 0.00650036 -0.00444277 0.00158559 0.000986198 -0.00281054 -0.00291438 3.30561e-05 0.000492289
internal_weight=1.76009 1.24208 0.882981 0.518009 0.359104 0.244246 0.273763 0.191624 0.143614 0.0526224 0.159915 0.140376 0.0520182 0.0393046
internal_count=1642 800 156 842 644 585 257 512 73 73 366 310 150 74
is_linear=0
shrinkage=0.05


Tree=748
num_leaves=15
num_cat=0
split_feature=29 17 28 38 37 33 40 34 34 30 33 34 0 29
split_gain=0.260551 0.0181698 0.0138016 0.013002 0.00796505 0.00701322 0.00606728 0.00820846 0.00352863 0.00119493 0.00112628 0.000841049 0.000426332 0.000255181
threshold=24.500000000000004 0.9968553459119498 182.00000000000003 5.5000000000000009 192.00000000000003 1164.0000000000002 19.500000000000004 99.500000000000014 23.500000000000004 94.000000000000014 78.000000000000014 101.50000000000001 277.00000000000006 27.500000000000004
decision_type=2 2 2 10 8 2 10 2 2 2 2 2 2 2
left_child=9 3 -3 4 11 6 7 8 -6 -1 -5 -2 -9 -8
right_child=1 2 -4 10 5 -7 13 12 -10 -11 -12 -13 -14 -15
leaf_value=-0.00027819304232411566 -0.0015200773550468573 -0.0050284844908570665 0.0029815962241028018 0.00061598698316279576 -0.00023333087699611518 -0.00083334159787579296 -0.00097480850608772844 -0.00086907634117820926 0.0093967380510394244 -0.019327033371679948 -0.0021626007176212872 0.00066177354670559924 0.00055262451083039159 0.0003187221274230411
leaf_weight=0.038022918975912368 0.056359966562014363 0.15451368896174233 0.12524024012964219 0.025385348926647455 0.048959001433105942 0.043128407109179423 0.032132224063388892 0.075810805945366044 2.088141840598837 0.45025603903923184 0.086208235486992635 0.02859827432257589 0.11218790798011469 0.014011261533596553
leaf_count=49 33 382 12 53 63 14 10 146 203 61 111 63 378 36
internal_value=-0.00148658 0.00560525 -0.00191478 0.00671814 0.00742316 0.0078788 0.00823744 0.00855715 0.00917207 -0.0190273 -0.001545 -0.000852613 -0.000269646 -0.00065282
internal_weight=3.37896 2.89068 0.279754 2.61092 2.49933 2.41437 2.37124 2.3251 2.1371 0.488279 0.111594 0.0849582 0.187999 0.0461435
internal_count=1614 1504 394 1110 946 850 836 790 266 110 164 96 524 46
is_linear=0
shrinkage=0.05


Tree=749
num_leaves=15
num_cat=0
split_feature=28 1 2 13 40 31 28 25 33 28 29 28 28 28
split_gain=0.0349616 0.0330032 0.0195067 0.015766 0.0128878 0.00564413 0.00290737 0.000467306 0.000337559 0.000434188 6.09986e-05 5.92128e-05 0.000194282 5.01438e-05
threshold=86.000000000000014 5.0000000000000009 1.0000000180025095e-35 0.97000000000000008 17.000000000000004 100.70000000000002 98.000000000000014 114.72000000000001 118.00000000000001 142.00000000000003 26.500000000000004 130.00000000000003 310.00000000000006 118.00000000000001
decision_type=2 2 2 2 10 2 2 2 2 2 2 2 2 2
left_child=3 5 7 -1 -4 6 -2 10 -9 13 -3 -7 -13 -10
right_child=1 2 4 -5 -6 11 -8 8 9 -11 -12 12 -14 -15
leaf_value=-0.0026922415269105809 -0.00072665483757804574 0.00014136050060235575 -0.013615843530018447 0.0064457004721906897 0.00094482404914354517 -0.0015974145259852043 0.0046546130265874858 0.001704401120986791 6.6652086278010979e-05 0.00063308515018987359 -0.00052697675055898157 0.00049792881335073227 -0.00047994266863426511 -0.00090607973868926108
leaf_weight=0.077325163387286011 0.01975758981279796 0.011517800368892495 0.43645711668068543 0.20670673678978346 0.032911776477703825 0.076457765819213819 0.14377599213912617 0.062644627651025075 0.0054518867182196109 0.020819790021050721 0.016230884735705331 0.019759542556130327 0.012941648354171775 0.024739712484006304
leaf_count=406 116 20 202 208 30 269 26 82 16 11 94 10 18 106
internal_value=-0.00443677 -0.00769557 -0.0107894 0.0037987 -0.0126467 0.00226676 0.00393871 0.00105433 0.00143308 -0.000204769 -0.000381943 -0.00153083 2.09293e-05 -0.000836233
internal_weight=1.1675 0.883466 0.610774 0.284032 0.469369 0.272693 0.163534 0.141405 0.113656 0.0510114 0.0277487 0.109159 0.0327012 0.0301916
internal_count=1614 1000 561 614 232 439 142 329 215 133 114 297 28 122
is_linear=0
shrinkage=0.05


Tree=750
num_leaves=4
num_cat=0
split_feature=17 26 53
split_gain=0.166469 0.06275 0.00309084
threshold=0.9968553459119498 182.00000000000003 315.00000000000006
decision_type=2 2 8
left_child=-1 -2 -3
right_child=1 2 -4
leaf_value=-0.007629838893935089 0.021685000933744092 -0.0031608207216090797 0.0011490601273792115
leaf_weight=0.2551692577326321 0.62435604850179516 0.11274938832502812 0.031535045884083956
leaf_count=1195 373 14 32
internal_value=0.0115206 0.0185975 -0.00203787
internal_weight=1.02381 0.76864 0.144284
internal_count=1614 419 46
is_linear=0
shrinkage=0.05


Tree=751
num_leaves=5
num_cat=0
split_feature=9 0 1 26
split_gain=0.0181569 0.0194091 0.0147133 0.0149544
threshold=0.9967765931068685 163.00000000000003 5.0000000000000009 81.200000000000017
decision_type=2 2 2 2
left_child=-1 2 -2 -4
right_child=1 -3 3 -5
leaf_value=-0.0070843017785333431 -0.0039285885400670139 0.0057322252316862263 -0.002845613399286814 0.0058500760442701735
leaf_weight=0.23278295205091115 1.3084121271967886 0.18005441947025258 0.076696448028087505 0.18162490503164008
leaf_count=1239 61 266 1 47
internal_value=-0.00241281 0.000562209 -0.00203374 0.00305863
internal_weight=1.97957 1.74679 1.56673 0.258321
internal_count=1614 375 109 48
is_linear=0
shrinkage=0.05


Tree=752
num_leaves=15
num_cat=0
split_feature=13 1 28 52 28 37 28 1 41 29 34 21 0 34
split_gain=0.0219457 0.0307833 0.0272923 0.0240786 0.0121317 0.0114383 0.0106054 0.0108236 0.00933332 0.00853709 0.00742574 0.00671423 0.00300635 0.00259673
threshold=1.0000000180025095e-35 5.0000000000000009 86.000000000000014 302.00000000000006 98.000000000000014 192.00000000000003 122.00000000000001 5.0000000000000009 25.500000000000004 24.500000000000004 24.500000000000004 0.012882112882112884 129.00000000000003 24.500000000000004
decision_type=2 2 2 8 2 8 2 2 10 2 2 2 2 2
left_child=3 4 -3 5 -2 -1 11 -8 13 -7 -11 -5 -12 -4
right_child=1 2 8 6 -6 9 7 -9 -10 10 12 -13 -14 -15
leaf_value=-0.0019689284315142345 0.0025031699177495009 -0.0018454621198756426 -0.00012256423302549484 -0.0074840524392523426 -0.0050691652560070268 -0.001270610383280104 0.0022319908069157045 -0.0038672004399440173 -0.00070791496082761465 -0.00095756350146515275 0.0087946016219881944 0.0010021650787038006 -0.00023135871122264553 0.013095942127464772
leaf_weight=0.056424137335852831 0.1587535029830176 0.1500224047631491 0.019234215375036001 0.26479017496603785 0.15914193706703372 0.034771084669046104 1.0110352611227424 0.13964126125938481 0.029639049578690901 0.033192430681083351 0.31319367703690659 0.027174786955583841 0.045356786547927186 0.48886079830117524
leaf_count=45 311 229 25 527 60 5 15 108 17 20 33 4 66 137
internal_value=0.00308163 0.0067542 0.00978926 -0.000489464 -0.00225763 0.00466844 -0.00342046 3.78444e-05 0.0121245 0.00631121 0.00741359 -0.00652987 0.00832296 0.0128461
internal_weight=2.93123 1.00565 0.687756 1.92558 0.317895 0.482938 1.44264 1.15068 0.537734 0.426514 0.391743 0.291965 0.35855 0.508095
internal_count=1602 779 408 823 371 169 654 123 179 124 119 531 99 162
is_linear=0
shrinkage=0.05


Tree=753
num_leaves=15
num_cat=0
split_feature=28 1 9 40 2 31 28 52 33 2 26 31 33 30
split_gain=0.0358454 0.0379337 0.0135495 0.00978602 0.0141123 0.00615229 0.00528426 0.0018609 0.000926574 0.00039551 0.000373452 0.000107682 6.24993e-06 3.89971e-06
threshold=86.000000000000014 5.0000000000000009 1.0000000180025095e-35 19.500000000000004 1.0000000180025095e-35 1057.6000000000001 98.000000000000014 302.00000000000006 118.00000000000001 1.0000000180025095e-35 115.20000000000002 1065.6000000000006 276.00000000000006 145.04000000000002
decision_type=2 2 2 10 2 2 2 8 2 2 2 2 2 2
left_child=2 6 -1 4 8 -6 -2 -8 10 13 -3 -7 -10 -5
right_child=1 3 -4 9 5 11 7 -9 12 -11 -12 -13 -14 -15
leaf_value=0.0062119918316939993 -0.0014981049250515264 -0.00026079348572931614 -0.0024097730631146268 -0.00044419218309563419 -0.013834162587217114 0.00061601396423522758 -0.00047981911836350436 0.0044790884546946613 -0.00077626508456624436 0.0011040763628978026 0.0017158743598341558 -0.00021609598482981199 9.146325229535999e-06 1.0360023283495314e-05
leaf_weight=0.22302859309274936 0.041597754854592495 0.011799276871897746 0.068653418893518392 0.018740965912002139 0.40994927378778812 0.016488786786794662 0.015300092542020138 0.20750869850598974 0.023933891068736557 0.036762152842129581 0.057895307880244218 0.0057953833565989035 0.0023655029217479742 0.0027602519039646714
leaf_count=272 228 72 345 74 147 1 54 146 102 28 68 53 5 7
internal_value=-0.00431501 -0.00770841 0.00388813 -0.0111116 -0.0119949 -0.0133335 0.00265813 0.00402465 0.000698607 0.000663858 0.00145027 0.000399911 -0.000765543 -0.000432822
internal_weight=1.14258 0.850897 0.291682 0.586491 0.528227 0.432233 0.264407 0.222809 0.095994 0.0582634 0.0696946 0.0222842 0.0262994 0.0215012
internal_count=1602 985 617 557 448 201 428 200 247 109 140 54 107 81
is_linear=0
shrinkage=0.05


Tree=754
num_leaves=3
num_cat=0
split_feature=17 53
split_gain=0.0425954 0.0218797
threshold=0.9968553459119498 212.50000000000003
decision_type=2 8
left_child=-1 -2
right_child=1 -3
leaf_value=-0.0074810438369933485 -0.0028892469716406128 0.008153416766299864
leaf_weight=0.24901497932296479 0.07956261932849884 0.27701215932029299
leaf_count=1206 2 394
internal_value=-0.00127744 0.00537596
internal_weight=0.60559 0.356575
internal_count=1602 396
is_linear=0
shrinkage=0.05


Tree=755
num_leaves=6
num_cat=0
split_feature=9 2 34 48 33
split_gain=0.029083 0.0139682 0.0143568 0.00427324 0.00021189
threshold=0.9967765931068685 1.0000000180025095e-35 25.500000000000004 80.000000000000014 156.00000000000003
decision_type=2 2 2 8 2
left_child=-1 2 -2 -3 -4
right_child=1 3 4 -5 -6
leaf_value=-0.0066480960883068532 -0.0027419685433337608 -0.00047714183288456919 0.0040959926670585713 0.007202868018128139 -3.4543573067640357e-05
leaf_weight=0.2153896823292597 1.2067596987471914 0.075104963267222158 0.21258697888697486 0.23476890852907673 0.014830564061412588
leaf_count=1212 43 15 142 174 16
internal_value=-0.000276505 0.00264635 -0.000459775 0.00639825 0.00401794
internal_weight=1.95944 1.74405 1.43418 0.309874 0.227418
internal_count=1602 390 201 189 158
is_linear=0
shrinkage=0.05


Tree=756
num_leaves=15
num_cat=0
split_feature=33 2 26 26 38 29 37 38 52 34 53 28 34 53
split_gain=0.114098 0.123544 0.044549 0.0314232 0.0261979 0.0139225 0.00830163 0.00598692 0.00543347 0.00414094 0.00409124 0.00270118 0.00834365 0.00251186
threshold=118.00000000000001 1.0000000180025095e-35 129.20000000000005 109.20000000000002 5.5000000000000009 24.500000000000004 192.00000000000003 5.5000000000000009 302.00000000000006 23.500000000000004 110.00000000000001 74.000000000000014 80.000000000000014 212.50000000000003
decision_type=2 2 2 2 8 2 8 10 8 2 10 2 2 8
left_child=3 2 10 5 -3 -1 -7 9 -4 -8 -2 -11 -13 -12
right_child=1 4 8 -5 -6 6 7 -9 -10 11 13 12 -14 -15
leaf_value=-0.0022282666808163595 0.026926679297517121 0.0043756031032765423 0.0024846469277041978 -0.0053777050978426107 -0.0063722456503188529 -0.0010913948079547509 -0.00050751427982481136 -0.00065918336093586565 -0.0025221605883600571 -2.3716343624513268e-05 0.0024116685837175201 0.0093351155868551285 -0.00052848523214996026 -0.0012284274925599091
leaf_weight=0.098251512768911531 1.1659948442029415 0.13444372112280678 0.075875737165915669 0.20626512816670572 0.22363824481726624 0.09277873235987466 0.032367248481023125 0.079556764394510537 0.092143906411365606 0.094881702825659886 0.065011189755750709 0.74114959394501057 0.12769563677284168 0.044199057847436052
leaf_count=74 76 21 21 235 189 111 53 131 87 170 2 60 352 48
internal_value=0.014263 0.0202384 0.0243643 0.0017265 -0.00208636 0.00474547 0.00608905 0.00693581 -6.96829e-05 0.00756876 0.0261993 0.00796032 0.00837836 0.00115914
internal_weight=3.27425 1.80131 1.44322 1.47295 0.358082 1.26668 1.16843 1.07565 0.16802 0.996094 1.27521 0.963727 0.868845 0.10921
internal_count=1630 444 234 1186 210 951 877 766 108 635 126 582 412 50
is_linear=0
shrinkage=0.05


Tree=757
num_leaves=15
num_cat=0
split_feature=1 13 25 40 2 31 27 33 25 27 32 25 31 25
split_gain=0.0374985 0.0470636 0.0395058 0.0149162 0.015603 0.00593649 0.00125504 0.000458976 0.000345666 0.000363898 0.000120572 9.97208e-05 9.96185e-05 1.44557e-05
threshold=5.0000000000000009 0.97000000000000008 86.100000000000009 17.000000000000004 1.0000000180025095e-35 1057.6000000000001 72.800000000000011 98.000000000000014 119.84000000000002 112.80000000000003 168.40000000000006 167.68000000000004 1062.0000000000002 116.08000000000001
decision_type=2 2 2 10 2 2 2 2 2 2 2 2 2 2
left_child=1 -1 6 4 8 -6 -2 -5 9 -4 -9 -10 -7 -12
right_child=2 -3 3 7 5 12 -8 10 11 -11 13 -13 -14 -15
leaf_value=-0.0050342226890113719 -0.00034263651433790078 0.0094865003601308055 -0.00027821542456660985 -0.00036884653943315021 -0.013042881201215077 0.00062141032906798518 0.0042007758492529123 0.0016037500674588936 -0.00053759209593387221 0.0015870666792485095 9.797894252089708e-05 0.00022780325203736185 -0.00019821132646681891 -0.00018294675450342937
leaf_weight=0.15493463634629734 0.01371416226902511 0.32432026081369258 0.0090178639875375666 0.011144142095872667 0.42512358396561467 0.016633722931146622 0.14465344115160406 0.066896690150315408 0.019215315667679533 0.050871269813796971 0.0072637183911865577 0.011687833160976879 0.0053132259417907326 0.0049019157086149789
leaf_count=645 70 145 66 49 172 1 143 54 102 53 18 28 51 33
internal_value=-0.00204027 0.00456241 -0.00636551 -0.00972482 -0.01111 -0.0125462 0.00385119 0.00114926 0.000980592 0.0013087 0.00150676 -0.00030794 0.000423194 -8.41294e-05
internal_weight=1.26569 0.479255 0.786437 0.628069 0.537863 0.447071 0.158368 0.0902065 0.0907923 0.0598891 0.0790623 0.0309031 0.0219469 0.0121656
internal_count=1630 790 840 627 473 224 213 154 249 119 105 130 52 51
is_linear=0
shrinkage=0.05


Tree=758
num_leaves=15
num_cat=0
split_feature=26 26 1 29 36 31 33 30 30 33 29 52 34 31
split_gain=0.0536012 0.0149108 0.0112212 0.0111669 0.00360265 0.000930496 0.00078254 0.000696474 0.00055065 0.000303876 0.000279172 0.000221996 0.000159092 6.58066e-05
threshold=102.80000000000003 105.60000000000001 5.0000000000000009 24.500000000000004 9.5000000000000018 1446.0000000000002 86.000000000000014 321.04000000000002 117.76000000000001 124.00000000000001 26.500000000000004 236.00000000000003 16.500000000000004 1450.0000000000002
decision_type=2 2 2 2 10 2 2 2 2 2 2 10 2 2
left_child=2 -2 3 -1 5 12 -4 10 -6 -10 -5 -8 -3 -7
right_child=1 4 6 7 8 13 11 -9 9 -11 -12 -13 -14 -15
leaf_value=-0.019946540092081046 0.0045444375023956296 3.932375259246885e-05 -0.0010137326321550905 0.00023948472196668727 -0.00049001574621328453 0.00041548637846232231 0.0011552184421446819 0.00073592141017429151 0.0015777850695932916 -0.00022701360180529606 -0.0013712886483165294 -0.00023277579399415247 -0.0045154857915773684 -0.00019609414779083015
leaf_weight=0.34329418689594604 0.13505752448691055 0.0020715622231364242 0.038826760021038353 0.019727270875591785 0.027841558017826173 0.011199306813068688 0.045294259747606702 0.031694438024715055 0.05105013215506915 0.016427186237706337 0.071815635972598102 0.01103409406641731 0.23312169501150493 0.0065878877940122029
leaf_count=44 98 2 208 40 117 28 73 38 92 46 357 31 423 33
internal_value=-0.01299 0.000523234 -0.0175075 -0.0185883 -0.00325006 -0.00423469 -7.3865e-05 -0.000415151 0.000843526 0.00133735 -0.00112278 0.000920357 -0.00447601 0.000218861
internal_weight=1.04504 0.483357 0.561687 0.466532 0.348299 0.25298 0.0951551 0.123237 0.0953189 0.0674773 0.0915429 0.0563284 0.235193 0.0177872
internal_count=1630 839 791 479 741 486 312 435 255 138 397 104 425 61
is_linear=0
shrinkage=0.05


Tree=759
num_leaves=11
num_cat=0
split_feature=1 33 27 26 26 37 25 37 32 25
split_gain=0.0794721 0.097356 0.0879776 0.022182 0.0164477 0.00413218 0.00195806 0.00128398 0.000884845 0.000445185
threshold=5.0000000000000009 114.00000000000001 140.80000000000004 120.70000000000003 93.600000000000009 192.00000000000003 198.00000000000003 1.0000000180025095e-35 90.800000000000026 99.920000000000016
decision_type=2 2 2 2 2 8 2 10 2 2
left_child=1 4 -3 5 7 9 -5 -1 -6 -2
right_child=3 2 -4 6 8 -7 -8 -9 -10 -11
leaf_value=0.00034335266087649551 0.0014267380246652151 -0.023605958889854669 0.0028031382798945053 0.0068371085400566328 -0.00018131017238886497 -0.0043592774573659237 -0.00029706519122341878 -0.0035834369178428752 0.0056512385935264245 -0.00038059380612762248
leaf_weight=0.059496138157555611 0.04199677600990992 0.711063522445329 0.14945265922870021 0.24695961931865895 0.0048567684425506732 0.18797181387344608 0.017388818567269482 0.10400465238490142 0.24241966958652483 0.010250451938190963
leaf_count=162 20 62 77 194 19 524 50 143 327 52
internal_value=-0.0107267 -0.0149353 -0.0199779 0.00275616 0.00230133 -0.00328695 0.00650404 -0.00308754 0.00548316 0.00104744
internal_weight=1.77586 1.27129 0.860516 0.504567 0.410777 0.240219 0.264348 0.163501 0.247276 0.0522472
internal_count=1630 790 139 840 651 596 244 305 346 72
is_linear=0
shrinkage=0.05


Tree=760
num_leaves=15
num_cat=0
split_feature=29 9 28 34 27 40 40 29 32 37 31 39 28 28
split_gain=0.34934 0.0364875 0.0257052 0.0160718 0.0149066 0.0110717 0.0105784 0.00536987 0.00460649 0.00331222 0.00119419 0.000882661 0.00104789 0.000804433
threshold=24.500000000000004 1.0000000180025095e-35 98.000000000000014 24.500000000000004 140.80000000000004 14.500000000000002 19.500000000000004 26.500000000000004 93.200000000000031 192.00000000000003 95.600000000000009 12.500000000000002 110.00000000000001 66.000000000000014
decision_type=2 2 2 2 2 8 10 2 2 8 2 8 2 2
left_child=8 2 13 10 9 -4 7 -7 -1 -5 -3 -6 -13 -2
right_child=1 3 5 4 11 6 -8 -9 -10 -11 -12 12 -14 -15
leaf_value=3.4866605330756421e-05 0.00017181717702592769 0.00088260662877074139 -0.0021346412976214111 5.6892754170543944e-05 0.00083733497110647162 0.0072242430502461666 -0.0017268745953257219 -0.00058692992623468393 -0.020188130402159804 0.01509641985329065 -0.0016227177594010458 0.00064898458703387411 -0.0019214910554392573 -0.0054411146569240086
leaf_weight=0.025179278629366642 0.0046005710610190756 0.024082782241748535 0.059640664454491343 0.04505891590088118 0.025018866581376642 0.76827605420839973 0.04808272192167351 0.090080223511904478 0.53011534488177858 0.91413933913281653 0.074800950998906046 0.02742566150118364 0.058452939039852936 0.17434690256050089
leaf_count=41 7 38 42 66 11 47 62 203 79 472 81 74 49 355
internal_value=-0.000362248 0.00888736 0.00086043 0.0127282 0.0137421 0.00410095 0.00541572 0.00652978 -0.0198383 0.0147796 -0.000764627 -0.000457954 -0.00125891 -0.00527347
internal_weight=2.8693 2.31401 1.14503 1.16898 1.0701 0.96608 0.906439 0.858356 0.555295 0.959198 0.0988837 0.110897 0.0858786 0.178947
internal_count=1627 1507 716 791 672 354 312 250 120 538 119 134 123 362
is_linear=0
shrinkage=0.05


Tree=761
num_leaves=15
num_cat=0
split_feature=1 2 9 48 31 32 28 28 28 32 32 30 30 30
split_gain=0.0354244 0.0404987 0.0250258 0.0149444 0.0126273 0.00511284 0.00399073 0.000669806 0.000802504 0.000586529 0.000251574 0.000179894 1.4932e-05 1.30295e-05
threshold=5.0000000000000009 1.0000000180025095e-35 1.0000000180025095e-35 80.000000000000014 1057.6000000000001 1478.0000000000002 86.000000000000014 118.00000000000001 142.00000000000003 82.800000000000011 1446.0000000000002 83.840000000000018 87.760000000000005 217.92000000000002
decision_type=2 2 2 8 2 2 2 2 2 2 2 2 2 2
left_child=2 7 5 -3 6 -1 11 9 -9 -2 -6 -5 -13 -14
right_child=1 3 -4 4 10 -7 -8 8 -10 -11 -12 12 13 -15
leaf_value=0.0082358090855377888 -0.00017618228551291549 0.0013479998091420111 -0.0034591804926545895 -0.00039577425952346901 0.0012392759133186147 -0.00068959541791540572 -0.012783063512125352 -0.0010489885153757671 0.00092905672828165096 0.0039382631708026437 -0.0002486947078205038 0.00059172300921503862 -0.00014300864983063765 0.00011349761480276062
leaf_weight=0.33494720277667511 0.0047165153082460156 0.047109248938795645 0.10157561126106884 0.012108116206945851 0.036865542795567308 0.018700811859162059 0.415455496233335 0.028756169958796818 0.029368314833845943 0.18091039128921693 0.0066754447325365609 0.016764949337812141 0.003827648746664635 0.0030339778168126941
leaf_count=286 9 39 459 71 20 39 146 129 16 310 57 19 23 4
internal_value=-0.00207252 -0.00623069 0.00445384 -0.0100376 -0.0112983 0.00760307 -0.0123502 0.00349822 -0.000116066 0.0037733 0.000991439 0.00016545 0.000558728 -2.95116e-05
internal_weight=1.24082 0.785592 0.455224 0.54184 0.494731 0.353648 0.45119 0.243751 0.0581245 0.185627 0.043541 0.0357347 0.0236266 0.00686163
internal_count=1627 843 784 379 340 325 263 464 145 319 77 117 46 27
is_linear=0
shrinkage=0.05


Tree=762
num_leaves=4
num_cat=0
split_feature=17 25 48
split_gain=0.165816 0.0670074 0.000612129
threshold=0.9968553459119498 182.00000000000003 80.000000000000014
decision_type=2 2 8
left_child=-1 -2 -3
right_child=1 2 -4
leaf_value=-0.0074056160121458913 0.022105741739009494 -0.0025768662125574015 0.00023522791030246155
leaf_weight=0.24589675172319403 0.67053719541581813 0.086205517640337348 0.048639386921422556
leaf_count=1222 377 7 21
internal_value=0.0122604 0.0190409 -0.00224906
internal_weight=1.05128 0.805382 0.134845
internal_count=1627 405 28
is_linear=0
shrinkage=0.05


Tree=763
num_leaves=15
num_cat=0
split_feature=1 2 29 26 29 52 37 25 31 28 40 0 26 28
split_gain=0.0377743 0.0428032 0.0210335 0.0174452 0.0131494 0.00366356 0.001868 0.00160019 0.00106368 0.000938533 0.000905403 0.00038605 0.000264175 0.000171439
threshold=5.0000000000000009 1.0000000180025095e-35 24.500000000000004 120.70000000000003 83.500000000000014 588.00000000000011 192.00000000000003 198.00000000000003 119.20000000000003 78.000000000000014 25.500000000000004 259.50000000000006 99.800000000000026 134.00000000000003
decision_type=2 2 2 2 2 8 8 2 2 2 10 2 2 2
left_child=1 2 -1 6 -4 8 12 13 -3 -7 -8 -6 -2 -5
right_child=3 5 4 7 11 9 10 -9 -10 -11 -12 -13 -14 -15
leaf_value=0.0012150328783136703 0.00089314608588053927 0.00066937020064374931 -0.016728593717255737 0.0057006433374785052 0.00084171403295381906 -0.0003081322278595173 -0.004119621525159608 -0.00030091218642816194 -0.0018998064215333085 0.0036101994719317573 0.00022695177023915314 -0.00054847190409297272 -0.00036340104508297355 -1.5644066489360464e-06
leaf_weight=0.055812864593463019 0.026458160558831878 0.025590868426661473 0.53642220010806341 0.19928903874824755 0.047919471689965576 0.0082833030173787847 0.16878828287735814 0.018513804767280817 0.052780229758354835 0.14451127090433147 0.022833378585346509 0.038720993085007649 0.0097827876597875729 0.012773276102961972
leaf_count=33 21 38 144 177 90 43 464 54 26 212 58 198 48 21
internal_value=-0.00806581 -0.0113083 -0.014359 0.00171117 -0.0156432 0.00203681 -0.00328458 0.00530536 -0.00121811 0.00331475 -0.00384588 0.000287436 0.000530592 0.00563926
internal_weight=1.36848 0.910041 0.678876 0.458439 0.623063 0.231166 0.227863 0.230576 0.0783711 0.152795 0.191622 0.0866405 0.0362409 0.212062
internal_count=1627 784 465 843 432 319 591 252 64 255 522 288 69 198
is_linear=0
shrinkage=0.05


Tree=764
num_leaves=14
num_cat=0
split_feature=9 48 21 53 27 1 25 30 25 26 25 5 31
split_gain=0.255223 0.140827 0.0225686 0.01374 0.0259436 0.0353591 0.0451515 0.0244574 0.0159925 0.00896145 0.00333524 0.00253906 0.00165551
threshold=0.9967765931068685 80.000000000000014 1.0000000180025095e-35 212.50000000000003 101.20000000000002 5.0000000000000009 99.920000000000016 174.00000000000003 1460.6800000000001 93.600000000000009 127.60000000000001 0.99724055188962224 82.40000000000002
decision_type=2 8 2 8 2 2 2 2 2 2 2 2 2
left_child=2 9 3 -1 5 7 -7 12 11 -2 -11 -6 -5
right_child=1 -3 -4 4 8 6 -8 -9 -10 10 -12 -13 -14
leaf_value=0.0042872761440414919 0.0049783191802317325 -0.027240911342117993 0.0078318832609354516 0.00021399733051437718 0.00030026172421928119 -0.0041047985326825871 0.011187628415442526 0.0019715139979289602 0.0019021071055620631 -0.0031323334226556277 0.0012256973101969827 -0.0093478179323274787 -0.0079957426532679416
leaf_weight=0.12433812330709826 0.1458397740498184 0.64554628221230814 0.26323479603161093 0.011037889431463332 0.0080671978648753084 0.12372014061838854 0.32929385171155445 0.6853492235095473 0.052362383110448718 0.090399061416974291 0.053669258777517825 0.3274440567693091 0.25834487056999933
leaf_count=9 4 323 450 10 16 154 9 22 4 38 14 443 133
internal_value=-0.00798798 -0.0213107 0.00262196 -0.000529912 -0.00227773 0.00155193 0.0070605 -0.0033367 -0.00728043 0.00277566 -0.00185654 -0.00906471 -0.00775577
internal_weight=3.11865 0.935454 2.18319 1.91996 1.79562 1.40775 0.453014 0.954732 0.387874 0.289908 0.144068 0.335511 0.269383
internal_count=1629 379 1250 800 791 328 163 165 463 56 52 459 143
is_linear=0
shrinkage=0.05


Tree=765
num_leaves=5
num_cat=0
split_feature=13 1 31 28
split_gain=0.044639 0.0382276 0.0416688 0.0345588
threshold=0.97000000000000008 5.0000000000000009 115.80000000000004 98.000000000000014
decision_type=2 2 2 2
left_child=-1 -2 3 -3
right_child=1 2 -4 -5
leaf_value=-0.0075837486602587422 0.0096726103108789197 0.0033371935149501368 0.0055385508731580144 -0.010717335073338351
leaf_weight=0.25332166726366268 0.33299909366178326 0.097244061413221061 0.17212114314315841 0.33212588692549616
leaf_count=1287 143 73 118 8
internal_value=-0.000335754 0.00453365 -0.00257465 -0.00742644
internal_weight=1.18781 0.93449 0.601491 0.42937
internal_count=1629 342 199 81
is_linear=0
shrinkage=0.05


Tree=766
num_leaves=6
num_cat=0
split_feature=4 53 30 4 9
split_gain=0.0101127 0.0135611 0.00934652 0.0101077 0.00608029
threshold=6.0000000000000009 212.50000000000003 1450.0000000000002 10.000000000000002 0.00043889203632664853
decision_type=2 8 2 2 2
left_child=-1 -2 3 4 -3
right_child=1 2 -4 -5 -6
leaf_value=-0.0055885838771190938 -0.0041107533333512511 0.0077140117486930136 -0.0007407121700723035 -0.0016307915095872235 -0.00087975049987586693
leaf_weight=0.17505962141149223 0.11861246357148014 0.2583826180343749 0.802756925142603 0.045332500514632557 0.024019510208745487
leaf_count=928 7 403 26 135 130
internal_value=-0.00222716 0.000519279 0.00270654 0.00534864 0.00686703
internal_weight=1.42416 1.2491 1.13049 0.327735 0.282402
internal_count=1629 701 694 668 533
is_linear=0
shrinkage=0.05


Tree=767
num_leaves=5
num_cat=0
split_feature=9 27 25 53
split_gain=0.197742 0.119735 0.00592689 0.000609234
threshold=0.9967765931068685 93.200000000000017 572.00000000000011 269.00000000000006
decision_type=2 2 2 8
left_child=-1 -2 3 -3
right_child=1 2 -4 -5
leaf_value=-0.0070145543624056395 -0.002867664304549657 0.00048095937999848563 5.5595750883536812e-05 0.027725071097122723
leaf_weight=0.2299610927402681 0.19040489988401532 0.037891252373810858 0.024099889444187284 0.82212029663787689
leaf_count=1250 11 11 4 353
internal_value=0.016938 0.0229744 0.027108 0.0274286
internal_weight=1.30448 1.07452 0.884111 0.860012
internal_count=1629 379 368 364
is_linear=0
shrinkage=0.05


Tree=768
num_leaves=15
num_cat=0
split_feature=35 33 1 5 37 38 2 21 25 33 34 33 34 32
split_gain=0.323887 0.359128 0.0617248 0.0398172 0.0340606 0.0287731 0.0206911 0.0131768 0.00585161 0.00269013 0.00239353 0.00110589 0.00107934 0.000977379
threshold=inf 110.00000000000001 5.0000000000000009 0.99724055188962224 192.00000000000003 5.5000000000000009 1.0000000180025095e-35 1.0000000180025095e-35 79.840000000000018 70.000000000000014 23.500000000000004 70.000000000000014 101.50000000000001 88.800000000000026
decision_type=8 2 2 2 8 10 2 2 2 2 2 2 2 2
left_child=4 2 7 -3 12 8 -4 9 -6 -2 -10 -7 -1 -8
right_child=1 3 6 -5 5 11 13 -9 10 -11 -12 -13 -14 -15
leaf_value=-0.003937198363587204 0.00038252822175159705 0.00099442508005539109 -0.0017885979275371268 -0.033846182177843055 -0.00049436868620938014 0.00046015592448577999 8.8673544871711927e-06 0.0019163931077394879 -0.00017893910286276217 -0.0079004445148606779 0.011558223956904617 -0.0028148026122432851 0.00027046597219994236 0.011721740165571502
leaf_weight=0.13230015934095729 0.010287554003298172 0.027226892707403416 0.06957960689032916 1.0576654622127535 0.024921692645875848 0.018830867265933193 0.019588404858950526 0.053766299912240356 0.01365870752488263 0.26838310524908593 0.7231003504130058 0.11821509629953653 0.036708621220896021 0.32770114522281801
leaf_count=65 6 47 128 348 13 44 42 100 19 233 186 170 111 105
internal_value=-0.0128672 -0.0220798 0.00345512 -0.0329142 0.0059831 0.00871593 0.00964024 -0.00571501 0.0109145 -0.00753464 0.0113629 -0.00235587 -0.00357371 0.011558
internal_weight=2.90193 1.8342 0.749306 1.08489 1.06774 0.898727 0.416869 0.332437 0.761681 0.278671 0.736759 0.137046 0.169009 0.34729
internal_count=1617 1009 614 395 608 432 275 339 218 239 205 214 176 147
is_linear=0
shrinkage=0.05


Tree=769
num_leaves=13
num_cat=0
split_feature=1 2 13 52 27 28 28 28 32 27 26 26
split_gain=0.0340693 0.0393826 0.0387819 0.0176416 0.00729225 0.00297588 0.00117423 0.000532704 0.00051322 0.000122982 1.4526e-05 1.32914e-05
threshold=5.0000000000000009 1.0000000180025095e-35 0.97000000000000008 276.00000000000006 652.4000000000002 86.000000000000014 118.00000000000001 142.00000000000003 82.800000000000011 80.40000000000002 84.800000000000011 218.80000000000021
decision_type=2 2 2 8 2 2 2 2 2 2 2 2
left_child=2 6 -1 -3 5 9 8 -8 -2 -5 -11 -12
right_child=1 3 -4 4 -6 -7 7 -9 -10 10 11 -13
leaf_value=-0.00460873461898251 -0.00015561067128869348 0.0015447791527807273 0.0087024796876759725 -0.00034969364216813663 0.0006201860128876366 -0.012605982327058646 -0.00097162987036074388 0.00066890224537707703 0.0039049057240341609 0.00047190709261300795 -0.0001483952421710035 0.00011157123235385722
leaf_weight=0.14002977099880809 0.0041632451029727227 0.051278833649121225 0.28927104128524661 0.013846967820427381 0.019098246601060964 0.41604059013116057 0.026579654557281174 0.02121037665347103 0.18167043880384881 0.01339108393585775 0.003972413658630102 0.0029823589138686657
leaf_count=645 6 37 135 74 15 201 127 12 317 19 25 4
internal_value=-0.00247237 -0.00647819 0.0041739 -0.0101985 -0.0116597 -0.012249 0.00335896 -0.000300027 0.00375943 8.37463e-05 0.000432349 -3.68246e-05
internal_weight=1.18354 0.754234 0.429301 0.52061 0.469332 0.450233 0.233624 0.04779 0.185834 0.0341928 0.0203459 0.00695477
internal_count=1617 837 780 375 338 323 462 139 323 122 48 29
is_linear=0
shrinkage=0.05


Tree=770
num_leaves=13
num_cat=0
split_feature=32 26 4 40 28 40 33 30 33 30 30 30
split_gain=0.129698 0.00457253 0.00846342 0.00275552 0.00170462 0.00126677 0.000851907 0.000180748 0.000153551 4.66524e-05 3.08789e-05 7.53077e-06
threshold=1478.0000000000002 105.60000000000001 6.0000000000000009 19.500000000000004 70.000000000000014 17.000000000000004 106.00000000000001 117.76000000000001 102.00000000000001 117.76000000000001 124.24000000000002 107.92000000000002
decision_type=2 2 2 10 2 8 2 2 2 2 2 2
left_child=1 2 -1 5 -4 9 8 11 -7 -3 -11 -5
right_child=-2 3 4 7 -6 6 -8 -9 -10 10 -12 -13
leaf_value=-0.0028693101317508953 0.018938180188803826 -0.00015920502964320189 -0.00052589391307384379 2.9096927229747637e-05 0.0038177034776287833 -0.0003888841726354548 -0.006041926682172535 0.00077745301899640547 0.00048687924275029796 0.00044920438738105852 -8.4509556508970512e-05 -0.00031427507159576234
leaf_weight=0.082827509722847026 0.45239919959567487 0.004262977236066944 0.014220951808965765 0.0053961104931659074 0.14181102422298864 0.01355522087396821 0.2788769350045186 0.028641309603699483 0.013136670284438878 0.012106451671570539 0.0058933581458404652 0.008449620901956223
leaf_count=453 84 25 85 18 263 69 461 53 20 22 24 40
internal_value=0.0103409 -0.00384495 0.000580175 -0.00503968 0.00330936 -0.00558656 -0.00584248 0.000491175 9.65427e-05 0.000205183 0.000363099 -0.000283748
internal_weight=1.06158 0.609178 0.238859 0.370319 0.156032 0.327832 0.305569 0.042487 0.0266919 0.0222628 0.0179998 0.0138457
internal_count=1617 1533 801 732 348 621 550 111 89 71 46 58
is_linear=0
shrinkage=0.05


Tree=771
num_leaves=15
num_cat=0
split_feature=35 9 37 52 29 38 26 27 29 32 32 27 48 52
split_gain=0.174735 0.146704 0.011028 0.00971465 0.00859556 0.00798485 0.000656135 0.000472038 0.000261677 0.000248842 0.000235615 1.56306e-05 1.0898e-05 1.10285e-05
threshold=1.0000000180025095e-35 0.9967765931068685 192.00000000000003 396.00000000000006 22.500000000000004 5.5000000000000009 93.600000000000009 112.80000000000003 24.500000000000004 111.60000000000004 95.200000000000017 1436.0000000000002 80.000000000000014 302.00000000000006
decision_type=10 2 8 10 2 10 2 2 2 2 2 2 10 10
left_child=1 -1 6 4 -4 8 -2 -8 -6 -5 -7 -9 -12 -14
right_child=2 -3 3 9 5 10 7 11 -10 -11 12 -13 13 -15
leaf_value=-0.004598180076449172 -0.0003420481744186075 0.027143763661916145 0.0011766686726637811 -0.00018229819847997216 2.7513200984265142e-05 -0.00026242902436909393 0.0025340950460744933 -0.00028687376126254285 -0.0090755374437138641 0.0016105940465705442 0.0011152219270716562 6.7677599933908618e-05 0.00011308546094863483 -0.0001214711133601532
leaf_weight=0.13965624623233452 0.0092027118080295622 0.68423960592190269 0.032055230578407645 0.012705822664429434 0.0018770104143186464 0.0070463925949297837 0.08945464340649778 0.007707683093030937 0.32640578879363602 0.060561467871593777 0.041391969098185655 0.0025694826254039072 0.003834999486571177 0.0032492661775904708
leaf_count=734 53 275 3 48 5 41 68 50 177 80 51 5 8 19
internal_value=0.0141567 0.0221922 -0.00387298 -0.00562988 -0.00699725 -0.00803691 0.00197879 0.00230924 -0.00904196 0.00141952 0.000842008 -0.000218983 0.00109973 -8.28795e-06
internal_weight=1.42196 0.823896 0.598062 0.489128 0.415861 0.383805 0.108935 0.0997318 0.328283 0.0732673 0.0555226 0.0102772 0.0484762 0.00708427
internal_count=1617 1009 608 432 304 301 176 123 182 128 119 55 78 27
is_linear=0
shrinkage=0.05


Tree=772
num_leaves=11
num_cat=0
split_feature=40 28 3 31 40 31 34 3 9 39
split_gain=0.0166136 0.0188962 0.0314905 0.014387 0.0134442 0.0123073 0.0079487 0.00658276 0.00124911 0.00047321
threshold=19.500000000000004 98.000000000000014 1.5000000000000002 1220.0000000000002 14.500000000000002 82.40000000000002 23.500000000000004 2.5000000000000004 0.9967765931068685 12.500000000000002
decision_type=10 2 2 2 8 2 2 2 2 8
left_child=1 2 5 4 -3 -1 -6 -2 -8 -5
right_child=7 3 -4 9 6 -7 8 -9 -10 -11
leaf_value=0.0013824819811085905 -0.0047363954197997202 -0.0018199896653940499 0.0050667032033570245 0.00024106932660379276 -0.0010214315120480283 -0.0080711634982552957 0.0099038064371980272 0.00159374785375688 0.0028878333980166138 -0.0023464089770056729
leaf_weight=0.1262594540894505 0.14355896491178999 0.061740149139951295 0.15613928996026516 0.0086527572566409416 0.044334217192954717 0.27280065861123148 0.76731638554338144 0.044367692345986143 1.3267561105749337 0.070573414952377789
leaf_count=19 157 55 318 11 40 483 232 85 127 88
internal_value=0.00306886 0.0041977 -0.00183779 0.00577992 0.006632 -0.00622986 0.00737818 -0.00315835 0.00782866 -0.00210229
internal_weight=3.0225 2.83457 0.555199 2.27937 2.20015 0.39906 2.13841 0.187927 2.09407 0.0792262
internal_count=1615 1373 820 553 454 502 399 242 359 99
is_linear=0
shrinkage=0.05


Tree=773
num_leaves=15
num_cat=0
split_feature=28 53 13 2 33 30 28 30 34 28 40 32 34 34
split_gain=0.0256153 0.0171869 0.0141314 0.00553668 0.00406354 0.0026589 0.00169766 0.000919085 0.000623703 0.000519026 0.000503351 0.000413643 0.000155375 3.72584e-05
threshold=86.000000000000014 621.00000000000011 0.97000000000000008 1.0000000180025095e-35 914.00000000000011 87.760000000000005 98.000000000000014 116.52000000000002 21.500000000000004 98.000000000000014 8.0000000000000018 1446.0000000000002 24.500000000000004 19.500000000000004
decision_type=2 8 2 2 2 2 2 2 2 2 10 2 2 2
left_child=2 6 -1 7 5 -5 -2 9 -7 -3 -8 12 -12 -9
right_child=1 3 -4 4 -6 8 10 13 -10 -11 11 -13 -14 -15
leaf_value=-0.0025919116044542841 -0.00080613779992795001 -0.00040346179211571187 0.0060441881614365853 0.00028718478897482423 0.00043746570923948035 5.5945409844458719e-05 -0.00022404947139287442 4.7186937065855878e-05 -0.0097735523557041359 0.0015638332436422051 -4.1350228441333709e-05 -0.00016891804168436516 0.0029408466250187438 -0.00097304506082601314
leaf_weight=0.074231327002053149 0.021964815259707393 0.010874824445636477 0.19147577547118999 0.010946629085083259 0.020097691871342249 0.0048606564523652187 0.0060093065112596369 0.0012587116798385969 0.51556779845486744 0.055933491828909609 0.016965838574833469 0.0077528367219201746 0.13058983616429032 0.056723280053120106
leaf_count=408 122 82 210 6 15 10 32 1 301 59 38 41 139 151
internal_value=-0.0034239 -0.00628855 0.0034899 -0.00820707 -0.00903637 -0.00944637 0.00174377 0.000233343 -0.00970533 0.00116558 0.00248615 0.00269418 0.00286072 -0.00092723
internal_weight=1.12525 0.859546 0.265707 0.676263 0.551473 0.531375 0.183283 0.12479 0.520428 0.0668083 0.161318 0.155309 0.147556 0.057982
internal_count=1615 997 618 625 332 317 372 293 311 141 250 218 177 152
is_linear=0
shrinkage=0.05


Tree=774
num_leaves=3
num_cat=0
split_feature=17 53
split_gain=0.038053 0.0326415
threshold=0.9968553459119498 212.50000000000003
decision_type=2 8
left_child=-1 -2
right_child=1 -3
leaf_value=-0.0074308395229946691 -0.0040102207454908055 0.008539241259676705
leaf_weight=0.24690653827565257 0.11547203082591295 0.29356684767117258
leaf_count=1221 5 389
internal_value=-0.00162612 0.00466473
internal_weight=0.655945 0.409039
internal_count=1615 394
is_linear=0
shrinkage=0.05


Tree=775
num_leaves=5
num_cat=0
split_feature=9 1 28 32
split_gain=0.0254537 0.0347097 0.0199335 0.00703818
threshold=0.9967765931068685 5.0000000000000009 122.00000000000001 90.800000000000026
decision_type=2 2 2 2
left_child=-1 2 3 -2
right_child=1 -3 -4 -5
leaf_value=-0.0066527274319795717 -0.0013259387094686336 0.0083214969694065145 -0.004354089506959871 0.0053310666101368843
leaf_weight=0.21555947885644866 0.11585403559729446 0.28104444961354613 1.2229377502808345 0.16485625694622286
leaf_count=1223 9 180 23 180
internal_value=-0.000791626 0.00205111 -0.00197651 0.00369355
internal_weight=2.00025 1.78469 1.50365 0.28071
internal_count=1615 392 212 189
is_linear=0
shrinkage=0.05


Tree=776
num_leaves=15
num_cat=0
split_feature=29 38 29 40 34 5 33 33 28 40 0 28 25 25
split_gain=0.0282703 0.0208559 0.0172757 0.0164304 0.00974182 0.00321116 0.00295762 0.00146346 0.000945508 0.000330569 0.000166485 0.000161239 7.76579e-05 4.08219e-05
threshold=24.500000000000004 5.5000000000000009 77.500000000000014 19.500000000000004 23.500000000000004 0.99724055188962224 78.000000000000014 70.000000000000014 66.000000000000014 8.0000000000000018 188.50000000000003 70.000000000000014 71.600000000000009 140.28000000000003
decision_type=2 10 2 10 2 2 2 2 2 8 2 2 2 2
left_child=5 2 3 4 11 -1 10 -3 -8 -10 -4 -2 -11 -13
right_child=1 7 6 -5 -6 -7 8 -9 9 12 -12 13 -14 -15
leaf_value=0.00072768896802225327 0.00016744337904665366 0.00050254215267908013 -0.00014577427233314599 -0.0019690667186742276 0.0085891083837588891 -0.0051054345320579878 0.00037817758580647716 -0.0033768448603070291 0.00012477903006052044 2.6989754725145809e-05 0.0013913737011461591 -0.0012064726021073443 -0.0031105670700564436 3.4033240122267025e-05
leaf_weight=0.019780023954809045 0.0097945613379141205 0.020124886359553673 0.0047951017331796511 0.074593709490727522 2.3199094355295529 0.15506943527725525 0.010184034996200353 0.13916430754034081 0.0056732002194621592 0.0026951227919198564 0.060253184754401445 0.055285735565121286 0.22667837104381761 0.013791147444862872
leaf_count=35 15 44 2 45 219 72 23 170 18 6 137 86 733 11
internal_value=0.00361553 0.00508327 0.00617847 0.00729248 0.00807509 -0.00438784 -0.00149003 -0.00287601 -0.00263492 -0.00296597 0.00124758 -0.000991395 -0.00308173 -0.00115864
internal_weight=3.11779 2.94294 2.78365 2.47337 2.39878 0.174849 0.310279 0.159289 0.245231 0.235047 0.0650483 0.0788714 0.229373 0.0690769
internal_count=1616 1509 1295 376 331 107 919 214 780 757 139 112 739 97
is_linear=0
shrinkage=0.05


Tree=777
num_leaves=15
num_cat=0
split_feature=1 13 25 2 48 31 31 52 27 31 25 25 25 27
split_gain=0.0370924 0.0417138 0.0358156 0.0109771 0.0157597 0.00559208 0.00116331 0.000732963 0.000214541 9.0916e-05 5.79823e-05 3.5106e-05 0.0002447 8.79813e-06
threshold=5.0000000000000009 0.97000000000000008 86.100000000000009 1.0000000180025095e-35 112.00000000000001 1057.6000000000001 82.40000000000002 460.00000000000006 112.80000000000003 1062.0000000000002 144.48000000000005 119.84000000000002 144.48000000000005 80.40000000000002
decision_type=2 2 2 2 8 2 2 8 2 2 2 2 2 2
left_child=1 -1 6 7 -5 -6 13 10 -9 -7 -4 -10 -13 -2
right_child=2 -3 3 4 5 9 -8 8 11 -11 -12 12 -14 -15
leaf_value=-0.0046908295602815448 -0.0003665584314165686 0.0091264504704551257 -0.00078187824241719673 0.0012878588181352768 -0.012787244664273556 0.00059798335653379376 0.0039067981630389196 -0.00018071096786108267 0.0014856573442064557 -0.00018806689119745706 9.1052861818423722e-05 -0.00055063239952047758 0.00054535430531725158 2.9416258156609307e-05
leaf_weight=0.14288809416757431 0.014272377142333426 0.30792283994378522 0.031169734611466993 0.046623941532743629 0.38472157779688132 0.016004569828510284 0.12986245861975476 0.0078300192981259897 0.047304236693889834 0.0050399438587191972 0.0037831202207598827 0.016393314785091206 0.020780139078851789 0.0031104752270039162
leaf_count=671 54 136 138 40 159 1 136 56 50 51 5 76 34 9
internal_value=-0.00212925 0.00453236 -0.00649285 -0.00967578 -0.0109752 -0.0122981 0.00354925 0.000581929 0.00125499 0.000409913 -0.00069071 0.00143199 -2.86572e-06 -0.000336434
internal_weight=1.17771 0.450811 0.726896 0.579651 0.45239 0.405766 0.147245 0.127261 0.0923077 0.0210445 0.0349529 0.0844777 0.0371735 0.0173829
internal_count=1616 807 809 610 251 211 199 359 216 52 143 160 110 63
is_linear=0
shrinkage=0.05


Tree=778
num_leaves=6
num_cat=0
split_feature=4 53 21 25 27
split_gain=0.0161587 0.0195079 0.0158579 0.0139646 0.000344118
threshold=6.0000000000000009 212.50000000000003 1.0000000180025095e-35 1460.6800000000001 77.000000000000014
decision_type=2 8 2 2 2
left_child=-1 -2 3 4 -3
right_child=1 2 -4 -5 -6
leaf_value=-0.0053995685178065272 -0.0036685313124061357 1.7518005277346304e-06 -0.0022727682021231608 -0.0016695267786934983 0.0091471620266190736
leaf_weight=0.16814711566621554 0.104399185438524 0.010752650880021974 0.064399846298329066 0.044896487146615982 0.32270400522975251
leaf_count=914 6 19 276 1 400
internal_value=-0.00141192 0.00251147 0.00550139 0.00751351 0.00907473
internal_weight=0.715299 0.547152 0.442753 0.378353 0.333457
internal_count=1616 702 696 420 419
is_linear=0
shrinkage=0.05


Tree=779
num_leaves=5
num_cat=0
split_feature=9 33 32 1
split_gain=0.0128923 0.0236301 0.024989 0.0218069
threshold=0.9967765931068685 124.00000000000001 95.200000000000017 5.0000000000000009
decision_type=2 2 2 2
left_child=-1 2 -2 -3
right_child=1 3 -4 -5
leaf_value=-0.006603738756414403 -0.0028553301051763569 -0.0052839035397672582 0.0083472248555726374 0.0038519906170251493
leaf_weight=0.21363300527082163 0.18443728657439362 1.164814156189095 0.28395826506312005 0.1132970991602632
leaf_count=1225 11 40 232 108
internal_value=-0.00264489 6.74565e-05 0.00499561 -0.00313868
internal_weight=1.96014 1.74651 0.468396 1.27811
internal_count=1616 391 243 148
is_linear=0
shrinkage=0.05


Tree=780
num_leaves=13
num_cat=0
split_feature=21 29 27 27 25 41 31 25 53 3 25 33
split_gain=0.0253208 0.0255669 0.00924212 0.00788067 0.0268613 0.00421353 0.0122755 0.00375352 0.00114553 0.000948078 0.000872548 0.00954118
threshold=1.0000000180025095e-35 25.500000000000004 80.40000000000002 101.20000000000002 127.60000000000001 inf 82.40000000000002 572.00000000000011 327.00000000000006 1.5000000000000002 129.84000000000003 580.00000000000011
decision_type=2 2 2 2 2 8 2 2 8 2 2 2
left_child=1 3 8 5 -5 6 -1 9 -3 -4 -6 -12
right_child=-2 2 7 4 10 -7 -8 -9 -10 -11 11 -13
leaf_value=0.003394632853333978 0.0077004415622552351 0.001896370653004573 -0.0082460406372184963 -0.0065747073993977891 0.0028908765398026177 0.0042816860944400797 -0.0040798383272061482 0.00042411751573535303 -0.00070865472897093371 0.00012918686525757102 -0.0031903125706639248 0.0032089900754975796
leaf_weight=0.095973644434708238 0.25772720982786257 0.05226507456973184 0.28152926708571613 0.21238656467176031 1.1539104024413971 1.154981772240717 0.12082441145321354 0.037398194093839265 0.042132277245400473 0.0034557912586024022 0.16182392914197397 0.16814734163926914
leaf_count=4 461 10 946 54 20 50 20 18 26 9 20 9
internal_value=0.00160595 -0.00046128 -0.00616959 0.00164015 -0.000631393 0.00353094 -0.000700489 -0.00756054 0.00114855 -0.00812298 0.00252374 3.15734e-05
internal_weight=3.74256 3.48483 0.416781 3.06805 1.69627 1.37178 0.216798 0.322383 0.0943974 0.284985 1.48388 0.329971
internal_count=1647 1186 1009 177 103 74 24 973 36 955 49 29
is_linear=0
shrinkage=0.05


Tree=781
num_leaves=6
num_cat=0
split_feature=13 1 2 32 25
split_gain=0.0399471 0.0373313 0.0439237 0.00740586 0.00401919
threshold=0.97000000000000008 5.0000000000000009 1.0000000180025095e-35 115.60000000000002 590.00000000000011
decision_type=2 2 2 2 2
left_child=-1 -2 -3 -4 -5
right_child=1 2 3 4 -6
leaf_value=-0.0076002768686643926 0.0091693678010940031 0.0056137435979879413 -0.0089576091792563841 0.0024053221125133976 -0.0019351446540129482
leaf_weight=0.25400456177158048 0.30992324906401336 0.17526129129691981 0.2908881118055433 0.068004336033482105 0.084424842149019241
leaf_count=1306 143 147 19 30 2
internal_value=-0.000923202 0.00389727 -0.0027773 -0.00768569 0.00040816
internal_weight=1.18251 0.928502 0.618579 0.443317 0.152429
internal_count=1647 341 198 51 32
is_linear=0
shrinkage=0.05


Tree=782
num_leaves=4
num_cat=0
split_feature=17 33 53
split_gain=0.0285121 0.0189407 0.00847809
threshold=0.9968553459119498 1462.0000000000002 110.00000000000001
decision_type=2 2 8
left_child=-1 2 -2
right_child=1 -3 -4
leaf_value=-0.0074199828280109613 -0.0012459181502378434 -0.0018916295834890337 0.0075672305256064224
leaf_weight=0.24644945907493809 0.034051381051540375 0.78628503531217575 0.25223148067016155
leaf_count=1241 3 6 397
internal_value=-0.00191462 0.00232011 0.0063653
internal_weight=1.31902 1.07257 0.286283
internal_count=1647 406 400
is_linear=0
shrinkage=0.05


Tree=783
num_leaves=10
num_cat=0
split_feature=4 2 34 26 35 35 33 30 30
split_gain=0.0218446 0.0189134 0.00787004 0.00255345 0.00142514 0.00101141 0.000997972 0.000116756 4.68694e-05
threshold=1.0000000180025095e-35 1.0000000180025095e-35 25.500000000000004 93.600000000000009 1.0000000180025095e-35 1.5000000000000002 316.00000000000006 83.360000000000014 78.940000000000012
decision_type=2 2 2 2 10 10 2 2 2
left_child=1 2 5 4 -4 -1 -5 8 -3
right_child=-2 7 3 6 -6 -7 -8 -9 -10
leaf_value=-0.00060317903458990019 -0.005979670261255926 -0.00022975978921902282 0.00097981244741598733 0.0038216889739189097 -0.0017465463536758567 -0.003505493600834228 -0.00030902258259017711 0.0068080494147929483 0.00025329954443362922
leaf_weight=1.0866070324118484 0.1896027850016252 0.0061628335824933655 0.030898365934262872 0.12837876220874023 0.047989750251872465 0.270810034504393 0.008267708049970679 0.24280469449877273 0.0072381861536996439
leaf_count=33 1138 22 8 173 30 34 6 199 4
internal_value=-0.000384712 0.00210383 -0.000984455 0.00261651 -0.000760297 -0.00242359 0.00351977 0.00675449 2.36404e-05
internal_weight=2.01876 1.82916 1.57295 0.215535 0.0788881 1.35742 0.136646 0.256206 0.013401
internal_count=1647 509 284 217 38 67 179 225 26
is_linear=0
shrinkage=0.05


Tree=784
num_leaves=15
num_cat=0
split_feature=38 37 35 26 40 31 27 3 34 5 28 34 28 30
split_gain=0.0159123 0.0151132 0.0246733 0.0144107 0.00734249 0.00732492 0.00683059 0.00520123 0.00462562 0.00341949 0.00187943 0.00130512 0.000957143 0.000620604
threshold=5.5000000000000009 192.00000000000003 1.0000000180025095e-35 142.00000000000003 19.500000000000004 99.100000000000009 101.20000000000002 3.5000000000000004 25.500000000000004 0.99724055188962224 78.000000000000014 24.500000000000004 70.000000000000014 111.96000000000002
decision_type=10 8 10 2 10 2 2 2 2 2 2 2 2 2
left_child=1 9 3 5 -4 10 11 -2 -8 -1 -3 -7 -5 -10
right_child=7 2 4 12 -6 6 8 -9 13 -11 -12 -13 -14 -15
leaf_value=0.001030564177497223 -0.0046606158168553255 0.00078137375714519954 0.0099677696562968845 0.00024299149613598296 -0.0006939835970430823 -0.00029425055220402038 0.0014644419942068897 0.0012871569460002465 0.00024828977137961525 -0.0038819474531122432 -0.0027620586103005583 0.0050644474417923906 -0.0043143818429930971 -0.0027875118193158043
leaf_weight=0.028246724832570957 0.14100602916005289 0.041407627453737716 0.63081759512715496 0.015492658392758929 0.042449358297744766 0.0086764870502523683 1.1523565254901766 0.035530948778614402 0.020934622130880487 0.11480018190195551 0.10971554781281156 1.1673594919484456 0.14586538285948336 0.093071467061236035
leaf_count=55 151 99 151 37 71 8 58 75 73 126 138 220 141 208
internal_value=0.0026053 0.00357765 0.00443121 0.00108922 0.00928254 0.00244519 0.00320655 -0.00338697 0.0001582 -0.00285896 -0.0019558 0.00490786 -0.00404436 -0.00250758
internal_weight=3.74773 3.57119 3.42815 2.75488 0.673267 2.59352 2.4424 0.176537 1.26636 0.143047 0.151123 1.17604 0.161358 0.114006
internal_count=1611 1385 1204 982 222 804 567 226 339 181 237 228 178 281
is_linear=0
shrinkage=0.05


Tree=785
num_leaves=15
num_cat=0
split_feature=1 25 17 4 52 29 27 34 26 34 25 25 52 52
split_gain=0.0370255 0.0267998 0.0187848 0.0189763 0.0131694 0.00594015 0.00169633 0.000349019 0.000105999 7.72262e-05 5.66888e-05 0.000116028 1.64424e-05 1.36927e-05
threshold=5.0000000000000009 86.100000000000009 1.0000000180025095e-35 1.0000000180025095e-35 524.00000000000011 32.500000000000007 80.40000000000002 100.50000000000001 115.20000000000002 23.500000000000004 116.08000000000001 167.68000000000004 236.00000000000003 460.00000000000006
decision_type=2 2 2 2 8 2 2 2 2 2 2 2 10 10
left_child=2 6 3 -1 7 -6 -2 9 -7 -3 -10 -12 -9 -14
right_child=1 4 -4 -5 5 8 -8 12 10 -11 11 -13 13 -15
leaf_value=-0.0022081293444151046 -0.00057558423268842568 -5.7451815507801448e-05 -0.0028221371316337843 0.0091927660744481471 -0.01098809721553382 -0.00022775908026608909 0.0034876367168762928 5.7807035492176015e-05 0.00068169943674680519 0.0014738232153523002 -0.00042813774023298009 0.00033365746183272566 -0.00039055036328060284 4.3183734415132444e-05
leaf_weight=0.062505792033334728 0.01558329415274784 0.010913053491094615 0.08133624643960502 0.32298379200801719 0.43183522845356492 0.0075804445950780055 0.11016203989856876 0.0075707494688685975 0.022641621340881102 0.052583224241971038 0.015965968534146668 0.014129289542324841 0.019438327119132737 0.0030475142593786577
leaf_count=197 81 21 456 142 114 77 119 17 43 39 148 40 105 12
internal_value=-0.00188869 -0.0063561 0.00461135 0.00708467 -0.00893321 -0.0102953 0.0029201 0.00109429 0.00034994 0.00140409 0.000570449 -9.37793e-05 -0.000287928 -0.000347024
internal_weight=1.17828 0.711451 0.466826 0.38549 0.585705 0.492153 0.125745 0.0935529 0.0603173 0.0634963 0.0527369 0.0300953 0.0300566 0.0224858
internal_count=1611 816 795 339 616 422 200 194 308 60 231 188 134 117
is_linear=0
shrinkage=0.05


Tree=786
num_leaves=4
num_cat=0
split_feature=17 53 29
split_gain=0.0224148 0.0145945 0.0192829
threshold=0.9968553459119498 212.50000000000003 11.500000000000002
decision_type=2 8 2
left_child=-1 -2 -3
right_child=1 2 -4
leaf_value=-0.0072131975412701157 -0.003639699669636023 -0.0012823444876987455 0.0076041649937392325
leaf_weight=0.23794501704105631 0.10346132889389981 0.7236034143716098 0.2537925612705294
leaf_count=1192 4 4 411
internal_value=-0.00242454 0.0015895 0.00370376
internal_weight=1.3188 1.08086 0.977396
internal_count=1611 419 415
is_linear=0
shrinkage=0.05


Tree=787
num_leaves=7
num_cat=0
split_feature=9 2 29 40 53 26
split_gain=0.0244693 0.0199554 0.0107827 0.00283702 0.00129899 0.00107026
threshold=0.9967765931068685 1.0000000180025095e-35 25.500000000000004 19.500000000000004 110.00000000000001 93.600000000000009
decision_type=2 2 2 8 8 2
left_child=-1 2 -2 5 -5 -4
right_child=1 -3 3 4 -6 -7
leaf_value=-0.0066109556945937141 -0.0028661672851260922 0.0067845947868112946 -0.0015703223765078447 -0.00035511749875850445 0.0043021419839945115 0.00081391531885674224
leaf_weight=0.21390822765533823 1.3342335541965438 0.23460399328905635 0.042856470681726822 0.0094911390915513039 0.12919362366665155 0.037128311407286674
leaf_count=1234 30 182 2 1 144 18
internal_value=-0.000877297 0.00193433 -0.00116899 0.003041 0.00395146 -0.00073472
internal_weight=2.00142 1.78751 1.5529 0.21867 0.138685 0.0799848
internal_count=1611 377 195 165 145 20
is_linear=0
shrinkage=0.05


Tree=788
num_leaves=11
num_cat=0
split_feature=21 34 34 29 34 35 52 32 3 33
split_gain=0.0186275 0.022114 0.0154039 0.0104852 0.0173997 0.0114685 0.0156405 0.0124252 0.00258901 0.000375307
threshold=1.0000000180025095e-35 80.000000000000014 24.500000000000004 24.500000000000004 47.500000000000007 1.0000000180025095e-35 302.00000000000006 103.20000000000002 1.5000000000000002 82.000000000000014
decision_type=2 2 2 2 2 10 10 2 2 2
left_child=1 2 9 4 -4 7 -7 -5 -3 -1
right_child=-2 8 3 5 -6 6 -8 -9 -10 -11
leaf_value=0.00010180330177671951 0.0074763917353896968 -0.0062089209676702214 -0.0053586639691437293 0.0042650946848063588 0.0026487770022962428 0.0089788594934764685 -0.0015508191094957316 -0.0017557546399748769 0.00047759352066702448 -0.0039377427952531092
leaf_weight=0.0087481149821554416 0.24837263552763023 0.19813938427978417 0.17007175655453499 0.42697983280231744 0.67274975124746561 0.5551224153023212 0.12346157823048998 1.2306187672002122 0.012887567514553666 0.12438474004738964
leaf_count=6 451 805 83 21 3 56 16 39 11 158
internal_value=0.00222245 0.000281041 0.00190778 0.00300345 -0.000998078 0.00431353 0.00728051 0.000816446 -0.00574339 -0.00381671
internal_weight=3.77154 3.52316 3.31214 3.179 0.842822 2.33618 0.678584 1.6576 0.211027 0.133133
internal_count=1649 1198 382 218 86 132 72 60 816 164
is_linear=0
shrinkage=0.05


Tree=789
num_leaves=4
num_cat=0
split_feature=13 32 28
split_gain=0.038645 0.0083945 0.0149418
threshold=0.97000000000000008 108.40000000000002 98.000000000000014
decision_type=2 2 2
left_child=-1 2 -2
right_child=1 -3 -4
leaf_value=-0.0075645826307385233 0.0041751238119011594 0.0063447694037074079 -0.0034412519534859523
leaf_weight=0.25251036715053488 0.12474064770503901 0.20262254739645869 0.51202710220240988
leaf_count=1314 91 213 31
internal_value=-0.00112419 0.00387249 -0.000309961
internal_weight=1.0919 0.83939 0.636768
internal_count=1649 335 122
is_linear=0
shrinkage=0.05


Tree=790
num_leaves=4
num_cat=0
split_feature=17 53 33
split_gain=0.0216431 0.01332 0.021795
threshold=0.9968553459119498 212.50000000000003 1462.0000000000002
decision_type=2 8 2
left_child=-1 -2 -3
right_child=1 2 -4
leaf_value=-0.0072959881003209076 -0.0035964478921720507 0.0076398253180288977 -0.0015215234429037583
leaf_weight=0.2413401610283471 0.10215691849589337 0.25526651251129806 0.79548049718141556
leaf_count=1230 4 408 7
internal_value=-0.00257388 0.00134437 0.00334422
internal_weight=1.39424 1.1529 1.05075
internal_count=1649 419 415
is_linear=0
shrinkage=0.05


Tree=791
num_leaves=6
num_cat=0
split_feature=9 1 28 26 27
split_gain=0.0262144 0.0135125 0.0262761 0.0181378 0.005533
threshold=0.9967765931068685 5.0000000000000009 122.00000000000001 81.200000000000017 93.200000000000017
decision_type=2 2 2 2 2
left_child=-1 2 4 -3 -2
right_child=1 3 -4 -5 -6
leaf_value=-0.0066737079048362312 -0.00078768051360954619 -0.0023818246014319679 -0.0038624201053937229 0.0081473563788837695 0.0062873941077784936
leaf_weight=0.21637517186900379 0.10061046760529269 0.075067031662911288 1.1914567784406243 0.2735038815299049 0.19979633897310123
leaf_count=1246 9 2 21 185 186
internal_value=-0.000683826 0.002122 -0.0007174 0.00579507 0.00513429
internal_weight=2.05681 1.84043 1.49186 0.348571 0.300407
internal_count=1649 403 216 187 195
is_linear=0
shrinkage=0.05


Tree=792
num_leaves=11
num_cat=0
split_feature=5 0 52 34 32 25 30 31 31 25
split_gain=0.0196652 0.0213748 0.0125325 0.0115721 0.00910031 0.0105576 0.000922784 0.0213178 0.000776937 0.000649677
threshold=0.99724055188962224 154.50000000000003 302.00000000000006 24.500000000000004 141.20000000000002 93.440000000000012 99.260000000000005 82.40000000000002 537.80000000000052 572.00000000000011
decision_type=2 2 10 2 2 2 2 2 2 2
left_child=-1 2 3 8 6 -6 7 -5 -2 -7
right_child=1 -3 -4 4 5 9 -8 -9 -10 -11
leaf_value=0.0072155235546083486 -0.0031265953343272757 -0.0060091710919395625 -0.0035820648162355503 0.0050270822223165632 0.0023527452372508807 -0.0040317203718228355 0.0052183453201913397 -0.0046230359648940485 0.00028208394061976554 9.9192458493255618e-06
leaf_weight=0.23812524997629259 0.090824832368526898 0.19062037309049618 0.10471218284510531 0.15392501489259336 0.6827973115723579 0.16776555408432614 1.6573818209144517 0.13945059099933133 0.01759164416580461 0.10333263780921698
leaf_count=501 127 827 48 7 7 31 44 42 10 11
internal_value=0.00183893 -0.000132994 0.00159835 0.00262612 0.00349899 -0.00037769 0.0048802 0.00041222 -0.002818 -0.00369536
internal_weight=3.54653 3.3084 3.11778 3.01307 2.90465 0.953896 1.95076 0.293376 0.108416 0.271098
internal_count=1655 1154 327 279 142 49 93 49 137 42
is_linear=0
shrinkage=0.05


Tree=793
num_leaves=5
num_cat=0
split_feature=13 1 32 32
split_gain=0.0438813 0.030319 0.0339463 0.0229405
threshold=0.97000000000000008 5.0000000000000009 110.00000000000001 99.600000000000037
decision_type=2 2 2 2
left_child=-1 -2 3 -3
right_child=1 2 -4 -5
leaf_value=-0.0074342818295563134 0.0091372638114557547 0.002590509812685127 0.0050481789200570283 -0.0094519175548428216
leaf_weight=0.24709201567748096 0.3085705004632473 0.073804959916742519 0.15468325366964564 0.26629519613925368
leaf_count=1324 144 43 132 12
internal_value=-0.000328049 0.00476811 -0.00224659 -0.00685562
internal_weight=1.05045 0.803354 0.494783 0.3401
internal_count=1655 331 187 55
is_linear=0
shrinkage=0.05


Tree=794
num_leaves=7
num_cat=0
split_feature=4 27 53 21 29 33
split_gain=0.0146925 0.0133072 0.00673888 0.00739998 0.0031535 0.000626582
threshold=6.0000000000000009 93.200000000000017 110.00000000000001 0.001163937558318749 13.500000000000002 70.000000000000014
decision_type=2 2 8 2 2 2
left_child=-1 4 -3 -4 -2 -6
right_child=1 2 3 -5 5 -7
leaf_value=-0.0053484993202924519 -0.0026422026399481702 -0.0012138840894523103 0.0073360860900013106 -0.0011266510807245351 -0.00045873758631197106 0.001651155461787358
leaf_weight=0.16628636008681508 0.66170039525604785 0.033154726959764957 0.24229635593655985 0.030912610629457049 0.012382874876493588 0.086169671805691905
leaf_count=935 3 3 315 109 81 209
internal_value=-0.00116504 0.00175962 0.0051272 0.00624573 -0.00173926 0.00120979
internal_weight=1.2329 1.06662 0.306364 0.273209 0.760253 0.0985525
internal_count=1655 720 427 424 293 290
is_linear=0
shrinkage=0.05


Tree=795
num_leaves=6
num_cat=0
split_feature=9 1 28 26 27
split_gain=0.0173627 0.0166962 0.0162119 0.0151184 0.00902462
threshold=0.9967765931068685 5.0000000000000009 122.00000000000001 93.600000000000009 93.200000000000017
decision_type=2 2 2 2 2
left_child=-1 2 4 -3 -2
right_child=1 3 -4 -5 -6
leaf_value=-0.0064074922276419191 -0.0017952221401859284 -0.0021572884063890321 -0.0038882877575308651 0.0074657489936533362 0.0053677948857060141
leaf_weight=0.20598559488280455 0.096920343756209948 0.079731130506843439 1.2170734184328464 0.24576050700852647 0.16608037575497292
leaf_count=1254 8 3 24 195 171
internal_value=-0.00168905 0.000941232 -0.00174614 0.00525936 0.00339672
internal_weight=2.01155 1.80557 1.48007 0.325492 0.263001
internal_count=1655 401 203 198 179
is_linear=0
shrinkage=0.05


Tree=796
num_leaves=15
num_cat=0
split_feature=9 28 32 38 35 37 29 25 40 34 34 34 28 17
split_gain=0.0172789 0.0098909 0.0140414 0.00982342 0.00883005 0.00873865 0.00941521 0.00857494 0.00716576 0.00605443 0.00325976 0.00285498 0.00172387 0.00102935
threshold=0.9967765931068685 122.00000000000001 90.800000000000026 5.5000000000000009 inf 192.00000000000003 24.500000000000004 88.02000000000001 19.500000000000004 47.500000000000007 23.500000000000004 95.500000000000014 82.000000000000014 0.019000000000000003
decision_type=2 2 2 10 8 8 2 2 10 2 2 2 2 2
left_child=3 2 -2 5 -3 -1 9 12 10 -7 -9 -12 -8 -5
right_child=1 4 -4 13 -6 6 7 8 -10 -11 11 -13 -14 -15
leaf_value=-0.0011490692655016684 0.0022421134500754405 0.0046958148475907948 -0.0063918135920300774 -0.0020665622387699679 -0.00087585633832643376 -0.0023641383445759286 0.0012535324419904736 -0.00020400943750212443 -0.00070012592127372073 0.0024876850539536205 0.011009276505031872 4.6042127501089179e-05 -0.001576334014692981 0.00056837210116909181
leaf_weight=0.092086720003862976 0.13568128342740271 0.18656969117000666 0.20366906275012298 0.057836662359477375 1.1641607461860985 0.10057788547419488 0.090184454260451963 0.033865065022837371 0.029558603542682249 0.67431149468757212 0.72671599916793639 0.070226545889454428 0.085678338255092967 0.049126760866784025
leaf_count=143 10 27 262 63 98 72 199 49 38 4 96 304 165 114
internal_value=0.00319777 -0.000546781 -0.00384313 0.00548182 0.00156395 0.00623138 0.00688191 0.00873311 0.00974401 0.000880754 0.010295 0.0106064 -0.00029324 -0.00143617
internal_weight=3.70025 1.69008 0.33935 2.01017 1.35073 1.90321 1.81112 1.03623 0.860366 0.774889 0.830808 0.796943 0.175863 0.106963
internal_count=1644 397 272 1247 125 1070 927 851 487 76 449 400 364 177
is_linear=0
shrinkage=0.05


Tree=797
num_leaves=15
num_cat=0
split_feature=28 1 2 13 40 32 28 28 52 28 48 32 29 33
split_gain=0.0253823 0.0227321 0.0162825 0.0124164 0.00917056 0.00513869 0.00472118 0.00262265 0.000766754 0.000595322 0.000309355 0.000103726 6.46935e-05 1.26782e-05
threshold=86.000000000000014 5.0000000000000009 1.0000000180025095e-35 0.97000000000000008 17.000000000000004 1053.4000000000005 98.000000000000014 102.00000000000001 460.00000000000006 114.00000000000001 80.000000000000014 1191.2000000000003 26.500000000000004 118.00000000000001
decision_type=2 2 2 2 10 2 2 2 10 2 8 2 2 2
left_child=3 6 9 -1 5 -4 -2 -8 -9 12 13 -7 -3 -11
right_child=1 2 4 -5 -6 11 7 8 -10 10 -12 -13 -14 -15
leaf_value=-0.0024334410805153923 -0.0016390846506828044 0.0001347871599178961 -0.012359354251336094 0.0056980272198550357 0.00078022177200319509 0.00059806615020481925 0.004149365668756547 -0.0012924735216185588 0.00071028957570550705 5.850236568910556e-05 0.0017575215457443787 -0.00021445938932934338 -0.00058391863758020055 -0.00026795946434777753
leaf_weight=0.069377667889057193 0.045678650210902561 0.011351531931723002 0.36173424553999212 0.17869627493200824 0.029424999178445432 0.016006793826818466 0.11995675790240057 0.069409752089995891 0.027523421740625054 0.0044416288365027867 0.088885797202237882 0.005751389908255077 0.025518592330627143 0.0071939354675123468
leaf_count=401 242 20 122 214 32 1 41 138 30 12 148 73 146 24
internal_value=-0.00388177 -0.00668225 -0.00928519 0.00329626 -0.0110658 -0.0118817 0.00180648 0.00328277 -0.000594699 0.00109031 0.0015471 0.0003836 -0.000446056 -0.000208697
internal_weight=1.06095 0.812877 0.550309 0.248074 0.412917 0.383492 0.262569 0.21689 0.0969332 0.137391 0.100521 0.0217582 0.0368701 0.0116356
internal_count=1644 1029 578 615 228 196 451 209 168 350 184 74 166 36
is_linear=0
shrinkage=0.05


Tree=798
num_leaves=7
num_cat=0
split_feature=17 29 28 33 33 32
split_gain=0.0149752 0.0119557 0.00216378 0.000442947 0.0010637 0.000562951
threshold=0.9968553459119498 25.500000000000004 182.00000000000003 1462.0000000000002 118.00000000000001 135.20000000000002
decision_type=2 2 2 2 2 2
left_child=-1 3 -3 4 -2 -6
right_child=1 2 -4 -5 5 -7
leaf_value=-0.0070325335902596793 0.0011913197968127902 0.0048819136159719938 -0.00045185720399268381 -0.0023155016081839331 -0.0014947596163045697 0.00042244534221570095
leaf_weight=0.23065737798606267 0.032721104857046157 0.14945263849222101 0.041206405148841441 0.75481990352272987 0.080945784458890557 0.059361650142818689
leaf_count=1243 21 343 8 4 8 17
internal_value=-0.00319893 0.000538036 0.00431782 -0.00207548 5.29138e-05 -0.00102449
internal_weight=1.34916 1.11851 0.190659 0.927848 0.173029 0.140307
internal_count=1644 401 351 50 46 25
is_linear=0
shrinkage=0.05


Tree=799
num_leaves=5
num_cat=0
split_feature=9 33 1 32
split_gain=0.0292014 0.0153919 0.0260349 0.0159534
threshold=0.9967765931068685 124.00000000000001 5.0000000000000009 90.800000000000026
decision_type=2 2 2 2
left_child=-1 3 -3 -2
right_child=1 2 -4 -5
leaf_value=-0.0063955848916482302 -0.0016434436662271881 -0.0035700451754731924 0.0056571695266731852 0.0087020085215053482
leaf_weight=0.20552353151651925 0.14353246707469236 1.2072432332206515 0.17471482670225658 0.29951509770762641
leaf_count=1247 10 41 117 229
internal_value=0.000159918 0.00290076 -0.000518228 0.00653413
internal_weight=2.03053 1.82501 1.38196 0.443048
internal_count=1644 397 158 239
is_linear=0
shrinkage=0.05


Tree=800
num_leaves=13
num_cat=0
split_feature=29 40 29 40 25 17 17 17 17 32 25 32
split_gain=0.285903 0.0327605 0.0231732 0.023414 0.00870826 0.00697955 0.00563157 0.00190011 0.00100358 0.000885189 0.000355825 9.23995e-06
threshold=24.500000000000004 19.500000000000004 77.500000000000014 14.500000000000002 79.840000000000018 1.0000000180025095e-35 0.9968553459119498 0.011500000000000002 0.9968553459119498 93.200000000000031 66.000000000000014 86.000000000000014
decision_type=2 10 2 8 2 2 2 2 2 2 2 2
left_child=9 2 3 -2 -5 10 -7 -3 -9 11 -4 -1
right_child=1 7 5 4 -6 6 -8 8 -10 -11 -12 -13
leaf_value=-0.00025478855554780723 -0.0020009264554395004 -0.0037121961620325151 0.00011667143133346547 -0.00059634662137860828 0.01193789618431914 0.0038252541818660003 -0.0017060587168912216 0.0013950801764580705 -0.00087209441439226704 -0.018887632057399007 -0.0036291683894026094 4.3944360627791794e-05
leaf_weight=0.018683047353988846 0.061905489375931766 0.10906451327900857 0.0031194608891381695 0.049007834546500928 1.7548527652106711 0.11354008843773045 0.047589511326805223 0.038625203422270715 0.023786269855918363 0.48549909594294149 0.1206540313505684 0.010382305015809834
leaf_count=26 31 91 5 45 281 251 231 82 69 76 437 19
internal_value=-0.000827415 0.00755481 0.00909619 0.0105161 0.0115061 -0.00115003 0.00212924 -0.0030397 0.000523457 -0.0186672 -0.00351495 -0.000209071
internal_weight=2.83671 2.32215 2.15067 1.86577 1.80386 0.284903 0.16113 0.171476 0.0624115 0.514564 0.123773 0.0290654
internal_count=1644 1523 1281 357 326 924 482 242 151 121 442 45
is_linear=0
shrinkage=0.05


Tree=801
num_leaves=6
num_cat=0
split_feature=13 1 2 32 26
split_gain=0.0311265 0.0395019 0.0479246 0.00814379 0.00374757
threshold=0.97000000000000008 5.0000000000000009 1.0000000180025095e-35 115.60000000000002 590.00000000000011
decision_type=2 2 2 2 2
left_child=-1 -2 -3 -4 -5
right_child=1 2 3 4 -6
leaf_value=-0.0070819957524453723 0.0088186195382284338 0.0056822101008758338 -0.0095490438917878347 0.0023362762246894766 -0.0018608080893914973
leaf_weight=0.23267906580440467 0.29404513220652007 0.17778117157286033 0.308186887181364 0.06592081586131826 0.082482613623142242
leaf_count=1311 134 144 21 32 2
internal_value=-0.00122238 0.00315707 -0.00325724 -0.00824936 0.000414482
internal_weight=1.1611 0.928417 0.634371 0.45659 0.148403
internal_count=1644 333 199 55 34
is_linear=0
shrinkage=0.05


Tree=802
num_leaves=4
num_cat=0
split_feature=17 52 28
split_gain=0.130144 0.077221 0.00429506
threshold=0.9968553459119498 288.00000000000006 118.00000000000001
decision_type=2 8 2
left_child=-1 2 -2
right_child=1 -3 -4
leaf_value=-0.0068063629792119735 0.0013074743944841451 0.020741189225088188 -0.0038008324394722759
leaf_weight=0.2216140595410252 0.036047598114237189 0.60417161262012087 0.16564541141269729
leaf_count=1231 46 335 32
internal_value=0.0107926 0.0167214 -0.00255957
internal_weight=1.02748 0.805865 0.201693
internal_count=1644 413 78
is_linear=0
shrinkage=0.05


Tree=803
num_leaves=15
num_cat=0
split_feature=1 33 27 26 33 25 53 27 26 34 25 31 26 26
split_gain=0.0356162 0.0496362 0.0366911 0.0168118 0.0106111 0.00178059 0.000887169 0.000416969 0.000245438 0.000185977 7.10023e-05 6.87989e-05 3.73141e-05 4.83054e-05
threshold=5.0000000000000009 114.00000000000001 140.80000000000004 120.70000000000003 94.000000000000014 138.64000000000001 269.00000000000006 575.20000000000039 81.200000000000017 23.500000000000004 93.440000000000012 1454.0000000000002 93.600000000000009 98.100000000000009
decision_type=2 2 2 2 2 2 10 2 2 2 2 2 2 2
left_child=1 4 -3 9 6 -5 8 -4 -1 -2 -8 -11 -10 -14
right_child=3 2 7 5 -6 -7 10 -9 12 11 -12 -13 13 -15
leaf_value=0.00071973325875766435 5.480882768849378e-05 -0.016492188838869201 0.0020179170606220093 0.0059116560355322589 0.0047209288090108315 -0.00028228624361828551 -0.0028245584891309957 -0.00021536069821043093 -0.00050581079430143158 -0.0031668658360699074 2.3200026969934788e-05 1.8773038001632146e-05 0.00029319946039316539 -0.0002043891250195571
leaf_weight=0.040361507024499588 0.012315227409999352 0.46058793771226192 0.081882428443350364 0.2031458937417483 0.1905193058992154 0.031806149781914428 0.08033286027784925 0.042639161605620757 0.013671390850504395 0.18402479034557473 0.0058409556440892621 0.0053024518274469292 0.0078755364520475268 0.0067582329138531358
leaf_count=49 42 63 61 172 285 89 153 14 115 515 28 22 14 22
internal_value=-0.00678716 -0.00995181 -0.013961 0.00218992 0.00216895 0.00552355 -0.00234001 0.00174172 0.000304861 -0.00305856 -0.00278789 -0.00313688 -0.000411345 8.84439e-05
internal_weight=1.36706 0.930469 0.58511 0.436595 0.34536 0.234952 0.15484 0.124522 0.0686667 0.201642 0.0861738 0.189327 0.0283052 0.0146338
internal_count=1644 804 138 840 666 261 381 75 200 579 181 537 151 36
is_linear=0
shrinkage=0.05


Tree=804
num_leaves=10
num_cat=0
split_feature=3 29 40 27 1 32 53 32 28
split_gain=0.017807 0.032021 0.0084033 0.0129164 0.0189965 0.0142157 0.00670177 0.00402682 0.000736504
threshold=1.5000000000000002 25.500000000000004 19.500000000000004 101.20000000000002 5.0000000000000009 130.40000000000003 110.00000000000001 82.800000000000011 572.00000000000011
decision_type=2 2 8 2 2 2 8 2 2
left_child=1 2 -1 4 -4 -5 -3 -8 -9
right_child=-2 6 3 5 -6 -7 7 8 -10
leaf_value=0.0052898432633424579 0.006984943109512822 0.0010058423320858055 -0.0013543953923805814 0.00094552885326259844 0.0070006390967876642 -0.0061269848274514991 0.0003097427974566316 -0.0082507965122237108 5.4503815123453378e-05
leaf_weight=0.45856064869440283 0.22878086814307597 0.027242695912718662 0.86377577774692349 1.1864297892898319 0.3224940387008246 0.21585436176974315 0.079347396560478956 0.28174986367230304 0.013935739349108189
leaf_count=33 498 2 30 32 28 38 12 963 6
internal_value=0.00181646 -1.91593e-05 0.00224046 0.000376705 0.00308014 -0.00224045 -0.00652698 -0.00740773 -0.0081194
internal_weight=3.67817 3.44939 3.04711 2.58855 1.18627 1.40228 0.402276 0.375033 0.295686
internal_count=1642 1144 161 128 58 70 983 981 969
is_linear=0
shrinkage=0.05


Tree=805
num_leaves=6
num_cat=0
split_feature=13 1 2 32 30
split_gain=0.031878 0.0432516 0.0458137 0.00391583 0.00310175
threshold=0.97000000000000008 5.0000000000000009 1.0000000180025095e-35 115.60000000000002 580.00000000000011
decision_type=2 2 2 2 2
left_child=-1 -2 -3 -4 -5
right_child=1 2 3 4 -6
leaf_value=-0.0071000112919207686 0.0091172245586698571 0.0054364126265969278 -0.0091405827998036447 0.0019204993899434274 -0.0018926381268703108
leaf_weight=0.23340624951742939 0.30763930693501607 0.16877607366768643 0.3120189908077009 0.053594019555021077 0.080035936436615884
leaf_count=1311 139 139 20 28 5
internal_value=-0.0011573 0.00325831 -0.0035055 -0.00830998 -1.82516e-05
internal_weight=1.15547 0.922064 0.614425 0.445649 0.13363
internal_count=1642 331 192 53 33
is_linear=0
shrinkage=0.05


Tree=806
num_leaves=5
num_cat=0
split_feature=17 33 39 28
split_gain=0.0157026 0.0111808 0.012296 0.00149787
threshold=0.9968553459119498 1462.0000000000002 8.0000000000000018 1062.0000000000002
decision_type=2 2 8 2
left_child=-1 2 -2 -4
right_child=1 -3 3 -5
leaf_value=-0.0065843881133907838 -0.0021910857518815676 -0.0019529197270224835 0.0064780225761964438 -0.00024733414779277909
leaf_weight=0.21289424291899184 0.059005025774240494 0.78815930057317019 0.2492425384989474 0.012516777962446213
leaf_count=1231 1 7 401 2
internal_value=-0.00256544 0.000962429 0.00418078 0.00621528
internal_weight=1.32182 1.10892 0.320764 0.261759
internal_count=1642 411 404 403
is_linear=0
shrinkage=0.05


Tree=807
num_leaves=5
num_cat=0
split_feature=9 32 28 1
split_gain=0.0260701 0.0135085 0.012124 0.0192558
threshold=0.9967765931068685 90.800000000000026 122.00000000000001 5.0000000000000009
decision_type=2 2 2 2
left_child=-1 -2 -3 -4
right_child=1 2 3 -5
leaf_value=-0.0061672312710410234 -0.0028240604043392953 0.007675636573617757 -0.0025170508144852378 0.0054739549523774213
leaf_weight=0.19675924229522923 0.16995426081120979 0.2556153902405639 1.1426476003834976 0.16798414930235583
leaf_count=1241 10 270 21 100
internal_value=-1.59311e-05 0.00268035 0.00414535 0.000432929
internal_weight=1.93296 1.7362 1.56625 1.31063
internal_count=1642 401 391 121
is_linear=0
shrinkage=0.05


Tree=808
num_leaves=15
num_cat=0
split_feature=35 3 38 37 4 40 29 33 33 25 32 25 27 27
split_gain=0.112643 0.0708345 0.0253729 0.0326584 0.018777 0.00633625 0.00518493 0.00138343 0.000750866 3.47773e-05 1.96629e-05 4.51932e-06 4.23254e-06 2.60064e-05
threshold=inf 1.5000000000000002 5.5000000000000009 192.00000000000003 10.000000000000002 19.500000000000004 24.500000000000004 78.000000000000014 82.000000000000014 93.440000000000012 86.000000000000014 87.38000000000001 80.40000000000002 96.200000000000017
decision_type=8 2 10 8 2 10 2 2 2 2 2 2 2 2
left_child=2 4 3 8 -2 6 -5 12 10 11 -1 -7 -4 -14
right_child=1 -3 7 5 -6 9 -8 -9 -10 -11 -12 -13 13 -15
leaf_value=-7.405688422666324e-05 -0.016200140444133069 0.0041945858463993289 0.00042582055612113529 -0.00050578653097735024 0.0011544664204561599 -4.8498268980112789e-05 0.011047849446605182 -0.0037678432078598828 -0.0033215085616452155 -0.00062026228637273131 0.00032698064611923677 0.00011583851455373531 -0.00018466775661927736 0.00017494844194077669
leaf_weight=0.0062135307816791876 1.2256782106414901 0.12587843096116547 0.011482055095257238 0.013566942419856787 0.031498249620199092 0.0037008065701229498 0.55290012384648435 0.13630740780354245 0.13087835303304018 0.026311492154491134 0.01163673706469126 0.005412868587882258 0.0066302064078627154 0.0058206672983942553
leaf_count=7 723 280 28 2 3 12 143 156 143 50 31 14 17 15
internal_value=-0.00650554 -0.0126488 0.00456033 0.00718306 -0.0154465 0.0100349 0.0106249 -0.00332745 -0.00304681 -0.000549334 0.000251774 6.71756e-05 0.000410949 -9.80332e-06
internal_weight=2.29392 1.38305 0.910861 0.750621 1.25718 0.601892 0.566467 0.16024 0.148729 0.0354252 0.0178503 0.00911368 0.0239329 0.0124509
internal_count=1624 1006 618 402 726 221 145 216 181 76 38 26 60 32
is_linear=0
shrinkage=0.05


Tree=809
num_leaves=5
num_cat=0
split_feature=9 52 4 32
split_gain=0.0360269 0.0301996 0.0253798 0.000767192
threshold=1.0000000180025095e-35 588.00000000000011 6.0000000000000009 66.200000000000017
decision_type=2 10 2 2
left_child=1 2 3 -1
right_child=-2 -3 -4 -5
leaf_value=-7.0231009241913494e-05 -0.0050265962689196664 -0.0031054067937540558 -0.0022389395018823973 0.011784601129695413
leaf_weight=0.0018758075893856576 0.15471516555408016 0.11325231876980979 0.063449126944760792 0.45672230719355866
leaf_count=5 847 32 405 335
internal_value=0.00304698 0.00688463 0.00966825 0.0117212
internal_weight=0.790015 0.6353 0.522047 0.458598
internal_count=1624 777 745 340
is_linear=0
shrinkage=0.05


Tree=810
num_leaves=5
num_cat=0
split_feature=4 27 3 52
split_gain=0.0228428 0.0137274 0.0104968 0.00215107
threshold=6.0000000000000009 136.80000000000004 1.5000000000000002 236.00000000000003
decision_type=2 2 2 10
left_child=-1 2 -2 -3
right_child=1 3 -4 -5
leaf_value=-0.0049603840312352279 0.0080645218146801929 0.00085284418061109439 -0.0014317536829417659 -0.0028586901890198927
leaf_weight=0.15238927615064313 0.27933444296650123 0.052384872382390313 0.039689919096417725 0.10537840618053451
leaf_count=923 349 71 249 32
internal_value=0.000521695 0.00444629 0.00669331 -0.00195412
internal_weight=0.629177 0.476788 0.319024 0.157763
internal_count=1624 701 598 103
is_linear=0
shrinkage=0.05


Tree=811
num_leaves=11
num_cat=0
split_feature=35 9 38 37 29 52 32 32 32 41
split_gain=0.0654576 0.055026 0.0084115 0.00893226 0.0043267 0.00238242 0.000569318 0.000361878 2.50817e-05 1.47359e-05
threshold=1.0000000180025095e-35 0.9967765931068685 5.5000000000000009 192.00000000000003 24.500000000000004 302.00000000000006 95.200000000000017 115.60000000000002 1454.0000000000002 14.500000000000002
decision_type=10 2 10 8 2 10 2 2 2 10
left_child=1 -1 3 7 -5 -6 -4 -2 -9 -7
right_child=2 -3 6 4 5 9 -8 8 -10 -11
leaf_value=-0.0039259109198964692 0.0015332953389695482 0.013309718215593415 -0.00037109196820413626 0.00063092690069517987 -0.0080431659350348166 -5.6088025433536498e-05 0.001856320271564218 -0.00036349538482768678 8.4862987388368172e-05 0.00032292062452157918
leaf_weight=0.11688328702439299 0.062850032620190288 0.94977399922208861 0.0099933430828968994 0.017123085075581912 0.28507793174503604 0.0052901579329045481 0.081731896949349903 0.014178885510773398 0.0068800862718489944 0.020453159842872992
leaf_count=740 65 266 65 4 135 34 151 88 28 48
internal_value=0.00588453 0.0104353 -0.00428413 -0.00571927 -0.00709459 -0.00767683 0.00149602 0.00124223 -0.000277362 0.000266286
internal_weight=1.57024 1.06666 0.503579 0.411853 0.327944 0.310821 0.0917252 0.083909 0.021059 0.0257433
internal_count=1624 1006 618 402 221 217 216 181 116 82
is_linear=0
shrinkage=0.05


Tree=812
num_leaves=13
num_cat=0
split_feature=28 52 21 1 26 25 27 33 3 37 13 31
split_gain=0.0626196 0.0429601 0.0212025 0.013847 0.042458 0.0162059 0.0130708 0.00918855 0.00595085 0.00511061 0.0048742 0.000157076
threshold=102.00000000000001 302.00000000000006 0.031858095590959624 5.0000000000000009 93.600000000000009 97.040000000000006 80.40000000000002 118.00000000000001 1.5000000000000002 1.0000000180025095e-35 0.97000000000000008 71.40000000000002
decision_type=2 8 2 2 2 2 2 2 2 10 2 2
left_child=3 7 -3 4 10 6 -5 -2 -6 -7 -1 -8
right_child=1 2 -4 5 8 9 11 -9 -10 -11 -12 -13
leaf_value=0.0052573927448709666 -0.0020188088701406266 -0.011554710524835412 0.0018691273105171274 0.0033025961417098336 -0.0079795241013906337 0.0098551600462869881 3.8908088875397053e-05 0.0050014845208102487 0.00083072641785620445 -0.00051119767917576946 -0.0010261942925903467 -0.0044263622774715211
leaf_weight=0.85841107193846278 0.07290805965021685 1.0882741782916125 0.052180119499098621 0.10630626065540116 0.25891838491952512 0.27177629233483458 0.002451802749419584 0.23632314013957512 0.02264321010443382 0.027207291117520072 0.028086175538192037 0.1519823835187708
leaf_count=262 67 393 51 86 276 72 6 64 44 28 55 226
internal_value=-0.00192076 -0.00740719 -0.0103542 0.00371048 -0.000221697 0.00679739 -0.00111554 0.00306856 -0.00717565 0.0092445 0.00461987 -0.00438318
internal_weight=3.17747 1.44969 1.14045 1.72778 1.16806 0.559724 0.26074 0.309231 0.281562 0.298984 0.886497 0.154434
internal_count=1630 575 444 1055 637 418 318 131 320 100 317 232
is_linear=0
shrinkage=0.05


Tree=813
num_leaves=5
num_cat=0
split_feature=13 1 32 31
split_gain=0.0419665 0.021624 0.0312061 0.0223214
threshold=0.97000000000000008 5.0000000000000009 110.00000000000001 99.90000000000002
decision_type=2 2 2 2
left_child=-1 -2 3 -3
right_child=1 2 -4 -5
leaf_value=-0.0068410286367833603 0.008772322105496359 0.0027453330375009051 0.0052460866605000562 -0.0087052052046316646
leaf_weight=0.2230016590001469 0.29289632197469473 0.078608381852973253 0.16173247381811962 0.2722745350911282
leaf_count=1288 149 49 133 11
internal_value=0.000470981 0.00516307 -0.00133525 -0.00600664
internal_weight=1.02851 0.805512 0.512615 0.350883
internal_count=1630 342 193 60
is_linear=0
shrinkage=0.05


Tree=814
num_leaves=4
num_cat=0
split_feature=17 33 53
split_gain=0.0129387 0.0120092 0.0221842
threshold=0.9968553459119498 1462.0000000000002 212.50000000000003
decision_type=2 2 8
left_child=-1 2 -2
right_child=1 -3 -4
leaf_value=-0.0064773569658329762 -0.0033212763628316013 -0.0023130817222625929 0.0072201817552726387
leaf_weight=0.20867252641255607 0.093706391751766205 0.78351083490997553 0.23793742651469074
leaf_count=1210 4 7 409
internal_value=-0.00286113 0.000557986 0.00398427
internal_weight=1.32383 1.11515 0.331644
internal_count=1630 420 413
is_linear=0
shrinkage=0.05


Tree=815
num_leaves=5
num_cat=0
split_feature=9 27 30 30
split_gain=0.0661578 0.0402662 0.00322324 0.000501746
threshold=0.9967765931068685 93.200000000000017 558.88000000000011 674.400000000001
decision_type=2 2 2 2
left_child=-1 -2 -3 -4
right_child=1 2 3 -5
leaf_value=-0.0062309507761028702 -0.0031551639017812676 0.011707015167797595 -0.00080374121826717589 0.0007601257763485157
leaf_weight=0.19918234479700903 0.14487609267234813 1.12217882333789 0.025199649040587135 0.027747481217375025
leaf_count=1251 8 350 5 16
internal_value=0.00544513 0.00913332 0.0114024 -4.06268e-05
internal_weight=1.51918 1.32 1.17513 0.0529471
internal_count=1630 379 371 21
is_linear=0
shrinkage=0.05


Tree=816
num_leaves=15
num_cat=0
split_feature=17 38 0 2 38 32 28 28 25 4 25 25 32 48
split_gain=0.122274 0.0242038 0.0148651 0.00974903 0.00464359 0.0111952 0.00168526 0.000719442 0.000569842 0.000567194 0.000381311 0.000271821 0.000149857 7.7553e-05
threshold=1.0000000180025095e-35 5.5000000000000009 150.50000000000003 1.0000000180025095e-35 5.5000000000000009 130.40000000000003 70.000000000000014 102.00000000000001 109.44000000000001 10.000000000000002 66.000000000000014 246.00000000000003 1458.0000000000002 320.00000000000006
decision_type=2 8 2 2 8 2 2 2 2 2 2 2 2 8
left_child=2 7 4 11 -1 -6 -5 -2 -7 10 -4 -3 -9 -8
right_child=1 3 9 6 5 8 13 12 -10 -11 -12 -13 -14 -15
leaf_value=0.004440995709051228 0.00076780296803375086 0.021288700370979415 9.7406576160534493e-05 0.0017261714504705407 0.0020790754046012051 0.00013395722568470376 7.3200436781110728e-05 -0.0012444974711410372 -0.0040653489071141259 0.00014799941570317661 -0.0046030790131244862 0.00017233356086974861 0.00014609475636628952 -0.0012263914603565912
leaf_weight=0.4189359156007425 0.058589186723111086 0.52321503355051391 0.0026029968867077305 0.048235651629511267 1.5855522931960875 0.020397973887156584 0.0093663554289378226 0.060957446148677263 0.12232096209481824 0.003960594243835657 0.14638945177284768 0.017975375041714869 0.0062717383698327458 0.056229612942843232
leaf_count=39 145 282 4 119 115 11 22 112 44 7 506 7 18 186
internal_value=0.00858871 0.0184352 0.000672826 0.0200545 0.00230398 0.000348067 0.00052788 -0.000320265 -0.00387316 -0.0043633 -0.00450765 0.0211542 -0.00109943 -0.00114627
internal_weight=3.081 0.78084 2.30016 0.655022 2.14721 1.72827 0.113832 0.125818 0.142719 0.152953 0.148992 0.54119 0.0672292 0.065596
internal_count=1617 891 726 616 209 170 327 275 55 517 510 289 130 208
is_linear=0
shrinkage=0.05


Tree=817
num_leaves=13
num_cat=0
split_feature=1 13 2 33 26 40 28 31 37 27 28 29
split_gain=0.040002 0.0348781 0.0324843 0.00858773 0.00616045 0.00467909 0.00088744 0.000349771 0.000276601 0.000275679 0.000237619 2.41794e-06
threshold=5.0000000000000009 0.97000000000000008 1.0000000180025095e-35 86.000000000000014 924.4000000000002 17.000000000000004 118.00000000000001 82.40000000000002 192.00000000000003 80.40000000000002 142.00000000000003 27.500000000000004
decision_type=2 2 2 2 2 10 2 2 8 2 2 2
left_child=1 -1 6 9 5 -5 7 -2 -9 -4 -8 -7
right_child=2 -3 3 4 -6 11 10 8 -10 -11 -12 -13
leaf_value=-0.004113911533081889 -0.00012162066214226617 0.0088254316236441917 -0.0003226743199678517 -0.011993125311480231 0.00056937456984698534 -7.2664992148957252e-06 -0.0007056363370420008 -8.7312823541204449e-05 0.0034306705978823476 0.0010409247271707237 0.00041346914417271968 0.00037808984465151081
leaf_weight=0.12315287128149066 0.0055757225345587349 0.29546748453867622 0.012938013700477313 0.35977705982986663 0.015926441261399304 0.0038545632487512185 0.019174334360286593 0.007772798722726292 0.14514693024102598 0.032914509160036687 0.0145773547119461 0.01556219865597086
leaf_count=654 11 132 77 211 6 9 124 32 268 52 13 28
internal_value=-0.00213143 0.00480221 -0.00684896 -0.0101352 -0.0110047 -0.0115512 0.00286741 0.00320962 0.00333122 0.000715528 -0.000289886 0.000369505
internal_weight=1.05184 0.41862 0.63322 0.440973 0.39512 0.379194 0.192247 0.158495 0.15292 0.0458525 0.0337517 0.0194168
internal_count=1617 786 831 383 254 248 448 311 300 129 137 37
is_linear=0
shrinkage=0.05


Tree=818
num_leaves=15
num_cat=0
split_feature=39 1 0 32 33 33 33 26 30 30 40 27 25 26
split_gain=0.0478496 0.0194573 0.0093981 0.00826686 0.000926168 0.000828129 0.000534841 0.000406429 0.000246108 0.000119008 0.000108275 4.39968e-05 3.77537e-05 1.37626e-05
threshold=8.0000000000000018 5.0000000000000009 188.50000000000003 107.60000000000001 86.000000000000014 118.00000000000001 102.00000000000001 120.70000000000003 316.00000000000006 100.88000000000001 25.500000000000004 260.00000000000006 107.56000000000002 246.00000000000003
decision_type=10 2 2 2 2 2 2 2 2 2 10 2 2 2
left_child=1 2 3 9 -2 10 -4 -7 -6 -1 -3 -9 -8 -14
right_child=4 5 6 -5 8 7 12 11 -10 -11 -12 -13 13 -15
leaf_value=-0.00030786162814276934 -0.00049486414261716908 -0.0011463036265268317 -0.00089715493111294743 -0.021576335387275256 0.0022916376823541493 0.0013237639026973537 0.00078156042627898254 -0.00047662407632803415 -0.00012978519832409715 0.00047506671718264845 0.00011376228672825495 0.00011286913504737674 -0.00016166603074729857 0.00010590677313641916
leaf_weight=0.016894453656277619 0.028344292877591215 0.065750737587222829 0.04001116708968766 0.44690205412916839 0.13524698511537281 0.037816292191564571 0.023037809289235156 0.021450103107781615 0.0034716479858616358 0.012811890366720036 0.0068671748740598551 0.0093785826757084578 0.0079801125466474332 0.0028304093284532436
leaf_count=72 143 336 258 61 344 72 45 149 14 13 16 31 58 5
internal_value=-0.0158085 -0.0185297 -0.0201494 -0.0210284 0.00168153 -9.30782e-05 -0.000177151 0.00093661 0.00217028 0.000163241 -0.00103218 -0.000361767 0.000718496 -5.61427e-05
internal_weight=0.858794 0.691731 0.550468 0.476608 0.167063 0.141263 0.0738595 0.068645 0.138719 0.0297063 0.0726179 0.0308287 0.0338483 0.0108105
internal_count=1617 1116 512 146 501 604 366 252 358 85 352 180 108 63
is_linear=0
shrinkage=0.05


Tree=819
num_leaves=6
num_cat=0
split_feature=9 1 33 26 32
split_gain=0.0201163 0.00995933 0.0181738 0.013897 0.00158874
threshold=0.9967765931068685 5.0000000000000009 124.00000000000001 81.200000000000017 90.800000000000026
decision_type=2 2 2 2 2
left_child=-1 2 4 -3 -2
right_child=1 3 -4 -5 -6
leaf_value=-0.0057651613840190297 -0.00021491829481694305 -0.0020346627911825479 -0.0032612976168627811 0.0073017238742699086 0.0049351540739854972
leaf_weight=0.18160534447815724 0.080090230330824741 0.075885806232690922 1.0787057148700112 0.23846879763004836 0.15036594030971173
leaf_count=1239 8 3 38 181 148
internal_value=-0.000460739 0.00210394 -0.000577775 0.00521464 0.00442527
internal_weight=1.80512 1.62352 1.30916 0.314355 0.230456
internal_count=1617 378 194 184 156
is_linear=0
shrinkage=0.05


Tree=820
num_leaves=15
num_cat=0
split_feature=29 28 32 33 52 17 37 36 48 28 34 26 31 28
split_gain=0.398769 0.0569193 0.037729 0.0233871 0.0194351 0.0109241 0.00558772 0.00393058 0.00156356 0.00131907 0.000754108 0.000625998 0.00062511 0.000691598
threshold=24.500000000000004 118.00000000000001 130.40000000000003 110.00000000000001 236.00000000000003 0.9968553459119498 192.00000000000003 16.000000000000004 48.000000000000007 66.000000000000014 21.500000000000004 540.00000000000011 321.00000000000006 182.00000000000003
decision_type=2 2 2 2 10 2 8 10 8 2 2 2 2 2
left_child=-1 3 -3 5 -4 6 -2 8 -8 -5 -10 12 13 -6
right_child=1 2 4 9 11 -7 7 -9 10 -11 -12 -13 -14 -15
leaf_value=-0.018455276735993207 -0.00078069511490328977 0.01988896936088411 -0.0042379255083016534 0.00032594484669111896 -0.000577920777032687 -0.0019719780325348868 -0.00019229474864000413 -0.00054931797926895543 -9.6078122000917179e-05 -0.0047293200639187405 0.0072523083155037003 0.0051169980405331994 -0.00086107804925266763 0.0014528614583494822
leaf_weight=0.49944628449156914 0.077560000325320511 0.98238331686297875 0.15623624332511099 0.00876309655723162 0.017243562826479319 0.055422036624804605 0.021935244119958952 0.039938809757586569 0.0092101323534734547 0.17788823851878988 0.79367707422352396 0.15176596253877506 0.023171774657384958 0.039890489599201828
leaf_count=115 91 79 136 16 42 196 38 60 17 247 539 10 15 9
internal_value=0.004136 0.012501 0.017068 0.00182167 0.000745829 0.00461573 0.00581898 0.00651213 0.0069677 -0.00441731 0.00716148 0.00481748 3.87852e-05 0.00087305
internal_weight=3.05453 2.55509 1.37069 1.18439 0.388308 0.997743 0.942321 0.864761 0.824822 0.186651 0.802887 0.232072 0.0803058 0.0571341
internal_count=1610 1495 291 1204 212 941 745 654 594 263 556 76 66 51
is_linear=0
shrinkage=0.05


Tree=821
num_leaves=6
num_cat=0
split_feature=13 1 2 32 30
split_gain=0.0276345 0.0368591 0.0372276 0.00201714 0.00271077
threshold=0.97000000000000008 5.0000000000000009 1.0000000180025095e-35 115.60000000000002 580.00000000000011
decision_type=2 2 2 2 2
left_child=-1 -2 -3 -4 -5
right_child=1 2 3 4 -6
leaf_value=-0.0069577026207434355 0.0083299769662131297 0.0048172132795515077 -0.0084294576558244221 0.0017180046735363348 -0.0018575477107535335
leaf_weight=0.22766167897498235 0.27384512906428427 0.14694192283786833 0.27011023071827367 0.047663105098763481 0.078547271783463657
leaf_count=1296 128 139 16 26 5
internal_value=-0.00162143 0.00287614 -0.00348926 -0.00781332 -0.00018075
internal_weight=1.04477 0.817108 0.543263 0.396321 0.12621
internal_count=1610 314 186 47 31
is_linear=0
shrinkage=0.05


Tree=822
num_leaves=4
num_cat=0
split_feature=17 52 33
split_gain=0.121182 0.0794074 0.00500487
threshold=0.9968553459119498 288.00000000000006 118.00000000000001
decision_type=2 8 2
left_child=-1 2 -2
right_child=1 -3 -4
leaf_value=-0.0067405870332816718 0.0013766508870932557 0.020159022936367677 -0.0041909400723526254
leaf_weight=0.2189562817584374 0.038032546668546274 0.55995456496020779 0.16291158017702401
leaf_count=1214 55 315 26
internal_value=0.00999366 0.0159024 -0.00286831
internal_weight=0.979855 0.760899 0.200944
internal_count=1610 396 81
is_linear=0
shrinkage=0.05


Tree=823
num_leaves=15
num_cat=0
split_feature=1 33 26 25 26 31 40 32 28 34 29 25 28 26
split_gain=0.0822719 0.0988455 0.0752661 0.0147447 0.0117006 0.00135901 0.00129112 0.000896404 0.000309541 0.000205492 0.000169587 0.000138656 0.000112481 3.50399e-05
threshold=5.0000000000000009 114.00000000000001 142.00000000000003 93.440000000000012 93.600000000000009 131.00000000000003 1.0000000180025095e-35 90.800000000000026 122.00000000000001 129.50000000000003 100.50000000000001 99.920000000000016 134.00000000000003 93.600000000000009
decision_type=2 2 2 2 2 2 10 2 2 2 2 2 2 2
left_child=1 4 -3 13 6 -5 9 -6 11 10 -1 -7 -10 -2
right_child=3 2 -4 5 7 8 -8 -9 12 -11 -12 -13 -14 -15
leaf_value=-0.00020981037387962414 -0.0029450877721441939 -0.024062149975671365 0.0022167664731452797 0.0057076061138669962 -0.00020395760206196043 0.00019956330023155702 -0.0030440928335270885 0.0051214528514084328 0.00075417255420427926 -0.0003268044414379606 0.00098284318218897523 -0.0008551889492741364 -0.00018033807914447618 6.2209402059464247e-06
leaf_weight=0.010492451139725523 0.10621591902599914 0.77391471224837005 0.13638615030504297 0.2479900151010952 0.0054656340507790438 0.0053479906928259871 0.087184932017407846 0.20940836797672091 0.020517194323474541 0.010381426531239413 0.032300745500833727 0.035272140186862089 0.01508338868006831 0.0059035571539425282
leaf_count=63 251 70 77 236 21 11 135 332 59 75 17 213 27 23
internal_value=-0.0123027 -0.0163376 -0.0210255 0.00262701 0.00232561 0.00530497 -0.00248791 0.00492961 -9.11847e-05 0.00044853 0.000769642 -0.000657995 0.000566423 -0.00292383
internal_weight=1.70186 1.26553 0.910301 0.43633 0.355234 0.324211 0.14036 0.214874 0.0762207 0.0531746 0.0427932 0.0406201 0.0356006 0.112119
internal_count=1610 790 147 820 643 546 290 353 310 155 80 224 86 274
is_linear=0
shrinkage=0.05


end of trees

feature_importances:
Column_28=432
Column_33=404
Column_29=400
Column_32=348
Column_25=303
Column_34=290
Column_1=287
Column_52=263
Column_27=262
Column_30=235
Column_9=226
Column_17=215
Column_13=211
Column_26=204
Column_53=194
Column_31=191
Column_0=155
Column_4=154
Column_40=149
Column_2=137
Column_3=132
Column_35=118
Column_21=107
Column_37=106
Column_38=91
Column_48=91
Column_5=53
Column_39=46
Column_41=24
Column_36=18
Column_46=1

parameters:
[boosting: gbdt]
[objective: multiclass]
[metric: multi_logloss]
[tree_learner: serial]
[device_type: cpu]
[data_sample_strategy: bagging]
[data: ]
[valid: ]
[num_iterations: 206]
[learning_rate: 0.05]
[num_leaves: 15]
[num_threads: 4]
[seed: 26006]
[deterministic: 1]
[force_col_wise: 0]
[force_row_wise: 1]
[histogram_pool_size: -1]
[max_depth: -1]
[min_data_in_leaf: 10]
[min_sum_hessian_in_leaf: 0.001]
[bagging_fraction: 0.8]
[pos_bagging_fraction: 1]
[neg_bagging_fraction: 1]
[bagging_freq: 1]
[bagging_seed: 19736]
[bagging_by_query: 0]
[feature_fraction: 0.8]
[feature_fraction_bynode: 1]
[feature_fraction_seed: 22478]
[extra_trees: 0]
[extra_seed: 25246]
[early_stopping_round: 0]
[early_stopping_min_delta: 0]
[first_metric_only: 0]
[max_delta_step: 0]
[lambda_l1: 0]
[lambda_l2: 1]
[linear_lambda: 0]
[min_gain_to_split: 0]
[drop_rate: 0.1]
[max_drop: 50]
[skip_drop: 0.5]
[xgboost_dart_mode: 0]
[uniform_drop: 0]
[drop_seed: 12177]
[top_rate: 0.2]
[other_rate: 0.1]
[min_data_per_group: 100]
[max_cat_threshold: 32]
[cat_l2: 10]
[cat_smooth: 10]
[max_cat_to_onehot: 4]
[top_k: 20]
[monotone_constraints: ]
[monotone_constraints_method: basic]
[monotone_penalty: 0]
[feature_contri: ]
[forcedsplits_filename: ]
[refit_decay_rate: 0.9]
[cegb_tradeoff: 1]
[cegb_penalty_split: 0]
[cegb_penalty_feature_lazy: ]
[cegb_penalty_feature_coupled: ]
[path_smooth: 0]
[interaction_constraints: ]
[verbosity: -1]
[saved_feature_importance_type: 0]
[use_quantized_grad: 0]
[num_grad_quant_bins: 4]
[quant_train_renew_leaf: 0]
[stochastic_rounding: 1]
[linear_tree: 0]
[max_bin: 255]
[max_bin_by_feature: ]
[min_data_in_bin: 3]
[bin_construct_sample_cnt: 200000]
[data_random_seed: 19427]
[is_enable_sparse: 1]
[enable_bundle: 1]
[use_missing: 1]
[zero_as_missing: 0]
[feature_pre_filter: 1]
[pre_partition: 0]
[two_round: 0]
[header: 0]
[label_column: ]
[weight_column: ]
[group_column: ]
[ignore_column: ]
[categorical_feature: ]
[forcedbins_filename: ]
[precise_float_parser: 0]
[parser_config_file: ]
[objective_seed: 10829]
[num_class: 4]
[is_unbalance: 0]
[scale_pos_weight: 1]
[sigmoid: 1]
[boost_from_average: 1]
[reg_sqrt: 0]
[alpha: 0.9]
[fair_c: 1]
[poisson_max_delta_step: 0.7]
[tweedie_variance_power: 1.5]
[lambdarank_truncation_level: 30]
[lambdarank_norm: 1]
[label_gain: ]
[lambdarank_position_bias_regularization: 0]
[eval_at: ]
[multi_error_top_k: 1]
[auc_mu_weights: ]
[num_machines: 1]
[local_listen_port: 12400]
[time_out: 120]
[machine_list_filename: ]
[machines: ]
[gpu_platform_id: -1]
[gpu_device_id: -1]
[gpu_device_id_list: ]
[gpu_use_dp: 0]
[num_gpu: 1]

end of parameters

pandas_categorical:null
