tree
version=v4
num_class=1
num_tree_per_iteration=1
label_index=0
max_feature_idx=137
objective=binary sigmoid:1
feature_names=Column_0 Column_1 Column_2 Column_3 Column_4 Column_5 Column_6 Column_7 Column_8 Column_9 Column_10 Column_11 Column_12 Column_13 Column_14 Column_15 Column_16 Column_17 Column_18 Column_19 Column_20 Column_21 Column_22 Column_23 Column_24 Column_25 Column_26 Column_27 Column_28 Column_29 Column_30 Column_31 Column_32 Column_33 Column_34 Column_35 Column_36 Column_37 Column_38 Column_39 Column_40 Column_41 Column_42 Column_43 Column_44 Column_45 Column_46 Column_47 Column_48 Column_49 Column_50 Column_51 Column_52 Column_53 Column_54 Column_55 Column_56 Column_57 Column_58 Column_59 Column_60 Column_61 Column_62 Column_63 Column_64 Column_65 Column_66 Column_67 Column_68 Column_69 Column_70 Column_71 Column_72 Column_73 Column_74 Column_75 Column_76 Column_77 Column_78 Column_79 Column_80 Column_81 Column_82 Column_83 Column_84 Column_85 Column_86 Column_87 Column_88 Column_89 Column_90 Column_91 Column_92 Column_93 Column_94 Column_95 Column_96 Column_97 Column_98 Column_99 Column_100 Column_101 Column_102 Column_103 Column_104 Column_105 Column_106 Column_107 Column_108 Column_109 Column_110 Column_111 Column_112 Column_113 Column_114 Column_115 Column_116 Column_117 Column_118 Column_119 Column_120 Column_121 Column_122 Column_123 Column_124 Column_125 Column_126 Column_127 Column_128 Column_129 Column_130 Column_131 Column_132 Column_133 Column_134 Column_135 Column_136 Column_137
feature_infos=[0:79973] [0:107387464] [6.9524784088134766:1434.8333740234375] [0:696] [-1.203703761100769:1434.8333740234375] [6.9524784088134766:1443.69189453125] [6.9524784088134766:1443.69189453125] [6.9524784088134766:1443.69189453125] [6.9524784088134766:1443.69189453125] [0:1] [0:1] [0:1] [0:1] [0:1] [0:1] [0:1] [2.193200089095626e-05:1.9037708044052124] [0:0.99571478366851807] [0:1.9037708044052124] [2.193200089095626e-05:1.9915750026702881] [1.362500029244984e-06:1.9037708044052124] [1.8729999737843173e-06:1.9037708044052124] [2.0840000161115313e-06:1.9037708044052124] [0:27] [1:79973] [6.9524784088134766:107387464] [0:1.9999972581863403] [6.9524784088134766:107387464] [0:74896] [0:106034368] [6.9524784088134766:1442.8333740234375] [0:696] [-13.565573692321777:1442.8333740234375] [6.9524784088134766:1443.69189453125] [2.3641510009765625:1443.69189453125] [6.9524784088134766:1443.69189453125] [6.9524784088134766:1443.69189453125] [0:1] [0:1] [0:1] [0:1] [0:1] [0:1] [0:1] [2.2110000372776994e-06:1.9917522668838501] [0:0.93804830312728882] [0:1.9917522668838501] [2.3439999949914636e-06:1.9917522668838501] [1.6999990748445271e-08:1.9917522668838501] [1.623000002837216e-06:1.9917522668838501] [2.3439999949914636e-06:1.9917522668838501] [0:24] [1:74896] [6.9524784088134766:106034368] [0:1.9999806880950928] [6.9524784088134766:106034368] [1:79973] [0:25306] [6.9524784088134766:107387464] [0:14382488] [6.9524784088134766:1442.8333740234375] [6.9524784088134766:1430.1473388671875] [0:696] [0:696] [2.4344263076782227:1442.8333740234375] [-13.565573692321777:1430.1473388671875] [6.9524784088134766:1443.69189453125] [2.3641510009765625:1430.1473388671875] [6.9524784088134766:1443.69189453125] [6.9524784088134766:1430.1473388671875] [6.9524784088134766:1443.69189453125] [6.9524784088134766:1430.1473388671875] [6.9524784088134766:1443.69189453125] [6.9524784088134766:1442.8333740234375] [0:1] [0:1] [0:1] [0:1] [0:1] [0:1] [0:1] [0:1] [0:1] [0:1] [0:1] [0:1] [0:1] [0:1] [1.6063799193943851e-05:1.9917522668838501] [2.2110000372776994e-06:1.9037708044052124] [0:0.99571478366851807] [0:0.83213174343109131] [9.999965300266922e-10:1.9917522668838501] [0:1.9037708044052124] [1.4629999895987567e-06:1.9917522668838501] [1.6999990748445271e-08:1.9037708044052124] [1.9540000266715651e-06:1.9917522668838501] [1.623000002837216e-06:1.9037708044052124] [2.1193000065977685e-05:1.9917522668838501] [2.0840000161115313e-06:1.9037708044052124] [2.5266999728046358e-05:1.9917522668838501] [2.3439999949914636e-06:1.9915750026702881] [1:27] [0:21] [1:79973] [1:25306] [6.9524784088134766:107387464] [6.9524784088134766:7191244] [0:1.9999972581863403] [0:1.9998902082443237] [6.9524784088134766:107387464] [6.9524784088134766:14252031] [1:99122] [13.904956817626953:107755440] [0:1] [0:1] [0:1.9999974966049194] [0.5:100] [0.004999999888241291:0.81610339879989624] [0.0007995598716661334:0.62212282419204712] [-87137:87016] [-94248824:98197832] [-1392:1384] [-1392:1384] [-0.79955452680587769:0.80254775285720825] [-87016:92121] [-98197832:103789264] [-1384:1392] [-1384:1392] [-0.80254775285720825:0.79955452680587769] [0:1] [0:1] [0:1] [0:1] [0:1] [4:6] [0:1] [35.5:97.5]
tree_sizes=1731 1732 1729 1730 1723 1742 1738 1740 1740 1739 1736 1727 1735 1749 1735 1746 1726 1736 1727 1730 1738 1735 1738 1741 1733 1735 1727 1738 1738 1739 1734 1733 1742 1736 1739 1742 1729 1737 1742 1749 1735 1740 1729 1733 1731 1737 1741 1728 1739 1725 1740 1729 1753 1742 1743 1737 1738 1726 1736 1739 1751 1747 1738 1739 1749 1749 1743 1731 1741 1739 1739 1740 1746 1743 1730 1738 1743 1741 1736 1731 1742 1726 1741

Tree=0
num_leaves=15
num_cat=0
split_feature=37 0 46 91 39 5 102 34 35 97 110 32 123 12
split_gain=3924.36 923.056 326.428 221.405 269.393 162.754 133.423 130.373 108.27 86.1218 46.8518 64.3311 46.1942 31.5469
threshold=0.30220390856266027 57.500000000000007 0.16695995628833774 0.018619817681610588 0.0041515410412102946 593.30627441406261 16.500000000000004 28.865631103515629 16.41551494598389 2.5768250452529177e-05 83.962734222412124 20.748447418212894 1208.3362426757815 0.013606071937829258
decision_type=8 2 10 8 10 10 2 10 8 8 2 10 8 8
left_child=3 2 5 -1 12 10 9 -3 -7 -6 11 -2 -5 -14
right_child=1 7 -4 4 6 8 -8 -9 -10 -11 -12 -13 13 -15
leaf_value=-0.098994418684657456 0.081227571231463416 0.090365158815039759 -0.080792097338708346 -0.099162675868853384 -0.090600417056373284 0.093363660572959667 -0.095312575235724908 -0.098856877807538865 -0.076874896128173512 0.061612100196681008 0.096102307606320658 -0.055729319459815602 -0.085863250491218387 0.05247177224592308
leaf_weight=564.83148485422134 25.427874252200127 9.3789148330688459 28.620518490672112 118.43911273777485 9.6388575583696348 14.06837224960327 20.334028273820877 86.485639736056328 23.603030994534492 77.964020177721977 776.69317524135113 11.851547122001646 6.0738006532192204 8.8827341496944427
leaf_count=4261 25 4 200 897 73 6 154 655 162 138 436 73 46 17
internal_value=-0.000279672 0.0671153 0.0831657 -0.0818657 -0.0415333 0.088764 0.0171462 -0.0796025 -0.0125291 0.0440308 0.0934615 0.037369 -0.088788 -0.00556606
internal_weight=1782.29 976.129 880.265 806.164 241.333 851.644 107.937 95.8646 37.6714 87.6029 813.973 37.2794 133.396 14.9565
internal_count=7147 1561 902 5586 1325 702 365 659 168 211 534 98 960 63
is_linear=0
shrinkage=1


Tree=1
num_leaves=15
num_cat=0
split_feature=106 46 80 102 49 96 54 6 79 22 4 73 32 0
split_gain=3605.96 819.555 478.626 208.725 141.765 197.131 81.7018 75.8495 113.434 60.5811 54.2423 52.4125 52.2526 32.7131
threshold=999.26354980468761 0.16695995628833774 0.01673669554293156 16.500000000000004 0.00010680924970074558 0.015239160973578693 6.2843715568305938e-05 30.832298278808597 0.0099504948593676108 0.044291058555245406 34.703720092773445 1038.8609619140627 16.358708381652836 1.5000000000000002
decision_type=2 10 2 2 10 10 8 8 2 10 10 2 10 2
left_child=1 3 7 6 -4 11 10 8 12 -10 -1 -6 -2 -3
right_child=2 13 4 -5 5 -7 -8 -9 9 -11 -12 -13 -14 -15
leaf_value=0.056569768322064506 0.067980167318867496 0.073015957292693862 -0.080093969774190921 -0.09105844794659762 0.082298351057197863 -0.092300158619972872 0.092128851080646459 -0.09379844159902237 -0.082741796403596884 0.085887127987590087 -0.059248624872614432 -0.041389126007601008 -0.088010460106337993 -0.094329218358978673
leaf_weight=34.943080097436905 5.0772800594568244 2.3409066200256339 31.989052325487137 15.80876177549362 82.909195795655251 22.53138193488121 765.9483949393034 643.39371199905872 6.3228438049554851 19.399261012673378 13.149314075708388 8.9326950907707197 71.760587617754936 71.675501868128777
leaf_count=64 5 1 226 120 76 171 418 4851 48 13 83 51 528 544
internal_value=5.77171e-05 0.0704093 -0.0712035 0.0846392 0.0114026 0.0374656 0.0881588 -0.0874051 -0.046779 0.0428907 0.0243411 0.0699521 -0.076962 -0.0881338
internal_weight=1796.18 903.866 892.316 829.85 146.362 114.373 814.041 745.954 102.56 25.7221 48.0924 91.8419 76.8379 74.0164
internal_count=7199 1230 5969 685 524 298 565 5445 594 61 147 127 533 545
is_linear=0
shrinkage=0.05


Tree=2
num_leaves=15
num_cat=0
split_feature=37 18 32 17 5 6 54 134 111 79 5 68 78 37
split_gain=3132.45 733.456 354.584 237.31 255.037 125.923 95.4673 87.7822 72.7371 91.9177 70.7427 67.2419 50.8285 34.9015
threshold=0.30220390856266027 3.69200006389292e-06 44.582815170288093 0.021112483926117424 220.15523529052737 34.752981185913093 6.2843715568305938e-05 0.92711213231086742 1196.776550292969 0.13423423469066623 1235.9444580078127 190.0141296386719 0.65494856238365184 0.012592193204909565
decision_type=8 8 10 8 8 10 8 2 2 2 10 2 2 10
left_child=3 -2 6 -1 -5 10 7 12 -8 -10 13 -7 -3 -6
right_child=1 2 -4 4 5 11 8 -9 9 -11 -12 -13 -14 -15
leaf_value=-0.089537197221824127 -0.084999312436548971 -0.090320694668669377 -0.077975602019185686 -0.086945976599401023 -0.034442963542968212 0.043439615754271334 0.088072658342174023 0.068163776594201669 -0.065834505541835994 0.085365457207815881 -0.083849578050973442 -0.090375480387173648 0.08092764629514404 0.071879298987855098
leaf_weight=564.40109978616238 78.234678283333778 19.046894222497944 36.154139176011086 110.58666585385799 7.9812273830175391 12.343355014920233 768.43987077474594 34.540481984615326 17.411800712347031 21.198444843292236 8.4001046568155271 32.516674101352692 4.6878652572631827 76.636159524321556
leaf_count=4280 581 145 259 828 44 27 424 45 116 11 64 248 2 97
internal_value=0.000890222 0.0610674 0.0738239 -0.0716249 -0.0307402 0.014642 0.0802489 0.018089 0.0847094 0.0172392 0.0476815 -0.0534116 -0.054593 0.0615657
internal_weight=1792.58 979.714 901.479 812.865 248.464 137.878 865.325 58.2752 807.05 38.6102 93.0175 44.86 23.7348 84.6174
internal_count=7171 1583 1002 5588 1308 480 743 192 551 127 205 275 147 141
is_linear=0
shrinkage=0.05


Tree=3
num_leaves=15
num_cat=0
split_feature=106 46 69 12 37 91 79 2 123 63 8 72 1 125
split_gain=3004.02 687.596 362.923 182.371 173.654 69.1406 183.369 70.0065 59.4255 44.8026 28.6874 28.2787 60.3091 31.6094
threshold=999.26354980468761 0.16695995628833774 28.155234336853031 0.072077922523021712 0.20910493284463885 0.020903889089822773 0.012232529930770399 56.796001434326179 1208.3362426757815 157.89137268066409 48.658084869384773 55.718484878540046 37.42260932922364 -110.49999999999999
decision_type=2 10 2 10 8 10 2 10 8 2 10 2 2 2
left_child=1 4 -2 5 -1 -4 8 -8 -7 -5 -10 12 -6 -13
right_child=2 -3 3 9 11 6 7 -9 10 -11 -12 13 -14 -15
leaf_value=-0.065149616046222131 0.083007165065859118 -0.081160075884699756 -0.086901729255285332 0.06310132534677497 0.06765635332273974 -0.08783501369149227 0.082116601217479712 -0.055474429189435286 0.04980286559122607 -0.079123590983850814 -0.054177367290330271 -0.027314773670094439 -0.087088780734795229 0.084341280888253475
leaf_weight=20.055333465337753 38.232672721147537 73.510970637202263 581.54431775212288 29.18339042365551 30.707100823521614 146.79931569099426 29.06321382522583 12.526060089468954 11.930733337998392 5.8841134756803504 12.625470548868178 5.9595963954925528 6.9462625980377188 756.0424959808588
leaf_count=137 25 550 4474 40 35 1132 21 79 24 45 80 29 53 435
internal_value=0.000186439 0.0645186 -0.0660292 -0.0729896 0.0776659 -0.0779168 -0.0530876 0.0403467 -0.0758674 0.0377047 -0.00368617 0.0813246 0.0375946 0.0834334
internal_weight=1761.01 893.222 867.789 829.557 819.711 794.489 212.945 41.5893 171.356 35.0675 24.5562 799.655 37.6534 762.002
internal_count=7159 1239 5920 5895 689 5810 1336 100 1236 85 104 552 88 464
is_linear=0
shrinkage=0.05


Tree=4
num_leaves=15
num_cat=0
split_feature=37 95 32 91 39 52 7 21 111 11 124 92 60 12
split_gain=2704.9 610.615 264.02 155.57 183.959 92.6713 82.997 67.0649 60.8258 70.0737 58.6734 55.4053 49.1152 33.6114
threshold=0.31003876030445104 1.8177799574914392e-05 44.582815170288093 0.018619817681610588 0.0041515410412102946 1.3452380895614626 150.37718200683597 0.21599281579256061 1196.776550292969 0.086901534348726286 inf 2.347850022488274e-05 274.50711059570318 0.013606071937829258
decision_type=8 8 10 8 10 8 10 10 2 10 8 8 2 8
left_child=3 12 5 -1 10 7 11 -3 -7 -10 -5 -6 -2 -12
right_child=1 2 -4 4 6 8 -8 -9 9 -11 13 -13 -14 -15
leaf_value=-0.083669614722206381 0.072681949520091424 0.042736918187070226 -0.070976164333571179 -0.084510854537334534 -0.053388553031162293 0.081701519239139486 -0.083235933925939351 -0.082900056909308031 -0.059513477998621389 0.073452100097565129 -0.074868505385469866 0.052914125035647332 -0.084027144526919076 0.065854320927735355
leaf_weight=548.56933665275574 4.6009480953216544 39.420408591628075 31.803671270608902 122.18771955370903 13.884917572140692 739.01647238433361 16.799639686942101 13.419241666793821 16.398392170667648 22.101298898458481 5.6949834674596813 72.099423855543137 76.230014845728874 10.671783000230787
leaf_count=4279 2 86 230 955 90 413 130 104 110 20 44 135 596 14
internal_value=-0.000744261 0.0564024 0.0687308 -0.0689509 -0.0352877 0.0741607 0.015337 0.00988282 0.0785107 0.0167444 -0.0726835 0.0353317 -0.074328 0.0153969
internal_weight=1732.9 942.99 862.159 789.908 241.338 830.356 102.784 52.8397 777.516 38.4997 138.554 85.9843 80.831 16.3668
internal_count=7208 1561 963 5647 1368 733 355 190 543 130 1013 225 598 58
is_linear=0
shrinkage=0.05


Tree=5
num_leaves=15
num_cat=0
split_feature=106 46 80 102 34 84 96 5 64 90 5 51 54 134
split_gain=2541.01 563.396 316.874 161.816 97.2885 60.0313 61.7934 59.8253 59.0698 108.273 49.9304 40.2362 40.1082 53.7638
threshold=999.26354980468761 0.16695995628833774 0.014035260304808618 16.500000000000004 44.369388580322273 0.00012340894318185749 0.0048339508939534434 1376.7454223632815 30.832298278808597 0.024253038689494136 220.15523529052737 3.5000000000000004 6.2843715568305938e-05 0.92711213231086742
decision_type=2 10 2 2 10 2 10 10 2 10 10 2 8 2
left_child=1 3 8 12 7 6 11 -4 9 -2 -11 -6 13 -1
right_child=2 -3 4 -5 5 -7 -8 -9 -10 10 -12 -13 -14 -15
leaf_value=-0.029034253238878871 -0.080769563732397284 -0.075329574931933443 0.065398403874757968 -0.083789099239950426 -0.06994963727626545 -0.082491331444247057 -0.081447050544890542 -0.076531348857936388 -0.080592447556806932 -0.073913046887421271 0.057185972041881722 0.069503363606210164 0.07870150463404911 0.067689962745764526
leaf_weight=20.589810088276863 57.218553841114044 69.538805440068245 61.281001046299934 15.515059798955916 5.5455609858036068 32.813084602355957 13.206182286143301 7.5807914435863486 605.87533785402775 8.568510025739668 29.85622701048851 25.969446048140526 728.69666738808155 43.221510246396065
leaf_count=108 455 534 77 121 44 258 103 59 4787 68 48 32 422 50
internal_value=0.000827924 0.0604366 -0.0608635 0.0721994 0.00601541 -0.0322118 0.00567693 0.048902 -0.0748088 -0.0377158 0.0268183 0.0435678 0.0753549 0.0365138
internal_weight=1725.48 877.562 847.915 808.023 146.396 77.5343 44.7212 68.8618 701.519 95.6433 38.4247 31.515 792.508 63.8113
internal_count=7166 1235 5931 701 573 437 179 136 5358 571 116 76 580 158
is_linear=0
shrinkage=0.05


Tree=6
num_leaves=15
num_cat=0
split_feature=106 46 69 102 81 5 17 49 64 7 3 31 4 125
split_gain=2249.51 556.495 301.057 162.72 144.405 91.2169 55.1371 49.7239 40.4934 38.1259 69.3485 36.3759 56.0986 28.0881
threshold=999.26354980468761 0.16695995628833774 28.155234336853031 15.500000000000002 0.0098524559289217013 593.30627441406261 0.10676366835832597 0.00010680924970074558 36.17515945434571 30.832298278808597 28.486608505249027 1.0000000180025095e-35 34.752981185913093 -131.49999999999997
decision_type=2 10 2 2 2 10 10 10 2 8 10 8 10 2
left_child=1 3 -2 11 6 7 9 -6 -8 10 -4 12 -1 -13
right_child=2 -3 4 -5 5 -7 8 -9 -10 -11 -12 13 -14 -15
leaf_value=0.056436672678564552 0.075185005006572866 -0.078976033153613179 -0.077286886792163723 -0.081380934166583541 -0.074293417135195397 -0.078917039594273666 0.057661033314197432 0.061819593849364064 -0.073009181899941877 -0.077096397071796732 0.050263917800915159 -0.030230205799933116 -0.078871912336962544 0.076436094576382035
leaf_weight=34.126052364706993 39.558397203683853 67.763650231063366 26.098862126469612 16.690460965037346 7.0793557316064826 22.199500001966953 13.666677311062815 41.900265105068684 8.9557670801877958 649.47531591355801 16.686913020908833 5.7350490093231192 8.8622537553310377 720.53885400295258
leaf_count=50 28 547 211 132 56 177 22 60 72 5195 30 28 69 423
internal_value=0.000783619 0.0576591 -0.0580259 0.069525 -0.0648168 0.0030618 -0.0715701 0.0410534 0.00503053 -0.074077 -0.0275289 0.0729006 0.0273832 0.0755534
internal_weight=1679.34 853.716 825.621 785.953 786.063 71.1791 714.884 48.9796 22.6224 692.261 42.7858 769.262 42.9883 726.274
internal_count=7100 1249 5851 702 5823 293 5530 116 94 5436 241 570 119 451
is_linear=0
shrinkage=0.05


Tree=7
num_leaves=15
num_cat=0
split_feature=37 20 32 34 54 20 48 91 5 2 111 12 125 47
split_gain=2103.21 481.294 203.117 165.005 64.1882 66.9861 60.5962 58.9011 101.329 125.694 47.5031 74.8842 33.9176 33.8182
threshold=0.33198925852775579 9.6117000794038193e-06 44.582815170288093 38.71052551269532 6.2843715568305938e-05 0.040772495791316039 3.2918998840614229e-05 0.018910069949924949 220.15523529052737 56.32274246215821 1196.776550292969 0.072077922523021712 5.5000000000000009 1.1720682978630068
decision_type=8 8 10 10 8 10 10 10 10 10 2 10 2 10
left_child=3 -2 4 6 5 -3 -1 -5 -9 -10 -6 -12 -8 -11
right_child=1 2 -4 7 10 -7 12 8 9 13 11 -13 -14 -15
leaf_value=-0.074504212845048545 -0.076317301535780868 0.046446315623228235 -0.06423275020642405 -0.076293872988605613 0.074003086940710158 -0.078694518852744463 -0.064026069848080916 -0.077179908918435125 0.053738888128522212 -0.081209550578151546 -0.078074629368462253 0.062251732733906856 0.07656667227631031 0.042491456964409091
leaf_weight=10.053710706532 67.171335399150848 39.472637556493282 29.872823365032673 527.02088267356157 690.16782473027706 13.555181741714476 4.157321371138095 101.83896189182997 45.092716544866562 37.655806258320808 12.836629949510096 29.567114755511284 32.11150074750185 5.8069138228893271
leaf_count=81 556 76 225 4352 414 109 34 841 83 301 103 35 21 12
internal_value=-0.00102804 0.0515138 0.0621239 -0.061738 0.0670043 0.0135928 0.029193 -0.0676418 -0.0434188 -0.00416517 0.0708467 0.0189515 0.0591657 -0.0640983
internal_weight=1646.38 882.644 815.472 763.738 785.599 53.0278 46.3225 717.415 190.394 88.5554 732.572 42.4037 36.2688 43.4627
internal_count=7243 1518 962 5725 737 185 136 5589 1237 396 552 138 55 313
is_linear=0
shrinkage=0.05


Tree=8
num_leaves=15
num_cat=0
split_feature=106 46 80 102 49 96 91 54 134 73 39 113 120 32
split_gain=1889.39 458.263 295.892 136.504 96.0672 108.81 44.7406 35.4373 49.7731 34.796 32.548 25.0125 19.5647 17.1301
threshold=999.26354980468761 0.16695995628833774 0.014035260304808618 16.500000000000004 0.00011590625217650087 0.015239160973578693 0.13122770190238955 6.2843715568305938e-05 0.92711213231086742 1108.1145629882815 0.49875621497631079 45.858495712280281 -437.99999999999994 16.358708381652836
decision_type=2 10 2 2 10 10 10 8 2 2 10 2 2 8
left_child=1 3 6 7 -4 9 -2 8 10 -6 -1 -3 -9 -7
right_child=2 11 4 -5 5 13 -8 12 -10 -11 -12 -13 -14 -15
leaf_value=-0.083095089117095677 -0.070850981645965497 0.068099512930905937 -0.065831168200914156 -0.077259285614787329 0.066148830050755655 0.050592108971644782 0.039626324382151169 -0.080586946359371525 0.060678593000812575 -0.034586895548667958 0.058329559452506508 -0.074802318063631787 0.072081083063574927 -0.075587062676290062
leaf_weight=12.009660199284555 652.04305592924356 2.4589576348662368 32.236641824245453 15.663896322250364 81.152719870209694 2.3493180572986603 8.699498809874056 1.3266961351037014 37.645593971014023 8.9519858658313733 5.0823980569839469 66.694057881832123 653.85679998993874 21.810376279056076
leaf_count=94 5384 2 247 128 86 2 20 11 48 55 6 562 400 180
internal_value=-0.00125927 0.0534327 -0.0551035 0.0651631 0.00913465 0.0306719 -0.0693387 0.0684098 0.0290415 0.0558709 -0.0401422 -0.0688227 0.0716496 -0.0617941
internal_weight=1601.98 794.738 807.244 725.585 146.501 114.264 660.743 709.921 54.7377 90.1047 17.0921 69.153 655.183 24.1597
internal_count=7225 1251 5974 687 570 323 5404 559 148 141 100 564 411 182
is_linear=0
shrinkage=0.05


Tree=9
num_leaves=15
num_cat=0
split_feature=106 46 40 102 34 90 32 84 32 31 137 7 79 7
split_gain=1808.04 418.645 227.756 125.454 81.058 61.9077 46.5389 44.2091 39.9093 28.9418 43.0638 26.2301 52.7704 25.8716
threshold=999.26354980468761 0.16695995628833774 0.011428944766521456 16.500000000000004 34.703720092773445 0.070871349424123778 36.17515945434571 0.00012340894318185749 44.582815170288093 1.0000000180025095e-35 58.770200729370124 30.832298278808597 0.013245614245533945 34.620903015136726
decision_type=2 10 10 2 10 10 10 2 10 8 2 8 2 10
left_child=1 3 5 9 -4 11 13 8 -6 10 -1 12 -2 -7
right_child=2 -3 4 -5 7 6 -8 -9 -10 -11 -12 -13 -14 -15
leaf_value=-0.077308604562110028 -0.061491755136125897 -0.066849399725461986 0.064963936255683502 -0.075028407674805397 0.039389757203324056 -0.065794339391106849 -0.070479068822010299 -0.062555632764555696 -0.069948552073357359 0.069291403465176205 0.04967936163929336 -0.072207244102413512 0.070479167244626342 0.062182543587895281
leaf_weight=7.4315027743577948 28.627259321510792 66.123162925243378 41.468980297446251 15.138364456593989 33.005259998142719 4.0136287212371853 15.089646667242048 34.097118355333805 10.083862297236918 674.555340282619 31.914893798530102 582.38168612122536 9.2576172500848752 19.732631281018257
leaf_count=59 227 552 41 126 81 33 129 269 85 450 57 5021 6 25
internal_value=-0.000111036 0.052873 -0.0542792 0.0638084 0.00942365 -0.0657442 -0.00438408 -0.0208651 0.0127959 0.0668533 0.024373 -0.0695728 -0.0282599 0.038767
internal_weight=1572.92 795.163 777.758 729.04 118.655 659.102 38.8359 77.1862 43.0891 713.902 39.3464 620.267 37.8849 23.7463
internal_count=7161 1244 5917 692 476 5441 187 435 166 566 116 5254 233 58
is_linear=0
shrinkage=0.05


Tree=10
num_leaves=15
num_cat=0
split_feature=106 46 80 102 49 96 64 17 5 54 134 78 73 0
split_gain=1653.11 392.835 235.552 117.479 92.6153 110.908 42.4048 76.5506 42.0709 35.0499 35.9991 40.5674 31.6938 23.79
threshold=999.26354980468761 0.16695995628833774 0.015268065501004459 15.500000000000002 0.00010680924970074558 0.015239160973578693 30.832298278808597 0.022640082985162738 220.15523529052737 6.2843715568305938e-05 0.92711213231086742 0.49364584684371954 1124.1201171875002 1.5000000000000002
decision_type=2 10 2 2 10 10 2 8 10 8 2 2 2 2
left_child=1 3 6 9 -4 12 7 -2 -9 10 11 -1 -6 -3
right_child=2 13 4 -5 5 -7 -8 8 -10 -11 -12 -13 -14 -15
leaf_value=-0.080365388278862721 -0.070840534555890983 0.067897071440170237 -0.073908017694774272 -0.073495625429748232 0.062797842858099778 -0.072859850282737337 -0.070442959266284244 -0.065549492732687287 0.055809912182180649 0.068681678926519829 0.056671887018706305 0.059127769517036501 -0.033562168977607762 -0.071343791977380902
leaf_weight=12.27179015427828 50.462877623736858 2.4614354446530333 26.980495110154152 14.780765213072298 78.775284320116043 21.004629157483578 540.5348939448595 8.752208359539507 26.233827695250511 635.83708567172289 34.1799446195364 7.6759506762027732 8.9282145947217924 62.781727895140648
leaf_count=98 449 2 229 126 85 180 4785 77 42 403 44 10 56 556
internal_value=-0.000132529 0.0514974 -0.0523253 0.0623728 0.00735443 0.028013 -0.0652526 -0.0319841 0.0244724 0.0653856 0.0261232 -0.0264278 0.0527206 -0.065145
internal_weight=1531.66 769.989 761.672 704.746 135.689 108.708 625.984 85.4489 34.986 689.965 54.1277 19.9477 87.7035 65.2432
internal_count=7142 1239 5903 681 550 321 5353 568 119 555 152 108 141 558
is_linear=0
shrinkage=0.05


Tree=11
num_leaves=15
num_cat=0
split_feature=106 46 80 37 69 95 41 66 78 32 72 32 69 63
split_gain=1534.53 360.214 263.445 100.217 74.564 68.3786 57.1594 36.3994 33.9033 28.0428 27.3465 53.1794 27.0224 58.1153
threshold=999.26354980468761 0.16695995628833774 0.011605459265410902 0.22052631527185443 34.752981185913093 1.0188800388277743e-05 0.031398175284266479 1413.9710083007815 0.15849281847476962 30.858586311340336 58.370647430419929 22.200860023498539 30.832298278808597 22.309944152832035
decision_type=2 10 2 8 2 10 10 2 2 10 2 10 2 2
left_child=1 3 12 -1 5 9 7 -6 -8 -4 11 -5 13 -2
right_child=2 -3 4 10 6 -7 8 -9 -10 -11 -12 -13 -14 -15
leaf_value=-0.05291743125647777 -0.069266688477677488 -0.06348077346804111 0.038630949184965818 0.054475897250703446 -0.074418672617312331 0.074383151698300398 -0.067059031715494641 0.050244992156344627 0.062943678236666925 -0.070566121828234657 0.06646140084629211 -0.084569673675295332 -0.067606188265015341 0.048864982517670234
leaf_weight=18.073962189257145 26.85306279361248 62.507826365530491 8.9199398756027239 26.545305691659451 42.064848363399506 53.314240723848343 5.6794455125927952 6.0626846775412551 20.16161336004734 13.818758442997931 647.78403323888779 8.2009035423398 557.33494655787945 15.741919137537478
leaf_count=139 243 549 21 30 365 29 48 14 21 120 454 65 5041 28
internal_value=0.000894451 0.0507788 -0.0498653 0.0610489 0.00934759 0.0438345 -0.0262229 -0.0580115 0.0329373 -0.0279074 0.0641399 0.0202102 -0.0646633 -0.0254891
internal_weight=1513.06 763.112 749.951 700.604 150.022 76.0529 73.9686 48.1275 25.8411 22.7387 682.53 34.7462 599.93 42.595
internal_count=7167 1237 5930 688 618 170 448 379 69 141 549 95 5312 271
is_linear=0
shrinkage=0.05


Tree=12
num_leaves=15
num_cat=0
split_feature=37 95 46 3 91 2 55 11 16 119 8 27 7 20
split_gain=1380.05 363.716 136.562 110.31 116.972 60.0493 48.4139 92.7907 47.5598 30.5931 28.2278 43.7405 24.8392 23.2878
threshold=0.33198925852775579 2.0776949895662259e-05 0.16695995628833774 26.379263877868656 0.018910069949924949 56.796001434326179 1206.739685058594 0.086901534348726286 0.068944539874792113 0.059287901967763908 56.250652313232429 63.107551574707038 30.548342704772953 0.0029059975640848283
decision_type=8 8 10 8 8 10 10 10 10 2 8 10 10 10
left_child=3 -2 6 -1 -5 -6 10 9 12 -8 11 -3 -7 -10
right_child=1 2 -4 4 5 8 7 -9 13 -11 -12 -13 -14 -15
leaf_value=-0.067313924333042036 -0.065467293364205897 0.043965357909901269 -0.067039394539279359 -0.064879121502432621 0.049417971173714603 0.05718770199723025 0.049048254554134099 0.064005049167225533 0.057290194697864255 -0.083479171088694293 0.06677895166623013 -0.094223824147091823 -0.063792416558202808 -0.06045176804969167
leaf_weight=459.09897995740175 67.587387315928936 41.784444108605385 21.299669228494167 94.964629240334034 51.489247098565102 3.9550728797912589 4.7839539051055935 40.512091465294361 19.627323582768444 19.94314881414175 563.27183542400599 5.6570220142602912 40.190597929060459 4.4014651775360099
leaf_count=4301 616 69 197 871 102 2 6 31 23 175 364 46 334 39
internal_value=-0.00135449 0.0445817 0.0553277 -0.0534917 -0.0237504 0.00915643 0.0592769 0.0180008 -0.0215262 -0.0569292 0.0636495 0.0258824 -0.051927 0.0341693
internal_weight=1438.57 764.84 697.252 673.727 214.628 119.664 675.952 65.2392 68.1745 24.7271 610.713 47.4415 44.1457 24.0288
internal_count=7176 1504 888 5672 1371 500 691 212 398 181 479 115 336 62
is_linear=0
shrinkage=0.05


Tree=13
num_leaves=15
num_cat=0
split_feature=106 46 69 102 80 5 48 54 4 46 120 90 46 41
split_gain=1331.08 325.96 203.923 98.815 82.3034 67.2136 45.2727 38.5389 32.0971 24.6272 22.4574 21.2198 29.2658 19.3253
threshold=772.28149414062511 0.16695995628833774 28.155234336853031 16.500000000000004 0.014035260304808618 593.30627441406261 2.5381999876117337e-05 6.2843715568305938e-05 34.703720092773445 1.60749999622567e-06 -437.99999999999994 0.1036001890897751 1.6134999896166848e-06 1.0000000180025095e-35
decision_type=2 10 2 2 2 10 10 8 10 10 2 10 8 8
left_child=1 3 -2 7 11 6 9 8 -1 13 -9 -4 -13 -6
right_child=2 -3 4 -5 5 -7 -8 10 -10 -11 -12 12 -14 -15
leaf_value=0.041420678726442284 0.064007767620804817 -0.067191864502259668 -0.064150277321263202 -0.069795476248742522 0.037839475922194943 -0.071472232142544667 0.054574026613328511 -0.089602850869070536 -0.047909339771786214 -0.071898294608130423 0.065017045769801871 0.063991648626674058 -0.064198860035482391 -0.063143176321562008
leaf_weight=37.602944426238537 37.155000530183315 55.710809782147408 554.4419462159276 14.010973185300825 15.86633810400963 33.166306562721729 33.987005792558193 1.5327847823500622 12.673980481922625 14.878050647675989 586.01470009982586 7.2803180590271923 8.6383344531059265 5.6060286387801161
leaf_count=69 31 537 5279 127 45 301 46 13 87 132 390 8 80 50
internal_value=-0.000497936 0.0480204 -0.0487789 0.0579551 -0.0550833 -0.0139046 0.0138618 0.0608663 0.0184069 -0.0246454 0.0644621 -0.0625186 -0.00525449 0.00983821
internal_weight=1418.57 707.546 711.019 651.835 673.864 103.504 70.3374 637.824 50.2769 36.3504 587.547 570.361 15.9187 21.4724
internal_count=7195 1223 5972 686 5941 574 273 559 156 227 403 5367 88 95
is_linear=0
shrinkage=0.05


Tree=14
num_leaves=15
num_cat=0
split_feature=106 46 80 102 48 21 64 90 79 11 72 0 32 1
split_gain=1240.74 293.256 215.491 96.2939 73.217 73.2542 48.5015 76.3129 32.1715 26.8564 41.729 23.6831 21.6169 40.0857
threshold=999.26354980468761 0.16695995628833774 0.011605459265410902 15.500000000000002 2.5381999876117337e-05 0.014219280797988178 30.832298278808597 0.024253038689494136 0.0099504948593676108 0.076982341706752791 1358.7139892578127 1.5000000000000002 35.932809829711921 60.486841201782234
decision_type=2 10 2 2 10 10 2 10 2 8 2 2 10 2
left_child=1 3 6 9 -4 -6 7 -2 -9 10 12 -3 -1 -14
right_child=2 11 4 -5 5 -7 -8 8 -10 -11 -12 -13 13 -15
leaf_value=0.055573729255257789 -0.06566960062203285 0.07307003330309976 -0.036137674312198567 -0.069965415376686976 0.056044092608230206 -0.065326335189637805 -0.065802464760435053 -0.026851197695934449 0.069438529863917006 0.066412417889806938 -0.068007691487317015 -0.06600802667426052 0.058005473570624737 -0.062890204480481091
leaf_weight=145.69988102465868 44.885035999119282 2.4339594691991797 55.382257975637913 13.771429710090159 75.233780443668365 13.982590608298777 478.7287455573678 13.589425660669802 21.061770096421242 466.35795056074858 7.2469398379325858 55.854926370084286 14.823473252356054 11.106451556086538
leaf_count=149 449 2 392 127 106 135 4795 92 20 279 45 556 17 81
internal_value=0.00145443 0.047684 -0.0457251 0.0572012 0.00862763 0.0365088 -0.0597935 -0.0232573 0.0319819 0.0600194 0.0430755 -0.0590661 0.0481327 0.0058103
internal_weight=1420.16 717.295 702.864 659.006 144.599 89.2164 558.265 79.5362 34.6512 645.235 178.877 58.2889 171.63 25.9299
internal_count=7245 1256 5989 698 633 241 5356 561 112 571 292 558 247 98
is_linear=0
shrinkage=0.05


Tree=15
num_leaves=15
num_cat=0
split_feature=106 46 69 102 81 5 45 49 54 72 120 1 39 63
split_gain=1166.54 301.109 164.955 89.9499 77.7956 54.3277 43.3472 32.3676 24.2411 25.6253 19.4714 19.3588 65.0868 53.5671
threshold=999.26354980468761 0.16695995628833774 28.155234336853031 16.500000000000004 0.0098524559289217013 593.30627441406261 0.16294912248849872 0.00011590625217650087 6.2843715568305938e-05 529.41552734375011 -437.99999999999994 5778.0180664062509 0.012084702029824259 44.375631332397468
decision_type=2 10 2 2 2 10 10 10 8 2 2 2 10 2
left_child=1 3 -2 8 6 7 11 -6 9 -1 -10 12 -4 -14
right_child=2 -3 4 -5 5 -7 -8 -9 10 -11 -12 -13 13 -15
leaf_value=0.037187047797589114 0.061014498932564248 -0.064920026195023753 -0.059968085324662607 -0.067855220448970605 -0.063220775738272922 -0.065447030665056347 0.03950424916965594 0.050452111052297091 -0.084604497300152903 -0.078534738002702956 0.062519646583852853 -0.065754907349334854 0.061254467214781394 -0.070841208603795211
leaf_weight=53.988733813166618 33.314159251749516 55.114326119422913 136.10250826925039 13.536717571318148 6.61948487907648 20.057205960154533 10.618780523538588 36.762661002576351 1.4365937411785115 4.3061900362372389 565.91065195202827 392.09670627862215 22.232293456792831 10.501093864440916
leaf_count=120 29 567 1358 128 61 196 26 58 12 35 404 4066 33 92
internal_value=0.00100635 0.0463628 -0.0461127 0.0560447 -0.0518201 0.000703989 -0.0576411 0.0320736 0.0588295 0.0274585 0.0619989 -0.0595471 -0.0448282 0.0180335
internal_weight=1362.6 694.293 668.305 639.179 634.991 63.4394 571.551 43.3821 625.642 58.2949 567.347 560.933 168.836 32.7334
internal_count=7185 1266 5919 699 5890 315 5575 119 571 155 416 5549 1483 125
is_linear=0
shrinkage=0.05


Tree=16
num_leaves=15
num_cat=0
split_feature=37 18 32 91 5 6 5 122 55 125 73 73 134 32
split_gain=1062.24 258.688 129.19 96.0759 109.634 59.4572 40.4026 69.4624 33.9424 44.4289 28.7424 28.2944 24.6734 20.4961
threshold=0.30220390856266027 3.69200006389292e-06 44.582815170288093 0.018619817681610588 214.05436706542972 34.752981185913093 55.926523208618171 -50.79968070983886 999.71850585937511 8.5000000000000018 1229.445251464844 50.749481201171882 0.99585920572280895 99.833332061767592
decision_type=8 8 10 8 8 10 8 8 10 2 2 2 2 8
left_child=3 -2 6 11 -5 10 7 -3 -8 -10 13 -1 -9 -6
right_child=1 2 -4 4 5 -7 8 12 9 -11 -12 -13 -14 -15
leaf_value=0.077864842968844661 -0.060362006417565339 0.058623866390424099 -0.054016466189919871 -0.064861875997452384 0.052390802176949892 -0.039306070462490211 0.06308938431852612 -0.088840029110498708 -0.045195681166128605 0.047910389415826649 -0.060001177479312606 -0.064724988243753126 0.036523746746036416 -0.057463665862357849
leaf_weight=2.7117403969168654 56.740920625627041 30.058965936303139 27.681767411530018 80.435012988746166 65.950996361672878 38.084713213145733 506.01668041199446 15.204671189188959 16.344888053834438 49.036838218569756 6.205328404903411 395.02371103316545 4.5608651041984549 3.7292434498667708
leaf_count=12 581 31 261 849 114 301 349 141 118 72 59 4248 7 34
internal_value=-0.000160157 0.0412518 0.0502162 -0.0494965 -0.0205458 0.0110225 0.0549401 0.011496 0.0587017 0.0243044 0.0364637 -0.06356 -0.0595467 0.0457816
internal_weight=1297.79 705.646 648.905 592.141 194.405 113.97 621.223 49.8245 571.398 65.3817 75.8856 397.735 19.7655 69.6802
internal_count=7177 1560 979 5617 1357 508 718 179 539 190 207 4260 148 148
is_linear=0
shrinkage=0.05


Tree=17
num_leaves=15
num_cat=0
split_feature=106 46 80 23 69 48 64 17 64 79 81 72 32 27
split_gain=1009.05 235.484 159.69 71.6903 59.8616 57.9042 39.8305 64.1865 34.8023 30.7305 26.7247 25.2159 35.8374 22.4185
threshold=772.28149414062511 0.16695995628833774 0.011605459265410902 15.500000000000002 47.017620086669929 3.2918998840614229e-05 30.832298278808597 0.022640082985162738 32.575269699096687 0.0099504948593676108 0.089087303727865233 55.718484878540046 22.200860023498539 1839.8211669921877
decision_type=2 10 2 2 2 10 2 10 2 2 2 2 10 10
left_child=1 3 6 11 5 8 7 -2 13 -9 -6 12 -1 -4
right_child=2 -3 4 -5 10 -7 -8 9 -10 -11 -12 -13 -14 -15
leaf_value=0.041178325366090979 -0.062687858663175486 -0.05552139596651378 0.055760544029610982 -0.065761487729232751 -0.067087780327020202 0.060350138456518793 -0.061974026823110678 -0.027376810494511329 -0.067919367148011597 0.068075378308513401 0.026115746436395561 0.059014541700007285 -0.081204182484541962 -0.060057046021277254
leaf_weight=23.860131673514847 41.741097040474415 52.571603395044804 14.824759095907213 11.431691639125345 30.518963366746902 54.290560804307461 431.47324369102716 13.545177206397055 18.063905321061611 19.592945277690887 9.5710113346576673 552.75127260386944 6.8936500623822203 4.7666095718741408
leaf_count=35 462 554 23 114 307 60 4757 99 175 15 26 478 56 44
internal_value=0.00119045 0.0451346 -0.0433824 0.0541073 0.00555932 0.0277372 -0.0561302 -0.0220835 -0.0196283 0.0294003 -0.0447425 0.0565642 0.0120521 0.0260338
internal_weight=1285.9 647.508 638.388 594.937 132.036 91.9458 506.352 74.8792 37.6553 33.1381 40.09 583.505 30.7538 19.5914
internal_count=7205 1237 5968 683 635 302 5333 576 242 114 333 569 91 67
is_linear=0
shrinkage=0.05


Tree=18
num_leaves=15
num_cat=0
split_feature=106 32 69 102 73 5 79 1 48 72 59 126 97 3
split_gain=945.4 217.11 142.73 69.2378 62.0456 113.877 55.2894 50.7666 45.6597 45.403 33.1792 21.258 20.2568 17.8476
threshold=999.26354980468761 46.371795654296882 28.155234336853031 16.500000000000004 221.28826141357425 593.30627441406261 0.0099504948593676108 30.934288024902347 4.5189350203145302e-05 55.718484878540046 28.026751518249515 -111271.63281249999 0.00017889399896375838 28.486608505249027
decision_type=2 10 2 2 2 8 2 2 10 2 2 2 10 10
left_child=1 3 -2 9 -4 6 8 -3 -6 10 -1 -11 13 -8
right_child=2 7 4 -5 5 -7 12 -9 -10 11 -12 -13 -14 -15
leaf_value=0.033785363569435893 0.059014010333797898 0.073000051957628473 -0.062216126054349924 -0.064535678845861588 -0.058382011075493671 -0.063832297703600924 0.077836611401565212 -0.065539891621307841 0.049416756487110296 -0.043422014669472771 -0.073785897525543626 0.059967859575663446 0.061019132003246324 -0.062444692615512935
leaf_weight=19.000206708908085 30.72688265144825 6.7365679740905753 375.20549998432398 11.471109822392462 33.338143549859524 103.2458758726716 2.3202381134033185 50.868350759148598 12.888257697224615 4.352290265262126 10.177571609616278 510.33758108317852 42.106792934238911 6.3508956432342529
leaf_count=47 27 3 4301 117 319 1147 1 555 18 23 96 400 47 62
internal_value=-0.000355509 0.0433963 -0.0445939 0.0529849 -0.0502189 -0.0275424 0.0113396 -0.0483693 -0.027917 0.0555775 -0.0049385 0.0590111 0.0469264 -0.0207409
internal_weight=1219.13 612.944 606.183 555.339 575.456 200.25 97.0043 57.6049 46.2264 543.868 29.1778 514.69 50.7779 8.67113
internal_count=7163 1241 5922 683 5895 1594 447 558 337 566 143 423 110 63
is_linear=0
shrinkage=0.05


Tree=19
num_leaves=15
num_cat=0
split_feature=106 32 80 102 75 73 5 21 1 32 79 27 21 116
split_gain=863.08 215.425 170.918 58.472 48.3529 37.4341 35.4096 43.4521 33.8165 29.1774 54.0499 35.5454 27.9215 22.8334
threshold=999.26354980468761 46.371795654296882 0.014035260304808618 16.500000000000004 0.016958739608526233 1038.8609619140627 55.926523208618171 0.00020685474737547341 30.934288024902347 30.832298278808597 0.0099504948593676108 1667.8111572265627 0.014219280797988178 0.21379230171442035
decision_type=2 10 2 2 2 2 8 10 2 8 2 10 10 2
left_child=1 3 9 6 -4 12 7 -1 -3 10 -2 -12 13 -6
right_child=2 8 4 -5 5 -7 -8 -9 -10 -11 11 -13 -14 -15
leaf_value=0.046866276890848761 -0.056194268349463651 0.068385996870700058 -0.062601951716544493 -0.062610258261255033 -0.061555273577282216 -0.044988703253689262 0.05880451603087853 -0.048062657455225394 -0.064351418391824539 -0.059496461850588434 0.069170025804824939 -0.05690105274404305 -0.058386399061573002 0.051322789038742891
leaf_weight=34.803913652896881 46.046858981251717 4.497044324874877 17.55304741859436 10.035194411873816 3.9260235279798499 15.375862777233122 499.41456547379494 17.229902781546116 48.673597894608974 406.35863246023655 18.321558162570003 7.0028216540813437 6.1939669847488394 78.674178294837475
leaf_count=48 512 2 189 106 39 138 408 138 551 4783 10 79 66 129
internal_value=0.00179861 0.0433959 -0.0408548 0.0525127 0.0119591 0.0249988 0.0547172 0.015119 -0.0520696 -0.0543084 -0.0243558 0.033471 0.037484 0.0452855
internal_weight=1214.11 614.654 599.453 561.484 121.723 104.17 551.448 52.0338 53.1706 477.73 71.3712 25.3244 88.7942 82.6002
internal_count=7198 1253 5945 700 561 372 594 186 553 5384 601 89 234 168
is_linear=0
shrinkage=0.05


Tree=20
num_leaves=15
num_cat=0
split_feature=106 95 80 102 91 29 95 96 72 127 64 101 121 5
split_gain=827.995 176.407 160.016 68.0579 50.7146 43.802 41.9096 26.5644 23.6841 27.838 22.247 54.9104 16.0697 13.2887
threshold=772.28149414062511 0.096685566008090987 0.011605459265410902 16.500000000000004 0.010583105031400921 30.665631294250492 1.0188800388277743e-05 0.015239160973578693 55.718484878540046 -40.367776870727532 30.832298278808597 0.14500308036804202 200136.67187500003 220.15523529052737
decision_type=2 10 2 2 10 2 10 10 2 8 2 10 2 10
left_child=1 3 10 8 -4 -3 12 -8 9 -1 11 -2 -6 -13
right_child=2 5 4 -5 6 -7 7 -9 -10 -11 -12 13 -14 -15
leaf_value=0.052651404685149256 -0.060888164208986753 0.053693106346788304 -0.062657487154028732 -0.062031777761620825 -0.038405913103488731 -0.062082242500363621 0.053601920608574563 -0.036175698702318008 0.056901781198489987 -0.05367067109897572 -0.06059967190361594 -0.04794075553022531 0.044852048082296814 0.052908772368501805
leaf_weight=12.574087753891943 41.203236043453217 9.1045292988419515 20.821274563670158 12.037492200732229 29.534928627312183 45.470373809337616 63.906815975904465 8.7283908575773221 485.49165834486485 10.272231511771681 384.69273167103529 3.1263396218419102 6.2668747901916495 18.061453394591808
leaf_count=13 501 16 238 131 232 547 82 71 443 64 4744 36 20 27
internal_value=0.000366297 0.0427828 -0.0419486 0.0517539 0.00701026 -0.0421493 0.0208377 0.0424688 0.0545648 0.00460057 -0.0560874 -0.0277481 -0.0230094 0.036538
internal_weight=1151.29 574.95 576.342 520.375 129.258 54.5749 108.437 72.6352 508.338 22.8463 447.084 62.391 35.8018 21.1878
internal_count=7165 1214 5951 651 643 563 405 153 520 77 5308 564 252 63
is_linear=0
shrinkage=0.05


Tree=21
num_leaves=15
num_cat=0
split_feature=106 32 12 102 69 54 123 1 32 134 72 39 41 125
split_gain=727.715 212.08 133.341 56.729 47.5637 34.1523 33.9936 42.7137 42.0668 29.6709 21.5059 20.6904 19.8171 19.2607
threshold=999.26354980468761 46.371795654296882 0.012861869297921659 16.500000000000004 45.661996841430671 6.2843715568305938e-05 30.43475437164307 7066.5129394531259 67.173957824707045 0.92711213231086742 1420.4545898437502 0.49875621497631079 0.038744425401091583 -85.499999999999986
decision_type=2 10 10 2 2 8 10 2 8 2 2 10 10 2
left_child=1 3 6 5 10 9 -2 8 -8 11 -4 -1 -6 -7
right_child=2 -3 4 -5 12 13 7 -9 -10 -11 -12 -13 -14 -15
leaf_value=-0.070787807792641641 -0.057125136906282806 -0.05736995691771371 0.046168043137906616 -0.061002472764313892 -0.063900783270126202 -0.030369027043194743 0.059343899596824762 -0.059377970435723217 -0.056707429187512315 0.041946355742282296 -0.058320290800587683 0.053237552138563009 0.021807293043033849 0.057569194993811794
leaf_weight=12.783233106136324 390.48626065254211 49.651299901306629 59.284969873726368 10.465840086340902 20.578222759068016 5.7354543358087531 22.623226143419743 30.375339046120644 10.73845950514078 25.943798892199993 4.517243191599845 3.6380356550216666 9.2091104388236982 454.33150773495436
leaf_count=131 4851 572 118 117 230 25 60 386 134 45 45 2 31 384
internal_value=0.000557338 0.0404661 -0.040424 0.0500304 0.013799 0.0524598 -0.0516021 -0.0174053 0.0214261 0.00925692 0.0379844 -0.041832 -0.0375555 0.0564094
internal_weight=1110.36 562.549 547.813 512.898 93.5895 502.432 454.223 63.737 33.3617 42.3651 63.8022 16.4213 29.7873 460.067
internal_count=7131 1276 5855 704 424 587 5431 580 194 178 163 133 261 409
is_linear=0
shrinkage=0.05


Tree=22
num_leaves=15
num_cat=0
split_feature=106 46 80 102 48 21 11 111 64 72 1 16 111 128
split_gain=710.454 168.641 147.195 59.5755 43.099 44.6267 31.4765 34.1552 29.7987 27.3829 24.7109 19.3521 17.8543 17.0819
threshold=999.26354980468761 0.16695995628833774 0.011605459265410902 16.500000000000004 3.2918998840614229e-05 0.014219280797988178 0.097465977072715773 529.55053710937511 32.575269699096687 55.718484878540046 37.42260932922364 0.068944539874792113 1820.3157348632815 -59.376430511474602
decision_type=2 10 2 2 10 10 8 2 2 2 2 10 2 8
left_child=1 3 13 6 8 -6 7 9 12 10 -1 -3 -4 -2
right_child=2 11 4 -5 5 -7 -8 -9 -10 -11 -12 -13 -14 -15
leaf_value=0.026874426473143354 -0.019079717149967729 0.067045675852862766 0.045462409239721495 -0.061014246152516806 0.050071080839278019 -0.058491935981948719 0.059338707313830202 -0.060455871046497946 -0.064124242040803386 0.046615882981107526 -0.083275096475169438 -0.059241737083960126 -0.039896502120571574 -0.057215503615108604
leaf_weight=12.190360806882383 33.157450869679451 2.4443205818533889 14.815315157175066 11.305838361382483 59.992905482649803 10.337103374302385 351.51605049520731 8.639175631105898 25.030156880617142 116.35858859121799 7.3504972159862509 42.963824488222599 9.0569183975458127 385.26578918099403
leaf_count=25 311 2 28 129 99 127 278 52 277 159 64 566 78 5030
internal_value=0.000575323 0.0403428 -0.040309 0.0486154 0.00864537 0.0335182 0.0512317 0.0312434 -0.0270808 0.0374718 -0.0165964 -0.0511455 0.012776 -0.0542462
internal_weight=1090.42 552.769 537.656 507.361 119.232 70.33 496.055 144.539 48.9024 135.899 19.5409 45.4081 23.8722 418.423
internal_count=7225 1275 5950 707 609 226 578 300 383 248 89 568 106 5341
is_linear=0
shrinkage=0.05


Tree=23
num_leaves=15
num_cat=0
split_feature=106 48 80 102 91 48 109 72 126 72 33 64 111 3
split_gain=697.938 167.986 99.7792 52.8692 36.8376 29.2976 29.1714 27.9726 28.695 22.2571 21.6443 19.3572 35.0552 28.5475
threshold=772.28149414062511 0.12674840539693835 0.014035260304808618 16.500000000000004 0.010583105031400921 5.3452798965736299e-05 0.050048781558871276 55.718484878540046 -111271.63281249999 1358.5483398437502 24.230171203613285 30.832298278808597 1475.9111938476565 28.486608505249027
decision_type=2 10 2 2 10 10 2 2 2 2 10 2 2 10
left_child=1 3 11 7 -4 6 -6 10 -9 -7 -1 12 13 -2
right_child=2 -3 4 -5 5 9 -8 8 -10 -11 -12 -13 -14 -15
leaf_value=0.027669155375193072 -0.056108140779112393 -0.051835636139277164 -0.062035318390677496 -0.059130571798414383 -0.057312344562005957 -0.054062445490228178 0.027516417534782612 -0.094056602859888816 0.05555074375035754 0.051431462614771099 -0.071902739875340571 -0.057377684007921828 -0.058854823436405669 0.053036255707302166
leaf_weight=19.241616643965248 7.9220916926860836 44.341675445437431 17.804565042257309 10.245012402534483 20.330803647637367 4.7998180985450736 18.455912783741951 2.3632769882678977 437.31428476423025 44.386266380548477 6.4726172611117354 349.44685705006123 33.088022865355015 17.486822001636028
leaf_count=38 99 567 217 122 186 54 72 20 424 65 57 4788 447 25
internal_value=-0.000412978 0.0403853 -0.0417064 0.0490734 0.0015642 0.0149885 -0.0172711 0.051577 0.054535 0.0402647 0.000852234 -0.0529026 -0.0256547 0.0181708
internal_weight=1033.7 519.978 513.721 475.637 105.777 87.9728 38.7867 465.392 439.678 49.1861 25.7142 407.944 58.4969 25.4089
internal_count=7181 1228 5953 661 594 377 258 539 444 119 95 5359 571 124
is_linear=0
shrinkage=0.05


Tree=24
num_leaves=15
num_cat=0
split_feature=37 112 32 6 39 80 72 79 8 20 27 73 1 75
split_gain=640.275 218.355 77.3514 40.8744 42.9876 37.1454 34.6802 76.8271 35.651 45.8918 30.3695 20.704 20.1666 11.5421
threshold=0.15214646607637408 112.50000000000001 44.582815170288093 30.832298278808597 0.0041515410412102946 0.059114735573530204 1385.7977294921877 0.095811817795038237 58.890342712402351 0.00013545530237024653 1839.8211669921877 36.358932495117195 4816.5476074218759 0.033445190638303764
decision_type=8 2 10 8 10 2 2 2 8 10 10 2 2 2
left_child=3 2 6 4 -1 -3 8 -8 9 -2 -6 12 -5 -13
right_child=1 5 -4 11 10 -7 7 -9 -10 -11 -12 13 -14 -15
leaf_value=-0.049834604941407748 0.042767306509458786 -0.056403117880351163 -0.06128821895687088 -0.044330014669726886 0.054492932705557329 0.049638277952693051 -0.083200735623833025 0.053584334927444605 0.056062120542452056 -0.064001356036150148 -0.055044752773621967 -0.059542176253490481 0.15518800816326286 -0.033246472283951931
leaf_weight=34.318298198282719 30.456837996840477 69.626030541956425 15.891886584460734 1.9297579303383818 25.587080359458923 8.5734938830137235 15.011192195117472 27.614311710000038 439.79594907909632 13.813645027577875 7.4215802028775206 283.34469866007566 1.4462015628814697 54.108765341341496
leaf_count=450 47 967 200 25 37 13 157 27 440 134 96 4040 1 569
internal_value=0.00143598 0.0333987 0.0446574 -0.0471403 -0.01134 -0.0442972 0.0479642 0.00461051 0.0517644 0.00877461 0.0289704 -0.0541584 0.057072 -0.0554365
internal_weight=1028.94 620.783 542.584 408.156 67.327 78.1995 526.692 42.6255 484.066 44.2705 33.0087 340.829 3.37596 337.453
internal_count=7203 1985 1005 5218 583 980 805 184 621 181 133 4635 26 4609
is_linear=0
shrinkage=0.05


Tree=25
num_leaves=15
num_cat=0
split_feature=106 32 80 23 34 5 16 58 6 79 5 34 32 19
split_gain=593.459 162.646 87.9335 52.1823 38.6528 36.7954 40.2167 27.9656 26.1299 43.1948 26.047 23.1298 19.8161 16.7104
threshold=772.28149414062511 46.371795654296882 0.018327629193663601 14.500000000000002 46.831670761108406 53.832799911499031 0.00017024394037434834 5753.7663574218759 30.832298278808597 0.0099504948593676108 34.752981185913093 1360.6580810546877 18.550028800964359 0.22829508036375049
decision_type=2 10 2 2 10 8 10 2 8 2 8 10 10 10
left_child=1 3 8 5 7 6 -1 -4 9 12 -10 -6 -2 -13
right_child=2 -3 4 -5 11 -7 -8 -9 10 -11 -12 13 -14 -15
leaf_value=0.041203401124640542 0.048550346101243785 -0.054661865577736779 -0.069994718628601668 -0.061312914221601789 -0.063403344756031807 0.055208559840775752 -0.05806053013623378 0.042459641537803239 0.078256559929225145 0.040557730743806225 -0.056547812190918846 -0.051930656752032872 -0.059567209350603771 0.054198300495256292
leaf_weight=27.755488321185112 4.019490420818328 41.664340049028397 5.2912279218435279 9.9059347137808782 23.698403708636761 388.99383002519608 14.825053699314592 50.104396805167198 2.7934648543596259 19.635648503899574 329.58840109407902 4.9111755788326255 36.764009103178978 9.1120146214961988
leaf_count=44 5 549 50 122 285 383 145 108 19 62 4861 62 514 19
internal_value=-0.000376454 0.0388236 -0.0393524 0.0477498 0.00429935 0.050389 0.00610394 0.0306677 -0.0496851 -0.0190309 -0.0551835 -0.0342155 -0.0480046 0.0160474
internal_weight=969.063 483.145 485.918 441.48 93.1172 431.574 42.5805 55.3956 392.801 60.4191 332.382 37.7216 40.7835 14.0232
internal_count=7228 1243 5985 694 524 572 189 158 5461 581 4880 366 519 81
is_linear=0
shrinkage=0.05


Tree=26
num_leaves=15
num_cat=0
split_feature=106 32 80 69 51 8 20 64 17 1 73 75 124 5
split_gain=553.129 139.372 102.779 36.9329 36.4509 35.9383 34.9107 29.874 43.1303 27.4377 24.7932 23.3295 18.0368 19.4442
threshold=999.26354980468761 46.371795654296882 0.014035260304808618 30.832298278808597 14.500000000000002 60.350028991699226 0.00013545530237024653 30.832298278808597 0.023125207051634792 30.934288024902347 611.74948120117199 0.052805855870246894 -0.26599924266338343 34.752981185913093
decision_type=2 10 2 2 2 8 10 2 10 2 2 2 8 8
left_child=1 4 7 -4 5 6 -1 8 -2 -3 11 -5 13 -9
right_child=2 9 3 10 -6 -7 -8 12 -10 -11 -12 -13 -14 -15
leaf_value=0.035524720483801772 -0.056763829889434125 0.062537623809628282 0.05178339009356802 -0.04574536921422135 -0.056922859983235041 0.053290852034215221 -0.059050377253850241 0.13609229095687198 0.029276363909623196 -0.060861994475670589 -0.059784203938390047 0.02701494748875077 -0.05819495364546047 -0.042914782536796564
leaf_weight=28.765769533813 30.281897239387035 4.2704846858978263 30.133930251002312 14.760928049683569 7.563542775809764 384.37118150293827 13.521420471370218 1.6563930511474607 26.389118850231171 38.401888251304626 19.592550102621317 35.656218942254782 306.03518021479249 2.741693027317524
leaf_count=52 463 2 43 168 100 411 139 1 105 547 242 117 4765 42
internal_value=0.000201401 0.0380435 -0.0384207 0.00643034 0.0465262 0.0484889 0.00461858 -0.05064 -0.0168859 -0.0473634 -0.0135451 0.00523709 -0.0567279 0.0372244
internal_weight=944.142 476.894 467.248 100.144 434.222 426.658 42.2872 367.104 56.671 42.6724 70.0097 50.4171 310.433 4.39809
internal_count=7197 1251 5946 570 702 602 191 5376 568 549 527 285 4808 43
is_linear=0
shrinkage=0.05


Tree=27
num_leaves=15
num_cat=0
split_feature=106 46 80 102 75 69 64 90 11 73 120 49 73 11
split_gain=537.377 140.514 106.691 44.9333 31.645 29.1736 26.4551 32.9647 22.7347 41.0404 22.8076 20.6133 20.4699 16.845
threshold=772.28149414062511 0.16695995628833774 0.015268065501004459 16.500000000000004 0.025686846114695076 44.582815170288093 30.832298278808597 0.024253038689494136 0.091116648167371764 529.41552734375011 -79.499999999999986 0.00010680924970074558 452.23016357421881 0.2522264569997788
decision_type=2 10 2 2 2 2 2 10 8 2 2 10 2 8
left_child=1 3 6 8 -4 11 7 -2 9 10 12 -6 -1 -7
right_child=2 -3 4 -5 5 13 -8 -9 -10 -11 -12 -13 -14 -15
leaf_value=-0.10125779643071127 -0.056173898799303026 -0.056502388521271145 -0.058005413768785569 -0.057478194440803404 -0.05458387767798846 -0.046103617813520431 -0.057739151305485396 0.020920314144578015 0.056387094989999088 -0.1028170279632124 0.041960791413853588 0.049281544090245342 0.044894534642969025 0.044000288507110435
leaf_weight=4.6399743109941465 27.756287444382906 35.584828440099955 14.487070243805645 9.4733594544231874 4.4397716708481303 19.35794106498361 298.40665056183934 26.005204677581787 281.65475868433714 4.5845017284154883 117.10469509661198 50.880622826516628 3.3886197805404663 6.0813117958605281
leaf_count=41 441 569 195 125 51 199 4842 121 270 39 202 81 3 11
internal_value=-0.000361275 0.0377685 -0.0392569 0.0458547 0.00763148 0.0199712 -0.0519239 -0.0191813 0.0483679 0.0306578 0.0363243 0.0401246 -0.0414313 -0.0237145
internal_weight=903.846 456.431 447.415 420.846 95.2467 80.7596 352.168 53.7615 411.373 129.718 125.133 55.3204 8.02859 25.4393
internal_count=7190 1249 5941 680 537 342 5404 562 555 285 246 132 44 210
is_linear=0
shrinkage=0.05


Tree=28
num_leaves=15
num_cat=0
split_feature=106 32 80 64 37 64 17 8 22 46 99 5 5 4
split_gain=478.427 128.745 90.6777 35.9699 33.1596 32.6639 41.9693 31.2609 37.5606 30.1423 19.4709 18.3856 17.7131 17.4987
threshold=772.28149414062511 46.371795654296882 0.011605459265410902 34.752981185913093 0.20910493284463885 30.832298278808597 0.022640082985162738 52.215396881103523 0.00026117749803233897 3.974399987782818e-05 0.024409825913608078 220.15523529052737 34.752981185913093 34.636320114135749
decision_type=2 10 2 2 8 2 10 10 10 10 10 10 8 10
left_child=1 4 5 9 -1 6 -2 8 -6 10 -4 -8 13 -7
right_child=2 -3 3 -5 7 12 11 -9 -10 -11 -12 -13 -14 -15
leaf_value=-0.057980146324963927 -0.055687599578506712 -0.051457602520921325 -0.058132120394804691 -0.03710024047540831 0.039341612147712673 -0.042333973963175585 -0.051557357572643236 0.052216664619712576 -0.060655411869321212 0.058103712552247333 0.016596200811873126 0.048436238911653197 -0.055836731649503847 0.13017079207693502
leaf_weight=6.7510671094059935 26.818142391741276 36.145563364028931 11.236208833754061 33.872224099934101 26.641725398600101 2.4199219681322566 4.8005339242517975 371.97774421423674 13.229294933378695 34.238342635333538 29.358706101775169 23.368063218891621 279.10436521098018 1.726327061653137
leaf_count=101 444 528 146 364 44 36 65 430 138 37 115 42 4702 1
internal_value=0.00198025 0.0380458 -0.034718 0.00497909 0.0458786 -0.0474532 -0.0119294 0.0477173 0.00549011 0.0242638 -0.00498805 0.0302118 -0.0542831 0.0408277
internal_weight=901.688 454.745 446.943 108.705 418.6 338.237 54.9867 411.849 39.871 74.8333 40.5949 28.1686 283.251 4.14625
internal_count=7193 1241 5952 662 713 5290 551 612 182 298 261 107 4739 37
is_linear=0
shrinkage=0.05


Tree=29
num_leaves=15
num_cat=0
split_feature=106 95 12 103 123 1 37 73 64 35 34 125 48 6
split_gain=458.009 110.61 100.174 32.5888 30.6501 31.2598 31.2228 30.0062 25.6183 25.2358 23.9275 23.2208 17.9662 18.0057
threshold=772.28149414062511 0.096685566008090987 0.0098524559289217013 14.500000000000002 30.43475437164307 7066.5129394531259 0.0016766841290518644 836.74948120117199 44.582815170288093 16.41551494598389 20.582816123962406 -131.49999999999997 2.5381999876117337e-05 32.575269699096687
decision_type=2 10 10 2 10 2 10 2 2 10 8 2 10 10
left_child=1 3 4 11 10 6 -6 8 12 -3 -2 -1 13 -4
right_child=2 9 7 -5 5 -7 -8 -9 -10 -11 -12 -13 -14 -15
leaf_value=-0.055278124173594456 0.049003692011663505 0.043789430584098427 0.036017633156992905 -0.054067282271330563 -0.051937779140655962 -0.054886212576080555 0.056463302103565871 -0.04288654998286702 -0.054562809842676835 -0.058147036599039727 -0.055753013822388481 0.049377434030697588 0.054583300929641802 -0.059912283930327971
leaf_weight=4.5909126028418532 4.8317035734653464 6.606277856975793 10.764219626784326 7.1961098983883849 8.8138753138482588 22.150454107671976 19.96676030009985 18.600063052028418 7.6366294734179965 33.327002737671137 282.24136641994119 379.24673590436578 44.300088863819838 7.3779646530747405
leaf_count=28 4 22 28 107 149 382 66 208 110 551 4866 512 50 83
internal_value=0.00156149 0.0378744 -0.0351188 0.0459741 -0.0474988 -0.0114864 0.0226369 0.0120718 0.0270568 -0.0406256 -0.0538259 0.0479853 0.0377415 -0.00408645
internal_weight=857.65 430.967 426.683 391.034 338.004 50.9311 28.7806 88.679 70.0789 39.9333 287.073 383.838 62.4423 18.1422
internal_count=7166 1220 5946 647 5467 597 215 479 271 573 4870 540 161 111
is_linear=0
shrinkage=0.05


Tree=30
num_leaves=15
num_cat=0
split_feature=106 95 81 102 17 32 11 72 122 32 49 137 107 7
split_gain=424.485 99.632 91.4972 42.169 41.1152 27.9022 25.643 30.8527 23.883 23.8059 26.666 18.6799 17.3381 17.1808
threshold=772.28149414062511 0.096685566008090987 0.0090499590151011961 15.500000000000002 0.10676366835832597 7.6803960800170907 0.097465977072715773 1267.8930664062502 -31.902875900268551 44.582815170288093 0.00010680924970074558 65.296279907226577 305.34495544433599 34.703720092773445
decision_type=2 10 2 2 10 10 8 2 10 10 10 2 2 8
left_child=1 3 4 6 13 -3 7 8 -1 10 -4 -10 -6 -2
right_child=2 5 9 -5 12 -7 -8 -9 11 -11 -12 -13 -14 -15
leaf_value=0.042333653273204569 -0.025564250016294018 0.056616910144093695 -0.054855178200483981 -0.05875328275212547 0.051467573564357549 -0.056904958123871564 0.055666674281169184 -0.083054016189498828 -0.09376659084459818 -0.053945050914407523 0.04282143328345972 0.016170048063186605 -0.051325873162910089 -0.056067542246095128
leaf_weight=87.211845144629478 58.903462659567595 5.6009410321712485 7.2265999838709822 8.8940395042300207 14.086144994944336 33.110972452908754 249.2330653630197 5.1918606907129279 5.0888442993164054 9.032912150025366 49.70778464525938 9.9348320849239808 4.7351631298661223 265.46284119784832
leaf_count=148 754 8 92 128 29 572 260 36 47 140 102 28 71 4774
internal_value=-0.000249751 0.0360428 -0.0361091 0.0441252 -0.046455 -0.0394682 0.0468478 0.0260631 0.0323553 0.0176039 0.0296906 -0.0245957 0.0243216 -0.0506239
internal_weight=813.421 404.266 409.155 365.554 343.188 38.7119 356.66 107.427 102.236 65.9673 56.9344 15.0237 18.8213 324.366
internal_count=7189 1227 5962 647 5628 580 519 259 223 334 194 75 100 5528
is_linear=0
shrinkage=0.05


Tree=31
num_leaves=15
num_cat=0
split_feature=106 54 80 4 23 64 79 75 120 19 73 25 21 50
split_gain=370.848 92.7234 84.36 50.6023 36.9227 26.8985 40.3189 25.5049 21.962 27.1583 21.4837 20.8194 20.7721 19.8113
threshold=772.28149414062511 6.2843715568305938e-05 0.014035260304808618 19.743314743041996 15.500000000000002 30.832298278808597 0.0099504948593676108 0.016958739608526233 -103.49999999999999 0.2140447795391083 1108.1145629882815 1416.2407226562502 0.014219280797988178 0.1102246902883053
decision_type=2 8 2 10 2 2 2 2 2 10 2 10 8 8
left_child=1 3 5 -1 8 6 -2 -4 9 -3 12 -8 -9 -5
right_child=2 4 7 13 -6 -7 11 10 -10 -11 -12 -13 -14 -15
leaf_value=0.052026421088456946 -0.049509354695755819 -0.12033508245871385 -0.055798108346433853 0.045447037631267492 -0.055976205444778965 -0.052915991553918934 0.064274448863079967 0.037712237282868107 0.051541951752210116 0.043930018475559642 -0.034094513976276233 -0.048804073085815115 -0.057260801173885323 -0.053938399650121018
leaf_weight=18.146401595324278 29.831931915134192 3.3772913776338083 12.832628551870583 4.8682958036661139 7.7609522044658652 252.01143564656377 16.592442095279697 63.087556928396225 302.57059526070952 5.0614635795354843 15.557029888033865 4.4907833114266387 5.4402356818318358 44.823307797312737
leaf_count=35 484 31 198 5 119 4746 10 172 372 6 156 76 76 650
internal_value=0.000440229 0.0353113 -0.0332805 -0.0175604 0.0465827 -0.046235 -0.0127843 0.00726912 0.0493131 -0.0275949 0.0174368 0.0390691 0.0294575 -0.0434971
internal_weight=786.452 386.608 399.844 67.838 318.77 302.927 50.9152 96.9175 311.009 8.43875 84.0848 21.0832 68.5278 49.6916
internal_count=7136 1218 5918 690 528 5316 570 602 409 37 404 86 248 655
is_linear=0
shrinkage=0.05


Tree=32
num_leaves=15
num_cat=0
split_feature=106 37 80 54 21 91 73 64 91 21 125 124 11 65
split_gain=374.962 94.6002 86.7945 40.6936 34.3303 30.628 28.6668 22.1977 31.5157 21.7914 21.2956 19.6283 14.3522 13.4824
threshold=772.28149414062511 0.22052631527185443 0.011605459265410902 6.2843715568305938e-05 0.10033532977104188 0.010583105031400921 1108.1145629882815 30.832298278808597 0.02296516299247742 0.014219280797988178 -110.49999999999999 -0.26599924266338343 0.01014890428632498 20.886837959289554
decision_type=2 8 2 8 10 10 2 2 10 10 2 8 10 2
left_child=1 -1 7 4 13 -4 9 8 -2 -7 -5 -9 -10 -3
right_child=2 3 5 10 -6 6 -8 11 12 -11 -12 -13 -14 -15
leaf_value=-0.050110948934382782 -0.054144891733838879 0.063262759645718022 -0.057373865685756198 -0.062275797465611564 -0.0548827935637001 0.04041420615409199 -0.045508769865966921 0.049887397741538775 -0.030208280278474189 -0.05562320695504637 0.050680360405680448 -0.055790276150128076 0.051925290557889484 -0.0037901308344197126
leaf_weight=28.931688908487558 24.656037237495184 15.026097297668459 14.718128148466347 3.4250309504568568 17.3356530405581 63.14818887040019 13.537133019417523 3.7459891624748707 7.0561679191887405 5.6375924050807944 304.98855130746961 237.94290632754564 15.520942054688929 13.884978130459784
leaf_count=494 477 10 242 22 251 162 150 38 77 77 397 4759 21 63
internal_value=0.000615919 0.0355786 -0.0341342 0.0426901 -0.00103442 0.00673103 0.0187431 -0.0478355 -0.0160606 0.0318588 0.0492287 -0.0539535 0.0260631 0.0320095
internal_weight=769.555 383.592 385.963 354.66 46.2467 97.041 82.3229 288.922 47.2331 68.7858 308.414 241.689 22.5771 28.9111
internal_count=7240 1237 6003 743 324 631 389 5372 575 239 419 4797 98 73
is_linear=0
shrinkage=0.05


Tree=33
num_leaves=15
num_cat=0
split_feature=106 95 69 95 81 23 79 121 11 32 115 116 1 91
split_gain=355.648 98.7105 78.2595 86.1669 53.5377 31.3818 25.5117 23.0412 17.2819 21.9278 22.97 11.6455 8.22464 8.0484
threshold=772.28149414062511 0.096685566008090987 34.703720092773445 1.0188800388277743e-05 0.072077922523021712 14.500000000000002 0.01078174961730838 -209005.11718749997 0.071454100310802474 35.932809829711921 0.21757273375988009 1.9508835077285769 5778.0180664062509 0.13122770190238955
decision_type=2 10 2 10 2 2 2 2 8 10 2 2 2 10
left_child=1 5 3 6 13 7 -2 -1 9 -9 -11 -8 -6 -4
right_child=2 -3 4 -5 12 -7 11 8 -10 10 -12 -13 -14 -15
leaf_value=-0.087750488362423176 -0.051419462106608797 -0.049815474302923241 -0.056493294384770333 0.060566397503466374 -0.025833956260958309 -0.047000126255635967 -0.048772782181700815 0.03829217217790986 0.054003356539821669 0.042721542714454469 -0.074014936058157621 0.057226759164644495 0.051298570765113162 0.0061407232383771954
leaf_weight=2.3657048195600501 46.360694572329521 31.107976615428925 246.83626352995634 38.197100475430489 3.8461561091244247 8.8150009848177415 2.6869720965623847 86.971525143831968 218.48904309794307 6.4775422289967528 8.8886143974959833 8.6260577142238599 13.598650224506853 5.0471719652414313
leaf_count=21 807 570 4975 51 31 123 36 151 262 10 82 7 14 31
internal_value=-0.000791508 0.0342012 -0.035583 0.00319818 -0.0493484 0.0421993 -0.0351813 0.0447696 0.0460164 0.0286069 -0.0252016 0.0301343 0.0338141 -0.0552189
internal_weight=728.314 363.115 365.199 95.8708 269.328 332.007 57.6737 323.192 320.827 102.338 15.3662 11.313 17.4448 251.883
internal_count=7171 1219 5952 901 5051 649 850 526 505 243 92 43 45 5006
is_linear=0
shrinkage=0.05


Tree=34
num_leaves=15
num_cat=0
split_feature=59 40 32 20 49 8 79 61 25 5 34 78 25 6
split_gain=311.422 100.808 74.0379 45.9019 44.7332 32.0188 25.5755 52.6958 29.4577 21.5468 18.9278 26.4514 11.6803 10.0311
threshold=791.54464721679699 0.0090225767344236391 46.371795654296882 0.00088735049939714383 0.00010680924970074558 58.398742675781257 0.0099504948593676108 52.826889038085945 213.96335601806643 34.752981185913093 20.582816123962406 0.49364584684371954 30.934288024902347 34.636320114135749
decision_type=2 10 10 10 10 8 2 2 10 10 10 2 8 10
left_child=2 6 5 4 -3 10 9 -8 -9 13 -1 -12 -4 -2
right_child=1 3 12 -5 -6 -7 7 8 -10 -11 11 -13 -14 -15
leaf_value=0.032497222451646934 -0.032175085615275684 -0.055641108466850525 0.045942792866827536 -0.059277174275381997 0.043954066601616604 0.052073977187473863 0.061426190383873917 0.036996684227039112 -0.056349126941604988 -0.055543703986192898 -0.076468481082061668 0.047954263606446786 -0.056923412891590364 0.11495951489881176
leaf_weight=23.379521664232016 1.3399634137749663 12.507174681872128 2.3864083066582706 17.187071442604065 70.258910126984119 230.69806334376335 15.104093894362448 9.4633031748235208 48.557174026966095 217.72045543417335 11.478081803768875 5.6695324182510367 21.651350371539593 1.9138994216918945
leaf_count=56 26 195 4 307 136 304 21 23 976 4549 140 6 404 1
internal_value=-0.00132259 -0.0303822 0.0374314 0.0129019 0.0284192 0.0449016 -0.0450867 -0.0191054 -0.0407553 -0.0535596 0.0038028 -0.0349549 -0.045284 0.0610485
internal_weight=689.315 394.052 295.263 99.9532 82.7661 271.225 294.099 73.1246 58.0205 220.974 40.5271 17.1476 24.0378 3.25386
internal_count=7148 6234 914 638 331 506 5596 1020 999 4576 202 146 408 27
is_linear=0
shrinkage=0.05


Tree=35
num_leaves=15
num_cat=0
split_feature=113 63 111 3 18 64 18 62 108 123 73 129 35 101
split_gain=297.542 98.2579 65.9611 59.8289 39.7535 27.3044 24.5785 25.9671 25.1061 22.0041 18.4339 17.6498 12.0105 11.8828
threshold=1812.1896972656252 27.371187210083011 6690.8457031250009 10.16434955596924 1.0240075588226321 44.582815170288093 3.69200006389292e-06 95.378124237060561 0.0026295486604794864 59.150243759155281 1358.9146118164065 0.037917492911219604 16.41551494598389 0.072065956890583052
decision_type=2 2 2 8 8 2 10 2 2 10 2 8 10 10
left_child=3 9 5 4 12 6 -3 -8 -9 -2 13 -11 -1 -10
right_child=1 2 -4 -5 -6 -7 7 8 10 11 -12 -13 -14 -15
leaf_value=0.016531014108041558 -0.055422863265202162 -0.055585138996100819 -0.054595993809057913 0.052690352209255047 0.031158955584075727 -0.057587288020776596 -0.063536551442765016 -0.088678080938343326 -0.023240249006961602 -0.048938290522854797 -0.059059231978160889 0.051136096191255156 -0.058063333437678569 0.044346894026457508
leaf_weight=6.3909953683614757 191.11585574224591 8.7613424435257894 43.151595663279295 216.57917676493526 43.101688120514154 10.962294891476629 6.5674051120877257 3.2165986113250247 6.3238344565033904 7.1253636851906759 4.0034557729959479 8.6393704861402494 24.09190658852458 106.65616055577993
leaf_count=29 4329 132 945 296 108 180 110 33 52 153 52 46 440 240
internal_value=0.00110986 -0.0270186 -0.000987084 0.0395095 0.000528574 0.0150675 0.0213229 0.0270318 0.0324636 -0.0507615 0.0365179 0.00568326 -0.0423957 0.0403931
internal_weight=686.687 396.523 189.643 290.164 73.5846 146.491 135.529 126.767 120.2 206.881 116.983 15.7647 30.4829 112.98
internal_count=7145 6272 1744 873 577 799 619 487 377 4528 344 199 469 292
is_linear=0
shrinkage=0.05


Tree=36
num_leaves=15
num_cat=0
split_feature=106 32 80 102 11 72 73 62 1 25 79 5 62 32
split_gain=265.4 76.9543 73.5019 26.9316 30.3244 29.3972 23.7711 26.1517 22.4405 21.122 56.4771 29.2814 17.9125 18.9949
threshold=999.26354980468761 46.371795654296882 0.011605459265410902 16.500000000000004 0.097465977072715773 1358.7139892578127 1108.1145629882815 234.31866455078128 30.934288024902347 564.22784423828136 0.0099504948593676108 34.752981185913093 7.9239802360534677 20.748447418212894
decision_type=2 10 2 2 8 2 2 2 2 8 2 8 2 10
left_child=1 3 9 4 5 12 7 -4 -3 10 -2 -11 13 -1
right_child=2 8 6 -5 -6 -7 -8 -9 -10 11 -12 -13 -14 -15
leaf_value=0.020853382113903408 -0.049173791965390526 0.058741100891613676 -0.054053860955411648 -0.053293918360527472 0.053730961788384192 -0.07678967745014291 -0.054280895123289055 0.031381169907209065 -0.057566767003325227 0.10466777571957545 0.057615644026258156 -0.05456964497457889 0.042055608755406176 -0.064967759833392855
leaf_weight=19.934251505881551 39.861730709671974 4.0350710153579739 9.4347393885254842 6.6581007279455653 202.97750358656049 6.4184968397021285 11.590308103710411 65.048860263079405 27.026543952524662 2.0433285236358634 16.814784087240696 184.35361061617732 61.002990070730448 8.3261577151715738
leaf_count=57 823 2 177 114 267 46 184 252 549 1 25 4411 106 113
internal_value=0.00172369 0.0329087 -0.0301496 0.0405473 0.0428102 0.0193269 0.00947746 0.0199865 -0.0410969 -0.0441632 -0.0170419 -0.0522748 0.0270123 -0.00578767
internal_weight=665.526 336.379 329.147 305.318 298.659 95.6819 86.0739 74.4836 31.0616 243.073 56.6765 186.397 89.2634 28.2604
internal_count=7127 1254 5873 703 589 322 613 429 551 5260 848 4412 276 170
is_linear=0
shrinkage=0.05


Tree=37
num_leaves=15
num_cat=0
split_feature=37 79 34 17 60 27 75 9 73 41 92 73 1 95
split_gain=245.938 78.1526 76.9789 63.2855 43.9618 37.1435 29.8566 28.1251 25.1138 18.1061 15.9417 15.7734 15.8306 9.29333
threshold=0.33198925852775579 0.077206529676914229 24.230171203613285 0.021112483926117424 1346.7722167968752 525.26052856445324 0.70294117927551281 0.8164983093738557 36.888887405395515 0.050423728302121169 0.00018336700304644185 221.28826141357425 30.934288024902347 1.6645000187054395e-06
decision_type=8 2 10 8 2 10 2 8 2 10 10 2 2 10
left_child=3 2 -2 8 7 6 -4 9 -1 -5 -8 12 -9 -13
right_child=1 -3 5 4 -6 -7 10 11 -10 -11 -12 13 -14 -15
leaf_value=0.087678575522388308 0.042691477039846479 0.051826409371893492 0.042669433219125641 -0.061325408472999547 -0.053693542603588995 -0.0580339874472117 0.013717863516421023 0.057426506507744612 -0.053404576986383734 0.030383213512648458 -0.06929373982122522 -0.044590167200597414 -0.052373369463964418 0.048143805894046703
leaf_weight=2.3462878949940196 71.772560782730579 182.16867384314537 24.375505097210407 15.635772164911033 31.495412480086088 44.822717122733593 9.3315869718790072 3.9462164640426627 177.45801427960396 7.2188112661242476 13.08714662119746 2.0987923443317404 8.9635487832128984 49.058614879846573
leaf_count=4 143 271 42 266 728 820 30 2 4361 24 226 29 171 119
internal_value=0.000729716 0.0294 0.0042328 -0.0324786 -0.00402974 -0.0260313 0.00519591 0.0143716 -0.0510888 -0.0322991 -0.0356306 0.0312609 -0.0170945 0.0435573
internal_weight=643.78 345.558 163.39 298.221 118.417 91.617 46.7942 86.9218 179.804 22.8546 22.4187 64.0672 12.9098 51.1574
internal_count=7236 1532 1261 5704 1339 1118 298 611 4365 290 256 321 173 148
is_linear=0
shrinkage=0.05


Tree=38
num_leaves=15
num_cat=0
split_feature=106 49 73 67 18 102 121 66 17 47 5 40 129 46
split_gain=238.818 65.8835 61.3448 48.3204 37.7969 26.5578 19.0225 17.9924 17.688 17.2384 15.9859 15.9705 14.0728 14.035
threshold=772.28149414062511 0.20789377391338351 221.28826141357425 34.703720092773445 2.9205000373622174e-06 16.500000000000004 -84132.402343749985 34.703720092773445 0.12253966927528383 0.080758538097143187 34.752981185913093 0.096464019268751158 0.073356114327907576 3.974399987782818e-05
decision_type=2 10 2 2 10 2 2 2 10 10 10 10 8 10
left_child=1 5 7 4 -4 6 8 -2 -1 -6 -9 -5 -3 -8
right_child=2 12 3 11 9 -7 13 10 -10 -11 -12 -13 -14 -15
leaf_value=-0.098549496880002918 0.034159732845413154 -0.05437820001986126 -0.05300837541910014 -0.054987562406027791 -0.056891723567194158 -0.052607982776476908 0.022712091903303262 0.039877387660102633 0.042887469081988781 0.037854724827570047 -0.054255448780618332 0.018758255351115399 0.011864287529094575 0.051477449864647522
leaf_weight=3.6924474947154513 5.6528138779103747 22.62336853146553 14.928118560463188 43.017646670341492 4.2714595049619666 6.6313015036284915 56.436763774603605 3.9547454118728629 3.3683645725250244 71.033175282180309 165.67831793427467 8.2945029363036138 11.669183138757942 204.32927724719048
leaf_count=34 14 511 334 987 68 121 172 38 4 223 4288 39 92 299
internal_value=0.00124744 0.032489 -0.0292038 -0.00465471 0.0173465 0.0406515 0.0431476 -0.0488886 -0.0341269 0.0318053 -0.05184 -0.042936 -0.0321395 0.0453624
internal_weight=625.581 308.751 316.831 141.545 90.2328 274.458 267.827 175.286 7.06081 75.3046 169.633 51.3121 34.2926 260.766
internal_count=7224 1233 5991 1651 625 630 509 4340 38 291 4326 1026 603 471
is_linear=0
shrinkage=0.05


Tree=39
num_leaves=15
num_cat=0
split_feature=37 116 11 101 17 34 134 21 5 47 18 92 9 38
split_gain=231.897 107.744 51.1926 31.0378 28.4632 29.5061 21.7957 33.9313 21.1548 17.6179 15.5406 12.029 11.9154 11.2424
threshold=0.024721916764974598 1.9001342058181765 0.15504211187362674 0.13541789352893832 0.027769990265369419 28.865631103515629 0.7222222387790681 0.0025029900716617708 34.752981185913093 0.00097988848574459574 7.4990000484831407e-06 3.8997499359538785e-05 0.71642351150512706 0.0016306631150655451
decision_type=8 2 8 10 8 8 2 10 10 8 10 8 10 10
left_child=8 2 4 -3 5 -2 7 12 13 -7 -5 -8 -6 -1
right_child=1 3 -4 10 6 9 11 -9 -10 -11 -12 -13 -14 -15
leaf_value=-0.041134185733353971 0.03524501516946589 -0.050238605529232261 0.052622153960943524 -0.052815783670081801 -0.064525319174749407 0.035191917659548912 -0.049117452423433253 -0.085299552398861042 -0.050099093242059578 -0.064629873114830746 0.024242585977506212 0.044953573764966143 0.034103237044387225 0.081765253534085161
leaf_weight=2.1759436354041091 15.28098079562187 54.099338162690401 181.25496502965689 7.2775954864919177 2.5505595505237606 4.6604503281414535 2.7592222690582267 8.8337417952716333 167.05064236745238 24.946998544037342 30.486675605177879 77.437141209840775 24.303538113832474 4.0483734980225563
leaf_count=40 60 1330 289 170 40 9 40 97 4273 470 143 154 67 3
internal_value=0.00204566 0.0215712 0.034467 -0.0262964 0.0138001 -0.0196983 0.0268334 -0.0055872 -0.0466908 -0.0482807 0.00841318 0.0411519 0.0227554 0.0390544
internal_weight=607.166 433.891 342.028 91.8636 160.773 44.8884 115.884 35.6878 173.275 29.6074 37.7643 80.1964 26.8541 6.22432
internal_count=7185 2869 1226 1643 937 539 398 204 4316 479 313 194 107 43
is_linear=0
shrinkage=0.05


Tree=40
num_leaves=15
num_cat=0
split_feature=106 63 49 59 64 102 11 5 129 58 49 57 5 126
split_gain=210.85 69.1274 56.515 46.395 25.6611 24.0355 18.3536 18.8822 17.1674 17.109 15.0384 17.0124 14.2815 13.9315
threshold=772.28149414062511 22.309944152832035 0.20789377391338351 10002.518066406252 44.582815170288093 16.500000000000004 0.055773299187421806 542.91458129882824 -0.55527138710021962 5753.7663574218759 0.00010680924970074558 113.50000000000001 34.752981185913093 213.83769226074222
decision_type=2 2 10 2 2 2 8 8 10 2 10 2 8 2
left_child=2 12 5 4 9 6 7 13 -4 -3 11 -11 -2 -1
right_child=1 3 8 -5 -6 -7 -8 -9 -10 10 -12 -13 -14 -15
leaf_value=0.0058854412757840249 0.034407970370427234 -0.063889763851177298 0.035316084245631561 -0.050232063312598378 -0.052330454448928324 -0.051641291245644289 0.052149136070237412 -0.070679673871253679 -0.047070983317739824 -0.044845697849400817 0.037679149355048451 0.055942132740865916 -0.053597720852358949 0.048073906292159407
leaf_weight=36.591954998672009 4.1132530495524398 4.4547696709632865 7.451866600662469 36.933597106486559 11.908544797450302 6.1363897547125807 167.93245300650597 4.1434466317296019 26.003873471170664 12.182846769690515 72.913101863116026 5.1715460233390322 148.08147737756371 41.855222381651402
leaf_count=146 37 57 33 978 266 116 263 29 569 179 247 17 4210 66
internal_value=0.00201323 -0.0276485 0.0322431 -0.00270093 0.0140761 0.0402045 0.0426506 0.0229443 -0.0282279 0.0228843 0.0278197 -0.0133998 -0.0510102 0.0287167
internal_weight=585.874 295.759 290.115 143.564 106.631 256.659 250.523 82.5906 33.4557 94.7223 90.2675 17.3544 152.195 78.4472
internal_count=7213 5991 1222 1744 766 620 504 241 602 500 443 196 4247 212
is_linear=0
shrinkage=0.05


Tree=41
num_leaves=15
num_cat=0
split_feature=106 52 62 19 81 21 102 73 124 4 78 64 92 120
split_gain=194.057 58.9005 58.0162 42.0985 27.7723 26.8977 23.0101 21.3069 15.3056 14.6945 26.7944 14.3084 13.5835 13.2151
threshold=772.28149414062511 1.4852941036224367 210.59546661376956 0.13759312778711322 0.043167702853679664 0.23078151792287829 16.500000000000004 1005.5374145507814 -0.26599924266338343 18.550028800964359 0.30060242116451269 34.752981185913093 1.9965000319643882e-06 -285.49999999999994
decision_type=2 8 2 10 2 10 2 2 8 10 2 2 10 2
left_child=1 5 8 4 -4 9 13 11 -2 -1 -11 -5 -13 -3
right_child=2 6 3 7 -6 -7 -8 -9 -10 10 -12 12 -14 -15
leaf_value=0.055973913678391107 0.041936830511265226 -0.075824418569059651 -0.048993121823181954 0.042193351609216251 0.038362897226430687 -0.051678416341856825 -0.049662687141167623 -0.039087740399804616 -0.052113781106388424 -0.05673388699003068 0.041177496883961467 0.062724302476615118 -0.056614641909528855 0.047598794606654192
leaf_weight=12.951207537204025 3.7539965994656086 1.3355555161833752 51.85389680787921 54.117487985640764 10.211761664599178 23.956959150731564 5.6347508393228045 11.5644972063601 140.82620150223374 12.807225883007051 13.169329866766928 2.4639334417879564 6.9960904084146023 208.4723532833159
leaf_count=14 40 12 1292 156 32 588 117 195 4098 122 28 4 112 360
internal_value=0.00178802 0.0313443 -0.0274129 -0.00405412 -0.0342399 -0.0110936 0.0437254 0.0210009 -0.0494005 0.0145519 -0.0074094 0.0323668 -0.0225069 0.0464572
internal_weight=560.115 278.327 281.788 137.208 62.0657 62.8847 215.443 75.142 144.58 38.9278 25.9766 63.5775 9.46002 209.808
internal_count=7170 1241 5929 1791 1324 752 489 467 4138 164 150 272 116 372
is_linear=0
shrinkage=0.05


Tree=42
num_leaves=15
num_cat=0
split_feature=37 11 34 17 73 47 5 31 5 17 62 134 122 99
split_gain=199.123 69.5867 50.5679 42.0213 40.0414 25.6183 19.1647 18.83 19.9653 15.0311 9.71114 9.55984 9.64806 8.20439
threshold=0.33198925852775579 0.080209787935018553 24.230171203613285 0.018800960853695873 213.878044128418 0.001743184984661639 34.752981185913093 183.26641845703128 1102.5413208007815 0.13361760228872302 7.9239802360534677 0.90623369812965404 -122.53968048095702 0.23502695560455325
decision_type=8 8 10 10 2 8 8 10 10 10 2 2 8 10
left_child=3 2 10 6 -5 -4 -1 -6 -9 -7 11 12 -2 -11
right_child=1 -3 5 4 7 9 -8 8 -10 13 -12 -13 -14 -15
leaf_value=0.0633991833274236 0.027729964799057101 0.049673625158383299 0.044180568183584207 -0.053729651847511523 -0.055913732566557399 -0.049181402256584857 -0.053490334799557449 0.033650818727996371 -0.050039699955694121 0.044721120277542353 0.051776388576836974 0.029687225706249751 -0.09081451809843015 -0.044475397789223908
leaf_weight=2.7940292693674555 2.3044111952185631 161.89919769763947 10.05168668553233 31.899505717679858 7.686107274144887 52.75558865070343 138.9476785492152 53.116936106234789 7.3047135397791854 6.9103418961167318 35.123932138085365 12.932935424149035 3.1313968338072327 2.8955445736646652
leaf_count=7 6 295 18 889 167 996 4266 184 149 13 48 27 50 29
internal_value=4.5372e-05 0.0280868 0.000200112 -0.0333396 -0.00839383 -0.0268295 -0.0507582 0.0133102 0.022883 -0.0387542 0.0367102 0.00671549 -0.0440597 0.0167042
internal_weight=529.754 288.005 126.106 241.749 100.007 72.6132 141.742 68.1078 60.4216 62.5615 53.4927 18.3687 5.43581 9.80589
internal_count=7144 1482 1187 5662 1389 1056 4273 500 333 1038 131 83 56 42
is_linear=0
shrinkage=0.05


Tree=43
num_leaves=15
num_cat=0
split_feature=29 91 60 48 67 121 46 79 5 106 41 2 11 68
split_gain=173.126 71.6845 42.2514 35.4969 25.6196 24.224 20.0222 37.1597 19.0889 18.3556 15.627 15.2832 15.4685 12.705
threshold=903.52023315429699 0.018619817681610588 1346.7722167968752 0.38689675927162176 39.620920181274421 -84132.402343749985 3.974399987782818e-05 0.0099504948593676108 34.752981185913093 20393.863281250004 0.03989666514098645 56.796001434326179 0.12407253682613374 133.97103118896487
decision_type=2 10 2 10 2 2 10 2 8 2 10 10 10 2
left_child=3 8 4 5 6 -1 7 9 -2 -3 -10 -9 -13 -7
right_child=1 2 -4 -5 -6 13 -8 11 10 -11 -12 12 -14 -15
leaf_value=-0.05457259030779097 0.070090890187786276 -0.061375605237779532 -0.052391296682759596 -0.049366508031584058 -0.062843048466690296 0.023713786700802902 0.042851070155675103 0.059934334596171417 -0.053196182591862484 0.034938794103314359 0.016938467704023821 -0.049761311990536815 0.033962226791957643 0.05147141264044134
leaf_weight=5.6862692330032578 2.5889275856316081 22.436157517135147 28.775227710604668 10.749149149283765 9.207394387573002 61.169846758246422 52.202146057039499 21.559451162815094 137.12860197946429 5.5642560943961135 7.9803215470165005 8.1681931801140326 12.852910419926046 145.62479207850993
leaf_count=41 6 402 853 324 182 232 127 22 4419 32 79 90 51 274
internal_value=0.00256759 -0.0216783 0.00145656 0.0360182 0.0135016 0.0405487 0.019688 0.00219722 -0.0467004 -0.0416912 -0.0492496 0.0313521 0.000647305 0.0434143
internal_weight=531.694 308.464 160.766 223.23 131.991 212.481 122.783 70.581 147.698 28.0004 145.109 42.5806 21.0211 206.795
internal_count=7134 6263 1759 871 906 547 724 597 4504 434 4498 163 141 506
is_linear=0
shrinkage=0.05


Tree=44
num_leaves=15
num_cat=0
split_feature=37 11 34 91 31 25 52 5 5 5 115 25 54 36
split_gain=182.783 57.1747 46.7329 39.2293 30.9058 24.6019 27.5045 18.8005 16.1615 16.7583 13.0103 9.22661 7.12993 19.0001
threshold=0.33198925852775579 0.097465977072715773 24.230171203613285 0.018619817681610588 207.35124969482425 440.61157226562506 1.4852941036224367 34.752981185913093 220.15523529052737 1102.5413208007815 0.26496182382106787 30.934288024902347 0.050078468397259719 1380.250671386719
decision_type=8 8 10 8 10 10 10 8 10 10 2 8 10 8
left_child=3 2 -2 7 11 6 10 -1 -6 12 -4 -5 13 -10
right_child=1 -3 5 4 8 -7 -8 -9 9 -11 -12 -13 -14 -15
leaf_value=0.065027934751399452 0.039414786706549798 0.04958987811168173 0.03597950996662784 0.043386611028537386 -0.049392403131574558 -0.057820151488214483 0.03014096827287829 -0.053004030110466165 0.038371281970156025 -0.048583872703732524 -0.066809065305066112 -0.053289934429478415 0.052936804010446509 -0.057897173177303488
leaf_weight=2.653800841420888 52.802079202607274 146.15725637972355 3.1715827360749271 1.9420909136533726 7.9988085143268099 27.891766363754869 29.310202110558748 127.32601246796548 18.771698817610744 6.2722157556563607 14.320951133966444 30.627831483259797 22.826696835458279 5.955300595611333
leaf_count=5 127 286 6 2 211 770 70 4305 42 138 251 855 42 73
internal_value=0.000972242 0.0283545 0.0038146 -0.0324016 -0.00773943 -0.0215397 0.000838695 -0.0501161 0.0130442 0.0230542 -0.0472346 -0.0464046 0.0333092 0.0138366
internal_weight=498.028 273.654 127.497 224.374 94.3946 74.6945 46.8027 129.98 61.8247 53.8259 17.4925 32.5699 47.5537 24.727
internal_count=7183 1510 1224 5673 1363 1097 327 4310 506 295 257 857 157 115
is_linear=0
shrinkage=0.05


Tree=45
num_leaves=15
num_cat=0
split_feature=37 79 69 80 102 122 5 5 93 5 64 26 34 34
split_gain=149.081 79.3567 58.9127 35.128 27.6164 24.5335 17.6518 17.3323 13.4554 14.0615 9.88823 12.289 9.77124 9.90137
threshold=0.024721916764974598 0.01078174961730838 37.743314743041999 0.44583334028720861 16.500000000000004 -31.902875900268551 1358.9146118164065 34.752981185913093 1.2222500117786696e-05 52.749481201171882 30.832298278808597 0.083752807229757323 1416.1473388671877 24.230171203613285
decision_type=8 2 2 2 2 10 10 10 10 8 2 10 10 8
left_child=7 2 5 12 6 -2 -3 -1 -7 -10 11 -9 13 -4
right_child=1 4 3 -5 -6 8 -8 10 9 -11 -12 -13 -14 -15
leaf_value=0.036105564367011199 0.039843805846794672 0.049710347014111006 0.037814100793547689 0.044557052697895491 -0.05361833467224221 -0.04947272436344595 -0.033208690542255552 0.028776370177199202 -0.058502411329269456 0.042206203341663577 -0.051946282155592841 -0.048757806949008872 0.034505681501956008 -0.056888799789277467
leaf_weight=5.9686675332486621 61.323840925469995 159.79697734490037 2.2220702767372122 10.777413055300711 6.3772190678864709 13.783650187775494 6.0252306386828414 8.9374884683638829 3.7669039703905556 12.033497285097837 113.71624085493386 9.6161201708018762 2.6748723778873673 64.662855233997107
leaf_count=44 186 339 3 20 141 273 86 64 68 20 3898 320 22 1699
internal_value=0.00100744 0.0186544 -0.00545165 -0.0364172 0.0425199 0.0220117 0.0465164 -0.0426543 -0.015046 0.0161436 -0.0464526 -0.0118471 -0.0494168 -0.0532319
internal_weight=481.683 343.445 171.245 80.3372 172.199 90.9079 165.822 138.239 29.5841 15.8004 132.27 18.5536 69.5598 66.8849
internal_count=7183 2857 2291 1744 566 547 425 4326 361 88 4282 384 1724 1702
is_linear=0
shrinkage=0.05


Tree=46
num_leaves=15
num_cat=0
split_feature=53 3 91 32 112 27 34 63 111 121 124 25 92 122
split_gain=156.627 42.7276 38.6368 33.3578 31.4719 24.2112 26.9973 20.715 12.7627 12.7587 12.2553 12.0481 10.7488 8.03226
threshold=740.45104980468761 10.16434955596924 0.015770750120282177 34.752981185913093 3.5000000000000004 458.78144836425787 40.874534606933601 19.992053985595707 1442.427917480469 -5183.5156249999991 -0.26599924266338343 170.85516357421878 3.3515000268380395e-06 -15.950769424438475
decision_type=10 8 10 10 2 10 10 2 2 2 8 10 10 8
left_child=1 4 10 7 9 -3 8 -4 11 -1 -2 -7 -9 -11
right_child=2 5 3 -5 -6 6 -8 12 -10 13 -12 -13 -14 -15
leaf_value=-0.06485166876588587 0.030375962176832083 0.049474967373652021 -0.049446640143433918 -0.048465508430496844 -0.054855644054774923 -0.069900566281178814 -0.065438687851869612 -0.045624393639915939 -0.067100205809337815 0.053057027254111745 -0.051880074660625622 0.039473149801860008 0.030439971818095053 0.0052238793164394188
leaf_weight=3.1653855182230464 4.0961575638502836 148.09345712885261 10.319589613005517 31.326840087771416 22.111422196030617 1.7871255129575718 8.8331107962876541 4.184941040351986 2.5054866429418317 15.963699478656052 112.11100152693689 39.556561928242445 55.014582866802812 18.690530598163605
leaf_count=29 55 310 325 882 696 16 197 99 50 21 4110 121 221 91
internal_value=0.00208335 0.0281566 -0.0292192 -0.00646005 -0.00878074 0.0391711 0.00982426 0.0128874 0.0261065 0.0188763 -0.0487462 0.0332062 0.0243943 0.0281286
internal_weight=477.76 260.707 217.053 100.846 59.931 200.776 52.6823 69.5191 43.8492 37.8196 116.207 41.3437 59.1995 34.6542
internal_count=7223 1531 5692 1527 837 694 384 645 187 141 4165 137 320 112
is_linear=0
shrinkage=0.05


Tree=47
num_leaves=15
num_cat=0
split_feature=37 11 34 91 3 2 27 44 73 6 121 49 1 113
split_gain=140.014 62.6011 47.5684 45.7876 27.3933 23.0958 20.1913 21.7967 16.0626 10.9244 8.83171 8.18846 8.00286 7.71633
threshold=0.30220390856266027 0.080209787935018553 28.865631103515629 0.018619817681610588 19.989950180053714 56.32274246215821 525.26052856445324 0.16758426278829577 36.888887405395515 32.575269699096687 -992.15496826171864 0.1043018586933613 30.934288024902347 523.32711791992199
decision_type=8 8 10 8 8 10 10 8 2 10 2 10 2 2
left_child=3 2 13 8 12 -6 7 10 -1 -7 11 -4 -5 -2
right_child=1 -3 6 4 5 9 -8 -9 -10 -11 -12 -13 -14 -15
leaf_value=0.054105775138027702 0.010222649036962917 0.048343751111963498 -0.090434857794501056 0.040795416144617791 0.04186371369388843 0.015670427864788096 -0.05582226867718957 -0.054311295468943768 -0.052547836580618359 -0.043515333681930064 0.043713653698173933 0.034889984177201759 -0.05191549734202542 0.049363123895647246
leaf_weight=2.8717546798288813 21.461269032210112 144.6880891919136 1.815973091870549 1.8297456689178968 35.693697506561875 13.504848737269642 33.139812286943197 11.101991318166254 111.73056798614562 16.236358266323805 17.353303134441379 1.6710363626480103 24.501926071941853 31.828631930053234
leaf_count=7 101 320 19 2 117 83 871 213 4314 304 31 2 832 52
internal_value=0.00225677 0.0263994 -0.000603817 -0.028497 -0.00210333 0.0152538 -0.0290883 -0.000499498 -0.0494303 -0.0170048 0.0293412 -0.035986 -0.0442163 0.0340789
internal_weight=469.429 263.06 118.372 206.369 91.7666 65.4349 65.0821 31.9423 114.602 29.7412 20.8403 3.48701 26.3317 53.2899
internal_count=7268 1609 1289 5659 1338 504 1136 265 4321 387 52 21 834 153
is_linear=0
shrinkage=0.05


Tree=48
num_leaves=15
num_cat=0
split_feature=37 11 69 7 72 76 62 131 25 110 129 37 61 102
split_gain=138.946 62.3054 55.2095 30.2259 20.364 18.7483 16.1787 20.104 13.7852 24.1922 12.4955 12.638 10.7515 10.6455
threshold=0.1465040594339371 0.15504211187362674 37.743314743041999 30.832298278808597 1381.197937011719 0.062604982405900969 7.9239802360534677 0.94282186031341564 532.51174926757824 281.71716308593756 0.037917492911219604 0.0016766841290518644 65.130119323730483 13.500000000000002
decision_type=8 8 2 10 2 2 2 2 10 2 8 10 2 2
left_child=3 2 4 -1 6 8 7 -2 9 -4 -5 -12 -13 -3
right_child=1 13 5 10 -6 -7 -8 -9 -10 -11 11 12 -14 -15
leaf_value=0.016962383912155085 -0.058712060531805721 0.05172080943241756 -0.067571772756410908 -0.049717897637840319 -0.056188452309989673 -0.068826217474422247 0.046222557643788437 0.045352944102192608 -0.050678320434848191 0.044285255575547702 -0.050712017796734114 0.027603934295759414 -0.050393387066849163 -0.019313914933299932
leaf_weight=25.685435470193624 8.6127078514546174 130.03637220524251 5.7829094454646137 108.74865151569247 5.8347744122147551 23.660162148997188 60.910229161381721 7.9991213399916878 12.714672677218912 15.976941909641026 13.870820786803959 16.955666912719611 4.8813779894262543 5.0094482693821183
leaf_count=265 124 273 154 4077 165 585 126 15 468 36 491 203 117 47
internal_value=0.00295996 0.0248032 0.00156193 -0.03248 0.0275184 -0.035492 0.0344541 -0.00887161 -0.0113192 0.0128953 -0.0413274 -0.0151157 0.00872549 0.0489632
internal_weight=446.679 276.537 141.492 170.142 83.3568 58.1347 77.5221 16.6118 34.4745 21.7599 144.457 35.7079 21.837 135.046
internal_count=7146 1993 1673 5153 430 1243 265 139 658 190 4888 811 320 320
is_linear=0
shrinkage=0.05


Tree=49
num_leaves=15
num_cat=0
split_feature=37 116 78 5 134 105 5 32 69 12 64 108 1 125
split_gain=119.873 64.5693 28.0221 21.8906 19.7866 22.4661 17.3708 14.3649 13.4542 19.9456 11.0848 11.4609 8.78649 8.25329
threshold=0.028742556460201744 1.9620154500007632 0.22271825373172763 34.752981185913093 0.90623369812965404 2.418859720230103 593.30627441406261 30.066038131713871 46.869352340698249 0.48999999463558203 30.832298278808597 0.082288764417171492 2267.907104492188 30.500000000000004
decision_type=8 2 2 10 2 2 10 8 2 10 2 2 2 2
left_child=3 2 4 -1 5 -2 -7 -4 -6 -10 11 13 -3 -5
right_child=1 12 7 10 8 6 -8 -9 9 -11 -12 -13 -14 -15
leaf_value=0.039151452646174964 -0.05928471873823056 0.027760805897748122 -0.038076338051980158 -0.044829722129207578 0.035166624623258057 0.030024149838081444 -0.05116588802879616 0.048297428272805261 -0.054826474938187486 0.046490245113447695 -0.051268828558414282 -0.047979142189070366 -0.049820449954721076 0.05029241332298328
leaf_weight=7.6058213822543612 16.238088933750987 3.4406373966485253 4.3083111178129911 2.224256372079255 74.982148109003901 26.17033937945962 7.7255290560424319 118.658457826823 10.466657679528 7.4709288142621508 97.964444305747747 8.6621998585760576 33.660975020378828 7.7126120664179325
leaf_count=47 233 17 57 49 295 124 233 306 227 14 3974 332 1244 15
internal_value=0.00198755 0.0189334 0.0275695 -0.0392014 0.012388 -0.0127633 0.0105834 0.0449885 0.0259495 -0.0124018 -0.0446035 -0.00867124 -0.0420861 0.0268482
internal_weight=427.291 303.122 266.02 124.169 143.054 50.134 33.8959 122.967 92.9197 17.9376 116.564 18.5991 37.1016 9.93687
internal_count=7167 2750 1489 4417 1126 590 357 363 536 241 4370 396 1261 64
is_linear=0
shrinkage=0.05


Tree=50
num_leaves=15
num_cat=0
split_feature=106 52 73 91 134 73 11 122 120 124 72 70 37 59
split_gain=116.216 37.8551 34.1323 26.8237 19.1453 18.1995 16.1171 23.1614 14.9308 14.6486 10.1479 11.0458 9.66758 9.60737
threshold=999.26354980468761 1.9761904478073122 221.28826141357425 0.010583105031400921 0.92711213231086742 1229.445251464844 0.22271825373172763 -79.634696960449205 -264.49999999999994 -0.26599924266338343 1358.7139892578127 1422.6373291015627 0.22052631527185443 358.80061340332037
decision_type=2 10 2 10 2 2 10 8 2 8 2 2 8 2
left_child=1 4 9 -4 6 10 7 -1 -3 -2 -5 -12 -8 -6
right_child=2 8 3 5 13 -7 12 -9 -10 -11 11 -13 -14 -15
leaf_value=0.024006931164344311 0.050117148720059602 -0.075738496704190986 -0.051160259115851453 -0.047941206096159913 0.034203862852668333 -0.049920542716046096 -0.046124732180879036 -0.070874096274305923 0.046704421821398237 -0.050876479681774757 0.032422451847530669 -0.051361855683365244 0.037029212379748593 -0.024903444908813414
leaf_weight=8.5949394498020393 2.960731215775013 1.6792165264487255 22.917682852596045 4.0714378245174876 38.650589257478714 9.7721897382289153 3.7059216145426062 20.457725200802091 117.38835953362286 98.617615353316069 52.006176622584462 3.3641740065067998 13.227047868072985 7.5585555657744399
leaf_count=54 21 15 947 109 125 287 135 461 303 4240 199 57 39 126
internal_value=0.000268336 0.0258581 -0.0276297 -0.00547699 0.00174228 0.0101626 -0.0208722 -0.0429397 0.0443612 -0.0474729 0.0207027 0.0265111 0.017273 0.0242128
internal_weight=404.972 211.262 193.71 92.1317 92.1948 69.214 45.9856 29.0527 119.068 101.578 59.4418 55.3704 16.933 46.2091
internal_count=7118 1258 5860 1599 940 652 689 515 318 4261 365 256 174 251
is_linear=0
shrinkage=0.05


Tree=51
num_leaves=15
num_cat=0
split_feature=29 91 3 3 59 67 40 73 110 15 41 120 21 125
split_gain=124.769 47.3537 34.8777 25.6271 23.0355 18.6619 18.5162 12.8328 9.26391 11.2367 9.10488 8.58265 8.5695 16.1433
threshold=903.52023315429699 0.018619817681610588 10.16434955596924 19.989950180053714 38.323677062988288 35.603672027587898 0.096464019268751158 1229.445251464844 546.86447143554699 0.22729358077049258 0.03989666514098645 -27.499999999999996 0.0048353630118072042 8.5000000000000018
decision_type=2 10 8 10 2 2 10 2 2 10 10 2 10 2
left_child=2 10 4 -3 11 7 -7 12 -4 -10 -2 -1 -5 -14
right_child=1 3 8 5 -6 6 -8 -9 9 -11 -12 -13 13 -15
leaf_value=-0.052462749676964404 -0.05212203768973267 -0.050493881562907898 0.050027120942123519 0.044734110136533133 -0.053849827113274434 -0.055406047436749165 0.02737912115708549 -0.036804132560892017 -0.07456613730637475 0.043859484672234231 0.0089822835384279279 0.027632395701229259 -0.054154235790206486 0.027539543431654052
leaf_weight=2.8123077712953082 96.7235375829041 21.895062532275915 116.9783212672919 35.08198244869709 14.47799036093056 18.011468971148137 9.7158072777092439 7.7364640850573769 2.6909419018775216 3.4193716030567884 6.2131641563028088 30.670267160981894 6.8882735911756745 25.120519328862429
leaf_count=24 4456 917 280 85 450 400 38 135 29 5 79 106 94 91
internal_value=0.000756824 -0.0234693 0.0329113 -0.0026409 -0.00323456 0.0079645 -0.0264543 0.0208991 0.0469078 -0.0114465 -0.0483829 0.0195786 0.0279958 0.00885109
internal_weight=398.435 227.386 171.049 124.45 47.9606 102.555 27.7273 74.8272 123.089 6.11031 102.937 33.4826 67.0908 32.0088
internal_count=7189 6295 894 1760 580 843 438 405 314 34 4535 130 270 185
is_linear=0
shrinkage=0.05


Tree=52
num_leaves=15
num_cat=0
split_feature=29 40 52 134 134 119 37 92 125 48 79 79 25 3
split_gain=110.488 58.7018 31.5514 21.6554 17.6567 16.063 15.9918 13.4104 12.6678 9.20694 9.36252 8.39302 8.33373 8.06207
threshold=1275.8401489257815 0.011428944766521456 1.3452380895614626 0.92711213231086742 0.96897748112678539 0.091205526143312468 0.025686846114695076 4.4637999963015325e-05 -115.49999999999999 3.2918998840614229e-05 0.01078174961730838 0.0099504948593676108 421.46325683593756 70.957836151123061
decision_type=2 10 10 2 2 2 10 10 2 10 2 2 10 10
left_child=2 4 3 -1 -2 7 -3 -6 -8 10 -10 -7 -13 -12
right_child=1 6 -4 -5 5 11 8 -9 9 -11 13 12 -14 -15
leaf_value=-0.033672465630890741 -0.05375277522414329 -0.048561930994345172 0.046378394125849209 0.028443982748944181 -0.047700318228302355 -0.051895131491571815 -0.058838468386496201 0.03818264913015279 -0.054948453857679359 0.045645278306097492 0.050224982051939072 0.03234860069835107 -0.045865437374260132 -0.03396202883440616
leaf_weight=24.750361235812306 88.94661065749824 7.1629616506397715 113.47296128794551 29.830399731174111 5.2437658254057196 27.308712678030133 3.1697962004691353 16.165204711258411 4.3650872632861129 37.691870450973511 7.8543761018663627 6.8603297062218171 5.0108642913401127 3.3584467303007841
leaf_count=521 3929 246 326 139 221 1124 49 138 74 112 18 16 218 50
internal_value=0.00124902 -0.0226096 0.031463 0.000177421 -0.0396438 -0.0183949 0.0174333 0.0159572 0.0265086 0.0325777 0.000113762 -0.0370958 -0.0016642 0.0242933
internal_weight=381.192 213.138 168.054 54.5808 149.535 60.5889 63.6025 21.409 56.4396 53.2698 15.5779 39.1799 11.8712 11.2128
internal_count=7181 6195 986 660 5646 1717 549 359 303 254 142 1358 234 68
is_linear=0
shrinkage=0.05


Tree=53
num_leaves=15
num_cat=0
split_feature=29 3 73 91 31 2 40 95 124 121 110 94 2 94
split_gain=93.6091 42.2494 37.2621 23.5525 19.7909 16.5121 17.0738 14.9793 13.8245 11.1179 9.6799 19.0411 9.60828 9.0988
threshold=1926.4670410156252 8.0069236755371112 210.78704833984378 0.01714397314935923 66.334957122802749 50.827459335327156 0.01675959583371878 1.0188800388277743e-05 -0.26599924266338343 -2314.5812988281245 546.86447143554699 0.0019449570099823179 20.802987098693851 0.0021407022140920167
decision_type=2 8 2 10 8 10 10 10 8 2 2 8 10 10
left_child=1 4 8 -4 12 -5 13 -8 -2 -6 -3 -12 -1 -7
right_child=2 10 3 5 9 6 7 -9 -10 -11 11 -13 -14 -15
leaf_value=0.022134042661857818 0.04758764416840007 0.048416012630777244 -0.044850633559898379 0.041401159127549499 -0.071430796322041842 -0.063055846319069117 -0.053374163118698248 0.030763538268062197 -0.050261653890706984 0.035113273354018017 0.04039025961523382 -0.062546642946753661 -0.053526860163476145 -0.0028544346849212966
leaf_weight=4.5385715849697617 3.0085472520440817 106.1448107548058 25.187063064426184 26.379479909315705 1.8407386280596281 13.310226019471886 5.4356253426522008 29.972264332696795 86.482020515948534 19.394900362938643 13.686104448512198 5.4885581210255614 22.180584350600839 11.35621198453009
leaf_count=26 22 282 1073 76 16 336 94 110 4214 49 38 68 699 134
internal_value=0.000517824 0.02737 -0.0226362 -0.00327818 -0.0123579 0.00920771 -0.0053753 0.0167359 -0.0464826 0.0230808 0.0425498 0.00928581 -0.0403401 -0.0365307
internal_weight=374.406 173.274 201.131 111.641 47.9548 86.4538 60.0743 35.4079 89.4906 21.2356 125.319 19.1747 26.7192 24.6664
internal_count=7237 1178 6059 1823 790 750 674 204 4236 65 388 106 725 470
is_linear=0
shrinkage=0.05


Tree=54
num_leaves=15
num_cat=0
split_feature=37 78 64 91 39 81 9 69 73 65 65 65 97 17
split_gain=95.0675 41.2674 33.0984 26.2674 26.2631 26.1835 17.8834 15.9676 13.7377 13.4242 10.7732 7.99929 6.98486 6.11476
threshold=0.2149859964847565 0.22271825373172763 23.684668540954593 0.018619817681610588 0.0041515410412102946 0.043167702853679664 0.8164983093738557 36.914140701293952 36.888887405395515 32.696172714233406 16.358708381652836 19.796726226806644 2.5768250452529177e-05 0.068995632231235518
decision_type=8 2 2 8 10 2 10 2 2 2 2 2 8 8
left_child=3 2 -2 8 -5 7 -6 9 -1 10 -4 -3 -8 -11
right_child=1 11 5 4 6 -7 12 -9 -10 13 -12 -13 -14 -15
leaf_value=0.048172963746891173 0.042517184752074333 -0.028244640847085431 0.031317448042848847 -0.043449404049279668 -0.043908691454430167 0.031969873101705112 -0.039635140814528534 -0.057699501031305417 -0.051540722684431439 -0.023222358521535827 -0.073968819665066035 0.048227001447607054 0.040277625822575575 0.041385098237726063
leaf_weight=2.8602632209658614 34.248850364238024 2.9182639606297007 2.7121844850480574 26.755923179909587 8.2709439080208522 20.140308244153857 2.1895975396037093 29.882204672321677 76.607949817553163 4.385291529819372 7.7685929201543331 103.28343517333269 32.667651543393731 11.764800745993851
leaf_count=7 103 22 8 933 184 69 54 1022 4058 105 148 299 99 26
internal_value=0.00267975 0.0237599 0.00235486 -0.0279173 -0.00540912 -0.0159062 0.0186402 -0.0332276 -0.0473977 -0.0046735 -0.0463685 0.0458818 0.0342925 0.0235109
internal_weight=366.456 217.104 110.902 149.352 69.8841 76.6534 43.1282 56.5131 79.4682 26.6309 10.4808 106.202 34.8572 16.1501
internal_count=7137 1802 1481 5335 1270 1378 337 1309 4065 287 156 321 153 131
is_linear=0
shrinkage=0.05


Tree=55
num_leaves=15
num_cat=0
split_feature=116 79 69 93 70 69 79 101 123 32 126 127 112 32
split_gain=91.6682 52.1999 30.0459 23.3221 22.2064 22.1954 21.6699 18.3214 21.4381 17.0784 10.1136 10.0846 9.0823 8.87221
threshold=1.9001342058181765 0.076340328902006163 36.358932495117195 1.2222500117786696e-05 34.703720092773445 32.575269699096687 0.01078174961730838 0.0015830695047043266 982.06829833984386 46.934288024902351 -633.52023315429676 -40.367776870727532 44.500000000000007 34.703720092773445
decision_type=2 2 2 8 2 2 2 10 10 10 2 8 2 8
left_child=1 2 3 -1 11 6 -2 10 -9 -3 13 -5 -7 -4
right_child=5 9 7 4 -6 12 -8 8 -10 -11 -12 -13 -14 -15
leaf_value=-0.0472954294626418 -0.038218221643925382 0.049279544043664136 0.032552846436754677 0.025232928930575119 0.046774373513701117 0.0079099828008145634 0.051221162481010413 -0.051203056311631606 0.045717274997953833 -0.047736187897904431 0.033988511198959515 -0.068132933368879878 -0.052879675888377775 -0.1021881204879222
leaf_weight=9.5994365308433753 13.034470148384573 102.4481447301805 1.4237548112869287 4.1739126890897751 50.674326399341226 6.4067509416490784 12.09994515776634 45.064865123480558 5.7263789754360905 3.980545435100793 15.739940375089644 6.1172377001494151 77.091144086793065 2.0005418434739117
leaf_count=332 383 298 2 14 108 59 16 1515 39 163 66 96 4063 51
internal_value=0.00217443 0.0190022 -0.0010496 0.0218175 0.0332874 -0.0359039 0.00515114 -0.0240983 -0.0396042 0.0452405 0.0169233 -0.0313843 -0.0481769 -0.0514702
internal_weight=355.581 246.949 140.52 70.5649 60.9655 108.632 25.1344 69.9555 50.7912 106.429 19.1642 10.2912 83.4979 3.4243
internal_count=7205 2684 2223 550 218 4521 399 1673 1554 461 119 110 4122 53
is_linear=0
shrinkage=0.05


Tree=56
num_leaves=15
num_cat=0
split_feature=116 32 97 11 21 57 120 46 122 12 69 125 66 53
split_gain=99.2063 45.4778 29.5052 18.3667 19.1171 18.5201 15.0482 10.5676 14.3918 10.4202 10.2539 12.4173 9.24915 9.34498
threshold=1.9001342058181765 67.173957824707045 2.5768250452529177e-05 0.14023724198341372 0.031292941421270377 3.5000000000000004 -76.499999999999986 3.974399987782818e-05 -15.950769424438475 0.13794926553964618 30.832298278808597 21.500000000000004 524.08663940429699 906.83062744140636
decision_type=2 10 8 8 10 2 2 10 8 10 2 2 2 8
left_child=1 2 -1 4 6 -6 9 8 -8 -4 11 -2 13 -10
right_child=10 -3 3 -5 5 -7 7 -9 12 -11 -12 -13 -14 -15
leaf_value=-0.049358819296684148 -0.0581371245252481 -0.044965110970905324 -0.076043323301633034 0.047780625535608794 0.014943970516496888 -0.072472519440852992 0.049787321549948541 0.05092566788395219 0.00057788938782205458 0.031715037741231682 -0.046710791797869085 0.029775477024362375 0.028374463405471478 -0.077424164265280912
leaf_weight=11.222440709359942 5.3006701301783314 23.856452384963632 4.7412825375795355 89.960506003350019 13.663456724956633 9.5106345051899535 15.944684706628321 43.021306794136763 8.631917841732502 2.9563132710754871 84.22341101244092 10.084808699786661 8.6879840083420259 5.8953316630795607
leaf_count=496 166 1129 91 282 139 137 34 122 48 8 4246 86 74 96
internal_value=0.00173136 0.0192541 0.026581 0.0310003 0.0173457 -0.0224456 0.0277394 0.0340466 0.0146968 -0.0357698 -0.0399279 -0.00221216 -0.0104648 -0.034024
internal_weight=337.701 238.092 214.236 203.013 113.053 23.1741 89.8788 82.1812 39.1599 7.6976 99.6089 15.3855 23.2152 14.5272
internal_count=7154 2656 1527 1031 749 276 473 374 252 99 4498 252 218 144
is_linear=0
shrinkage=0.05


Tree=57
num_leaves=15
num_cat=0
split_feature=37 11 34 6 134 123 34 39 64 107 102 4 68 12
split_gain=79.997 46.6984 31.6308 24.5121 17.8718 15.7113 15.1407 13.1247 10.0726 9.19297 9.15046 6.33402 13.865 5.83971
threshold=0.2149859964847565 0.15504211187362674 24.230171203613285 30.832298278808597 0.96897748112678539 77.001277923583999 1410.6363525390627 0.0041515410412102946 30.95268535614014 433.51496887207037 13.500000000000002 20.886837959289554 32.714891433715827 0.010695492848753931
decision_type=8 8 10 8 2 10 10 10 2 2 2 10 2 8
left_child=3 2 11 7 -4 -5 -7 13 -6 -10 -3 -2 -13 -1
right_child=1 10 4 5 8 6 -8 -9 9 -11 -12 12 -14 -15
leaf_value=-0.049437830962432171 0.046605651615052361 0.050496481514042339 -0.049384445064660144 -0.049696360347716392 -0.060324284707759225 -0.048655627669800798 0.045961506978818928 0.030083499416070737 0.031432685310095382 -0.047248239490402077 -0.0218099622396251 -0.089213994694226473 0.026000530139471362 0.033549682420174275
leaf_weight=9.4234977392479742 25.046447187662125 87.977473692968488 32.63558740913868 83.308878365904093 3.9538529068231609 6.4781532092019907 8.7435963219031674 22.07299442589283 19.80735776945949 3.5925942566245785 4.0684843547642222 2.1625680923461941 14.07427918165922 1.9084799438714988
leaf_count=435 61 262 1042 4473 84 258 85 134 87 163 38 39 41 5
internal_value=0.00108458 0.0215282 -0.00194742 -0.0288071 -0.0249695 -0.0412523 0.00517676 0.00803314 0.00487418 0.0179115 0.0471004 0.0313056 0.00636972 -0.0338743
internal_weight=325.254 193.319 101.273 131.936 59.9894 98.5306 15.2217 33.405 27.3538 23.4 92.046 41.2833 16.2368 11.332
internal_count=7207 1817 1517 5390 1376 4816 343 574 334 250 300 141 80 440
is_linear=0
shrinkage=0.05


Tree=58
num_leaves=15
num_cat=0
split_feature=116 11 69 46 76 37 39 62 122 30 69 79 111 106
split_gain=91.9652 42.7071 26.79 24.0607 23.6284 17.5065 15.0362 13.9197 13.1512 11.3565 9.31673 12.7979 6.39645 9.94214
threshold=1.9001342058181765 0.15504211187362674 37.743314743041999 2.5662499865575231e-05 0.098105512559413924 0.044036846607923515 0.6711711883544923 7.9239802360534677 -45.535810470581048 1304.334411621094 30.832298278808597 0.012232529930770399 493.29273986816412 169.03421020507815
decision_type=2 8 2 8 2 8 10 2 10 8 2 2 2 2
left_child=1 2 3 -1 5 -4 -3 8 -5 12 11 -2 13 -7
right_child=10 6 4 7 -6 9 -8 -9 -10 -11 -12 -13 -14 -15
leaf_value=-0.045883301255964071 -0.044458929100413852 0.048285606104790824 -0.048985756037284355 0.022266151979505773 -0.077920554843956907 -0.048708824441593787 -0.04733070838668961 0.046142534211688936 -0.069655246792264494 0.049157101999692879 -0.047167054707108649 0.044527034741595604 -0.048606349073582092 0.041901921658129525
leaf_weight=10.659789522178469 7.6255056690424663 91.42806816753 14.665183615870772 11.235285712406037 14.309203746728597 3.6516054105013662 3.5359588339924803 46.431628052145243 4.7188773285597554 13.092338373884557 76.705729572102427 6.6048369668424129 5.9813493937253943 7.7908673416823149
leaf_count=412 231 309 848 49 354 142 173 107 94 30 4282 10 185 28
internal_value=0.00188101 0.0188659 0.000468914 0.020632 -0.0242202 -0.00589394 0.0442692 0.032542 -0.00742691 0.015712 -0.0403542 -0.00294543 -0.010723 0.0113948
internal_weight=318.436 227.5 132.536 73.0456 59.4905 45.1813 94.964 62.3858 15.9542 30.5162 90.9361 14.2303 17.4238 11.4425
internal_count=7254 2731 2249 662 1587 1233 482 250 143 385 4523 241 355 170
is_linear=0
shrinkage=0.05


Tree=59
num_leaves=15
num_cat=0
split_feature=37 79 69 49 102 77 7 3 122 40 110 49 100 122
split_gain=77.4735 40.5137 33.9622 23.2214 15.5406 14.5325 13.5622 11.736 18.2882 7.19522 6.87972 7.68483 6.64291 6.29671
threshold=0.024721916764974598 0.094428792595863356 36.358932495117195 0.00033515450195409363 15.500000000000002 1.0000000180025095e-35 30.832298278808597 11.259958267211916 -31.902875900268551 0.10300619155168535 211.85807037353518 2.4836500415403865e-05 0.31477814912796026 -122.53968048095702
decision_type=8 2 2 10 2 2 10 8 8 10 2 8 8 8
left_child=6 2 7 5 -3 10 12 8 -2 -5 13 -12 -1 -4
right_child=1 4 3 9 -6 -7 -8 -9 -10 -11 11 -13 -14 -15
leaf_value=-0.022507943097033186 0.042327838598274367 0.04816429489944693 0.023137401589532411 -0.059124038812298586 -0.049170850275642108 -0.061306139698200063 -0.049607006211199241 0.035106561042710392 -0.052754858004741015 0.004332901396588369 -0.039656726629257309 0.042622490359422269 0.04876276591805899 -0.074612957718942371
leaf_weight=6.6601794026792023 8.2445111218839866 81.903345773927867 2.5359668768942356 32.412430168129504 3.5344318002462378 5.5599586069583884 65.92804713267833 55.843021182343364 10.219451277516784 5.0052122380584469 2.4692897088825729 20.521040427498519 4.7459738012403259 2.3510511144995716
leaf_count=209 22 281 6 1497 114 218 4107 262 211 29 80 93 8 39
internal_value=0.00198273 0.016515 0.0003752 -0.0242174 0.0436154 0.00607815 -0.041008 0.0238355 -0.0103052 -0.0507438 0.0211751 0.0325006 0.0086872 -0.0285745
internal_weight=307.934 230.6 145.162 70.8549 85.4378 33.4373 77.3342 74.307 18.464 37.4176 27.8773 22.9903 11.4062 4.88702
internal_count=7176 2852 2457 1962 395 436 4324 495 233 1526 218 173 217 45
is_linear=0
shrinkage=0.05


Tree=60
num_leaves=15
num_cat=0
split_feature=37 11 69 19 102 52 123 46 10 62 63 45 134 137
split_gain=70.4533 39.2182 25.1886 19.7993 18.2595 14.5338 12.731 11.2384 11.0682 10.3888 9.50916 8.70744 8.26006 6.15432
threshold=0.024721916764974598 0.15504211187362674 37.743314743041999 0.22829508036375049 15.500000000000002 1.9761904478073122 59.150243759155281 3.0782501198700636e-05 0.096125788986682906 12.77957344055176 67.94998931884767 0.00034877481812145566 0.96897748112678539 74.259101867675795
decision_type=8 8 2 8 2 8 10 10 10 2 2 8 2 2
left_child=6 2 7 11 -3 -5 -1 10 -7 -9 13 -4 -8 -2
right_child=1 4 3 5 -6 8 12 9 -10 -11 -12 -13 -14 -15
leaf_value=-0.049380332389745395 -0.019846411130413483 0.047972725701786199 0.026039628198710581 -0.057409387247807447 -0.052981435058260598 0.035987420244607514 -0.043387052686658538 -0.041522574722052646 -0.068555085400052715 0.041901701215708249 -0.06027893833304887 -0.059020030744799001 0.034304648141001162 0.026342429362035694
leaf_weight=60.149476389400661 10.904792132787408 81.594945929944515 2.783664038404825 6.0351037848740843 3.9346373528242102 20.660977997817103 4.4944385169073913 3.3050433583557597 1.9347083829343308 40.752013665623963 5.0548875369131556 28.745669972151518 8.0984761053696275 17.508958696387708
leaf_count=3939 135 292 9 194 121 119 231 154 36 121 108 1483 99 107
internal_value=0.00245639 0.0163918 -0.000184354 -0.0242415 0.0427699 0.00588754 -0.0399478 0.018555 0.0245101 0.0348608 -0.00329803 -0.0509406 0.00542434 0.00854374
internal_weight=295.958 223.215 137.686 60.1601 85.5296 28.6308 72.7424 77.5257 22.5957 44.0571 33.4686 31.5293 12.5929 28.4138
internal_count=7148 2879 2466 1841 413 349 4269 625 155 275 350 1492 330 242
is_linear=0
shrinkage=0.05


Tree=61
num_leaves=15
num_cat=0
split_feature=59 32 79 93 137 31 84 38 49 50 137 122 32 134
split_gain=69.6757 32.7006 23.4384 24.1356 20.9243 15.5009 13.3647 11.1518 10.8511 9.91166 9.67926 9.22967 7.40629 6.30233
threshold=7002.9167480468759 99.833332061767592 0.0099504948593676108 1.6676000086590651e-05 65.296279907226577 78.418392181396499 0.029619075357913974 0.012598456349223854 0.015010138973593714 0.03221148997545243 95.292655944824233 -34.626602172851555 32.575269699096687 0.90623369812965404
decision_type=2 10 2 8 2 8 2 10 8 10 2 8 10 2
left_child=1 2 3 9 7 -4 -7 8 -5 12 13 -10 -1 -6
right_child=-2 -3 5 4 10 6 -8 -9 11 -11 -12 -13 -14 -15
leaf_value=0.034399325740815195 -0.047246072127523096 -0.042788077793303923 -0.039609699625067579 0.040677468860598476 -0.023700576271944034 0.046036895923325785 -0.051620107530143101 -0.081582545768366557 0.018022555205230807 -0.052225960074685579 -0.052199790841585103 -0.062804815443044448 -0.043026440409532463 0.043559960955290446
leaf_weight=7.2169010778889078 54.264727569185197 21.315257021225989 5.3141113491728893 8.179795075207954 3.1096742637455455 94.535400303080678 2.8410733621567479 4.5019780546426764 5.4990487080067396 19.810796335339546 2.188461053185164 7.3546758936718089 3.9616814320906997 53.649396215565503
leaf_count=66 3774 1207 121 26 52 345 51 95 33 817 30 168 181 198
internal_value=0.00339233 0.0150155 0.0208326 0.00528843 0.0191108 0.038092 0.0426919 -0.0182035 -0.00155098 -0.0318134 0.035309 -0.0294206 0.00567984 0.0395284
internal_weight=293.743 239.478 218.163 115.472 84.483 102.691 97.3765 25.5355 21.0335 30.9894 58.9475 12.8537 11.1786 56.7591
internal_count=7164 3390 2183 1666 602 517 396 322 227 1064 280 201 247 250
is_linear=0
shrinkage=0.05


Tree=62
num_leaves=15
num_cat=0
split_feature=116 11 137 97 34 69 20 73 126 93 59 19 80 79
split_gain=62.286 29.7595 20.7088 16.4387 16.0486 15.4534 13.8179 13.178 16.3768 12.2122 10.283 9.19973 8.93186 8.56486
threshold=1.9001342058181765 0.15504211187362674 65.296279907226577 0.0030883742729201917 119.61271286010744 35.932809829711921 6.9087898737052469e-05 221.28826141357425 495.19255065917974 1.2222500117786696e-05 8506.0527343750018 0.21897831559181216 0.1123737394809723 0.034105207771062858
decision_type=2 8 2 8 10 2 8 2 2 8 2 8 2 2
left_child=1 2 3 6 -3 9 -1 -2 -9 -4 -10 -8 13 -7
right_child=7 4 5 -5 -6 12 11 8 10 -11 -12 -13 -14 -15
leaf_value=-0.046768134184439369 -0.048405739684958531 0.048916474449550974 -0.040480556485082454 -0.052871394832629627 -0.046414700657718716 -0.05647247519214782 -0.023417173296898894 -0.057967109446578714 0.031205919398005429 0.045223315447264018 -0.046101446086619896 0.039020581118989935 0.025321186251286161 0.030469467977256155
leaf_weight=9.4619654761627299 50.156603829935193 71.034675700590014 3.812684876844286 20.738757968880236 3.9355027303099623 10.610327375121416 7.6274169851094511 10.156699648126958 19.097009088844064 43.802949214354157 4.532411776483058 18.771749280393124 8.8949698545038682 3.0387302897870532
leaf_count=469 3733 264 158 667 195 441 184 382 129 123 287 98 86 12
internal_value=0.00357131 0.0186194 0.0037578 -0.018562 0.043367 0.0217717 0.00217543 -0.0323854 -0.00789476 0.0376693 0.0151077 0.0207844 -0.0119798 -0.0363577
internal_weight=285.672 201.73 126.76 56.5999 74.9702 70.1597 35.8611 83.9427 33.7861 47.6156 23.6294 26.3992 22.544 13.6491
internal_count=7228 2697 2238 1418 459 820 751 4531 798 281 416 282 539 453
is_linear=0
shrinkage=0.05


Tree=63
num_leaves=15
num_cat=0
split_feature=116 46 63 65 111 19 120 126 19 79 34 121 122 27
split_gain=55.8257 27.6637 21.0645 20.2828 17.421 15.0353 12.4202 9.29482 13.3924 8.10959 7.322 6.93457 5.21819 14.4802
threshold=1.4229232072830202 4.3415999243734411e-05 28.443740844726566 45.371795654296882 2042.1732177734377 0.27234308421611791 -285.49999999999994 495.19255065917974 0.57602316141128551 0.077206529676914229 24.230171203613285 -2314.5812988281245 -15.950769424438475 133.13580322265628
decision_type=2 10 2 2 2 8 2 2 8 2 8 2 8 8
left_child=1 5 -2 6 7 9 -3 8 -4 10 -1 -7 -13 -14
right_child=2 3 4 -5 -6 11 -8 -9 -10 -11 -12 12 13 -15
leaf_value=0.033665247607473463 -0.048632674262839459 -0.065027194833456245 -0.063641614811814684 -0.046620768101952453 -0.048774670639090231 -0.044410229129298075 0.044185340658934064 0.026842960694294444 0.036337008685660317 0.026076938179917776 -0.058469959750457823 0.047608856785893439 -0.073429856623448475 0.026827894120197333
leaf_weight=1.7731174826622069 53.731011302210391 1.8291321601718653 7.1899659764021608 6.2200188152492037 15.389320463873444 3.5930450437590471 91.756760722957551 29.406669235788286 4.8197859413921842 3.6345053184777489 18.592876517213881 11.009651069529353 3.6068695997819367 15.557282063178716
leaf_count=4 3986 22 160 469 927 64 399 173 19 15 786 25 39 126
internal_value=0.000615332 0.0196769 -0.0264903 0.0354931 -0.00506745 -0.00778801 0.0413859 0.0119401 -0.023809 -0.0372546 -0.0492482 0.0136251 0.0217388 0.00525265
internal_weight=268.11 157.573 110.537 99.8059 56.8057 57.7673 93.5859 41.4164 12.0098 24.0005 20.366 33.7668 30.1738 19.1642
internal_count=7214 1949 5265 890 1279 1059 421 352 179 805 790 254 190 165
is_linear=0
shrinkage=0.05


Tree=64
num_leaves=15
num_cat=0
split_feature=116 79 134 92 31 18 49 55 111 62 125 32 48 19
split_gain=54.9476 32.5268 20.9827 15.0922 14.2261 13.122 10.4851 11.897 10.0194 11.1735 8.1182 7.85993 7.46344 6.23912
threshold=1.9001342058181765 0.082576889544725432 0.7222222387790681 3.8997499359538785e-05 81.350021362304702 9.0097997599514215e-05 0.0060725130606442699 665.09390258789074 1643.6293945312502 234.31866455078128 5.5000000000000009 19.97103309631348 1.818050009205763e-06 1.0240182876586916
decision_type=2 2 2 8 8 10 8 10 2 2 2 10 10 10
left_child=1 2 6 -4 -3 -5 7 -1 9 13 -11 -7 -9 -2
right_child=8 4 3 5 -6 11 -8 12 -10 10 -12 -13 -14 -15
leaf_value=0.035162829902545323 -0.050691879489983285 -0.043169679023030767 -0.049827406998709592 0.037182323481632321 0.048363619230062646 0.034595817806308694 -0.059003011476865791 0.031419974343290538 -0.050910655585737499 -0.048569951111431225 0.033901067089346162 -0.031227075628164982 -0.054196082314634277 0.033810593029382906
leaf_weight=8.9653873834759015 15.368814364075661 3.7875513778999439 7.1126563316211096 45.203769373707473 64.06743276771158 5.6109342575073269 16.688492416404188 2.5553381443023673 42.158508968539536 2.8818053612485519 12.645848419517277 13.737774376757441 10.463938792236148 1.8137865131720907
leaf_count=31 962 167 385 201 269 17 652 30 3400 96 65 399 526 5
internal_value=0.000636852 0.0157349 -0.00108346 0.0148933 0.0427016 0.0226758 -0.0303191 -0.00692552 -0.0350314 -0.0136623 0.0165825 -0.011377 -0.0363494 -0.0404029
internal_weight=253.062 178.193 110.338 71.6651 67.855 64.5525 38.6732 21.9847 74.8688 32.7103 15.5277 19.3487 13.0193 17.1826
internal_count=7205 2677 2241 1002 436 617 1239 587 4528 1128 161 416 556 967
is_linear=0
shrinkage=0.05


Tree=65
num_leaves=15
num_cat=0
split_feature=116 121 17 97 54 134 69 79 11 124 79 30 9 10
split_gain=59.798 25.9816 19.4408 17.4638 15.6745 12.619 9.28256 11.0082 8.10138 6.65626 5.85536 7.81445 5.70482 5.29135
threshold=1.4229232072830202 -26974.250976562496 0.068995632231235518 2.5768250452529177e-05 6.2843715568305938e-05 0.92711213231086742 32.575269699096687 0.012232529930770399 0.14023724198341372 0.38315427303314215 0.032002048566937454 71.521446228027358 0.73861283063888561 0.060773944482207305
decision_type=2 2 10 8 10 2 2 2 10 10 2 10 10 10
left_child=1 12 6 -3 5 8 7 -2 9 -5 11 -4 -1 -6
right_child=2 3 10 4 13 -7 -8 -9 -10 -11 -12 -13 -14 -15
leaf_value=-0.0013171065241106047 -0.037825719152562387 -0.045846649794588606 0.031476500205553176 -0.065853918398876887 0.048338892698725926 0.027671270636386053 -0.05082188269083248 0.042558279003645089 0.02522809006465293 0.024503384949939581 0.026202257716797323 -0.057426539034896376 -0.071667232297685748 0.019477557911043455
leaf_weight=4.4547806000336987 10.087788155302407 6.8975557098165146 3.3177944701164979 9.5864624660462123 74.39983479026705 22.51981477253139 56.688177213072777 5.9360862448811522 4.3382426938042036 1.9690872086212028 16.438812739215791 5.118460095487535 7.3629887690767646 22.585463967174292
leaf_count=79 417 467 23 446 338 148 4550 13 63 6 74 152 227 166
internal_value=0.0019076 0.0212528 -0.0285489 0.0272382 0.0312702 0.00408715 -0.0414591 -0.00729656 -0.028989 -0.0497316 0.00933267 -0.0228325 -0.04732 0.0418852
internal_weight=251.701 154.114 97.5871 142.296 135.399 38.4136 72.7121 16.0239 15.8938 11.5555 24.8751 8.43625 11.8178 96.9853
internal_count=7169 1940 5229 1634 1167 663 4980 430 515 452 249 175 306 504
is_linear=0
shrinkage=0.05


Tree=66
num_leaves=15
num_cat=0
split_feature=116 121 73 37 46 73 81 11 76 7 122 32 104 31
split_gain=46.4939 28.6453 18.4686 16.566 12.4465 12.1107 11.887 7.57171 10.9612 6.68559 6.6788 6.6537 6.31063 6.06891
threshold=1.4229232072830202 -12685.899902343748 210.78704833984378 0.0015788440359756353 3.974399987782818e-05 246.20085906982425 0.0090499590151011961 0.15983193367719653 0.098105512559413924 126.66563034057619 -31.902875900268551 32.575269699096687 1.3541666865348818 89.531368255615249
decision_type=2 2 2 8 10 2 2 10 2 10 8 10 2 10
left_child=1 9 -2 -3 7 13 -7 8 10 -1 -5 -12 -6 -4
right_child=2 3 5 4 12 6 -8 -9 -10 -11 11 -13 -14 -15
leaf_value=-0.072175065007419437 -0.047959802782708449 -0.033157386692100159 -0.032367650693460176 0.042002944032802386 -0.011310292579898054 -0.0470370278447719 0.0095010735121820455 0.047936640974167388 -0.058456773516058685 0.0058997226183163803 0.012592124860361032 -0.049304319510133074 0.047552300614423393 0.043637753956505557
leaf_weight=8.8462851857766491 47.106155188754201 10.058718945831059 2.450126761570572 10.502883702516554 4.5017012488096944 18.850785876624286 16.955012718215585 9.2390037477016431 5.760486955754458 3.6023581791669121 13.651086390949791 5.1889919908717266 69.00802443549037 13.290473927743731
leaf_count=268 4021 699 98 32 102 874 223 23 107 73 116 204 290 44
internal_value=0.000484981 0.0189217 -0.0256728 0.0260511 0.031341 -0.00478051 -0.020734 0.0101037 -0.000905648 -0.0508232 0.0119467 -0.00608141 0.0438442 0.0305802
internal_weight=239.012 140.36 98.6526 127.911 117.852 51.5464 35.8058 44.3425 35.1034 12.4486 29.343 18.8401 73.5097 15.7406
internal_count=7174 1914 5260 1573 874 1239 1097 482 459 341 352 320 392 142
is_linear=0
shrinkage=0.05


Tree=67
num_leaves=15
num_cat=0
split_feature=37 79 64 123 5 113 31 31 3 22 66 131 97 2
split_gain=42.4845 34.7639 25.648 21.3294 13.9594 13.1489 12.696 10.9182 10.0326 9.38495 5.92392 4.8349 4.35357 4.05464
threshold=0.012592193204909565 0.0099504948593676108 23.684668540954593 1208.3362426757815 34.752981185913093 242.19736480712893 89.531368255615249 311.07174682617193 158.36261749267581 5.9447998864925473e-05 36.35838699340821 0.99619111418724071 2.5768250452529177e-05 56.32274246215821
decision_type=8 2 2 8 10 2 8 10 10 10 2 2 8 10
left_child=4 2 -2 9 -1 11 -3 -7 12 -4 -10 -5 -8 -9
right_child=1 6 3 5 -6 7 8 13 10 -11 -12 -13 -14 -15
leaf_value=0.03755614874695299 0.036388787800268343 -0.042109283407504611 0.018007474316818952 -0.078275277844034333 -0.05064793540067071 0.035501452543323556 -0.0311753332472091 0.017795576166520315 0.020380130602206205 -0.054637597505278329 -0.057262798651270035 0.004579968396816095 0.046197909762306588 -0.054964251000027192
leaf_weight=4.3138197548687449 24.420907679013908 4.2943315505981436 4.5730634629726401 4.4914288455620399 39.756581409834325 24.021061725914482 1.207273039035498 2.2821072814986101 5.1903575025498849 35.820064086467028 3.1311673307791352 2.4362576529383659 77.012702947482467 4.7310090977698565
leaf_count=40 128 133 61 54 3526 212 34 25 26 2290 95 12 397 101
internal_value=0.00238148 0.0125023 -0.0074081 -0.0213448 -0.0413724 0.00558457 0.0348651 0.0197193 0.0391221 -0.0461768 -0.0118438 -0.0522353 0.0446253 -0.0320217
internal_weight=237.682 193.612 102.776 78.355 44.0704 37.9619 90.8358 31.0342 86.5415 40.3931 8.32152 6.92769 78.22 7.01312
internal_count=7134 3568 2883 2755 3566 404 685 338 552 2351 121 66 431 126
is_linear=0
shrinkage=0.05


Tree=68
num_leaves=15
num_cat=0
split_feature=37 11 32 100 32 34 45 1 97 37 129 4 11 79
split_gain=49.604 30.3336 18.9942 11.703 10.6671 10.0957 8.90773 8.10291 8.02104 7.51906 7.09176 6.58691 7.34609 5.93468
threshold=0.029459980316460136 0.15504211187362674 35.370967864990241 0.18821949511766436 16.358708381652836 28.865631103515629 1.0000000180025095e-35 60.486841201782234 0.11277645081281663 0.16029196977615359 0.42796704173088079 30.832298278808597 0.01014890428632498 0.012739370577037336
decision_type=8 8 10 10 8 10 8 2 10 8 10 10 8 2
left_child=11 2 3 5 -3 10 -7 -4 -5 -6 -2 12 -1 -8
right_child=1 4 7 8 9 6 13 -9 -10 -11 -12 -13 -14 -15
leaf_value=-0.046043487050983434 0.032364265386317009 -0.050589290733677544 0.030515154008225676 0.034050981474519557 -0.042801022192624522 0.039325285069527802 -0.05641763120887653 -0.049329131050828499 -0.03768046710787535 0.048587781481993657 -0.042819751339872675 -0.050540036283646055 0.021307754290967762 0.012304658473609731
leaf_weight=6.5605442952364657 14.578917790204288 2.2332226568832994 2.988711807876828 39.028173800557852 1.6035936353728164 3.000260382890704 15.818240840919318 22.470052747987211 3.4936536364257327 58.522614512592554 3.0116445049643508 40.515548704192042 7.8205736447125682 3.4727010726928702
leaf_count=481 44 50 11 217 67 9 585 1310 79 284 18 3768 139 47
internal_value=0.000496477 0.0138454 -0.00226379 0.00946721 0.0413051 -0.00988402 -0.0316213 -0.0391568 0.0274271 0.0454901 0.0178813 -0.0404025 -0.0104132 -0.0440497
internal_weight=225.118 170.222 107.862 82.4036 62.3594 39.8818 22.2912 25.4588 42.5218 60.1262 17.5906 54.8967 14.3811 19.2909
internal_count=7109 2721 2320 999 401 703 641 1321 296 351 62 4388 620 632
is_linear=0
shrinkage=0.05


Tree=69
num_leaves=15
num_cat=0
split_feature=113 73 49 73 69 1 31 137 120 11 122 136 48 18
split_gain=45.9959 28.0226 16.3049 13.1872 13.5074 11.1305 10.4174 10.171 10.1681 7.74352 9.43794 6.48687 6.38431 5.20556
threshold=2386.7412109375005 210.78704833984378 0.20789377391338351 611.74948120117199 28.155234336853031 1421.159118652344 82.384460449218764 85.286026000976577 -185.49999999999997 0.24291939288377765 -101.01298904418944 1.0000000180025095e-35 1.7231499782610629e-06 3.9002499761409133e-05
decision_type=2 2 8 2 2 2 10 2 2 10 8 2 10 8
left_child=2 -2 8 5 -5 -3 -7 9 -1 10 -4 -9 -8 -12
right_child=1 3 7 4 -6 6 12 11 -10 -11 13 -13 -14 -15
leaf_value=-0.053918345089105452 -0.050669051160381395 -0.050279757517757206 0.019565382721078731 0.045086878981299705 -0.052655658075921388 -0.044905075826955222 -0.041549366401488756 -0.037293093905228045 0.046179205751469755 0.022789409260974561 0.026818752221330497 0.045157723409385619 0.030385331172905886 -0.071555355616559096
leaf_weight=1.8409837093204249 43.648087491281331 5.6258591357618561 4.5159150529652834 3.5779397785663631 17.086365309543908 4.9014147026464334 2.4517399678006759 2.1028652042150471 59.330041192471981 6.6096458118408909 1.0060076415538795 12.540213982574642 45.136857122182846 10.364274063147604
leaf_count=19 4285 74 43 5 1134 261 113 78 278 120 2 30 336 406
internal_value=0.00136468 -0.0190224 0.0266892 -0.0010733 -0.034432 0.0111699 0.0185729 0.000463937 0.0423479 -0.0203455 -0.0385791 0.03169 0.0259004 -0.0613871
internal_weight=220.738 122.428 98.3099 78.7802 20.6643 58.1159 52.49 37.1389 61.171 22.4958 15.8862 14.6431 47.5886 11.3703
internal_count=7184 6208 976 1923 1139 784 710 679 297 571 451 108 449 408
is_linear=0
shrinkage=0.05


Tree=70
num_leaves=15
num_cat=0
split_feature=37 11 34 100 5 43 102 72 34 71 52 45 11 5
split_gain=34.9921 23.3499 20.438 15.0033 12.7452 12.6519 12.2514 9.39846 9.07839 8.46511 7.35903 6.83888 6.85316 5.09727
threshold=0.014713614247739317 0.15504211187362674 24.230171203613285 0.17390877753496173 34.752981185913093 0.91140267252922069 15.500000000000002 1380.250671386719 96.696174621582045 32.696172714233406 1.4852941036224367 8.414789408561775e-05 0.021352583542466167 220.15523529052737
decision_type=8 8 8 8 10 10 2 2 10 2 8 8 10 10
left_child=4 2 -2 11 -1 7 8 9 -3 -5 -11 -4 -13 -7
right_child=1 6 3 5 -6 13 -8 -9 -10 10 -12 12 -14 -15
leaf_value=0.034209569439036525 0.042029172083823868 0.047674254185328141 0.027952148741528883 -0.068711569987881083 -0.048572696730734027 -0.031578888323733727 -0.04962433171623825 -0.050793197461618061 -0.049431375680113326 -0.03882695213286777 0.023111425031819163 -0.050525897500786537 0.0029602763670439031 0.048584983179329272
leaf_weight=4.5905633503571144 22.047329152934253 52.322555411607027 3.4154615094885221 2.6223667124286285 36.369884319137782 1.5550893843174005 2.9436152894049874 9.3504556315019709 1.7397902607917775 4.924183921422812 25.220733805559576 29.022964892908931 7.3478616476058951 15.994912791997193
leaf_count=44 99 256 16 34 3637 105 119 254 88 188 150 1975 142 44
internal_value=0.00241892 0.0120173 -0.000439044 -0.0101782 -0.0387009 0.00570913 0.0381165 -0.00924563 0.0437083 0.00376347 0.012072 -0.0335604 -0.0399302 0.0401623
internal_weight=219.468 178.507 121.501 99.454 40.9604 59.6677 57.006 42.1177 54.0623 32.7673 30.1449 39.7863 36.3708 17.55
internal_count=7151 3470 3007 2908 3681 775 463 626 344 372 338 2133 2117 149
is_linear=0
shrinkage=0.05


Tree=71
num_leaves=15
num_cat=0
split_feature=59 11 32 124 34 46 32 39 27 136 122 78 62 127
split_gain=36.7709 21.1872 20.1048 16.9762 15.7095 10.6576 9.47197 8.82632 8.50236 7.05353 12.2605 6.11473 5.6714 4.34951
threshold=9895.2504882812518 0.15504211187362674 35.370967864990241 -0.099962934851646409 100.58281707763673 3.974399987782818e-05 16.358708381652836 0.50125628709793102 1839.8211669921877 1.0000000180025095e-35 -15.950769424438475 0.13360107690095904 7.9239802360534677 -69.104232788085923
decision_type=2 8 10 8 10 10 8 8 10 2 8 2 2 10
left_child=1 2 5 13 6 8 -3 -5 9 10 -1 12 -7 -4
right_child=-2 4 3 7 -6 11 -8 -9 -10 -11 -12 -13 -14 -15
leaf_value=0.025010072376518977 -0.049360132790833067 -0.04462687240372936 0.046393986142367845 -0.052133109183747653 -0.049363677397023742 -0.035358851822753119 0.047630991746342423 0.04016253898962642 -0.049145943610930783 0.020947443381352973 -0.060301129383187983 -0.037786748741695048 0.041054066532514102 -0.03722625433285133
leaf_weight=7.2628881027922034 26.916217848658562 2.1717628864571461 7.1933816615492105 29.520791161805395 4.1431243075057855 1.8491391427814949 54.106194842606783 2.1075467467308036 7.0475967158563426 28.789169982075691 7.8118706345558149 2.1669981135055414 37.575941493734717 1.1286186608485858
leaf_count=29 3087 29 32 2289 239 96 299 2 392 245 206 28 173 76
internal_value=0.00431633 0.012023 0.000761481 -0.0284602 0.0362959 0.0135511 0.0433538 -0.0449406 -0.00185335 0.00667121 -0.0202 0.032008 0.0366841 0.0322767
internal_weight=219.791 192.875 132.454 39.9503 60.4211 92.5036 56.278 31.6283 50.9115 43.8639 15.0748 41.5921 39.4251 8.322
internal_count=7222 4135 3568 2399 567 1169 328 2291 872 480 235 297 269 108
is_linear=0
shrinkage=0.05


Tree=72
num_leaves=15
num_cat=0
split_feature=116 11 17 69 46 34 76 12 69 79 5 1 40 62
split_gain=29.6799 19.7065 18.1972 17.6114 11.1106 9.77137 9.59296 9.95543 9.23231 14.7019 10.1277 9.05922 7.15749 6.07656
threshold=1.4229232072830202 0.15504211187362674 0.021112483926117424 36.358932495117195 2.3519000023952689e-05 100.58281707763673 0.098105512559413924 0.045663053169846542 21.316130638122562 0.0099504948593676108 255.01761627197268 37.42260932922364 0.019324122928082946 89.141246795654311
decision_type=2 8 10 2 10 10 2 10 2 2 10 2 8 2
left_child=1 3 -2 4 11 -3 7 -5 -4 -10 13 -1 -12 -11
right_child=2 5 8 6 -6 -7 -8 -9 9 10 12 -13 -14 -15
leaf_value=0.020553240387886418 -0.050029007498356697 0.048708973782900844 0.046444624869719772 -0.034804348133865938 0.041738917065967274 -0.0452973808647055 -0.073870268649488119 0.028907561450406179 -0.042164327208504188 -0.034905387319286794 -0.062491027476518017 -0.050185619797843563 0.010760529548619183 0.050577069411788571
leaf_weight=9.8707835692912358 31.685086663812399 43.239870071411133 7.1609639637172213 14.685681066010153 26.464044890366495 2.1860636156052342 7.0603332780301562 9.1326648164540511 20.353029526304454 1.7089004749432231 4.694059920497236 6.8050440871156743 7.4688756614923486 13.307356486096976
leaf_count=33 3781 234 18 813 99 112 230 112 1179 72 96 294 52 32
internal_value=0.00168276 0.0177689 -0.0205101 0.00172771 0.0221579 0.0433068 -0.0266146 -0.0101948 -0.0028178 -0.0110435 0.0129305 -0.00951985 -0.0201093 0.0392769
internal_weight=205.823 119.444 86.3783 74.0186 43.1399 45.4259 30.8787 23.8183 54.6932 47.5322 27.1792 16.6758 12.1629 15.0163
internal_count=7157 1927 5230 1581 426 346 1155 925 1449 1431 252 327 148 104
is_linear=0
shrinkage=0.05


Tree=73
num_leaves=15
num_cat=0
split_feature=59 11 32 34 16 64 71 27 126 120 123 102 78 94
split_gain=30.3346 18.5834 16.2477 14.5573 14.0554 8.3442 9.42731 8.56391 7.99134 6.90334 6.69236 6.25986 5.05581 6.42056
threshold=9895.2504882812518 0.15504211187362674 35.370967864990241 100.58281707763673 0.0093919052742421644 20.582816123962406 32.696172714233406 2711.0456542968755 -86056.015624999985 -79.499999999999986 77.001277923583999 15.500000000000002 0.11771634593605997 0.00030583779152948415
decision_type=2 8 10 10 10 2 2 8 2 2 10 2 2 10
left_child=1 2 5 11 10 -1 -7 8 -8 -10 -4 -3 -11 -14
right_child=-2 3 4 -5 -6 6 7 -9 9 12 -12 -13 13 -15
leaf_value=0.038742291873299674 -0.047754210698402855 0.046229298333687253 -0.021027231755362991 -0.048635149059920516 -0.048458920346774015 -0.060197013937527105 -0.049666386117851735 -0.046269494486798068 -0.042864933071079761 0.029747108161265808 0.051277485820857893 -0.037951879190262688 0.021908911814330093 -0.071500203738214127
leaf_weight=20.150903858244419 24.712302467320114 46.746043268591166 5.3019278999418002 3.9555028495378783 24.820225297473371 4.4958847649395457 3.6103085516951969 5.5626880181953302 3.2656156453303984 44.297288537025452 5.7343089547939599 1.5947741596028198 3.7009750939905635 2.105855904519558
leaf_count=76 3047 259 224 243 2101 133 75 391 84 369 27 53 15 27
internal_value=0.00299921 0.0103825 -0.000297494 0.0350452 -0.0281745 0.0113563 0.00267608 0.00807193 0.0140835 0.0192302 0.0176805 0.0427392 0.024037 -0.0174936
internal_weight=200.055 175.342 123.046 52.2963 35.8565 87.1895 67.0386 62.5427 56.98 53.3697 11.0362 48.3408 50.1041 5.80683
internal_count=7124 4077 3522 555 2352 1170 1094 961 570 495 251 312 411 42
is_linear=0
shrinkage=0.05


Tree=74
num_leaves=15
num_cat=0
split_feature=59 79 20 31 123 68 93 116 39 84 130 8 74 34
split_gain=28.81 21.4821 21.3025 16.7063 12.1626 10.0822 9.57211 9.66781 6.45674 6.35365 6.10008 5.14256 4.91454 4.45726
threshold=9895.2504882812518 0.0099504948593676108 0.00014730769908055666 90.913070678710952 inf 34.703720092773445 1.2222500117786696e-05 0.097664620727300658 0.037210106849670417 0.0091326101683080214 0.10882714390754701 46.665632247924812 0.88190230727195751 28.865631103515629
decision_type=2 2 10 8 8 2 8 2 10 2 2 10 2 10
left_child=1 2 6 12 5 -4 13 10 11 -5 -8 -6 -3 -1
right_child=-2 3 4 9 8 -7 7 -9 -10 -11 -12 -13 -14 -15
leaf_value=0.031809838598909013 -0.047501912705372323 -0.065393950797294417 0.014021977989045553 0.042676233443160946 -0.040285094486592808 -0.056440469176429614 0.012045346987504856 0.047000707563707014 -0.052982971430586639 -0.0099997742009573058 -0.060827490165876276 0.033940909401441857 0.026842454098620745 -0.047127860811585036
leaf_weight=1.5860116481780995 23.670597904827446 4.6691675898618987 5.7330708876252165 61.026191541925073 1.9632570715621138 27.943131873384118 14.994611623231323 24.776161959860474 2.6304172724485388 5.9324019793421021 2.5004865555092683 11.965250388253478 1.3169071450829504 6.3789919568225741
leaf_count=5 3025 266 82 342 54 2354 98 100 42 91 29 134 5 523
internal_value=0.00309054 0.010229 -0.00478055 0.0306876 -0.0275363 -0.0443864 0.018068 0.0275294 0.00730836 0.0379308 -0.0010957 0.0214809 -0.0441647 -0.0296147
internal_weight=197.087 173.416 100.471 72.9447 50.2351 33.6762 50.2363 42.2713 16.5589 66.9586 17.4951 13.9285 5.98607 7.965
internal_count=7150 4125 3421 704 2666 2436 755 227 230 433 127 188 271 528
is_linear=0
shrinkage=0.05


Tree=75
num_leaves=15
num_cat=0
split_feature=24 3 27 122 69 29 80 1 121 73 32 73 114 3
split_gain=30.0547 21.5034 16.0742 12.6221 10.1633 11.2744 10.8482 9.65461 7.73331 6.69997 6.94547 6.3917 4.53846 5.25094
threshold=38.125000000000007 14.072876930236818 482.60537719726568 -34.626602172851555 28.155234336853031 176544.59375000003 0.031348271295428283 1472.1050415039065 -4464.7336425781241 207.4160079956055 130.36625671386722 611.74948120117199 0.45103247463703161 31.250657081604007
decision_type=10 8 10 8 2 2 2 2 2 2 10 2 2 8
left_child=1 3 12 8 -4 6 -6 -8 -1 -5 -11 -9 13 -3
right_child=-2 2 4 9 5 -7 7 11 -10 10 -12 -13 -14 -15
leaf_value=-0.058278064032668123 -0.048790412749730554 -0.053496852278350583 0.046261839822000855 -0.054022855670859994 -0.052890510630127535 0.034504163906653521 -0.061248115212762924 0.026611641234955172 0.040327652303595765 0.040499286833051311 -0.041402436247878642 -0.030562884841505079 0.043647379672196458 0.026399108539375656
leaf_weight=1.5448075244203199 24.994495599064976 1.965267396531998 9.8936315476894361 20.600872458890084 14.103548200335352 11.970333014614878 4.3740525078028467 18.467939264606688 9.1774166240356845 4.1032495684921724 4.2538411561399698 5.6106932470574966 50.360515204723924 5.7171601485460997
leaf_count=39 3536 79 27 1479 583 130 64 137 65 18 536 137 322 41
internal_value=0.00114831 0.00909828 0.0194389 -0.0225087 0.00213293 -0.00656303 -0.0186415 -0.000445414 0.0223614 -0.0393146 -0.00115889 0.0126016 0.0382848 0.00215315
internal_weight=187.138 162.143 122.463 39.6802 64.4202 54.5266 42.5562 28.4527 10.7222 28.958 8.35709 24.0786 58.0429 7.68243
internal_count=7193 3657 1520 2137 1078 1051 921 338 104 2033 554 274 442 120
is_linear=0
shrinkage=0.05


Tree=76
num_leaves=15
num_cat=0
split_feature=48 49 79 8 6 31 125 121 69 120 5 60 55 95
split_gain=29.4275 25.7041 12.9893 15.3317 12.3819 13.0584 12.0709 10.0695 7.9728 7.58997 6.20172 6.1031 3.62942 3.3368
threshold=5.3452798965736299e-05 0.0035105564165860419 0.0099504948593676108 106.37179565429689 20.10711765289307 81.350021362304702 -18.499999999999996 -12685.899902343748 34.703720092773445 -185.49999999999997 623.79440307617199 38.548343658447273 530.12966918945324 1.6645000187054395e-06
decision_type=8 8 2 10 10 8 2 2 2 2 10 2 10 10
left_child=2 9 12 13 -3 8 -7 -8 11 -2 -9 -6 -1 -4
right_child=1 4 3 -5 5 6 7 10 -10 -11 -12 -13 -14 -15
leaf_value=0.025787096696844748 -0.051391070373796366 0.037182870611334455 -0.031674801314936323 -0.05404888697373228 -0.049962511610134562 -0.068395863303417945 -0.056902555291847762 0.035484544084449246 -0.053152380887072942 0.0455687147900318 -0.045191217260890468 0.025447386425103993 -0.052305180777224881 0.043224103052396538
leaf_weight=0.98614796996116538 1.3101686020381738 13.550505531951783 0.96930271480232733 6.6466250689700237 3.0212659849785286 3.5635240552946916 2.9647747632116106 25.316867466084663 21.301261331420392 45.424964175093919 1.7687027645297337 7.0629226909950376 32.894916389603168 11.019022264517842
leaf_count=3 40 61 65 345 78 94 49 129 2195 385 66 68 3582 56
internal_value=-0.000280172 0.0128893 -0.0313517 0.00223289 -0.00463959 -0.0137897 0.00782891 0.0187797 -0.03647 0.0418309 0.0287949 0.000385031 -0.0493581 0.0351958
internal_weight=177.801 125.285 52.516 18.635 78.5498 64.9993 33.6139 30.0503 31.3855 46.7351 27.0856 10.0842 33.8811 11.9883
internal_count=7216 3165 4051 466 2740 2679 338 244 2341 425 195 146 3585 121
is_linear=0
shrinkage=0.05


Tree=77
num_leaves=15
num_cat=0
split_feature=48 31 33 63 32 20 6 58 122 103 63 40 38 123
split_gain=25.4686 26.3505 19.822 10.8789 8.12409 7.24749 6.71392 9.84706 8.18174 7.34694 5.38605 4.44989 4.27994 4.0312
threshold=3.2918998840614229e-05 80.422901153564467 99.687007904052749 151.80011749267581 32.575269699096687 0.0020876831840723757 20.10711765289307 135.34294891357425 -79.634696960449205 2.5000000000000004 28.443740844726566 0.062114197760820396 0.19615384936332705 -121.78976440429686
decision_type=8 10 10 2 10 8 10 2 8 2 2 8 10 8
left_child=4 2 6 12 5 13 -2 8 -8 -9 -7 -5 -3 -1
right_child=1 3 -4 11 -6 10 7 9 -10 -11 -12 -13 -14 -15
leaf_value=0.019466027962064043 0.039317498217234688 0.043603132987864335 -0.055103440447186347 -0.047066151801458289 -0.050456569366655338 -0.034324498193095909 0.019145527259212404 0.034777464122952371 -0.067574085470420708 -0.037538024951233401 0.037827099765951513 0.016627682651830716 -0.012161076277045636 -0.046381998520964439
leaf_weight=2.3165113949216902 10.529201649129389 55.818472211714834 17.978200746234506 4.5732291489839527 24.163377273827791 2.6755723995156577 3.4603487346321344 13.303265536203982 7.4967902768403309 3.7552027725614598 8.5216763638891262 4.6403480675071487 3.2528024278581134 10.437875678297134
leaf_count=34 40 373 1899 166 2865 175 20 120 166 347 39 42 75 855
internal_value=-3.83848e-05 0.0118826 -0.0132521 0.0325788 -0.030573 -0.00929546 0.00716814 -0.00585329 -0.0408766 0.017661 0.0191859 -0.0165 0.0403811 -0.0338766
internal_weight=172.923 124.808 56.523 68.2849 48.115 23.9516 38.5448 28.0156 10.9571 17.0585 11.1972 9.21358 59.0713 12.7544
internal_count=7216 3248 2592 656 3968 1103 693 653 186 467 214 208 448 889
is_linear=0
shrinkage=0.05


Tree=78
num_leaves=15
num_cat=0
split_feature=116 11 69 120 17 48 60 34 69 1 123 80 91 70
split_gain=27.6285 15.9028 11.3318 11.0743 9.71907 8.57743 6.99367 6.69513 6.09326 7.54739 5.06849 6.80558 4.45231 4.25695
threshold=1.4229232072830202 0.13574938476085666 37.743314743041999 -11.499999999999998 0.018800960853695873 3.2918998840614229e-05 1323.983093261719 119.61271286010744 32.575269699096687 3431.139770507813 894.90908813476574 0.44583334028720861 0.13122770190238955 55.718484878540046
decision_type=2 8 2 2 10 8 2 10 2 2 10 2 10 2
left_child=1 2 3 -1 -2 -5 8 -3 -6 -10 11 12 -4 -7
right_child=4 7 10 5 6 13 -8 -9 9 -11 -12 -13 -14 -15
leaf_value=-0.041747564764669468 -0.049297577174541973 0.047842041673003821 -0.0496967419254798 -0.044778823300495908 0.025043399231341707 0.0056207302172000158 -0.047516398077510139 -0.03683385631282269 0.0079737265226067031 -0.052183645098839271 0.033815789330931871 0.023065852979015419 0.024750916102586853 0.047492987204214916
leaf_weight=5.549696061294525 23.330791502259672 35.201371423900127 17.734718151390563 2.7167087621055535 14.266604718286542 8.4615756114944833 8.4602825581096095 1.7831851770170022 12.44944818550721 7.7057230751961461 2.688660134561359 4.2366614127531639 1.6459296755492676 23.47919936478138
leaf_count=126 3713 234 948 228 89 70 978 121 124 374 36 80 14 78
internal_value=0.00100523 0.0170846 0.00230867 0.0188294 -0.0240087 0.0294284 -0.00943996 0.0428972 0.000995815 -0.0164052 -0.0227072 -0.0302542 -0.04247 0.0369078
internal_weight=169.711 103.498 66.5131 40.2072 66.2129 34.6575 42.8821 36.9846 34.4218 20.1552 26.306 23.6173 19.3806 31.9408
internal_count=7213 1935 1580 502 5278 376 1565 355 587 498 1078 1042 962 148
is_linear=0
shrinkage=0.05


Tree=79
num_leaves=15
num_cat=0
split_feature=59 79 64 123 31 126 66 119 5 79 46 101 76 7
split_gain=22.4885 19.9031 16.4997 16.36 14.2618 8.60817 8.19918 6.41851 6.10011 6.74785 6.01936 5.50422 3.61091 3.37933
threshold=9895.2504882812518 0.01078174961730838 23.684668540954593 77.001277923583999 80.422901153564467 -633.52023315429676 32.696172714233406 0.091205526143312468 255.01761627197268 0.095811817795038237 3.326200021547266e-05 0.00035426550311967736 0.0030464602168649439 30.95268535614014
decision_type=2 2 2 8 8 2 2 2 10 2 8 8 2 10
left_child=1 2 -1 11 -3 7 -7 -5 -6 13 12 -4 -8 -10
right_child=-2 4 3 5 8 6 10 -9 9 -11 -12 -13 -14 -15
leaf_value=0.033179036896046676 -0.048772957033520289 -0.046118169688968806 0.024862630259938165 0.016984261937969727 0.049896491784312165 -0.047461849723746008 0.025548574892868783 -0.067696154036990724 0.024831521346108106 0.034775501532269111 0.038246919442406525 -0.051412644142128587 -0.045295413165597299 -0.040727986173438702
leaf_weight=18.675864685326815 18.68820517603308 4.8144234656356266 1.9930836725980068 2.9412707374431175 34.48027587402612 3.4831861802376833 2.2136734556406763 5.3322312580421567 2.0607546269893673 13.860102806240318 20.347185231279582 27.994812197517604 3.3724306328222156 5.330746675375849
leaf_count=109 3069 281 18 37 223 45 42 174 6 84 158 2689 198 109
internal_value=0.00143721 0.00811139 -0.00729732 -0.0187873 0.0298494 0.0032569 0.0160353 -0.0390066 0.0371092 0.015052 0.0260094 -0.0457044 -0.0176047 -0.021669
internal_weight=165.588 146.9 86.3537 67.6779 60.5463 37.69 29.4165 8.2735 55.7319 21.2516 25.9333 29.9879 5.5861 7.3915
internal_count=7242 4173 3470 3361 703 654 443 211 422 199 398 2707 240 115
is_linear=0
shrinkage=0.05


Tree=80
num_leaves=15
num_cat=0
split_feature=116 121 17 49 97 79 76 69 117 128 120 49 126 90
split_gain=24.5822 13.5279 11.9935 8.63535 10.1345 7.00949 6.94026 6.75269 5.79871 5.52456 4.68023 4.51179 4.9382 4.22817
threshold=1.4229232072830202 -17637.401367187496 0.022640082985162738 0.051463907584548003 2.5768250452529177e-05 0.0099504948593676108 0.039220554754138 28.155234336853031 21.250000000000004 -396.03181457519526 342.00000000000006 0.015010138973593714 -1003.4524841308593 0.08281551301479341
decision_type=2 2 10 10 8 2 2 2 2 10 2 8 2 10
left_child=1 13 -2 4 -3 7 -7 -4 -8 -5 -9 -6 -13 -1
right_child=2 3 5 9 11 6 8 10 -10 -11 -12 12 -14 -15
leaf_value=-0.052959862589653309 -0.049323444853171472 -0.041230276287336581 0.036725166127373275 0.019741617183168747 0.043070261266479892 0.036422241346936272 -0.054080902965270683 -0.048317406539304469 0.017983096279203272 -0.047527307573243228 0.029633141888486588 -0.028439294307569529 0.02632111075838783 0.022053152608718818
leaf_weight=7.1529159191995841 22.724497485905886 3.8603545087389639 2.7157459929585483 4.9550113808363676 50.189321426674724 13.073014752473684 4.408576919231562 14.048094411380587 5.0092221959494054 5.5052645113319141 1.5298878643661726 4.2669261852279332 19.661966604646295 1.828207468613982
leaf_count=303 3884 465 11 76 370 66 135 1122 41 457 15 78 162 21
internal_value=0.00296232 0.0186688 -0.0210466 0.0246737 0.0303678 -0.0044878 0.0139686 -0.0267266 -0.017704 -0.01672 -0.0393363 0.0345961 0.0158073 -0.0370105
internal_weight=160.929 97.42 63.509 88.4388 77.9786 40.7845 22.4908 18.2937 9.4178 10.4603 15.578 74.1182 23.9289 8.98112
internal_count=7206 1932 5274 1608 1075 1390 242 1148 176 533 1137 610 240 324
is_linear=0
shrinkage=0.05


Tree=81
num_leaves=15
num_cat=0
split_feature=59 79 21 31 34 121 122 97 129 127 3 71 97 18
split_gain=19.0713 16.1389 15.0065 11.7521 8.35926 8.16779 7.6387 7.25227 6.7362 6.3198 5.14551 4.401 4.17226 4.04345
threshold=9895.2504882812518 0.0099504948593676108 0.0025029900716617708 80.422901153564467 20.582816123962406 -1765.809631347656 inf 0.00017889399896375838 0.049506027251482017 -44.666765213012688 158.36261749267581 102.7717971801758 0.01203326089307666 2.709999989747303e-06
decision_type=2 2 10 8 10 2 8 8 10 10 10 2 10 8
left_child=1 2 5 11 -4 -1 -6 -5 13 -10 -9 -3 -8 -7
right_child=-2 3 4 7 6 8 12 10 9 -11 -12 -13 -14 -15
leaf_value=-0.033800329037119735 -0.046366503061035902 0.026465562589153405 0.021086942395843959 -0.024563601935388216 -0.054227896411334714 -0.031630056479691943 0.022486650867082496 0.044947096759571037 0.032119346730490335 -0.072707413581987318 -0.0159297914717179 -0.063873027168305604 -0.034480196906527691 0.036843346469492493
leaf_weight=6.4412759002298108 17.704539014026523 1.2504815235733975 6.5175578687340012 4.0481543135829261 22.565409043803811 1.5794755951501454 6.1441911770962161 43.90882920473814 1.7390920743346212 2.3620716836303464 3.2759164585731915 3.6694410550408065 4.8539333282969892 28.528794024605304
leaf_count=235 3101 5 43 97 2456 203 72 283 8 59 43 256 118 230
internal_value=0.00101703 0.00743739 -0.00687875 0.0277802 -0.0282509 0.0143662 -0.0381645 0.0349666 0.0241379 -0.0306733 0.0404777 -0.04032 -0.00343352 0.0323499
internal_weight=154.589 136.885 80.7318 56.1528 40.0811 40.6507 33.5635 51.2329 34.2094 4.10116 47.1847 4.91992 10.9981 30.1083
internal_count=7209 4108 3424 684 2689 735 2646 423 500 67 326 261 190 433
is_linear=0
shrinkage=0.05


Tree=82
num_leaves=15
num_cat=0
split_feature=59 79 123 31 31 35 31 3 42 120 99 46 4 126
split_gain=22.7127 12.4448 15.2898 8.90504 10.0895 8.81109 7.43131 6.33655 5.97581 4.95134 4.43318 4.01468 3.46859 4.38545
threshold=8506.0527343750018 0.0099504948593676108 30.43475437164307 80.422901153564467 481.74382019042974 37.743314743041999 318.16894531250006 10.16434955596924 0.010959644801914694 -22.499999999999996 0.00032967080187518155 3.974399987782818e-05 37.371212005615241 -633.52023315429676
decision_type=2 2 8 8 10 10 10 8 10 2 8 10 10 2
left_child=1 2 5 -3 8 7 9 -1 -5 -4 -7 -8 -11 -14
right_child=-2 3 6 4 -6 10 11 -9 -10 12 -12 -13 13 -15
leaf_value=-0.04872689686658177 -0.048246852296958728 -0.036883024232408052 -0.032240234391777409 0.044069688894697104 -0.044246861915017824 0.018136643667011166 -0.053261017364352042 0.030627641505626441 -0.034056470888239418 0.034703187456939608 -0.054981240562303337 0.015094855786443848 -0.055650880180147466 0.021978850270979216
leaf_weight=2.5819018995389351 18.412372815422714 4.0209508840925983 2.8912654733285299 43.887580556795001 3.0152925834991029 1.8395532816648508 4.6466727340593925 7.5531016364693651 1.8805447816848744 31.341682207304984 18.834162607556209 2.8868888816796243 1.7954414333216844 4.2488360637798896
leaf_count=153 3492 261 87 307 54 78 124 54 50 327 1995 34 60 111
internal_value=0.00227853 0.00966798 -0.00297612 0.028199 0.0341965 -0.0299157 0.0146407 0.00785149 0.0402 0.0231774 -0.0479386 -0.0283675 0.0281914 -0.00570753
internal_weight=149.836 131.424 78.6195 52.8044 48.7834 30.8087 47.8108 10.135 45.7681 40.2772 20.6737 7.53356 37.386 6.04428
internal_count=7187 3695 3023 672 411 2280 743 207 357 585 2073 158 498 171
is_linear=0
shrinkage=0.05


end of trees

feature_importances:
Column_32=46
Column_5=43
Column_79=39
Column_11=34
Column_37=34
Column_73=34
Column_106=34
Column_69=33
Column_46=30
Column_34=29
Column_102=29
Column_64=26
Column_80=24
Column_91=21
Column_1=20
Column_49=20
Column_31=19
Column_122=18
Column_3=17
Column_17=17
Column_72=17
Column_134=17
Column_48=16
Column_116=16
Column_120=16
Column_123=15
Column_121=14
Column_21=13
Column_54=13
Column_59=13
Column_125=13
Column_95=12
Column_6=11
Column_27=11
Column_39=11
Column_62=11
Column_97=11
Column_111=11
Column_7=10
Column_12=10
Column_63=10
Column_126=10
Column_4=9
Column_18=9
Column_20=9
Column_25=9
Column_40=9
Column_78=9
Column_124=9
Column_2=8
Column_8=8
Column_19=8
Column_81=8
Column_52=7
Column_92=7
Column_137=7
Column_29=6
Column_41=6
Column_75=6
Column_76=6
Column_90=6
Column_129=6
Column_60=5
Column_65=5
Column_66=5
Column_93=5
Column_96=5
Column_101=5
Column_110=5
Column_113=5
Column_0=4
Column_9=4
Column_16=4
Column_23=4
Column_35=4
Column_45=4
Column_47=4
Column_55=4
Column_68=4
Column_84=4
Column_127=4
Column_22=3
Column_38=3
Column_58=3
Column_67=3
Column_70=3
Column_71=3
Column_94=3
Column_99=3
Column_100=3
Column_112=3
Column_119=3
Column_10=2
Column_30=2
Column_33=2
Column_50=2
Column_51=2
Column_53=2
Column_57=2
Column_61=2
Column_103=2
Column_107=2
Column_108=2
Column_115=2
Column_128=2
Column_131=2
Column_136=2
Column_15=1
Column_24=1
Column_26=1
Column_36=1
Column_42=1
Column_43=1
Column_44=1
Column_74=1
Column_77=1
Column_104=1
Column_105=1
Column_109=1
Column_114=1
Column_117=1
Column_130=1

parameters:
[boosting: gbdt]
[objective: binary]
[metric: binary_logloss]
[tree_learner: serial]
[device_type: cpu]
[data_sample_strategy: bagging]
[data: ]
[valid: ]
[num_iterations: 83]
[learning_rate: 0.05]
[num_leaves: 15]
[num_threads: 4]
[seed: 26006]
[deterministic: 1]
[force_col_wise: 0]
[force_row_wise: 1]
[histogram_pool_size: -1]
[max_depth: -1]
[min_data_in_leaf: 10]
[min_sum_hessian_in_leaf: 0.001]
[bagging_fraction: 0.8]
[pos_bagging_fraction: 1]
[neg_bagging_fraction: 1]
[bagging_freq: 1]
[bagging_seed: 19736]
[bagging_by_query: 0]
[feature_fraction: 0.8]
[feature_fraction_bynode: 1]
[feature_fraction_seed: 22478]
[extra_trees: 0]
[extra_seed: 25246]
[early_stopping_round: 0]
[early_stopping_min_delta: 0]
[first_metric_only: 0]
[max_delta_step: 0]
[lambda_l1: 0]
[lambda_l2: 1]
[linear_lambda: 0]
[min_gain_to_split: 0]
[drop_rate: 0.1]
[max_drop: 50]
[skip_drop: 0.5]
[xgboost_dart_mode: 0]
[uniform_drop: 0]
[drop_seed: 12177]
[top_rate: 0.2]
[other_rate: 0.1]
[min_data_per_group: 100]
[max_cat_threshold: 32]
[cat_l2: 10]
[cat_smooth: 10]
[max_cat_to_onehot: 4]
[top_k: 20]
[monotone_constraints: ]
[monotone_constraints_method: basic]
[monotone_penalty: 0]
[feature_contri: ]
[forcedsplits_filename: ]
[refit_decay_rate: 0.9]
[cegb_tradeoff: 1]
[cegb_penalty_split: 0]
[cegb_penalty_feature_lazy: ]
[cegb_penalty_feature_coupled: ]
[path_smooth: 0]
[interaction_constraints: ]
[verbosity: -1]
[saved_feature_importance_type: 0]
[use_quantized_grad: 0]
[num_grad_quant_bins: 4]
[quant_train_renew_leaf: 0]
[stochastic_rounding: 1]
[linear_tree: 0]
[max_bin: 255]
[max_bin_by_feature: ]
[min_data_in_bin: 3]
[bin_construct_sample_cnt: 200000]
[data_random_seed: 19427]
[is_enable_sparse: 1]
[enable_bundle: 1]
[use_missing: 1]
[zero_as_missing: 0]
[feature_pre_filter: 1]
[pre_partition: 0]
[two_round: 0]
[header: 0]
[label_column: ]
[weight_column: ]
[group_column: ]
[ignore_column: ]
[categorical_feature: ]
[forcedbins_filename: ]
[precise_float_parser: 0]
[parser_config_file: ]
[objective_seed: 10829]
[num_class: 1]
[is_unbalance: 0]
[scale_pos_weight: 1]
[sigmoid: 1]
[boost_from_average: 1]
[reg_sqrt: 0]
[alpha: 0.9]
[fair_c: 1]
[poisson_max_delta_step: 0.7]
[tweedie_variance_power: 1.5]
[lambdarank_truncation_level: 30]
[lambdarank_norm: 1]
[label_gain: ]
[lambdarank_position_bias_regularization: 0]
[eval_at: ]
[multi_error_top_k: 1]
[auc_mu_weights: ]
[num_machines: 1]
[local_listen_port: 12400]
[time_out: 120]
[machine_list_filename: ]
[machines: ]
[gpu_platform_id: -1]
[gpu_device_id: -1]
[gpu_device_id_list: ]
[gpu_use_dp: 0]
[num_gpu: 1]

end of parameters

pandas_categorical:null
