tree
version=v4
num_class=1
num_tree_per_iteration=1
label_index=0
max_feature_idx=137
objective=binary sigmoid:1
feature_names=Column_0 Column_1 Column_2 Column_3 Column_4 Column_5 Column_6 Column_7 Column_8 Column_9 Column_10 Column_11 Column_12 Column_13 Column_14 Column_15 Column_16 Column_17 Column_18 Column_19 Column_20 Column_21 Column_22 Column_23 Column_24 Column_25 Column_26 Column_27 Column_28 Column_29 Column_30 Column_31 Column_32 Column_33 Column_34 Column_35 Column_36 Column_37 Column_38 Column_39 Column_40 Column_41 Column_42 Column_43 Column_44 Column_45 Column_46 Column_47 Column_48 Column_49 Column_50 Column_51 Column_52 Column_53 Column_54 Column_55 Column_56 Column_57 Column_58 Column_59 Column_60 Column_61 Column_62 Column_63 Column_64 Column_65 Column_66 Column_67 Column_68 Column_69 Column_70 Column_71 Column_72 Column_73 Column_74 Column_75 Column_76 Column_77 Column_78 Column_79 Column_80 Column_81 Column_82 Column_83 Column_84 Column_85 Column_86 Column_87 Column_88 Column_89 Column_90 Column_91 Column_92 Column_93 Column_94 Column_95 Column_96 Column_97 Column_98 Column_99 Column_100 Column_101 Column_102 Column_103 Column_104 Column_105 Column_106 Column_107 Column_108 Column_109 Column_110 Column_111 Column_112 Column_113 Column_114 Column_115 Column_116 Column_117 Column_118 Column_119 Column_120 Column_121 Column_122 Column_123 Column_124 Column_125 Column_126 Column_127 Column_128 Column_129 Column_130 Column_131 Column_132 Column_133 Column_134 Column_135 Column_136 Column_137
feature_infos=[0:79973] [0:107387464] [6.9524784088134766:1434.8333740234375] [0:696] [-1.203703761100769:1434.8333740234375] [6.9524784088134766:1443.69189453125] [6.9524784088134766:1443.69189453125] [6.9524784088134766:1443.69189453125] [6.9524784088134766:1443.69189453125] [0:1] [0:1] [0:1] [0:1] [0:1] [0:1] [0:1] [2.193200089095626e-05:1.9037708044052124] [0:0.99571478366851807] [0:1.9037708044052124] [2.193200089095626e-05:1.9915750026702881] [1.362500029244984e-06:1.9037708044052124] [1.8729999737843173e-06:1.9037708044052124] [2.0840000161115313e-06:1.9037708044052124] [0:27] [1:79973] [6.9524784088134766:107387464] [0:1.9999972581863403] [6.9524784088134766:107387464] [0:74896] [0:106034368] [6.9524784088134766:1442.8333740234375] [0:696] [-13.565573692321777:1442.8333740234375] [6.9524784088134766:1443.69189453125] [2.3641510009765625:1443.69189453125] [6.9524784088134766:1443.69189453125] [6.9524784088134766:1443.69189453125] [0:1] [0:1] [0:1] [0:1] [0:1] [0:1] [0:1] [2.2110000372776994e-06:1.9917522668838501] [0:0.93804830312728882] [0:1.9917522668838501] [2.3439999949914636e-06:1.9917522668838501] [1.6999990748445271e-08:1.9917522668838501] [1.623000002837216e-06:1.9917522668838501] [2.3439999949914636e-06:1.9917522668838501] [0:24] [1:74896] [6.9524784088134766:106034368] [0:1.9999806880950928] [6.9524784088134766:106034368] [1:79973] [0:25306] [6.9524784088134766:107387464] [0:14382488] [6.9524784088134766:1442.8333740234375] [6.9524784088134766:1430.1473388671875] [0:696] [0:696] [2.4344263076782227:1442.8333740234375] [-13.565573692321777:1430.1473388671875] [6.9524784088134766:1443.69189453125] [2.3641510009765625:1430.1473388671875] [6.9524784088134766:1443.69189453125] [6.9524784088134766:1430.1473388671875] [6.9524784088134766:1443.69189453125] [6.9524784088134766:1430.1473388671875] [6.9524784088134766:1443.69189453125] [6.9524784088134766:1442.8333740234375] [0:1] [0:1] [0:1] [0:1] [0:1] [0:1] [0:1] [0:1] [0:1] [0:1] [0:1] [0:1] [0:1] [0:1] [1.6063799193943851e-05:1.9917522668838501] [2.2110000372776994e-06:1.9037708044052124] [0:0.99571478366851807] [0:0.83213174343109131] [9.999965300266922e-10:1.9917522668838501] [0:1.9037708044052124] [1.4629999895987567e-06:1.9917522668838501] [1.6999990748445271e-08:1.9037708044052124] [1.9540000266715651e-06:1.9917522668838501] [1.623000002837216e-06:1.9037708044052124] [2.1193000065977685e-05:1.9917522668838501] [2.0840000161115313e-06:1.9037708044052124] [2.5266999728046358e-05:1.9917522668838501] [2.3439999949914636e-06:1.9915750026702881] [1:27] [0:21] [1:79973] [1:25306] [6.9524784088134766:107387464] [6.9524784088134766:7191244] [0:1.9999972581863403] [0:1.9998902082443237] [6.9524784088134766:107387464] [6.9524784088134766:14252031] [1:99122] [13.904956817626953:107755440] [0:1] [0:1] [0:1.9999974966049194] [0.5:100] [0.004999999888241291:0.81610339879989624] [0.0007995598716661334:0.62212282419204712] [-87137:87016] [-94248824:98197832] [-1392:1384] [-1392:1384] [-0.79955452680587769:0.80254775285720825] [-87016:92121] [-98197832:103789264] [-1384:1392] [-1384:1392] [-0.80254775285720825:0.79955452680587769] [0:1] [0:1] [0:1] [0:1] [0:1] [4:6] [0:1] [35.5:97.5]
tree_sizes=1739 1752 1742 1741 1746 1761 1746 1741 1734 1758 1762 1748 1756 1745 1751 1736 1744 1741 1757 1750 1756 1748 1764 1750 1746 1758 1757 1748 1763 1754 1752 1762 1762 1757 1742 1764 1741 1764 1754 1759 1768 1761 1747 1768 1762 1753 1753 1757 1748 1752 1759 1757 1744 1764 1742 1755 1752 1749 1745 1749 1748 1750 1762 1748 1763 1752 1748

Tree=0
num_leaves=15
num_cat=0
split_feature=34 5 9 65 137 5 32 125 11 0 11 39 37 9
split_gain=2587.68 458.623 417.856 389.526 212.332 239.283 154.279 125.182 119.935 102.194 94.8856 89.9919 85.3436 81.9927
threshold=51.740882873535163 537.74844360351574 0.79057019948959362 21.931548118591312 35.676322937011726 537.74844360351574 1413.9710083007815 -7.4999999999999991 7.9167730291374041e-05 5170.5000000000009 0.027587519027292732 0.0001992266843444668 0.003571340581402183 0.99521899223327648
decision_type=8 10 10 2 2 10 10 2 10 2 10 10 10 10
left_child=1 7 -2 -4 12 6 13 -1 11 10 -3 -7 -5 -6
right_child=2 9 3 4 5 8 -8 -9 -10 -11 -12 -13 -14 -15
leaf_value=0.054298052782241146 -0.096430038112233482 0.093469463276888209 0.081364034523404447 -0.088900271371773004 -0.096994626368773082 -0.072400434403608063 0.051508466489107632 -0.063686542430059292 -0.083659660969010188 -0.08816173017453989 -0.0068765330461015113 0.079541342462744219 0.080590583092745666 -0.05349316629305409
leaf_weight=31.933692991733551 344.15810039639473 595.25021359324455 70.716998338699341 8.0092734396457654 182.96481484174728 10.827618747949598 26.5618816614151 70.345597743988037 18.97740575671196 7.4472191631793967 24.389586716890335 58.83311927318573 44.692949175834656 278.6770806312561
leaf_count=72 2414 644 101 57 1288 70 62 423 128 53 103 87 64 1581
internal_value=-0.00093743 0.0712743 -0.0513862 -0.0291425 -0.0416651 -0.0504518 -0.0641547 -0.0266803 0.0248954 0.087268 0.089515 0.0552341 0.0536569 -0.0709067
internal_weight=1773.79 729.366 1044.42 700.261 629.544 576.842 488.204 102.279 88.6381 627.087 619.64 69.6607 52.7022 461.642
internal_count=7147 1295 5852 3438 3337 3216 2931 495 285 800 747 157 121 2869
is_linear=0
shrinkage=1


Tree=1
num_leaves=15
num_cat=0
split_feature=15 9 73 22 79 9 4 21 7 39 33 4 32 106
split_gain=2390.65 477.512 348.929 271.724 227.639 204.142 108.699 109.173 109.628 100.985 100.527 119.512 95.5122 80.5855
threshold=0.031498016789555557 0.58811622858047496 529.41552734375011 0.29102967679500585 3.6175537388771779e-05 0.99348744750022899 22.200860023498539 0.0015613260329701009 37.025253295898445 0.0001992266843444668 1413.9710083007815 32.323677062988288 37.743314743041999 3938717.5000000005
decision_type=10 10 2 8 2 10 10 10 10 10 10 10 10 2
left_child=1 -1 5 13 9 -3 -7 -8 -9 -4 12 -12 -10 -2
right_child=3 2 4 -5 -6 6 7 8 10 -11 11 -13 -14 -15
leaf_value=-0.092751483635182916 0.088551148189370155 -0.077567182040830449 -0.034386092169846526 -0.091398233506354842 -0.086568151152905073 0.052602055781166161 -0.058484733363844257 -0.057995443348822451 0.031694979660420959 0.081256581746879719 -0.073884213475153462 0.09030376199596972 -0.067298793670140203 -0.048990833989488621
leaf_weight=329.8061997294426 583.25755713880062 222.08803275227547 21.513492688536644 21.590830430388451 28.905147776007652 46.561648607254028 164.90278370678425 69.316882744431496 48.521448031067848 128.91122281551361 12.785429954528807 59.21521683037281 47.083648845553398 10.253259167075155
leaf_count=2324 645 1457 111 154 199 106 977 409 148 171 84 62 293 59
internal_value=-0.000111133 -0.0417751 -0.0219056 0.0797281 0.0398889 -0.0384684 -0.0189731 -0.0273769 -0.00557036 0.0645997 0.0163265 0.0605356 -0.0172495 0.0860966
internal_weight=1794.71 1179.61 849.805 615.102 179.33 670.475 448.387 401.825 236.923 150.425 167.606 72.0006 95.6051 593.511
internal_count=7199 6341 4017 858 481 3536 2079 1973 996 282 587 146 441 704
is_linear=0
shrinkage=0.05


Tree=2
num_leaves=15
num_cat=0
split_feature=34 5 74 65 137 2 32 12 12 30 40 79 25 71
split_gain=2218.09 363.774 350.23 199.357 182.336 124.264 123.965 124.705 123.249 120.163 115.12 84.9797 77.6353 68.8717
threshold=50.806491851806648 537.74844360351574 0.98904100060462963 21.931548118591312 35.676322937011726 61.064184188842781 1413.9710083007815 0.00026925586280412977 0.00092810802743770193 35.833841323852546 1.0000000180025095e-35 0.038218110799789436 4754457.0000000009 55.891231536865241
decision_type=8 10 2 2 2 8 10 10 10 10 8 2 10 2
left_child=1 5 8 -4 -5 9 7 13 -2 -1 -10 12 -3 -6
right_child=2 11 3 4 6 -7 -8 -9 10 -11 -12 -13 -14 -15
leaf_value=-0.091308538131881722 -0.088910373672495172 0.085093636780545254 0.078703632824029077 0.065502246394990943 -0.071160677263710323 -0.091172152977335857 0.057913155387227945 0.05052843547322914 0.037996554826438239 0.058706846886132071 -0.067116953092069484 -0.036383578804067937 -0.061145351462478105 -0.025268372098694838
leaf_weight=16.965002074837685 414.21215187013149 606.70995742082596 47.172279804944992 45.815594077110291 226.24359659850597 37.882713228464127 29.980746790766716 29.905874818563461 39.989000752568245 51.231812313199043 71.040908396244049 14.757228150963781 8.544478774070738 130.15673863887787
leaf_count=121 2937 668 62 81 1454 271 59 66 110 111 453 77 54 647
internal_value=-0.000581002 0.0657128 -0.047769 -0.0181691 -0.0282067 -0.0197892 -0.0386523 -0.0462768 -0.07638 0.020608 -0.0292576 0.0801179 0.0829668 -0.0545185
internal_weight=1770.61 736.091 1034.52 509.275 462.103 106.08 416.287 386.306 525.242 68.1968 111.03 630.012 615.254 356.4
internal_count=7171 1302 5869 2369 2307 503 2226 2167 3500 232 563 799 722 2101
is_linear=0
shrinkage=0.05


Tree=3
num_leaves=15
num_cat=0
split_feature=34 5 9 65 5 5 134 5 30 6 50 37 34 91
split_gain=2085.67 331.736 327.264 268.465 131.556 147.87 127.3 115.812 102.504 94.6883 93.0267 84.5955 80.7436 76.9915
threshold=51.740882873535163 537.74844360351574 0.79057019948959362 21.931548118591312 537.74844360351574 64.250652313232436 1.0000000180025095e-35 98.391719818115249 35.833841323852546 32.28930854797364 0.007942274212837221 0.0022050723200663929 1443.262634277344 0.0037047861842438583
decision_type=8 10 10 2 10 10 2 8 10 10 10 10 10 10
left_child=1 7 -2 -4 5 9 10 8 -1 -5 -7 -6 -8 -11
right_child=2 -3 3 4 11 6 12 -9 -10 13 -12 -13 -14 -15
leaf_value=-0.086703135904056414 -0.084571890127502547 0.077852069636936069 0.070696908759823845 -0.060634522728190525 -0.089430663546966702 -0.085547579223973311 -0.074792545165057164 -0.08295405588498192 0.062071384069247462 -0.054482502376439479 0.076775814466996495 0.039025036559930421 0.087627709143626165 0.043014006428850227
leaf_weight=14.504702553153036 334.60133603215218 660.84937725961208 66.133193254470825 50.572207272052765 14.196665748953817 12.124256595969198 329.76455537974834 41.085302516818047 45.149743631482124 25.284383311867714 26.161613121628761 81.761944502592087 7.0337119698524466 88.063336968421936
leaf_count=104 2390 823 101 313 102 87 2211 289 89 153 33 220 8 236
internal_value=0.00221856 0.0649832 -0.0439529 -0.0244745 -0.0344824 -0.0440742 -0.0613483 -0.0193717 0.0250645 -0.00441502 0.0245026 0.0192942 -0.0711512 0.0209793
internal_weight=1797.29 761.589 1035.7 701.096 634.963 539.004 375.084 100.74 59.6544 163.92 38.2859 95.9586 336.798 113.348
internal_count=7159 1305 5854 3464 3363 3041 2339 482 193 702 120 322 2219 389
is_linear=0
shrinkage=0.05


Tree=4
num_leaves=15
num_cat=0
split_feature=34 86 7 65 137 73 73 65 137 9 35 11 39 11
split_gain=1843.06 297.383 290.973 264.633 150.461 136.473 149.352 108.877 89.1913 88.0768 97.7588 85.0572 94.1217 80.7802
threshold=51.740882873535163 0.046999117359519012 64.542480468750014 21.931548118591312 35.676322937011726 529.41552734375011 64.250652313232436 35.71540832519532 50.256685256958015 0.79057019948959362 36.358932495117195 7.9167730291374041e-05 0.00034967419924214488 0.027587519027292732
decision_type=8 2 8 2 2 2 2 2 2 10 10 10 10 10
left_child=1 9 3 -2 -5 6 7 -6 -9 -1 -11 12 -7 -3
right_child=2 13 -4 4 5 11 -8 8 -10 10 -12 -13 -14 -15
leaf_value=-0.072399458572549133 0.065661441383694549 0.07730594725150354 -0.083470345776591043 0.045065968088305847 -0.056293396282222165 -0.084444221752538282 -0.071302652658639054 -0.051956765841001451 0.061117142793916383 -0.060841731223372664 0.066655162960794836 -0.06789485949673324 0.066119286117870865 -0.013448943131743911
leaf_weight=42.000710338354111 70.62454554438591 600.37513887882233 311.80863331258297 52.215675830841064 72.256023287773132 11.686558678746222 347.02284091711044 23.997320458292961 57.327891394495964 22.774666249752045 40.082198619842529 23.541245222091675 58.272825941443443 25.276201725006104
leaf_count=284 116 706 2275 124 442 84 2345 144 115 143 68 156 95 111
internal_value=-0.000105173 0.0605804 -0.0432145 -0.0256148 -0.0356747 -0.0428348 -0.0531749 -0.0120181 0.0275256 -0.0172059 0.0202304 0.012503 0.0401324 0.0736239
internal_weight=1759.26 730.509 1028.75 716.945 646.32 594.105 500.604 153.581 81.3252 104.858 62.8569 93.5006 69.9594 625.651
internal_count=7208 1312 5896 3621 3505 3381 3046 701 259 495 211 335 179 817
is_linear=0
shrinkage=0.05


Tree=5
num_leaves=15
num_cat=0
split_feature=15 9 5 98 11 9 0 37 38 134 60 128 93 64
split_gain=1627.57 352.075 248.257 200.879 182.692 180.911 89.6705 75.9972 130.713 111.401 86.6746 67.5524 72.7866 96.3248
threshold=0.031498016789555557 0.5610255002975465 537.74844360351574 0.41972349584102636 6.2113682361086844e-05 0.99186018109321605 5170.5000000000009 0.0027986714849248533 0.00053347746143117558 1.0000000180025095e-35 1429.6291503906252 -28.466289520263668 1.4474999829872106e-06 34.636320114135749
decision_type=10 10 10 8 10 10 2 10 10 2 2 8 10 2
left_child=1 -1 5 6 -4 -3 -2 10 9 -9 -7 -11 13 -13
right_child=3 2 4 -5 -6 7 -8 8 -10 11 -12 12 -14 -15
leaf_value=-0.081029269612316587 0.075704199605064873 -0.074743622942397989 0.056869370208009806 -0.079148347074120592 -0.069590234625378319 -0.057253368472238587 -0.086585540639278036 0.066371360245110048 0.070018634052474993 0.046246276546480752 0.058847858690755164 -0.049707543659625875 -0.070360457583121927 0.04996710566139112
leaf_weight=307.17380923032761 550.75710141658783 184.10069082677364 148.69138534367085 21.696924060583115 34.396299362182617 140.70767852663994 7.854868382215499 34.10885414481163 51.765907570719719 25.135866463184357 17.315979689359665 58.519677057862282 95.810721591114998 39.915053501725197
leaf_count=2276 638 1303 283 162 228 881 56 52 94 61 34 355 639 104
internal_value=-0.000626587 -0.0353792 -0.018417 0.0674464 0.0328627 -0.0329479 0.0732715 -0.0162137 -0.00160751 -0.0164521 -0.0442411 -0.0295721 -0.0395698 -0.00919367
internal_weight=1717.95 1137.64 830.468 580.309 183.088 647.38 558.612 463.28 305.256 253.49 158.024 219.381 194.245 98.4347
internal_count=7166 6310 4034 856 511 3523 694 2220 1305 1211 915 1159 1098 459
is_linear=0
shrinkage=0.05


Tree=6
num_leaves=15
num_cat=0
split_feature=34 9 5 65 5 34 134 8 5 46 79 35 79 39
split_gain=1501.53 285.449 258.117 202.258 124.233 110.195 176.224 93.1159 91.9469 89.6628 84.5144 82.5403 82.4891 65.4567
threshold=51.740882873535163 0.79057019948959362 537.74844360351574 21.931548118591312 537.74844360351574 1416.1473388671877 0.061868688091635711 98.297092437744155 64.250652313232436 1.4474999829872106e-06 3.6175537388771779e-05 36.358932495117195 0.035862185060977943 0.00041186167800333356
decision_type=8 10 10 2 10 10 2 8 10 8 2 10 2 10
left_child=2 -2 7 -3 5 8 -7 11 9 -5 13 -1 -4 -6
right_child=1 3 12 4 10 6 -8 -9 -10 -11 -12 -13 -14 -15
leaf_value=-0.062988006791384374 -0.076871066446530467 0.0642021429065327 0.072107774606512562 0.042177807036157769 -0.040547776870465152 0.048717190644406272 -0.07852290671067709 -0.079721222582335272 -0.064482301279542562 -0.049541464905808574 -0.070045455976135484 0.058210038858103802 -0.049263750744357765 0.067265139137511476
leaf_weight=19.723970234394073 315.6876073628664 64.457480043172836 599.94347588717937 45.612376317381859 17.182294949889183 77.295278742909431 40.710124015808105 36.576039344072342 299.3560104817152 61.275088340044022 19.057282954454422 42.858462378382683 13.674743145704268 64.812493890523911
leaf_count=130 2371 100 729 131 95 179 292 274 2045 367 133 83 77 94
internal_value=0.00177824 -0.0375625 0.0572473 -0.0194865 -0.0282021 -0.0379776 0.00453026 -0.017452 -0.0503061 -0.0103737 0.0223877 0.0196224 0.0693272 0.0444562
internal_weight=1718.22 1005.45 712.777 689.758 625.301 524.249 118.005 99.1585 406.243 106.887 101.052 62.5824 613.618 81.9948
internal_count=7100 5807 1293 3436 3336 3014 471 487 2543 498 322 213 806 189
is_linear=0
shrinkage=0.05


Tree=7
num_leaves=15
num_cat=0
split_feature=34 5 74 38 37 137 32 63 8 79 25 30 67 46
split_gain=1418.43 248.295 237.119 142.84 165.122 131.021 113.522 103.03 84.2747 79.2492 80.3521 71.2345 54.5176 54.4169
threshold=51.740882873535163 537.74844360351574 0.98904100060462963 0.00053347746143117558 0.0022050723200663929 35.676322937011726 1413.9710083007815 128.10301208496097 98.297092437744155 0.038218110799789436 4754457.0000000009 36.873182296752937 53.231668472290046 1.4474999829872106e-06
decision_type=8 10 2 10 10 2 10 2 8 2 10 10 2 8
left_child=1 8 7 5 -5 -4 13 -2 11 10 -3 -1 -9 -7
right_child=2 9 3 4 -6 6 -8 12 -10 -11 -12 -13 -14 -15
leaf_value=-0.069172615131572496 -0.069892333680825203 0.071407764543875776 0.060618633575011197 -0.080644317164099436 0.06688426739949449 -0.026789883283497341 0.052880396000833677 0.03522664340042779 -0.077414413010127303 -0.047946869515537623 -0.085814478103020495 0.046984345414332176 -0.07422414792313245 -0.069047181303603822
leaf_weight=17.013441637158394 454.34432329237461 582.43172271549702 36.595977276563644 23.133777305483818 88.887548744678497 162.22934326529503 30.513689026236534 38.227426066994667 36.552915453910828 14.114478230476378 7.4408403038978568 48.656976729631424 15.02717389166355 146.26143899559975
leaf_count=119 3350 687 60 173 151 876 61 113 279 80 53 112 116 1013
internal_value=0.00013511 0.0542872 -0.0383072 -0.0133633 0.0359738 -0.0281344 -0.0378655 -0.062196 -0.0176324 0.0664684 0.0692826 0.016305 0.00354343 -0.0469832
internal_weight=1701.43 706.21 995.221 487.622 112.021 375.6 339.004 507.599 102.223 603.987 589.873 65.6704 53.2546 308.491
internal_count=7243 1330 5913 2334 324 2010 1950 3579 510 820 740 231 229 1889
is_linear=0
shrinkage=0.05


Tree=8
num_leaves=15
num_cat=0
split_feature=34 5 8 65 137 5 5 125 65 137 79 34 37 5
split_gain=1254.38 233.109 233.106 161.268 96.8884 100.985 123.858 77.7916 77.0444 83.7591 75.7988 65.7282 64.5471 62.4869
threshold=51.740882873535163 537.74844360351574 66.668262481689467 21.931548118591312 35.676322937011726 537.74844360351574 64.250652313232436 -7.4999999999999991 35.71540832519532 50.256685256958015 0.0093898782506585139 1387.4155273437502 0.0065502496436238298 610.56643676757824
decision_type=8 10 8 2 2 10 10 2 2 2 2 10 10 10
left_child=1 7 3 -2 12 6 8 -1 -6 -10 -3 -11 -5 -7
right_child=2 10 -4 4 5 13 -8 -9 9 11 -12 -13 -14 -15
leaf_value=0.046816171465365874 0.060997134943895581 0.067746108032545813 -0.069293763870901789 -0.082591045115391615 -0.042793473171666457 0.057750533886629832 -0.059118255083355123 -0.049454725695364063 -0.052290204575925293 -0.057970664325711289 -0.02564124382371006 0.079648770354532814 0.070864400656091217 -0.036596988386305325
leaf_weight=29.484466940164566 57.12198269367218 552.18577672541142 349.14786148071289 7.4784496426582328 70.1470637768507 45.389671057462692 308.80100831389427 66.761584877967834 23.026696994900703 9.6139707416295987 22.126844674348831 52.218829050660133 37.015362963080406 27.371024817228317
leaf_count=69 90 696 2658 54 425 83 2143 428 149 63 105 62 46 154
internal_value=-0.00067305 0.0520568 -0.0365016 -0.0184809 -0.0263854 -0.032278 -0.0408607 -0.0197845 -0.00434261 0.0275701 0.0641098 0.0576692 0.0438234 0.022244
internal_weight=1657.89 670.559 987.332 638.184 581.062 536.568 463.808 96.2461 155.007 84.8595 574.313 61.8328 44.4938 72.7607
internal_count=7225 1298 5927 3269 3179 3079 2842 497 699 274 801 125 100 237
is_linear=0
shrinkage=0.05


Tree=9
num_leaves=15
num_cat=0
split_feature=15 69 5 11 9 99 37 32 0 137 122 48 37 14
split_gain=1184.28 275.605 159.431 146.668 145.31 121.314 76.6024 95.4772 75.942 73.1644 69.0374 67.5952 56.5716 62.4873
threshold=0.031498016789555557 64.688625335693374 537.74844360351574 7.9167730291374041e-05 0.99042353034019481 0.28566294908523565 0.0027986714849248533 1413.9710083007815 5170.5000000000009 35.676322937011726 -4.3190076351165763 2.0436999648154601e-06 0.0020869567524641757 0.00082034952356480073
decision_type=10 2 10 10 10 8 8 10 2 2 10 8 10 10
left_child=1 2 4 12 -1 8 7 -6 -2 -8 -11 -12 -4 -14
right_child=5 -3 3 -5 6 -7 9 -9 -10 10 11 -13 13 -15
leaf_value=-0.067627327755803851 0.067220169776251129 -0.072402395749017565 -0.086226529307728339 -0.06400522004490565 -0.060539158130445574 -0.070603141869818517 0.067221780837223827 0.040895721530503137 -0.084717371803898975 0.029290294649052712 0.0021158758252846489 -0.059289649867362883 0.068605524150311098 -0.035759228665166003
leaf_weight=164.37203525006771 502.34538246691227 290.8817576020956 6.4769331067800513 34.989443071186543 123.48637616634369 16.306058704853058 36.376699194312096 27.767093032598495 7.5485180020332328 85.65994955599308 101.54860727488995 79.127601712942123 118.58091804385185 15.670487746596335
leaf_count=1246 631 2329 47 242 859 132 47 65 54 283 454 535 155 82
internal_value=-0.000999253 -0.0308487 -0.0155547 0.0263673 -0.0274914 0.0604873 -0.0128422 -0.0417715 0.0648095 0.00170248 -0.00746424 -0.0249552 0.0491297 0.0562492
internal_weight=1611.14 1084.94 794.056 175.718 618.338 526.2 453.966 151.253 509.894 302.713 266.336 180.676 140.728 134.251
internal_count=7161 6344 4015 526 3489 817 2243 924 685 1319 1272 989 284 237
is_linear=0
shrinkage=0.05


Tree=10
num_leaves=15
num_cat=0
split_feature=15 9 5 99 5 79 38 137 56 5 67 17 39 48
split_gain=1086.47 259.617 170.518 131.235 124.964 110.425 93.5491 77.972 69.567 64.3894 66.5733 54.0001 50.2221 46.2572
threshold=0.031498016789555557 0.66501650214195263 537.74844360351574 0.28566294908523565 91.263515472412124 3.6175537388771779e-05 0.00028944245423190301 35.676322937011726 5461.0000000000009 64.250652313232436 32.28930854797364 0.0035988078452646737 0.00041186167800333356 1.5029499991214836e-06
decision_type=10 10 8 8 10 2 10 2 2 8 2 8 10 10
left_child=1 -1 4 8 6 12 9 -6 -2 10 -3 -12 -4 -9
right_child=3 2 5 -5 7 -7 -8 13 -10 -11 11 -13 -14 -15
leaf_value=-0.069579702421480039 0.065868550642076293 -0.041766453720657459 -0.012558551205667144 -0.069271069621461054 0.029175848209092248 -0.057651696845532653 0.059075067534511166 -0.014377861981466362 -0.081197505380100288 -0.05186290899848868 -0.043067568405357026 0.036096927792223565 0.063577122988006982 -0.070274022643157255
leaf_weight=292.64628975093365 492.05298714339733 64.396878868341446 26.472387686371803 18.528243198990822 26.536380931735039 28.564535766839981 46.611311517655849 45.934135869145393 7.3670780286192885 88.140329405665398 26.193305283784866 104.12288768589497 111.24497419595718 203.21734937280416
leaf_count=2387 625 392 119 154 76 196 102 254 53 595 161 302 154 1572
internal_value=-0.000657895 -0.0295621 -0.0143109 0.0586659 -0.0266285 0.0304083 -0.00580506 -0.051403 0.0635412 -0.0166671 -0.000551481 0.0199782 0.0489571 -0.0600676
internal_weight=1582.03 1064.08 771.434 517.948 605.153 166.282 329.465 275.688 499.42 282.853 194.713 130.316 137.717 249.151
internal_count=7142 6310 3923 832 3454 469 1552 1902 678 1450 855 463 273 1826
is_linear=0
shrinkage=0.05


Tree=11
num_leaves=15
num_cat=0
split_feature=15 9 27 5 9 79 0 31 18 123 8 39 59 6
split_gain=1016.86 244.722 137.541 137.273 110.266 102.477 68.5949 58.7953 72.7185 82.613 68.5254 58.4919 40.8218 74.6213
threshold=0.031498016789555557 0.61665016412734996 2252.6520996093755 537.74844360351574 0.99521899223327648 3.6175537388771779e-05 5170.5000000000009 9.9475983006414039e-14 2.0085000187464179e-06 16.502280235290531 66.636322021484389 0.00041186167800333356 293.34016418457037 32.28930854797364
decision_type=10 10 10 10 10 2 2 10 10 10 10 10 2 10
left_child=1 -1 -2 4 -3 11 -4 -6 9 10 -9 -5 -10 -14
right_child=2 3 6 5 7 -7 -8 8 12 -11 -12 -13 13 -15
leaf_value=-0.068108854287999301 -0.051535007732577479 -0.053916451131014835 0.065191111254080739 -0.022481613839827965 -0.050806806102406787 -0.0561651699451036 -0.078858586979603837 -0.057993521220229396 0.06885646937343444 0.065564059778412662 0.098291316149045196 0.062107098959465847 -0.047121402220365642 0.027258937626751689
leaf_weight=279.20729818940163 27.004739180207253 206.79761189967394 493.6735569909215 24.656835079193115 68.434083923697472 29.065249778330326 7.6013388186693183 99.045473083853722 32.089507609605789 18.204891689121723 6.6478649973869315 107.0350136756897 44.369069136679173 130.51124177128077
leaf_count=2350 191 1520 623 120 444 203 55 696 47 45 7 150 285 431
internal_value=0.000437617 -0.0281142 0.0569204 -0.0134827 -0.0243735 0.0274752 0.0628541 -0.00897676 -0.000197942 -0.0303537 -0.0473345 0.0462194 0.0179133 0.0082272
internal_weight=1574.34 1046.06 528.28 766.857 606.1 160.757 501.275 399.302 330.868 123.898 105.693 131.692 206.97 174.88
internal_count=7167 6298 869 3948 3475 473 678 1955 1511 748 703 270 763 716
is_linear=0
shrinkage=0.05


Tree=12
num_leaves=15
num_cat=0
split_feature=8 7 38 75 11 91 127 137 32 10 46 9 35 116
split_gain=846.948 263.247 171.045 136.324 118.625 111.292 92.8851 104.705 102.525 74.3895 52.8564 68.1965 61.2756 47.5948
threshold=1294.7710571289065 89.295501708984389 0.00053347746143117558 0.0026041677920147781 0.0016193637275137009 0.0011733263963833453 -79.55373382568358 35.676322937011726 1413.9710083007815 0.31385928392410284 1.4374999750543795e-06 0.99957948923110973 1387.4155273437502 1.9607242941856386
decision_type=10 8 10 2 10 10 8 2 10 10 10 10 10 2
left_child=1 2 6 -4 9 -2 -1 13 10 -5 11 -9 -13 -8
right_child=5 -3 3 4 -6 -7 7 8 -10 -11 -12 12 -14 -15
leaf_value=0.042355930497378159 -0.03571255713747043 -0.069543189421491833 -0.068323059810056069 0.054422853380010308 -0.045931226185404954 0.062825902479220361 -0.062193805551014197 -0.053221107850896766 0.046012373536973183 -0.041776062836254908 -0.063929066813182153 -0.030279309108555943 0.055063876780401436 0.067950958325468783
leaf_weight=43.23551182448864 29.969196155667305 236.65597777068615 37.938301175832748 212.12579373270273 41.02222765982151 451.13511943817139 7.9900972172617903 113.0239158347249 31.090855062007904 21.459459997713566 218.94050870090723 48.493225313723087 35.590523481369019 33.377325519919395
leaf_count=112 185 2083 305 449 278 604 52 808 67 158 1657 281 97 40
internal_value=0.0015078 -0.0230539 -0.009956 0.0193596 0.0316773 0.0566264 -0.0271911 -0.0334203 -0.0404703 0.0454447 -0.0470278 -0.0280266 0.00606691 0.0419389
internal_weight=1562.05 1080.94 844.288 312.546 274.607 481.104 531.742 488.506 447.139 233.585 416.048 197.108 84.0837 41.3674
internal_count=7176 6387 4304 1190 885 789 3114 3002 2910 607 2843 1186 378 92
is_linear=0
shrinkage=0.05


Tree=13
num_leaves=15
num_cat=0
split_feature=34 74 86 65 63 137 111 30 60 46 0 37 64 33
split_gain=805.385 190.01 157.302 101.548 80.0174 70.0792 65.5438 64.7927 64.0591 80.2476 60.7295 54.25 63.7171 55.473
threshold=51.740882873535163 0.98904100060462963 0.046999117359519012 24.805038452148441 128.10301208496097 35.676322937011726 238.91459655761722 36.873182296752937 1429.6291503906252 1.4474999829872106e-06 5170.5000000000009 0.0025109865237027411 34.636320114135749 1387.4155273437502
decision_type=8 2 2 2 2 2 2 10 2 10 2 10 2 10
left_child=2 4 6 -3 -2 -5 7 -1 9 11 -4 -7 -13 -14
right_child=1 3 10 5 -6 8 -8 -9 -10 -11 -12 12 13 -15
leaf_value=-0.071767590028133182 -0.060784805470035966 0.062988221459588628 0.057910101751129962 0.048041678703640386 0.0081599703510530884 -0.045534231879484459 -0.07421888907525219 0.04600378409298643 0.042307110470936549 -0.055262625788941436 -0.07606963105075254 -0.019724785956983681 -0.044815837314350286 0.070300910300483174
leaf_weight=14.910574100911616 389.27405420690775 44.936750821769238 501.54305574297905 38.881072960793972 46.923394247889519 63.540366135537624 30.630381099879742 43.133130609989166 34.875656947493553 152.34296523034573 7.7812897711992255 80.389224000275135 12.419214896857737 50.141002796590328
leaf_count=119 3285 65 760 77 217 438 259 101 103 1095 57 446 79 94
internal_value=-3.55123e-05 -0.0295487 0.0450338 -0.00772628 -0.0533665 -0.0152003 -0.0162716 0.0150469 -0.0215517 -0.0278586 0.0557182 -0.00747177 0.00964561 0.0471028
internal_weight=1511.72 913.724 597.998 477.526 436.197 432.59 88.6741 58.0437 393.708 358.833 509.324 206.49 142.949 62.5602
internal_count=7195 5899 1296 2397 3502 2332 479 220 2255 2152 817 1057 619 173
is_linear=0
shrinkage=0.05


Tree=14
num_leaves=15
num_cat=0
split_feature=15 69 4 67 127 11 5 116 134 5 123 112 78 6
split_gain=838.456 202.255 118.175 103.326 85.1214 63.7757 70.3788 57.2579 75.6916 76.4731 60.046 52.4114 50.8541 48.56
threshold=0.031498016789555557 64.688625335693374 22.200860023498539 53.832799911499031 -91.720874786376939 1.0000000180025095e-35 537.74844360351574 1.9237099885940554 1.0000000180025095e-35 64.250652313232436 27.593333244323734 6555.0000000000009 0.00039347281563095754 32.575269699096687
decision_type=10 2 8 2 8 8 10 2 2 10 10 2 2 10
left_child=1 2 -1 11 -4 6 7 -6 -9 13 -11 -2 -8 -10
right_child=3 -3 4 -5 5 -7 12 8 9 10 -12 -13 -14 -15
leaf_value=0.039768606625299602 0.059796893703974799 -0.06469697416123113 0.044781530050481938 -0.067021346291785619 -0.058380879174753625 -0.066037855846688004 -0.052937316488952474 0.052833022771530402 -0.038797137944358809 -0.053148995854440918 0.023872082602435462 -0.072168205063128849 0.050284834968683169 0.031608693962571592
leaf_weight=90.980712346732616 462.70632284134626 257.51917739212513 45.15336249768734 16.403264984488487 105.51622309535742 83.638274699449539 14.388133592903612 34.560322046279907 34.977432623505592 175.80016204714775 28.939378917217255 6.8454388901591292 53.597701579332352 75.874843947589397
leaf_count=228 657 2354 108 145 786 704 95 66 231 1344 131 51 94 251
internal_value=-0.00043768 -0.0265951 -0.0133276 0.053384 -0.0207812 -0.0257215 -0.0191686 -0.0262503 -0.0164293 -0.0241571 -0.0421992 0.0577237 0.0279888 0.00924516
internal_weight=1486.9 1000.95 743.427 485.955 652.446 607.292 523.654 455.668 350.152 315.592 204.74 469.552 67.9858 110.852
internal_count=7245 6392 4038 853 3810 3702 2998 2809 2023 1957 1475 708 189 482
is_linear=0
shrinkage=0.05


Tree=15
num_leaves=15
num_cat=0
split_feature=15 7 65 127 50 34 134 38 0 122 5 5 7 30
split_gain=748.34 209.122 133.094 100.394 91.5018 81.0581 80.0309 68.4372 52.0645 46.4322 45.1979 60.3308 67.0314 52.1889
threshold=0.031498016789555557 85.864738464355483 22.200860023498539 -63.970371246337884 0.28515560925006872 1416.1473388671877 0.061868688091635711 1.0000000180025095e-35 6183.5000000000009 1.1449431180953982 537.74844360351574 64.250652313232436 37.886302947998054 1332.5982055664065
decision_type=10 8 2 8 8 8 2 8 2 8 10 10 10 10
left_child=1 2 7 9 8 10 -7 -1 -2 -4 11 12 -5 -14
right_child=4 -3 3 5 -6 6 -8 -9 -10 -11 -12 -13 13 -15
leaf_value=-0.032236787430461232 0.058935459054765098 -0.066024003008081825 -0.032102169378895477 -0.048500473721824804 -0.059671246851295226 0.03994570610875342 -0.04275670326791136 0.060550696871512835 -0.070404520298244649 0.068938740335886692 0.00034786856605776109 -0.053161756897002047 -0.06143932826938741 0.055561531390412248
leaf_weight=25.072106055915356 456.67561510205269 221.41793555766344 14.670546077191828 53.202993102371693 16.715963415801525 80.321791388094425 44.723502971231937 85.840912312269211 7.1144892722368231 42.909036479890347 76.553046226501465 295.45848087221384 11.34313967078924 42.112976409494877
leaf_count=136 655 2133 87 368 146 212 308 137 54 68 338 2366 81 96
internal_value=0.00147115 -0.0233 -0.01098 -0.0194892 0.0526367 -0.0255188 0.0102619 0.0394753 0.0568042 0.0430863 -0.0348678 -0.0415563 -0.00921243 0.0300622
internal_weight=1474.13 993.626 772.209 661.296 480.506 603.716 125.045 110.913 463.79 57.5796 478.671 402.118 106.659 53.4561
internal_count=7185 6330 4197 3924 855 3769 520 273 709 155 3249 2911 545 177
is_linear=0
shrinkage=0.05


Tree=16
num_leaves=15
num_cat=0
split_feature=34 8 5 38 37 137 5 79 115 8 6 77 63 27
split_gain=673.737 158.971 121.422 109.47 108.668 81.1524 65.3221 60.8071 55.2872 53.5001 49.6329 48.0349 46.5425 44.9743
threshold=51.740882873535163 66.668262481689467 537.74844360351574 0.00069221595185808848 0.0025591821176931266 35.676322937011726 64.250652313232436 0.012739370577037336 0.42893669009208685 66.636322021484389 32.575269699096687 0.02870879136025906 23.486331939697269 7552280.5000000009
decision_type=8 8 10 10 10 2 10 2 2 10 10 2 2 10
left_child=2 3 8 5 -5 -2 10 13 12 -8 -7 -6 -1 -4
right_child=1 -3 7 4 11 6 9 -9 -10 -11 -12 -13 -14 -15
leaf_value=0.065707490312702954 0.043507689883263728 -0.059206662646536401 0.057769022304809438 -0.069891328798140348 0.051390467944095367 -0.049162791308901201 -0.053355607076910561 -0.03047979505899345 -0.044144509485831811 0.054614864411376897 0.015948669909282533 -0.065114070068556185 -0.064932398203455574 -0.068352557210925355
leaf_weight=27.875719420611858 37.047789476811886 280.93685901910067 447.01309276372194 24.927945576608181 115.06753095984459 41.956547953188419 237.42173417657614 20.755085341632366 52.376681178808212 11.273058488965033 90.901730574667454 8.7338083386421186 8.048345282673834 6.3838317990303031
leaf_count=44 77 2646 654 220 278 299 1875 104 386 37 362 76 70 49
internal_value=-0.000388414 -0.0285132 0.0420036 -0.0132367 0.0235012 -0.0263146 -0.0331902 0.0520117 -0.0117185 -0.0482623 -0.00482715 0.0427155 0.0354734 0.0558467
internal_weight=1410.72 848.267 562.453 567.33 148.729 418.601 381.553 474.152 88.3007 248.695 132.858 123.801 35.9241 453.397
internal_count=7177 5870 1307 3224 574 2650 2573 807 500 1912 661 354 114 703
is_linear=0
shrinkage=0.05


Tree=17
num_leaves=15
num_cat=0
split_feature=34 7 86 65 115 60 75 137 46 4 12 4 35 4
split_gain=693.18 149.285 123.163 97.4416 57.56 56.8256 60.3836 64.768 100.97 69.2118 48.0171 45.2442 44.2679 39.5677
threshold=50.806491851806648 64.542480468750014 0.046999117359519012 21.931548118591312 0.41566656529903417 1429.6291503906252 0.0024906609905883674 35.676322937011726 1.4424999790207951e-06 34.636320114135749 0.00026925586280412977 31.47038555145264 1387.4155273437502 37.886302947998054
decision_type=8 8 2 2 2 2 2 2 10 10 10 10 8 10
left_child=2 3 4 -2 -1 6 13 -8 9 10 -9 -7 -11 -5
right_child=1 -3 -4 5 -6 11 7 8 -10 12 -12 -13 -14 -15
leaf_value=0.05225732643979062 0.048863588530187643 -0.062852718407559433 0.052794199260269604 -0.06226643129442723 -0.036730697285476059 -0.063504604478495416 0.046857483537566261 -0.040240541691503366 -0.052881032650880469 -0.051821879310149935 0.029889743846428226 0.0733277004051342 0.057570150587695407 0.0091340781767853905
leaf_weight=24.432872399687767 53.309928700327873 223.57170397043228 493.38772883266211 129.81277660280466 62.852590069174767 7.0227205529808989 37.809054955840111 85.961600661277771 143.70471487939358 10.080532662570475 33.097528256475925 25.060204870998859 60.537728548049927 22.505017086863518
leaf_count=57 105 2273 845 1078 433 59 80 635 1158 73 104 36 151 118
internal_value=0.00123673 -0.027998 0.0431247 -0.0151183 -0.0115115 -0.0213342 -0.0253111 -0.0143618 -0.0214241 0.00256091 -0.0206583 0.0423619 0.0414492 -0.0517262
internal_weight=1413.15 832.474 580.673 608.902 87.2855 555.592 523.509 371.191 333.382 189.677 119.059 32.0829 70.6183 152.318
internal_count=7205 5870 1335 3597 490 3492 3397 2201 2121 963 739 95 224 1196
is_linear=0
shrinkage=0.05


Tree=18
num_leaves=15
num_cat=0
split_feature=5 37 9 79 83 4 50 67 60 55 96 130 135 5
split_gain=619.537 239.243 181.528 148.512 61.8192 45.9065 41.6705 49.2352 64.7592 44.8494 50.4884 66.7246 76.8527 54.8164
threshold=537.74844360351574 0.0020869567524641757 0.99042353034019481 0.0021333630429580812 1.0000000180025095e-35 22.200860023498539 0.0019620497478172187 30.95268535614014 1429.6291503906252 3607662.0000000005 0.0014910542522557082 0.55648330226540577 5.0000000000000009 48.707345962524421
decision_type=10 10 10 2 2 10 8 2 2 10 8 2 2 10
left_child=2 -2 -1 4 -3 -4 -7 -8 9 10 -9 13 -13 -12
right_child=1 3 5 -5 -6 6 7 8 -10 -11 11 12 -14 -15
leaf_value=-0.061791417495438476 -0.065954639160762302 0.054095729785802717 0.037457103816054819 -0.049021504888647448 -0.058264714241780514 -0.064666419721073995 -0.05831893775370936 -0.047053074743364204 0.079313222942287931 0.088751553593174271 0.018504382953046409 -0.054888980256720711 0.061954940873177669 -0.057424842484829167
leaf_weight=303.84880746155977 52.444864116609097 526.51286246627569 43.024277791380882 38.625295765697956 11.752574399113653 39.202576071023941 45.601487942039967 78.403671950101852 21.129159942269325 10.092402726411818 39.5111029073596 17.432245828211308 60.15420201420784 57.234598807990551
leaf_count=3054 528 910 110 272 78 338 363 602 24 22 159 132 109 462
internal_value=-0.00073833 0.0354188 -0.0325403 0.0447328 0.0515389 -0.0108591 -0.0165823 -0.0106841 -0.00285652 -0.00973785 -0.0140051 0.00104144 0.0353379 -0.0265432
internal_weight=1344.97 629.336 715.635 576.891 538.265 411.786 368.761 329.559 283.957 262.828 252.736 174.332 77.5864 96.7457
internal_count=7163 1788 5375 1260 988 2321 2211 1873 1510 1486 1464 862 241 621
is_linear=0
shrinkage=0.05


Tree=19
num_leaves=15
num_cat=0
split_feature=15 9 38 75 67 127 9 79 116 0 67 131 34 5
split_gain=611.652 162.09 94.2798 87.5044 76.9327 67.5011 64.1763 62.4461 59.5652 46.873 43.3292 47.3387 38.3937 60.4878
threshold=0.046186989173293121 0.6864154338836671 0.00053347746143117558 0.0021959925070405011 53.832799911499031 -63.970371246337884 0.99576833844184887 0.0016358765424229207 1.9001342058181765 5170.5000000000009 32.28930854797364 0.99135681986808788 1410.6363525390627 64.250652313232436
decision_type=10 10 10 2 2 8 10 2 2 2 2 2 10 10
left_child=1 -1 5 -4 9 -3 -7 -5 -8 -2 -10 12 13 -12
right_child=4 2 3 7 -6 6 8 -9 10 -11 11 -13 -14 -15
leaf_value=-0.058789130355684276 0.055793613177962532 0.034979186747235595 -0.066375820299921215 0.040266087774753878 -0.062158257248298335 -0.057684527108816899 -0.056590175552181779 -0.052970847285170576 -0.040936590095191197 -0.068817352076734159 0.040200758930596443 -0.049290133764408488 0.047900154111306548 -0.050825051997112541
leaf_weight=233.4219883531332 404.92133910953999 44.693512573838234 26.088852010667324 161.00070854276419 14.080331489443777 133.25896599143744 67.437765344977379 19.3280945494771 55.897840730845928 6.8809045404195777 36.348862454295158 27.488606862723827 68.33414489030838 34.700006484985352
leaf_count=2464 640 126 250 454 144 1190 517 153 418 53 111 212 182 284
internal_value=0.000217541 -0.0229678 -0.010504 0.0175891 0.0495877 -0.0229017 -0.0290786 0.0300357 -0.0157901 0.0535498 -0.00324127 0.00955437 0.0214279 -0.0043443
internal_weight=1333.88 907.999 674.577 206.418 425.883 468.16 423.466 180.329 290.207 411.802 222.769 166.872 139.383 71.0489
internal_count=7198 6361 3897 857 837 3040 2914 607 1724 693 1207 789 577 395
is_linear=0
shrinkage=0.05


Tree=20
num_leaves=15
num_cat=0
split_feature=15 11 78 9 91 65 75 81 115 137 60 6 106 41
split_gain=532.217 149.727 137.202 97.9134 81.5996 52.9986 43.2981 39.4663 42.4312 46.682 44.6068 46.9923 36.4248 33.1875
threshold=0.031498016789555557 1.0000000180025095e-35 0.0013807757059112193 0.99074685573577892 0.0012808891478925946 21.931548118591312 0.0045641267206519851 0.00026777404127642518 0.013588509056717159 35.676322937011726 1429.6291503906252 31.2744255065918 3669584.3750000005 0.0046403962187469014
decision_type=10 8 2 10 10 2 2 2 2 2 2 10 2 10
left_child=1 2 3 5 -2 -1 -4 8 -5 -10 12 -12 -11 -8
right_child=4 -3 6 7 -6 -7 13 -9 9 10 11 -13 -14 -15
leaf_value=0.041511034492614458 -0.034623557852974461 -0.061750472095857878 -0.045759393356736844 -0.059433006075080723 0.0530722527453861 -0.059772203975080221 0.055804511836637496 0.058852444391433778 0.053159810303171767 -0.022010631119611972 -0.060534561772324108 0.080214250320804661 0.064313536188405018 -0.02683737220405287
leaf_weight=13.295394569635389 27.858578197658062 187.33422030508518 13.733784325420855 40.003412164747715 377.08313492685556 167.87781848013401 98.820592276751995 20.103292718529701 29.816239133477211 256.2720253765583 7.1033138483762768 22.603203684091568 11.876973837614058 13.229306124150751
leaf_count=35 199 1957 110 351 645 1761 200 30 50 1636 64 24 27 76
internal_value=-0.00041784 -0.0222007 -0.0114627 -0.021913 0.0469687 -0.0521525 0.0356067 -0.00768706 -0.011475 -0.00545708 -0.0114831 0.0456836 -0.0179624 0.0458962
internal_weight=1287.01 882.07 694.735 568.952 404.942 181.173 125.784 387.778 367.675 327.672 297.856 29.7065 268.149 112.05
internal_count=7165 6321 4364 3978 844 1796 386 2182 2152 1801 1751 88 1663 276
is_linear=0
shrinkage=0.05


Tree=21
num_leaves=15
num_cat=0
split_feature=34 7 11 35 26 38 38 75 74 8 20 7 34 32
split_gain=459.512 138.084 90.5116 76.9674 70.8997 82.3494 63.6792 76.8649 53.6905 52.6702 61.3181 53.0379 60.9205 51.451
threshold=50.806491851806648 64.542480468750014 0.071454100310802474 30.665631294250492 0.96466663479805004 0.0026968258898705248 0.00053347746143117558 0.0026041677920147781 0.9954432249069215 66.636322021484389 0.00022438869928009811 38.054365158081062 1345.1148681640627 1429.262634277344
decision_type=8 8 8 10 10 10 10 2 2 10 10 10 10 10
left_child=2 6 3 -1 -5 -6 8 -8 -2 10 -10 12 -12 -14
right_child=1 -3 -4 4 5 -7 7 -9 9 -11 11 -13 13 -15
leaf_value=-0.08402463079923117 -0.047098638381869062 -0.058818989478294795 -0.061168475258237334 0.052230001770230322 0.052577882569601046 -0.086963023682236462 -0.064227367747481112 0.028056078434795739 -0.045343869785608885 0.091143324635532721 0.076567886909978206 0.03162503624014975 -0.063976306950710021 0.056943646140054829
leaf_weight=10.727650053799151 133.71750871837139 196.0246726423502 20.861297689378262 429.0570924654603 20.438797272741795 19.915692947804928 25.495530068874359 152.20098521560431 93.048745527863503 11.692992031574247 11.393544122576712 87.463817402720451 53.352183386683464 9.6887560933828336
leaf_count=95 1196 2273 192 788 34 190 259 570 729 17 23 305 447 13
internal_value=0.00147374 -0.0226647 0.0387401 0.0431991 0.046279 -0.0167258 -0.010324 0.0145301 -0.0213641 -0.0083307 -0.0132313 0.00539001 -0.0254479 -0.0447931
internal_weight=1275.08 774.079 501.001 480.139 469.412 40.3545 578.054 177.697 400.358 266.64 254.947 161.898 74.4345 63.0409
internal_count=7131 5832 1299 1107 1012 224 3559 829 2730 1534 1517 788 483 460
is_linear=0
shrinkage=0.05


Tree=22
num_leaves=15
num_cat=0
split_feature=5 37 9 79 20 123 137 5 126 5 5 41 93 37
split_gain=459.715 191.185 166.451 102.132 60.2511 45.0479 38.2994 51.7486 49.7884 45.4682 40.8689 36.49 33.2576 34.5516
threshold=537.74844360351574 0.0020869567524641757 0.99042353034019481 1.0000000180025095e-35 2.0646000393753643e-06 154.77207183837893 35.676322937011726 85.314022064208999 129482.15625000001 48.707345962524421 34.752981185913093 0.0098603186197578924 1.4670000041405731e-06 0.013644120190292599
decision_type=10 10 10 2 10 10 2 10 2 10 10 10 8 10
left_child=2 -2 -1 11 -5 6 -4 8 9 10 -8 -3 13 -11
right_child=1 3 5 4 -6 -7 7 -9 -10 12 -12 -13 -14 -15
leaf_value=-0.057349853365883566 -0.062756222462932582 0.051995433770847199 0.041499004254384082 0.041073455946366431 -0.057127806485483879 0.065963847940767636 -0.049246189529166033 -0.046630229461320755 0.041268655992829799 -0.037565911611476509 0.033004688424160995 -0.045182849574994716 -0.054644865536778942 0.041476285100513877
leaf_weight=272.05830567330122 46.559154160320759 459.77555719763041 31.383890055119991 25.324097149074078 37.602795302867889 19.210774697363377 18.638540916144848 95.342017702758312 48.848395019769669 30.654258646070957 64.951030276715755 9.1426613181829435 73.401067554950714 23.552268721163273
leaf_count=3079 532 845 69 66 288 40 148 822 178 223 202 57 608 68
internal_value=0.000752596 0.0334676 -0.0271632 0.0419932 -0.0175837 -0.00684316 -0.0106202 -0.0153264 -0.00371458 -0.0142643 0.0142993 0.0500086 -0.0329407 -0.00309355
internal_weight=1256.44 578.404 678.041 531.845 62.9269 405.982 386.771 355.388 260.046 211.197 83.5896 468.918 127.608 54.2065
internal_count=7225 1788 5437 1256 354 2358 2318 2249 1427 1249 350 902 899 291
is_linear=0
shrinkage=0.05


Tree=23
num_leaves=15
num_cat=0
split_feature=15 7 65 127 91 34 134 38 28 73 5 112 30 5
split_gain=415.72 139.444 74.2967 64.0764 63.9349 46.6845 48.8801 41.1771 39.5047 36.9201 53.541 45.0368 49.5902 38.5679
threshold=0.031498016789555557 85.864738464355483 22.200860023498539 -69.104232788085923 0.0011733263963833453 1416.1473388671877 0.061868688091635711 1.0000000180025095e-35 2822.0000000000005 529.41552734375011 64.250652313232436 186.50000000000003 1413.7979736328127 593.30627441406261
decision_type=10 8 2 8 10 10 2 8 2 2 10 2 10 10
left_child=1 2 7 -4 -2 9 -7 -1 -8 10 11 12 -5 -11
right_child=4 -3 3 5 -6 6 8 -9 -10 13 -12 -13 -14 -15
leaf_value=-0.024070561089549348 -0.032088081288363511 -0.059789872187150678 0.038246373058943024 -0.053400851059475889 0.050275435593121344 0.033204950093308878 -0.056424043580969932 0.052406082466622775 0.075414540333791136 0.038482987079559008 -0.046554473489799603 0.031806099155330371 0.066042031032950033 -0.032220061604409676
leaf_weight=22.882012017071247 24.595568768680096 162.88932684808969 50.900980360805988 49.265356406569481 350.19774160534143 72.042062260210514 33.551975190639496 68.709744669497013 5.900951385498046 38.990745685994625 251.56201354414225 47.240442991256714 9.6169607192277891 36.272799402475357
leaf_count=127 184 2085 149 387 656 218 296 128 12 99 2404 178 11 247
internal_value=0.00100148 -0.0183444 -0.00844403 -0.014903 0.0447994 -0.019933 0.00885575 0.0332466 -0.0353282 -0.0273502 -0.0340315 -0.00418872 -0.0331157 0.00443241
internal_weight=1224.62 849.825 686.936 595.344 374.793 544.443 111.495 91.5918 39.4529 432.948 357.685 106.123 58.8823 75.2635
internal_count=7181 6341 4256 4001 840 3852 526 255 308 3326 2980 576 398 346
is_linear=0
shrinkage=0.05


Tree=24
num_leaves=15
num_cat=0
split_feature=34 9 18 79 38 37 27 63 137 73 105 8 3 7
split_gain=420.291 114.171 75.2607 65.7718 60.5849 77.1963 41.7084 39.7472 39.1394 39.0439 49.8279 33.1852 32.8898 32.149
threshold=50.806491851806648 0.98895138502120983 0.00029501999961212283 0.0093898782506585139 0.00053347746143117558 0.0022050723200663929 7552280.5000000009 128.10301208496097 35.676322937011726 64.250652313232436 1385.2500000000002 66.636322021484389 361.21612548828131 30.95268535614014
decision_type=8 10 10 2 10 10 8 2 2 2 2 10 10 10
left_child=2 7 3 6 8 -6 -1 -2 -3 13 -11 -12 -5 -10
right_child=1 4 -4 12 5 -7 -8 -9 9 10 11 -13 -14 -15
leaf_value=0.049520571674612837 -0.052948635923031853 0.039797680007434 -0.032151362158623541 -0.074811857550893604 -0.062186649514640126 0.053936815582621457 -0.066933644060556491 0.0015118938744440062 -0.066480643148972715 -0.058007534543380326 -0.015609620260360217 0.09173810108374629 0.031858392089911515 0.0075493609794980354
leaf_weight=399.88095922768116 281.2074588984251 27.087392143905163 36.14511451125145 16.384837634861473 17.083198346197605 69.2214195728302 7.0105946585535994 37.954078033566475 15.813210338354109 106.15791396051645 39.42936709523201 7.7608389705419532 11.607801906764506 113.83957874774933
leaf_count=784 3293 59 294 151 185 140 56 218 145 1013 287 9 27 542
internal_value=-0.000146905 -0.0242786 0.036486 0.0422515 -0.00632457 0.0305022 0.0473549 -0.0464878 -0.0166394 -0.0221624 -0.039154 0.00358197 -0.0310054 -0.0019195
internal_weight=1186.58 715.554 471.029 434.884 396.393 86.3046 406.892 319.162 310.088 283.001 153.348 47.1902 27.9926 129.653
internal_count=7203 5891 1312 1018 2380 325 840 3511 2055 1996 1309 296 178 687
is_linear=0
shrinkage=0.05


Tree=25
num_leaves=15
num_cat=0
split_feature=15 69 27 11 5 5 137 31 0 39 38 60 33 20
split_gain=388.638 118.887 71.9197 70.3822 90.6775 51.4009 49.2241 48.7896 41.7713 39.0494 34.3072 35.1528 53.5951 71.7235
threshold=0.031498016789555557 85.864738464355483 2371.779663085938 1.0000000180025095e-35 537.74844360351574 91.263515472412124 36.028966903686531 9.9475983006414039e-14 5170.5000000000009 0.0001992266843444668 0.00028944245423190301 1429.6291503906252 1394.037292480469 0.0003414102975511924
decision_type=10 2 10 8 10 10 2 10 2 10 10 2 10 10
left_child=1 3 -2 4 5 7 -7 -1 -4 -6 11 12 13 -9
right_child=2 -3 8 -5 9 6 -8 10 -10 -11 -12 -13 -14 -15
leaf_value=-0.040554715761488079 -0.044822666925787458 -0.05875827503862685 0.051165417922167944 -0.054851848616105675 -0.026786672639055494 0.032988324843079557 -0.044935524668021948 -0.067693155425389048 -0.065534821557681242 0.0494549426785858 0.051023761590998078 0.058042742633146321 -0.033648896976072089 0.048295539083240545
leaf_weight=59.34700920432806 21.15868116915226 152.36631412804127 335.81909479945898 75.569308400154114 19.746411941945553 22.587031602859497 153.60962644219398 16.10624436289072 7.0276027470827094 93.645388916134834 40.65620481222868 22.515839949250221 88.228813089430332 60.168205469846725
leaf_count=474 193 2101 625 778 118 63 1522 145 57 177 101 50 656 168
internal_value=0.000252249 -0.0191413 0.0430519 -0.0098099 -0.00382206 -0.0136414 -0.0348165 -0.0005668 0.0485897 0.0360599 0.00998842 0.000843789 -0.00728853 0.0232441
internal_weight=1168.55 804.546 364.005 652.18 576.611 463.219 176.197 287.022 342.847 113.392 227.675 187.019 164.503 76.2744
internal_count=7228 6353 875 4252 3474 3179 1585 1594 682 295 1120 1019 969 313
is_linear=0
shrinkage=0.05


Tree=26
num_leaves=15
num_cat=0
split_feature=5 67 9 79 115 91 137 123 127 32 4 8 20 93
split_gain=337.006 146.476 138.6 97.9139 38.1012 36.3287 31.145 33.9456 40.2705 49.4949 35.2427 34.1675 42.1791 49.5837
threshold=537.74844360351574 53.231668472290046 0.99042353034019481 1.0000000180025095e-35 0.014735424425452949 0.00044771630200557416 35.676322937011726 22.636755943298343 -5.8429143428802481 1413.9710083007815 24.805038452148441 54.632076263427741 0.00022438869928009811 1.4524999869536261e-06
decision_type=10 2 10 2 2 10 2 10 8 10 10 10 10 10
left_child=2 3 -1 5 -4 -2 -6 8 -8 10 -10 -12 -13 -14
right_child=1 -3 4 -5 6 -7 7 -9 9 -11 11 12 13 -15
leaf_value=-0.053737051819439163 -0.067759015494569863 -0.059781932313215207 -0.050504115218268947 -0.022008419459557879 0.048258884319272125 0.048251275727417581 0.039163311045220785 0.037223037469993552 0.024441867023156778 0.05488524018604185 -0.053346700219053945 -0.038169921345086122 0.071850480955621507 -0.048585973550607897
leaf_weight=236.04055137932301 6.0226828306913367 40.481161586940289 40.316156543791294 58.800028473138809 29.847312971949577 423.64317116141319 34.264720037579536 41.504011899232864 30.230980485677719 20.286881811916828 98.292037449777126 54.533366575837135 23.768736191093922 12.196978412568567
leaf_count=3033 49 538 384 370 55 868 122 153 104 35 880 452 37 117
internal_value=0.00130183 0.0306027 -0.0236534 0.0382 -0.00512953 0.0464716 0.000304686 -0.00437632 -0.0108 -0.018087 -0.0250648 -0.0330793 -0.0107241 0.0307977
internal_weight=1150.23 528.947 621.282 488.466 385.241 429.666 344.925 315.078 273.574 239.309 219.022 188.791 90.4991 35.9657
internal_count=7197 1825 5372 1287 2339 917 1955 1900 1747 1625 1590 1486 606 154
is_linear=0
shrinkage=0.05


Tree=27
num_leaves=15
num_cat=0
split_feature=15 7 65 91 127 137 32 46 34 125 4 38 35 93
split_gain=312.857 121.684 66.3956 54.034 50.2904 43.3599 43.4603 54.6559 38.728 38.6567 34.4906 40.313 33.199 45.3921
threshold=0.046186989173293121 85.864738464355483 22.200860023498539 0.0011733263963833453 -79.55373382568358 35.676322937011726 1413.9710083007815 1.4474999829872106e-06 24.230171203613285 -5.4999999999999991 34.636320114135749 0.001034663640893996 1387.4155273437502 1.3275000014800755e-06
decision_type=10 8 2 10 8 2 10 8 8 2 10 10 10 10
left_child=1 2 8 -2 9 -6 7 10 -1 -4 11 -7 -12 -14
right_child=3 -3 4 -5 5 6 -8 -9 -10 -11 12 -13 13 -15
leaf_value=-0.059941212774671085 -0.032957371468698315 -0.057882976123022116 0.060717097849059987 0.047081168216086031 0.029009977692523545 -0.03952550735692717 0.039378579679300196 -0.044006867298703616 0.043546799996083435 -0.045677564435845079 -0.064642610975590542 0.02155169497732215 -0.028628070941318525 0.058779225918289171
leaf_weight=9.2805362567305547 21.953142702579498 143.64691358059645 35.261883176863194 306.0242612734437 43.482773572206497 100.70783442258835 25.666059128940105 219.31463529169559 81.162165105342865 10.35990798473358 9.5156052112579328 36.058736890554428 21.103168033063412 45.461354665458202
leaf_count=73 188 2140 64 645 135 921 65 2123 190 76 93 172 186 119
internal_value=0.000732168 -0.0164777 -0.00706996 0.0416399 -0.0136421 -0.0182313 -0.0227716 -0.0265451 0.0323883 0.0360952 -0.00843099 -0.0233829 0.0184021 0.0310546
internal_weight=1109 781.022 637.375 327.977 546.932 501.31 457.827 432.161 90.4427 45.6218 212.847 136.767 76.0801 66.5645
internal_count=7190 6357 4217 833 3954 3814 3679 3614 263 140 1491 1093 398 305
is_linear=0
shrinkage=0.05


Tree=28
num_leaves=15
num_cat=0
split_feature=5 37 74 79 20 41 31 97 8 4 34 134 4 16
split_gain=307.064 143.72 133.029 68.3998 42.1552 35.756 31.7681 42.735 45.7348 33.0463 28.845 61.2672 41.7235 47.6073
threshold=537.74844360351574 0.0020869567524641757 0.99187403917312633 1.0000000180025095e-35 2.0646000393753643e-06 0.0085199433378875273 9.9475983006414039e-14 1.7182000192406125e-05 66.636322021484389 24.805038452148441 1394.037292480469 0.061868688091635711 37.743314743041999 0.0011003102408722045
decision_type=10 10 2 2 10 10 10 10 10 10 10 2 10 10
left_child=2 -2 -1 5 -5 -3 -4 8 9 -8 -9 12 -12 -14
right_child=1 3 6 4 -6 -7 7 10 -10 -11 11 -13 13 -15
leaf_value=-0.053112593780345232 -0.060818064417806711 0.046901024190555661 -0.039731781988723174 0.039732449775509521 -0.047403222565814092 -0.056256816264611813 0.049298001931075849 0.037201073310214654 0.064608127055678588 -0.047922218835017509 0.045288083778911158 -0.062268548334520168 0.086955176493306516 -0.050521893051391278
leaf_weight=232.18475438654423 39.551014021039009 392.76625176519156 53.637727081775665 21.744208320975304 34.778074964880943 7.7794035002589217 9.0003236159682256 83.055224500596523 11.579747475683687 78.915484629571438 57.510987669229507 29.608809359371662 6.9868704453110686 29.358658529818058
leaf_count=3172 538 855 436 62 279 56 15 279 26 750 150 283 11 281
internal_value=0.000612475 0.029572 -0.0236967 0.0375093 -0.013774 0.0447624 -0.00461185 0.00165325 -0.0251153 -0.0375269 0.0146084 -0.000766421 0.0190875 -0.0224733
internal_weight=1088.46 496.619 591.839 457.068 56.5223 400.546 359.654 306.016 99.4956 87.9158 206.521 123.465 93.8565 36.3455
internal_count=7193 1790 5403 1252 341 911 2231 1795 791 765 1004 725 442 292
is_linear=0
shrinkage=0.05


Tree=29
num_leaves=15
num_cat=0
split_feature=15 7 11 75 38 127 137 27 64 93 4 0 4 114
split_gain=290.383 99.0502 51.1605 63.1197 54.3613 74.7359 60.0694 50.2192 47.3749 37.2152 42.9737 34.3147 32.5001 30.4659
threshold=0.031498016789555557 85.864738464355483 0.0016193637275137009 0.0024906609905883674 0.00053347746143117558 -9.828828811645506 35.676322937011726 2252.6520996093755 1413.9710083007815 1.4474999829872106e-06 34.636320114135749 5170.5000000000009 37.371212005615241 0.44622813165187841
decision_type=10 8 10 2 10 8 2 10 2 8 10 2 10 2
left_child=1 2 3 8 5 -5 -7 -2 -1 10 -8 -9 -10 -6
right_child=7 -3 -4 4 13 6 9 11 12 -11 -12 -13 -14 -15
leaf_value=-0.047511823744641253 -0.039782429427813543 -0.056989265881412378 -0.052418274566692361 0.04750155158446373 0.052792376832091197 0.048765209368859308 -0.034304370635898911 0.04755762706408552 -0.067436495579598826 -0.052634430175328456 0.035609539895175756 -0.063220223014777616 0.06193890710777359 0.0069370685884199675
leaf_weight=110.29449346661568 17.852651357650757 130.98596755042672 60.268275484442711 48.351815201342106 72.50311978161335 26.249443307518959 57.083423152565956 285.28642325103283 5.618887014687064 94.577616706490517 34.392834417521954 6.338020220398902 17.93521623313427 72.102133058011532
leaf_count=1127 170 2115 694 134 180 49 501 608 46 954 129 53 24 382
internal_value=-0.000572365 -0.0177708 -0.00911951 -0.00419094 0.00565589 -0.00798667 -0.0207875 0.0399424 -0.0338256 -0.0308086 -0.00791763 0.0449422 0.0295866 0.030133
internal_weight=1039.84 730.363 599.377 539.109 405.26 260.655 212.303 309.477 133.849 186.054 91.4763 291.624 23.5541 144.605
internal_count=7166 6335 4220 3526 2329 1767 1633 831 1197 1584 630 661 70 562
is_linear=0
shrinkage=0.05


Tree=30
num_leaves=15
num_cat=0
split_feature=34 71 79 34 65 17 131 31 35 137 75 5 12 71
split_gain=255.144 92.2336 63.2929 63.8625 58.2636 44.1808 37.1475 35.8659 30.9913 27.9031 32.9276 28.1986 49.9682 47.6346
threshold=51.740882873535163 68.832298278808608 0.0093898782506585139 28.865631103515629 21.931548118591312 0.002664151601493359 0.99135681986808788 23.477920532226566 1397.8327636718752 35.676322937011726 0.003612786997109652 85.826648712158217 0.00036780876689590519 66.636322021484389
decision_type=8 2 2 10 2 8 2 10 10 2 2 10 10 2
left_child=2 4 3 -1 -2 7 9 -5 -7 10 -6 -11 13 -13
right_child=1 -3 -4 5 6 8 -8 -9 -10 11 -12 12 -14 -15
leaf_value=-0.071654508931440916 0.045095646336730938 -0.051355594323056156 -0.037929725341333272 -0.049351539196850515 -0.067153469873389562 0.051522539152026439 -0.050214597994715282 0.039148778501005926 -0.021641577065036829 0.002192959597201605 0.05251925942538066 -0.053590507243862009 0.018610350573404339 0.054025483828702807
leaf_weight=12.112793676555155 45.117472514510155 168.90140307322145 29.546543356031179 22.111105717718601 6.0730532258748999 290.61737974733114 59.986851222813129 21.700562328100204 14.704268753528593 159.42133178561926 31.78846413642168 109.58281743526459 43.009386479854584 10.536796398460863
leaf_count=111 93 2548 251 197 50 621 618 66 68 978 58 1299 198 33
internal_value=-0.000251639 -0.0198187 0.0314833 0.0372497 -0.00829075 0.0412218 -0.0141136 -0.00562062 0.0479398 -0.00798268 0.0320895 -0.0127711 -0.0273192 -0.0437824
internal_weight=1025.21 634.418 390.793 361.246 465.516 349.133 420.399 43.8117 305.322 360.412 37.8615 322.55 163.129 120.12
internal_count=7189 5875 1314 1063 3327 952 3234 263 689 2616 108 2508 1530 1332
is_linear=0
shrinkage=0.05


Tree=31
num_leaves=15
num_cat=0
split_feature=5 9 37 79 20 83 131 85 115 38 42 35 6 5
split_gain=246.619 123.328 115.279 76.3937 48.1319 42.1425 36.9668 32.3764 31.8324 31.4834 25.5343 28.4324 39.5238 34.0592
threshold=537.74844360351574 0.99042353034019481 0.0020869567524641757 1.0000000180025095e-35 2.0646000393753643e-06 0.00081445416435599338 0.94282186031341564 0.0001166382535302546 0.013931090012192728 0.00069221595185808848 0.0011651696404442193 1410.6363525390627 32.28930854797364 64.250652313232436
decision_type=10 10 10 2 10 2 2 2 2 10 10 8 10 10
left_child=1 -1 -2 5 -5 7 8 -4 -3 10 11 13 -13 -10
right_child=2 6 3 4 -6 -7 -8 -9 9 -11 -12 12 -14 -15
leaf_value=-0.053704015340633238 -0.058643558219834746 -0.05055007943515908 0.047080303698406205 0.036966643770169567 -0.059815758523952205 -0.082327242049924754 -0.045476192224012647 -0.050828416085242079 0.010122232712952711 0.050780185435370023 -0.060414473212574364 -0.030100598258466338 0.043704313796513905 -0.042054316783598618
leaf_weight=197.95800707861781 34.990517470985651 25.17009200528264 356.63798163086176 20.386426843702793 31.484549779444933 5.7501101046800605 46.102699063718319 7.8672095313668242 79.361656822264194 34.962205924093723 15.00817861407995 23.343572318553925 72.034429900348186 50.310129903256893
leaf_count=3023 533 278 813 63 286 52 436 54 405 80 168 191 225 529
internal_value=0.000391275 -0.0223309 0.0274344 0.0346912 -0.0217984 0.0426426 -0.00429355 0.0448338 0.0021612 0.00715104 0.00061257 0.00493161 0.0255158 -0.0102882
internal_weight=1001.37 544.251 457.117 422.126 51.871 370.255 346.293 364.505 300.19 275.02 240.058 225.05 95.378 129.672
internal_count=7136 5335 1801 1268 349 919 2312 867 1876 1598 1518 1350 416 934
is_linear=0
shrinkage=0.05


Tree=32
num_leaves=15
num_cat=0
split_feature=15 7 27 11 62 10 38 37 38 54 69 5 54 26
split_gain=205.91 99.6643 54.6614 51.6976 55.88 51.2789 48.5528 43.4587 37.5341 108.701 32.7172 35.9889 42.0436 32.6851
threshold=0.031498016789555557 85.864738464355483 2252.6520996093755 0.0016193637275137009 317.60173034667974 0.0090703414753079432 0.00069221595185808848 0.0027986714849248533 0.0025220720563083891 0.61656630039215099 32.575269699096687 64.250652313232436 0.96689465641975414 0.74510580301284801
decision_type=10 8 10 10 2 10 10 10 10 10 2 10 10 10
left_child=1 3 -2 4 5 6 10 -8 -4 -10 -1 -12 -13 -6
right_child=2 -3 8 -5 13 -7 7 -9 9 -11 11 12 -14 -15
leaf_value=-0.053396607828319231 -0.046313783151446124 -0.055796095039448226 0.052193730267128147 -0.050132573267863495 0.050789928044079669 -0.046148601126691467 -0.05586716094708425 0.052908035227972307 0.037304546484093086 -0.1348670340831751 0.016227948955399786 -0.043400954916490542 0.0096838354230945958 -0.057143929744806525
leaf_weight=34.376064486801624 17.870065089315176 115.03913082554936 209.9779582247138 56.488298580050468 66.63468861579895 68.970915570855141 9.9196114204823953 61.618738532066345 52.622077371925116 10.061092443764208 135.09238816052675 80.977556679397821 67.881058447062969 6.9940132945775977
leaf_count=331 191 2103 455 705 172 836 136 122 136 94 600 813 458 88
internal_value=0.001176 -0.0134407 0.0365187 -0.005087 -0.000223172 -0.00673589 0.000336826 0.0372629 0.0420969 0.00798595 -0.00805235 -0.0023947 -0.0192907 0.0399089
internal_weight=994.524 703.992 290.531 588.953 532.465 458.836 389.865 71.5383 272.661 62.6832 318.327 283.951 148.859 73.6287
internal_count=7240 6364 876 4261 3556 3296 2460 258 685 230 2202 1871 1271 260
is_linear=0
shrinkage=0.05


Tree=33
num_leaves=15
num_cat=0
split_feature=5 9 32 79 53 20 35 127 122 38 121 116 6 131
split_gain=207.278 123.287 102.585 50.8332 38.1229 31.5616 27.2229 26.8612 41.3486 32.8197 30.1369 30.1067 29.9118 28.7673
threshold=537.74844360351574 0.99074685573577892 38.200859069824226 1.0000000180025095e-35 435.93254089355474 2.0646000393753643e-06 30.665631294250492 -9.828828811645506 2.8571243286132817 0.00069221595185808848 40.421709060668952 1.8933527469635012 32.28930854797364 0.99135681986808788
decision_type=10 10 8 2 8 10 10 8 8 10 2 2 10 2
left_child=1 -1 3 6 -4 -5 -2 10 9 11 -3 -9 -13 -14
right_child=2 7 4 5 -6 -7 -8 8 -10 -11 -12 12 13 -15
leaf_value=-0.052595680770900911 -0.14886779602513045 -0.026551544804605615 0.043156257851291499 0.036487721833408912 -0.06708024080332918 -0.039718783049509328 0.043257332350686517 -0.047251295745023153 -0.062786944957281807 0.040540863210927952 0.066751674945873626 -0.035328092177555531 0.01993080427396399 -0.039528229459059476
leaf_weight=187.10587977617979 0.90293885767459769 12.133360862731932 9.2160104773938638 21.598757363855839 35.870157413184643 33.167502488940954 330.23160019516945 39.842156760394573 29.138632521033287 39.437894809991121 25.738952238112688 45.162476472556591 128.10472324490547 23.191916808485985
leaf_count=3088 12 75 26 75 564 295 820 376 340 128 57 416 674 225
internal_value=0.000858682 -0.0200697 0.0265749 0.0349247 -0.0440994 -0.00954904 0.0422868 -0.0022125 -0.00718164 -0.00109993 0.0369455 -0.00819119 -7.0571e-05 0.0106168
internal_weight=960.843 529.856 430.987 385.901 45.0862 54.7663 331.135 342.75 304.878 275.739 37.8723 236.301 196.459 151.297
internal_count=7171 5379 1792 1202 590 370 832 2291 2159 1819 132 1691 1315 899
is_linear=0
shrinkage=0.05


Tree=34
num_leaves=15
num_cat=0
split_feature=34 9 79 65 91 49 38 52 35 67 137 37 60 46
split_gain=198.873 78.5356 53.7766 52.6401 49.9828 37.7994 45.286 30.8874 28.2222 27.59 27.4217 32.0179 27.4573 41.638
threshold=53.832799911499031 0.92597928643226635 0.010256679728627207 21.931548118591312 0.0094676339067518728 0.00059717349358834337 0.0030257808975875382 159.91666412353518 43.262624740600593 17.331782341003422 35.676322937011726 0.003571340581402183 1429.6291503906252 1.4524999869536261e-06
decision_type=8 10 2 2 8 8 10 10 10 2 2 10 2 10
left_child=2 -2 4 -3 5 -1 8 -8 -7 -6 11 -5 13 -12
right_child=1 3 -4 10 9 6 7 -9 -10 -11 12 -13 -14 -15
leaf_value=0.034806761489908154 -0.049438237314703565 0.046851470916963685 -0.04003471404326258 -0.064434669327856839 -0.089251591145966355 -0.049819432737921325 -0.053108128930758239 -0.22489823501321712 0.044763789551097694 0.048290287849545019 -0.0051891129677711185 0.055628842540475204 0.03493779323890172 -0.041203541802550099
leaf_weight=44.189578797668219 149.53539028763771 39.5708869099617 25.23952716961503 6.1389659047126797 2.8189543373882762 12.583191633224489 11.290795769542454 2.8587527610361567 17.823700286448002 238.45060338452458 185.16617472097278 25.353637844324112 22.763809222728014 141.10651271417737
leaf_count=141 2569 81 262 54 28 119 171 37 43 591 1387 45 99 1521
internal_value=-0.000147318 -0.0184469 0.0291646 -0.00732425 0.0345619 0.00243184 -0.0297357 -0.100371 0.0052827 0.0463215 -0.013066 0.0309617 -0.0171156 -0.020843
internal_weight=924.89 569.635 355.255 420.1 330.016 88.746 44.5564 14.1495 30.4069 241.27 380.529 31.4926 349.036 326.273
internal_count=7148 5756 1392 3187 1130 511 370 208 162 619 3106 99 3007 2908
is_linear=0
shrinkage=0.05


Tree=35
num_leaves=15
num_cat=0
split_feature=5 9 37 41 26 38 18 115 121 137 38 5 35 125
split_gain=168.134 107.017 92.7788 46.996 33.4573 57.0704 29.2706 28.9158 33.0428 29.0219 33.5477 40.3918 38.2772 30.3733
threshold=537.74844360351574 0.99042353034019481 0.0020869567524641757 0.0087146381847560423 0.418356403708458 0.0049813278019428262 0.00010028200267697686 0.013931090012192728 944993.28125000012 35.676322937011726 0.0010843047639355066 48.707345962524421 36.358932495117195 243.00000000000003
decision_type=10 10 10 10 10 10 8 2 2 2 10 10 10 2
left_child=1 -1 -2 4 -4 -6 -7 -3 9 -9 11 12 -11 -13
right_child=2 7 3 -5 5 6 -8 8 -10 10 -12 13 -14 -15
leaf_value=-0.048607893912987907 -0.057440357125500031 -0.046088609091439248 0.044799904464291926 -0.040571958876866911 0.030216486660077459 -0.10260737226752661 0.066163633152253681 0.048722234762137245 0.069852750367688829 -0.060476903023302803 0.046740254750729682 -0.036136006003055041 0.035925834361198027 0.014305716768769126
leaf_weight=176.58614391088486 29.958143495023251 30.853795856237411 280.1491293348372 19.863396741449833 56.264683593064547 13.415867719799277 2.403265856206418 26.586083739995956 16.913927249610424 11.429634667932985 26.933223217725754 128.96374279260635 60.475236594676971 38.138993144035339
leaf_count=3077 528 368 747 173 180 127 5 52 51 125 61 1210 201 240
internal_value=0.00170476 -0.0171445 0.0259198 0.0327672 0.0370061 0.00651766 -0.0745581 -0.000722878 0.00393435 -0.000102049 -0.00514725 -0.0111647 0.0199828 -0.0246067
internal_weight=918.935 516.881 402.054 372.096 352.233 72.0838 15.8191 340.295 309.441 292.527 265.941 239.008 71.9049 167.103
internal_count=7145 5385 1760 1232 1059 312 132 2308 1940 1889 1837 1776 326 1450
is_linear=0
shrinkage=0.05


Tree=36
num_leaves=15
num_cat=0
split_feature=5 9 67 79 85 20 62 128 18 31 125 56 0 78
split_gain=187.112 94.5255 85.3455 56.5084 25.3816 24.6546 24.11 23.9475 32.7693 27.0825 26.4093 23.4966 19.4517 18.4196
threshold=537.74844360351574 0.99042353034019481 51.992334365844734 1.0000000180025095e-35 0.00052517766016535472 2.0646000393753643e-06 683.55450439453136 2.6252906322479252 1.9684999870150936e-06 1.0658141036401504e-14 147.50000000000003 5461.0000000000009 5170.5000000000009 0.0050188915338367232
decision_type=10 10 2 2 2 10 2 10 10 8 2 2 2 2
left_child=1 -1 3 4 6 11 12 8 -3 -10 -9 -5 -2 -8
right_child=2 7 -4 5 -6 -7 13 10 9 -11 -12 -13 -14 -15
leaf_value=-0.050031154142581524 0.046088803150670828 -0.038208667152118791 -0.055717423075517018 0.061791663026783378 -0.047409775191520488 -0.044958201152475369 -0.13239592122915597 -0.0053794254479023968 -0.036561176639562466 0.012180272643924408 0.048120516741843644 -0.057577278689870531 -0.057314419631169122 0.03856100167008783
leaf_weight=166.66888821125031 303.17328041419387 79.927649818360806 28.307151276618242 13.06154550611973 7.2026873603463164 29.57141861692071 2.548169467598199 53.691188875585794 36.083845887333155 122.1155803129077 39.208848100155592 4.9357420094311228 3.8085689842700949 2.1966395378112793
leaf_count=3037 752 805 543 26 51 267 32 376 336 650 163 50 34 5
internal_value=0.000930468 -0.0194435 0.0265983 0.0330905 0.040659 -0.0174457 0.042839 -0.0039386 -0.0123298 0.00090297 0.0174724 0.0277472 0.044624 -0.0603149
internal_weight=892.501 497.696 394.805 366.498 318.929 47.5687 311.727 331.027 238.127 158.199 92.9 17.9973 306.982 4.74481
internal_count=7127 5367 1760 1217 874 343 823 2330 1791 986 539 76 786 37
is_linear=0
shrinkage=0.05


Tree=37
num_leaves=15
num_cat=0
split_feature=34 67 34 26 79 37 73 76 73 9 106 20 135 14
split_gain=143.056 80.688 61.5247 45.7158 36.2902 38.6353 35.3601 33.6874 30.0982 41.6176 32.0718 37.8299 43.6201 31.9136
threshold=48.985460281372077 53.231668472290046 24.230171203613285 0.96466663479805004 0.0016358765424229207 0.0024698984343558554 53.832799911499031 0.0050782910548150548 529.41552734375011 0.99074685573577892 2251678.2500000005 0.00021449170162668454 5.0000000000000009 0.00095374506781809043
decision_type=8 2 10 10 2 8 2 2 2 10 2 10 2 10
left_child=2 4 -1 -4 5 6 -2 -5 9 -7 11 -11 -13 -10
right_child=1 -3 3 7 -6 8 -8 -9 13 10 -12 12 -14 -15
leaf_value=-0.086733703990919009 0.011060895455428538 -0.055404413298725363 0.038359024732070111 0.033766651428506177 -0.051395948624619825 -0.041203403812359096 -0.044401091742335599 -0.076993834013827339 0.045450957878064684 -0.037901765020724489 0.054624776001277998 -0.033809178597914734 0.034956883247934362 -0.057026106266139902
leaf_weight=10.271395873278378 44.345780298113823 94.016873754560947 282.71076319366693 11.287135250866415 37.666500810533762 48.873554512858391 78.931757405400276 14.919857770204542 71.165724471211433 44.494604602456093 32.362751051783562 30.995083272457123 82.280381597578526 7.6349059939384452
leaf_count=115 217 1998 944 34 637 762 993 179 162 410 120 274 334 57
internal_value=0.00162998 -0.0133136 0.0284033 0.0324991 -0.00494958 -0.000875996 -0.0245217 -0.0298025 0.00834432 -0.000530645 0.0100851 0.0006624 0.0160095 0.0349319
internal_weight=891.957 572.768 319.189 308.918 478.751 441.085 123.278 26.207 317.807 239.006 190.133 157.77 113.275 78.8006
internal_count=7236 5964 1272 1157 3966 3329 1210 213 2119 1900 1138 1018 608 219
is_linear=0
shrinkage=0.05


Tree=38
num_leaves=15
num_cat=0
split_feature=5 74 67 11 38 69 32 47 128 86 3 5 35 50
split_gain=147.373 81.7761 68.9652 49.9327 26.2953 29.5099 32.2007 31.8983 28.7971 31.8954 25.5843 24.3649 21.112 38.0682
threshold=537.74844360351574 0.9907149374485017 53.231668472290046 1.0000000180025095e-35 0.00069221595185808848 37.025253295898445 1413.9710083007815 0.060183294117450721 1.6519165039062502 0.98945045471191417 286.61773681640631 94.869350433349624 1412.0000000000002 0.0056630319450050601
decision_type=10 2 2 10 10 2 8 10 10 2 10 10 10 10
left_child=1 -1 3 12 5 -3 7 8 9 -7 -5 -6 -2 -14
right_child=2 4 -4 10 11 6 -8 -9 -10 -11 -12 -13 13 -15
leaf_value=-0.047587167666875652 0.042602652380401056 -0.038894481018147756 -0.05524139688381377 -0.037888629355117796 0.05334971144419276 0.03076280926714027 0.058379435866332575 -0.02916193673549854 0.041929420322768661 -0.040146638628904711 0.029141309594419296 -0.022371277510539748 0.036385299957689979 -0.077513510504728711
leaf_weight=158.50986932218075 256.81374710053205 65.530419990420341 24.970351658761501 36.474283866584301 33.024823196232319 26.490024663507938 19.796872898936272 88.126333966851234 43.835567589849234 36.597100034356117 22.04619587957859 14.773127060383556 21.475913047790531 9.8909280784428102
leaf_count=3093 715 627 529 341 76 104 34 785 196 384 66 142 56 76
internal_value=-0.000128546 -0.0182182 0.0235442 0.0293611 -0.00393135 -0.00979631 -0.000781966 -0.00705382 0.0112692 -0.0103566 -0.0125714 0.0299674 0.0378903 -0.000815688
internal_weight=858.356 486.684 371.671 346.701 328.174 280.376 214.846 195.049 106.923 63.0871 58.5205 47.798 288.181 31.3668
internal_count=7224 5441 1783 1254 2348 2130 1503 1469 684 488 407 218 847 132
is_linear=0
shrinkage=0.05


Tree=39
num_leaves=15
num_cat=0
split_feature=15 11 32 38 32 107 38 100 84 4 123 37 114 73
split_gain=139.825 74.3776 57.5869 54.8927 34.4431 32.5815 56.5527 33.0404 27.6389 24.282 23.9849 22.1055 25.8915 21.5997
threshold=0.046186989173293121 0.0016193637275137009 38.377182006835945 0.00053347746143117558 1413.9710083007815 49467.660156250007 0.0025220720563083891 0.32954479753971105 0.0010573625331744554 37.371212005615241 22.636755943298343 0.0022050723200663929 0.44622813165187841 123.88419723510744
decision_type=10 8 10 10 10 2 10 8 2 10 10 10 2 2
left_child=1 2 3 8 -4 7 -7 -2 10 -6 13 -5 -13 -1
right_child=5 -3 4 11 9 6 -8 -9 -10 -11 -12 12 -14 -15
leaf_value=-0.018522197047668932 0.045721325615254327 -0.052799356538989352 -0.042764954384757158 -0.055309380868114794 -0.060237836735236965 0.040520345959341945 -0.1013611788519046 -0.036610526229019447 -0.060237841954564691 0.058020609450030583 0.04249636707728148 0.056866640109196037 0.01107425170019063 0.018404592812299048
leaf_weight=149.19572225213051 188.99991945177317 94.074715081602335 116.56695030629635 6.1110317036509505 5.0370617769658574 16.4854363873601 10.777660071849821 12.296550322324036 22.335699070245028 15.096555400639772 24.655437227338552 67.507927048951387 57.260081723332405 52.885390490293503
leaf_count=1318 530 1829 1867 79 47 45 97 168 254 24 103 160 336 328
internal_value=0.000332823 -0.0121546 -0.00466611 0.0053604 -0.0323708 0.0336077 -0.0171701 0.0405358 -0.00842015 0.0269841 -0.00307352 0.0314508 0.0361062 -0.00881528
internal_weight=839.286 610.727 516.652 379.951 136.701 228.56 27.2631 201.296 249.072 20.1336 226.737 130.879 124.768 202.081
internal_count=7185 6345 4516 2578 1938 840 142 698 2003 71 1749 575 496 1646
is_linear=0
shrinkage=0.05


Tree=40
num_leaves=15
num_cat=0
split_feature=15 11 6 78 91 65 36 18 9 49 71 71 81 80
split_gain=132.464 69.8936 51.2281 38.8301 33.6353 31.5916 25.6569 24.9525 24.4958 29.0085 39.9422 33.9013 26.0266 23.6459
threshold=0.031498016789555557 1.0000000180025095e-35 53.832799911499031 0.026432231068611148 0.0011959823896177115 22.200860023498539 1410.7191162109377 3.9002499761409133e-05 0.99521899223327648 1.7137000213551804e-05 54.632076263427741 66.636322021484389 0.00026777404127642518 0.00076499106944538664
decision_type=10 8 10 2 10 2 10 10 10 10 2 2 2 2
left_child=1 2 3 5 -2 -1 -6 -5 13 11 -11 12 -10 -7
right_child=4 -3 -4 7 6 8 -8 -9 9 10 -12 -13 -14 -15
leaf_value=0.031198382452665614 -0.034770398198244158 -0.050599764357695969 -0.054785054185340576 -0.053327655979798216 0.043771905753764793 -0.043777477461388874 -0.019666779169875737 0.06295394242735293 -0.043993372293142742 -0.0010834812506525556 0.05815832506810123 0.074414667130765152 0.04774328136801903 0.0057637532749777592
leaf_weight=55.17134140431881 16.137369018048048 96.404885239899158 44.730838287621737 4.5415202043950549 190.9926923699677 76.896190583705902 16.819282632321119 33.836578119546175 69.143962942063808 134.88274736329913 35.046501234173775 6.9837862849235526 7.8625022247433654 34.558502797037363
leaf_count=185 191 1908 1030 32 566 1156 85 65 714 928 90 9 16 238
internal_value=0.000422988 -0.0118268 -0.00431965 0.000707583 0.0331522 -0.00372949 0.0385679 0.0481888 -0.00907434 -0.000468603 0.0114034 -0.0243397 -0.0341349 -0.0285017
internal_weight=824.009 600.059 503.654 458.924 223.949 420.546 207.812 38.3781 365.374 253.92 169.929 83.9903 77.0065 111.455
internal_count=7213 6371 4463 3433 842 3336 651 97 3151 1757 1018 739 730 1394
is_linear=0
shrinkage=0.05


Tree=41
num_leaves=15
num_cat=0
split_feature=37 20 109 69 64 48 84 100 21 106 118 118 4 49
split_gain=112.966 78.8629 50.1459 45.7689 35.6791 34.7586 33.1923 29.918 33.2924 27.4359 25.4783 23.7348 22.7585 20.3633
threshold=0.0024698984343558554 9.6117000794038193e-06 0.96764960885047924 88.65808486938478 1413.9710083007815 2.3825500647944868e-06 0.0012820534175261857 0.34153817594051367 0.033103929832577712 2251678.2500000005 0.044416014105081565 0.031294504180550582 37.371212005615241 0.0041494078468531379
decision_type=8 8 2 2 2 10 2 10 10 2 2 2 10 10
left_child=4 2 -2 6 -1 -4 7 8 9 10 13 -8 -6 -3
right_child=1 3 5 -5 12 -7 11 -9 -10 -11 -12 -13 -14 -15
leaf_value=-0.045841004154396604 0.044590675548959541 0.020316463795357245 0.026311760016785087 -0.052544677526678442 -0.059187598063773134 -0.096352186881849225 0.030585723365134172 -0.044090937332071617 0.048644243592480992 0.041033490822824696 -0.02234115881390725 -0.049175807101833828 0.054470754977682771 -0.029918438903363265
leaf_weight=138.32977496832609 180.4463629052043 118.11020525172353 10.990285553038122 39.139805771410465 5.1415682360529908 10.436669021844862 11.088747393339871 23.67069798335433 53.717654634267092 45.203477870672941 87.080016572028399 43.170914221554995 15.126039687544107 23.367051534354687
leaf_count=2449 582 693 51 963 54 88 60 282 192 202 854 450 31 219
internal_value=0.000885336 0.0101722 0.0360045 -0.00161291 -0.0367934 -0.0350677 0.00342144 0.0090669 0.0130318 0.00589223 -0.00120639 -0.0326169 0.0242102 0.0118677
internal_weight=805.019 646.422 201.873 444.549 158.597 21.427 405.409 351.149 327.478 273.761 228.557 54.2597 20.2676 141.477
internal_count=7170 4636 721 3915 2534 139 2952 2442 2160 1968 1766 510 85 912
is_linear=0
shrinkage=0.05


Tree=42
num_leaves=15
num_cat=0
split_feature=34 8 11 17 31 36 34 65 116 81 33 21 102 32
split_gain=104.146 59.1947 40.9775 46.3131 34.2966 31.7822 33.9603 27.0644 25.0034 35.9588 29.5476 21.0633 24.9011 18.6676
threshold=53.832799911499031 68.832298278808608 0.036867141723632819 0.002664151601493359 35.572076797485359 1397.8327636718752 24.230171203613285 24.805038452148441 1.8933527469635012 0.00026777404127642518 1344.7073364257815 0.001049865270033479 10.500000000000002 1413.9710083007815
decision_type=8 8 8 8 10 10 10 2 2 2 10 10 2 10
left_child=2 7 3 4 -1 6 -5 -2 9 -9 -10 -7 -13 -12
right_child=1 -3 -4 5 -6 11 -8 8 10 -11 13 12 -14 -15
leaf_value=-0.055875647104287877 0.036204815577469955 -0.04697851977252844 -0.037721854474493513 -0.071577599072458989 0.03571101940307507 0.041169633664401191 0.048228316668284213 -0.055172865691790911 0.070442614747242671 0.032055766258983286 -0.010010464921971204 -0.14211313980351134 0.00030274973771054738 0.037527701078614771
leaf_weight=24.148208320140839 35.263318493962288 105.95687515288591 23.762917581945658 5.2478070929646483 16.340664096176624 7.1632968895137337 193.83933981508017 52.958776980638504 12.19729897752404 14.408305753022431 252.18170095980167 4.5011048428714258 6.9337351657450199 21.504930429160595
leaf_count=312 95 2507 282 47 51 19 570 751 39 68 2255 54 31 63
internal_value=-0.000217273 -0.0140375 0.023985 0.0297883 -0.0189429 0.0388973 0.0447284 -0.00495613 -0.00915563 -0.0363206 -0.00265005 -0.0226194 -0.0626769 -0.00615213
internal_weight=776.408 494.471 281.937 258.174 40.4889 217.685 199.087 388.514 353.251 67.3671 285.884 18.5981 11.4348 273.687
internal_count=7144 5778 1366 1084 363 721 617 3271 3176 819 2357 104 85 2318
is_linear=0
shrinkage=0.05


Tree=43
num_leaves=15
num_cat=0
split_feature=15 11 39 9 69 18 81 109 38 38 37 91 128 8
split_gain=101.655 62.737 48.2931 36.954 30.7927 30.0666 24.9511 24.6904 47.1495 22.3691 23.982 22.0199 21.2104 30.4743
threshold=0.031498016789555557 1.0000000180025095e-35 0.0014566996251232924 0.99103426933288585 1398.3735961914065 9.2927999503444894e-05 2.9495377930288672e-05 0.96764960885047924 0.0021425783634185795 0.00069221595185808848 0.0025591821176931266 0.049031311646103866 1.6519165039062502 52.215396881103523
decision_type=10 8 10 10 2 10 2 2 8 10 10 10 10 10
left_child=1 2 3 11 6 -4 7 -2 -9 12 -11 -1 -5 -14
right_child=4 -3 5 9 -6 -7 -8 8 -10 10 -12 -13 13 -15
leaf_value=-0.04627791435791119 0.044262082644197252 -0.048333631765166793 0.0033367204108439548 -0.017773768973646995 -0.069547014517871764 0.060380950502757026 -0.042347837192654995 0.044056458131299679 -0.11218995322715015 -0.050834922224300173 0.047646995509381486 0.024019220542345232 -0.024977505636493643 0.036383812658202466
leaf_weight=84.569857604801655 171.34876208752394 89.423710603266954 50.799033019691706 166.17103214934468 6.4828587286174288 41.554072704166174 9.2865011878311616 11.818680249154569 6.7706111073493949 6.5812632441520682 35.642629235982895 12.176388945430515 31.934688251465559 51.767584979534149
leaf_count=1734 581 1920 293 1431 102 98 56 31 65 116 79 102 290 236
internal_value=0.000746472 -0.0101207 -0.00293386 -0.0106632 0.0307945 0.0293755 0.0343907 0.0383448 -0.0156738 -0.00175192 0.0314761 -0.0372752 -0.0074699 0.0129543
internal_weight=776.328 570.62 481.197 388.843 205.707 92.3531 199.225 189.938 18.5893 292.097 42.2239 96.7462 249.873 83.7023
internal_count=7134 6299 4379 3988 835 391 733 677 96 2152 195 1836 1957 526
is_linear=0
shrinkage=0.05


Tree=44
num_leaves=15
num_cat=0
split_feature=15 6 11 114 38 35 105 84 26 38 69 98 96 137
split_gain=97.3434 61.5036 43.6739 34.2234 44.5708 31.2414 37.034 25.2491 24.1123 26.8253 22.9793 21.1808 20.6569 19.9637
threshold=0.031498016789555557 51.403264999389656 0.0016193637275137009 0.28672814369201666 0.00012739674275508153 1410.7191162109377 871.50000000000011 0.0010983006213791671 0.74510580301284801 0.0047781250905245551 32.575269699096687 0.30188407003879553 0.0034749925835058097 35.676322937011726
decision_type=10 8 10 2 10 8 2 2 10 10 2 8 8 2
left_child=1 2 3 -1 7 6 11 10 -6 -10 -5 -2 -7 -12
right_child=5 -3 -4 4 8 12 -8 -9 9 -11 13 -13 -14 -15
leaf_value=-0.048944904147691863 0.044320632730765454 -0.05434969342837187 -0.048312564334162034 -0.038068264017808995 0.047481642151157195 0.01333587372697378 -0.043335873811895152 -0.061167337224314902 0.027684578252838661 -0.048258394500572933 0.049229806263575787 -0.05510948945153743 -0.10553631056642077 -0.001109468636786366
leaf_weight=31.195876471698284 168.40182504802942 69.826695021241903 49.822884924709797 37.423410452902317 73.604629177600145 7.5243333280086491 13.15727838128805 18.627027288079262 34.310232825577259 16.340420365333557 20.813810147345066 4.7141741439700118 5.7637323364615449 202.41937228292227
leaf_count=468 543 1962 966 431 211 25 96 251 126 294 42 93 87 1588
internal_value=-4.39094e-05 -0.010826 -0.00445503 0.000670617 0.00461769 0.0298135 0.0351335 -0.00647574 0.0294046 0.00272461 -0.00234854 0.0413121 -0.0420029 0.00378268
internal_weight=753.946 554.384 484.558 434.735 403.539 199.561 186.273 279.284 124.255 50.6507 260.657 173.116 13.2881 223.233
internal_count=7183 6339 4377 3411 2943 844 732 2312 631 420 2061 636 112 1630
is_linear=0
shrinkage=0.05


Tree=45
num_leaves=15
num_cat=0
split_feature=15 7 36 105 37 33 38 127 54 71 50 40 65 32
split_gain=91.3185 56.2805 33.5233 36.8021 30.0331 35.9336 27.2015 37.3739 35.9674 32.5173 26.9594 26.9326 25.8066 24.9675
threshold=0.031498016789555557 85.864738464355483 1410.7191162109377 736.50000000000011 0.0024698984343558554 1344.7073364257815 0.00069221595185808848 -9.828828811645506 0.4483256489038468 52.391719818115241 0.0030670929700136189 0.00039116232073865836 36.814813613891609 1429.262634277344
decision_type=10 8 10 2 8 10 8 8 10 2 8 10 2 10
left_child=1 4 3 -2 5 -1 7 -6 -9 -10 -4 12 -11 -7
right_child=2 -3 10 -5 6 13 -8 8 9 11 -12 -13 -14 -15
leaf_value=0.062405581492166184 0.042872371341646585 -0.052637348973411137 0.041935817790629555 -0.037549071018690393 0.035738605110100012 -0.043682571884027306 0.021472366160461966 -0.035608293728432099 -0.051222262943197275 0.043995626652357032 -0.084985198255893193 -0.048464387404398249 -0.038975712307879856 0.049525899933668675
leaf_weight=9.2343734838068467 164.2508632093668 66.604834660887718 5.9738781005144093 14.805060565471647 41.781296357512474 89.396653383970261 126.90341627597809 107.0553511865437 19.089413456618786 59.718132428824902 9.9990782961249352 11.471349652856587 10.280534602701662 6.9843056946992865
leaf_count=61 624 2086 14 104 194 1209 765 1254 217 245 111 132 154 13
internal_value=0.00053943 -0.00991283 0.0298371 0.0360512 -0.00391116 -0.027338 0.00271903 -0.00687111 -0.0155763 0.00589038 -0.0378428 0.0197314 0.0314325 -0.0364889
internal_weight=743.549 548.52 195.029 179.056 481.915 105.615 376.299 249.396 207.615 100.559 15.973 81.47 69.9987 96.381
internal_count=7183 6330 853 728 4244 1283 2961 2196 2002 748 125 531 399 1222
is_linear=0
shrinkage=0.05


Tree=46
num_leaves=15
num_cat=0
split_feature=34 67 34 26 38 4 68 79 36 89 9 8 12 97
split_gain=92.115 48.2399 41.0185 37.1666 30.7205 27.8852 23.2585 22.7607 22.2972 19.9739 19.7923 26.918 23.7762 23.591
threshold=48.985460281372077 53.832799911499031 28.865631103515629 0.96466663479805004 0.0016306631150655451 21.931548118591312 36.358932495117195 0.069180883467197432 1397.8327636718752 0.057842109352350242 0.99537533521652233 66.636322021484389 0.00048274538130499428 1.7182000192406125e-05
decision_type=8 2 10 10 10 10 2 2 10 10 10 10 10 8
left_child=2 5 -1 6 -5 -2 -4 8 -8 10 12 13 -7 -12
right_child=1 -3 3 4 -6 9 7 -9 -10 -11 11 -13 -14 -15
leaf_value=-0.06669615600349707 0.03313571159708785 -0.053642652196722367 -0.053876300581538542 0.038902283679594127 -0.077013127451690783 -0.04207857521026398 0.045208869246025435 -0.039844684114085593 -0.010656375121765557 0.05337564198363455 -0.033050778065380731 0.073717388588906807 0.0020763681763614379 0.0032515493061836508
leaf_weight=11.203252954408525 37.000162612646818 65.583849092945457 6.496452208608388 8.5268058776855487 13.78313531540334 97.241424906998873 186.73466998711228 8.5723394826054555 19.361976906657219 10.407988488674162 64.559732928872108 9.5224073678255063 44.074712608009577 140.52166028320789
leaf_count=127 142 1988 68 27 180 1757 626 143 98 51 691 16 349 960
internal_value=-0.00106498 -0.0142045 0.0230884 0.0274756 -0.0329422 -0.00767483 0.0336911 0.0365787 0.0399344 -0.0118758 -0.0139281 -0.00431788 -0.0283894 -0.00828137
internal_weight=723.591 468.912 254.679 243.475 22.3099 403.328 221.165 214.669 206.097 366.328 355.92 214.604 141.316 205.081
internal_count=7223 5954 1269 1142 207 3966 935 867 724 3824 3773 1667 2106 1651
is_linear=0
shrinkage=0.05


Tree=47
num_leaves=15
num_cat=0
split_feature=34 9 35 38 116 6 60 11 37 33 137 17 32 96
split_gain=85.6162 53.889 38.7446 27.3929 30.404 31.1452 34.0377 27.1057 25.8014 24.4596 28.4023 23.3045 27.3486 26.6303
threshold=51.740882873535163 0.72739300131797802 30.665631294250492 0.00066137683461420249 1.8933527469635012 30.95268535614014 1429.6291503906252 1.0000000180025095e-35 0.0027519783470779662 1344.7073364257815 35.676322937011726 0.01095469342544675 36.450819015502937 0.00072324075154028844
decision_type=8 10 10 8 2 10 2 10 8 10 2 8 10 10
left_child=2 -2 -1 4 -3 -6 9 11 -5 -7 -11 12 -4 -14
right_child=1 3 7 8 5 6 -8 -9 -10 10 -12 -13 13 -15
leaf_value=-0.084519515526413277 -0.051347715591744947 -0.051545027655339887 0.029833624885084703 -0.049821581386980278 -0.047031957401494684 0.064951349009714332 0.068104742021110096 -0.010603780156962599 0.024339502997082412 0.046505592676568674 -0.016972748015833081 0.042954820604906963 0.031056048825311329 -0.092189135460900878
leaf_weight=7.1773732751607886 75.249225294217467 43.616476308554411 33.59781302511692 12.363652134314178 38.423132725059986 10.765820372849701 16.563775017857552 40.993194496259093 97.860384158790112 18.979931227862835 149.93434297665954 159.16086495667696 6.4352880679070976 10.504867073148487
leaf_count=100 2383 660 180 237 515 29 25 348 498 43 1552 548 22 128
internal_value=-7.64039e-05 -0.012912 0.022968 -0.00535471 -0.0136998 -0.00647675 0.00166185 0.026369 0.0156478 -0.00480621 -0.00960833 0.0336127 0.00392846 -0.0462489
internal_weight=721.626 463.757 257.869 388.508 278.283 234.667 196.244 250.692 110.224 179.68 168.914 209.699 50.538 16.9402
internal_count=7268 5942 1326 3559 2824 2164 1649 1226 735 1624 1595 878 330 150
is_linear=0
shrinkage=0.05


Tree=48
num_leaves=15
num_cat=0
split_feature=67 4 11 75 64 20 35 35 46 65 70 137 119 33
split_gain=74.8508 57.1747 38.2168 43.8932 35.927 29.9433 32.7467 34.7796 29.531 27.8277 27.2992 23.6137 23.4914 23.1014
threshold=53.832799911499031 47.843925476074226 0.071454100310802474 0.0024622962810099129 1413.9710083007815 3.0409499913730546e-06 36.916666030883796 78.914596557617202 1.4029999988451893e-06 37.832799911499031 1344.7073364257815 35.676322937011726 0.21326669305562976 1410.6363525390627
decision_type=2 10 8 2 2 8 8 8 8 2 2 2 2 10
left_child=1 2 3 4 10 9 -7 -8 12 -5 -1 -10 -9 -14
right_child=-2 -3 -4 5 -6 6 7 8 11 -11 -12 -13 13 -15
leaf_value=0.05812846552188277 -0.05337655241689615 0.055756627576429255 -0.057246694977490957 0.043630821155395273 0.03279310544035588 -0.058768651515645504 0.041297389284038713 0.032318724885299542 0.034731834668375372 -0.079932625446968983 -0.046551745162600626 -0.019896435886227169 -0.049853344712993852 0.034601435036429429
leaf_weight=5.897493887692689 58.372802568599582 50.631123689934611 25.980633208528161 80.909947946667671 20.969869546592236 18.529344644397497 62.461518563330173 89.516206551343203 21.827466674149036 3.9247265569865695 81.402015848085284 150.40241803228855 19.64782464876771 12.428625542670487
leaf_count=20 1923 211 636 311 82 184 198 437 86 36 1188 1549 234 51
internal_value=0.000347936 0.00528873 0.000899736 0.00365572 -0.0248428 0.0104079 0.00429524 0.00773032 0.000478682 0.0370497 -0.0389019 -0.0128126 0.0192561 -0.017073
internal_weight=702.902 644.529 593.898 567.917 108.269 459.648 374.813 356.284 293.823 84.8347 87.2995 172.23 121.593 32.0765
internal_count=7146 5223 5012 4376 1290 3086 2739 2555 2357 347 1208 1635 722 285
is_linear=0
shrinkage=0.05


Tree=49
num_leaves=15
num_cat=0
split_feature=74 15 76 1 123 9 62 25 3 66 9 131 100 122
split_gain=66.1145 47.7291 26.2138 57.8904 25.0433 26.2126 21.6669 37.5038 20.6529 24.9828 19.3542 19.0011 19.4134 18.7095
threshold=0.36425061523914343 0.046186989173293121 0.0055717215873301038 240780.89843750003 108.15989685058595 0.99378281831741344 303.51097106933599 206.84832000732425 670.01010131835949 37.743314743041999 0.92861774563789379 0.94282186031341564 0.34153817594051367 2.5128524303436284
decision_type=2 10 2 2 10 10 2 10 10 2 10 2 10 10
left_child=-1 4 8 -4 5 6 -2 -8 -3 -10 -9 12 13 -7
right_child=1 2 3 -5 -6 11 7 10 9 -11 -12 -13 -14 -15
leaf_value=-0.052427080509415816 -0.03886174257560604 0.046867807705493522 0.029770482284278088 -0.087054243667587239 0.032898238256272937 0.014170956482860939 0.070145875053090417 -0.043537261132690325 -0.18424619305504597 0.021227085675000645 0.025810028364633999 -0.028672067377280865 -0.052477731795900574 -0.053452145708431889
leaf_weight=53.092402180656791 89.651891706511378 105.80744487792253 39.76662265509367 13.332335166633127 43.244643593207002 218.79292975738645 13.542992509901522 31.009564848616719 1.2064620479941357 3.9674677550792694 13.883988915011285 41.017383027821779 11.701413344591854 9.7570642046630365
leaf_count=1951 1498 402 145 117 271 1377 45 491 17 27 86 435 187 118
internal_value=0.000646474 0.00514751 0.0282935 -0.000629376 -0.0029312 -0.00660798 -0.0235579 0.000179659 0.0420136 -0.0487675 -0.0219955 0.00236803 0.00776429 0.0110638
internal_weight=689.775 636.682 164.08 53.099 472.602 429.357 148.088 58.4365 110.981 5.17393 44.8936 281.269 240.251 228.55
internal_count=7167 5216 708 262 4508 4237 2120 622 446 44 577 2117 1682 1495
is_linear=0
shrinkage=0.05


Tree=50
num_leaves=15
num_cat=0
split_feature=67 5 5 82 38 85 65 129 137 48 69 37 5 34
split_gain=68.4917 57.6561 40.5971 36.3186 28.5712 23.5017 22.781 21.1703 20.419 21.0185 24.1969 18.8998 18.2922 21.0554
threshold=53.832799911499031 537.74844360351574 91.263515472412124 0.0035273478133603935 0.00012739674275508153 1.0000000180025095e-35 37.886302947998054 0.11342963576316835 35.676322937011726 1.5039000231809043e-06 50.636320114135749 0.0020869567524641757 64.250652313232436 1388.2834472656252
decision_type=2 10 8 2 10 2 2 8 2 8 2 10 10 8
left_child=1 2 4 5 6 11 12 -5 -4 10 -10 -3 13 -1
right_child=-2 3 8 7 -6 -7 -8 -9 9 -11 -12 -13 -14 -15
leaf_value=0.020092255779271456 -0.052841594048041299 -0.054107630416303891 0.020653133036110324 -0.056570010910894725 0.044555817652667654 -0.048913311731274285 0.049026069245039411 0.020330547785957755 -0.048310371484758953 -0.046083436372494999 0.042449701313666564 0.035982409452182659 -0.038107294668349882 -0.021722705837938321
leaf_weight=64.584332760423422 55.074246725067496 5.1341209635138503 17.933895394206047 19.945500839501619 37.915912929922342 8.141523312777279 17.986912246793509 14.918282773345707 12.038877293467523 99.278593964874744 15.817889750003813 208.85752718895674 39.149325005710125 54.651547186076641
leaf_count=349 1976 68 102 185 119 89 59 78 193 2106 66 812 486 430
internal_value=6.74011e-05 0.00487301 -0.00805451 0.0229106 0.00577662 0.0303502 -0.00276421 -0.0240148 -0.0283847 -0.0354093 0.00291098 0.0335793 -0.00891643 0.000905179
internal_weight=671.428 616.354 359.357 256.997 214.288 222.133 176.372 34.8638 145.069 127.135 27.8568 213.992 158.385 119.236
internal_count=7118 5142 3910 1232 1443 969 1324 263 2467 2365 259 880 1265 779
is_linear=0
shrinkage=0.05


Tree=51
num_leaves=15
num_cat=0
split_feature=67 35 35 11 26 38 37 5 127 120 35 32 95 19
split_gain=70.6137 52.1114 32.8551 32.1518 23.8839 28.1006 20.278 32.2057 33.9327 20.8265 25.1563 34.1907 19.3677 29.1658
threshold=53.832799911499031 93.095958709716811 30.665631294250492 6.2113682361086844e-05 0.62777936458587658 0.00051831713062711071 0.0033519888529554014 85.826648712158217 -1.7288550138473509 777.00000000000011 1344.7073364257815 1413.9710083007815 2.647299993441266e-06 0.098705559968948378
decision_type=2 8 10 10 10 10 10 10 10 2 8 10 10 10
left_child=1 2 -1 6 -4 -6 7 8 -3 10 -10 -12 -8 -14
right_child=-2 3 4 -5 5 -7 12 -9 9 -11 11 -13 13 -15
leaf_value=-0.078949591168870736 -0.052830496955369156 -0.054309394821196802 0.038696765786688903 -0.039074287167720684 0.04722259678442927 -0.064592988513501121 0.018212176564919157 -0.051153713219869335 0.084076476806280914 0.070413445149326251 -0.050508269132126506 0.041263034657290407 -0.05116519918274353 0.015324873873972543
leaf_weight=5.9555131942033759 53.094014149159193 18.390992686152458 163.70572208799422 52.874124588444829 8.9018469005823153 12.112491400912402 190.34194874018431 39.326312992721796 7.2199235260486594 15.099059689790009 22.956620782613754 16.658645369112492 27.742948092520237 37.910566881299019
leaf_count=89 1994 205 668 1066 29 165 1172 725 10 48 297 49 429 243
internal_value=0.00196044 0.00673619 0.0284077 -0.00295049 0.0322754 -0.0172335 0.00222435 -0.0146921 0.00356865 0.021345 0.00438472 -0.0118517 0.0101574 -0.0131177
internal_weight=672.291 619.197 190.676 428.521 184.72 21.0143 375.647 119.652 80.3252 61.9342 46.8352 39.6153 255.995 65.6535
internal_count=7189 5195 951 4244 862 194 3178 1334 609 404 356 346 1844 672
is_linear=0
shrinkage=0.05


Tree=52
num_leaves=15
num_cat=0
split_feature=5 74 32 11 128 120 53 128 34 32 4 34 118 2
split_gain=69.3579 60.9832 39.3012 26.3412 25.0269 33.3149 24.5753 22.211 16.4067 16.3157 18.8014 15.8205 15.7068 13.9596
threshold=537.74844360351574 0.98904100060462963 38.200859069824226 1.0000000180025095e-35 2.6252906322479252 175.50000000000003 435.93254089355474 -7.0297973155975333 28.865631103515629 1429.262634277344 24.805038452148441 31.143082618713382 0.030428809113800529 216.101921081543
decision_type=10 2 8 10 10 2 8 8 10 10 8 8 2 10
left_child=1 -1 3 8 7 -6 -4 -3 -2 10 11 -9 -5 -14
right_child=2 4 6 12 5 -7 -8 9 -10 -11 -12 -13 13 -15
leaf_value=-0.048389762175527283 -0.10257594025302026 0.017020825147713022 0.043090982695474678 0.039525702495247533 -0.0020916493803174812 0.062746019640978451 -0.064141228732415165 -0.057571861888103239 0.034798356422394587 0.048197357306077805 -0.032901647200039207 0.040966874211861938 -0.059989896502488593 0.0038097424983696369
leaf_weight=94.913457470014691 1.2578782215714444 48.461105182766914 6.3746694326400783 11.385615572333334 58.374727364629507 28.942396651953459 20.059818999841809 4.4017099291086224 196.04628732986748 7.0344542786478987 121.35730326548219 16.111561186611652 15.170713581144808 18.012818841263652
leaf_count=2966 12 294 28 48 478 101 567 65 776 15 1440 38 220 133
internal_value=-0.000168153 -0.0139079 0.01925 0.0255985 -0.00228243 0.0198668 -0.0376541 -0.0121323 0.0334097 -0.0216704 -0.0254478 0.0181293 -0.00895552 -0.0262596
internal_weight=647.905 379.597 268.308 241.873 284.683 87.3171 26.4345 197.366 197.304 148.905 141.871 20.5133 44.5691 33.1835
internal_count=7181 5397 1784 1189 2431 579 595 1852 788 1558 1543 103 401 353
is_linear=0
shrinkage=0.05


Tree=53
num_leaves=15
num_cat=0
split_feature=74 15 11 62 10 1 38 26 114 121 71 5 38 71
split_gain=55.5949 43.1878 38.2698 27.5832 25.6749 24.5351 21.5654 56.1228 21.1927 32.7347 19.2163 21.7407 24.0678 26.8198
threshold=0.36425061523914343 0.10151515156030656 0.035862185060977943 310.34762573242193 0.018031565472483638 4695.7539062500009 0.0025220720563083891 0.37547881901264196 0.28672814369201666 944993.28125000012 34.703720092773445 48.707345962524421 0.00073448411421850335 52.391719818115241
decision_type=2 10 8 2 10 2 10 10 2 2 2 10 10 2
left_child=-1 2 3 4 8 -5 -3 -8 -2 10 -10 -12 13 -13
right_child=1 6 -4 5 -6 -7 7 -9 9 -11 11 12 -14 -15
leaf_value=-0.051862716822141712 -0.047702129281770284 0.041979465128747256 -0.05779282249617488 0.049725853832932487 -0.052408005805265438 -0.0089937824662086469 0.031315365760862378 -0.10286236322049019 -0.051948557893240238 0.048901659004472978 0.029849065910544745 -0.04271867605710708 0.029147232717597168 -0.000877643054994914
leaf_weight=44.467694343999028 21.0898382011801 100.16522552631795 27.724435606971383 48.99232723005116 24.461986191570759 27.197884177789092 31.218490606173873 9.2799397408962232 17.478359177708626 33.54360381886363 50.867433838546276 54.813714636489749 38.516137812286615 122.18813169747591
leaf_count=1961 404 447 749 183 479 266 116 93 247 121 207 679 132 1153
internal_value=0.0014721 0.00545466 -0.00187874 0.00177452 -0.0039874 0.0289195 0.0296362 -0.00116836 -0.000344155 0.00294243 -0.00264108 0.000776322 -0.00619171 -0.0140021
internal_weight=652.005 607.538 466.874 439.149 362.959 76.1902 140.664 40.4984 338.497 317.407 283.864 266.385 215.518 177.002
internal_count=7237 5276 4620 3871 3422 449 656 209 2943 2539 2418 2171 1964 1832
is_linear=0
shrinkage=0.05


Tree=54
num_leaves=15
num_cat=0
split_feature=65 15 125 73 73 73 125 32 7 68 32 81 97 54
split_gain=47.062 37.0099 26.2024 25.9575 30.7887 27.3215 26.1541 20.626 26.5416 38.1797 21.1725 18.6833 18.4353 17.4149
threshold=49.445241928100593 0.031498016789555557 -131.49999999999997 89.214183807373061 529.41552734375011 611.74948120117199 128.50000000000003 35.370967864990241 37.886302947998054 1348.6320800781252 1429.262634277344 0.00191573693882674 1.6248250176431615e-05 0.61656630039215099
decision_type=2 10 2 2 2 2 2 8 10 2 10 2 8 10
left_child=1 3 -3 6 -5 -6 7 -1 9 -9 -11 13 -10 -4
right_child=-2 2 11 4 5 -7 -8 8 12 10 -12 -13 -14 -15
leaf_value=-0.024128045235360891 -0.051639963874824238 -0.025436081161277747 0.045671675759612958 -0.028796645880830959 0.03165963218776599 -0.022724222691695637 0.040327533832709025 0.043582020833126241 -0.057294318769999464 -0.055115889383351116 0.045850946863938855 -0.07886739622194254 0.051295281476999799 -0.0045114579698038787
leaf_weight=56.586102657020092 38.714404271915555 20.491597440093756 104.76529224030674 140.54471725597978 52.523205572739244 39.692489631474018 52.28299729898572 20.860479697585106 3.4847108982503405 31.378796827048063 5.3963254764676085 2.6384469270706168 41.116715002804995 20.462726838886738
leaf_count=528 1671 122 448 2679 206 440 256 64 42 421 12 20 106 122
internal_value=0.00105576 0.00458178 0.026112 -0.00265699 -0.0141435 0.00825848 0.0100147 -0.000153823 0.0132206 -0.00918529 -0.0394786 0.0345062 0.0417408 0.0375008
internal_weight=630.939 592.225 148.358 443.867 232.76 92.2157 211.106 158.823 102.237 57.6356 36.7751 127.866 44.6014 125.228
internal_count=7137 5466 712 4754 3325 646 1429 1173 645 497 433 590 148 570
is_linear=0
shrinkage=0.05


Tree=55
num_leaves=15
num_cat=0
split_feature=37 11 20 54 38 103 39 71 38 127 71 64 3 33
split_gain=50.1208 38.2916 30.3592 29.0204 39.2977 27.5162 23.621 25.6606 26.8789 27.5041 27.445 33.4626 28.9503 20.1642
threshold=0.0024698984343558554 0.071454100310802474 9.6117000794038193e-06 0.68587172031402599 0.0026968258898705248 7.5000000000000009 0.14235056191682818 100.55838775634767 0.00069221595185808848 -9.828828811645506 52.391719818115241 36.358932495117195 11.096647262573244 1351.6320800781252
decision_type=8 8 8 10 10 2 10 2 10 8 2 2 10 10
left_child=5 2 3 -2 -5 -1 7 8 9 -4 -11 12 -12 -7
right_child=1 -3 6 4 -6 13 -8 -9 -10 10 11 -13 -14 -15
leaf_value=-0.048465750278902001 0.041152204344115317 -0.053491360959061429 0.039002956514590209 0.035068013069503003 -0.094824494841818568 0.070355158828928302 0.046328503838210133 -0.041811233021304378 0.026874009496849451 -0.039812937681740858 0.03108359109189849 -0.047739924231577455 -0.042644864783003611 -0.01384223996694686
leaf_weight=67.638654796406627 114.53841257467866 23.016047067940235 28.08894545212388 12.80767307803035 9.1429993081837875 7.714157396927475 28.305641850456595 32.761536316946149 89.34194322489202 62.095953648909926 67.773777198046446 25.196832001209259 15.591309579089282 37.660444086417556
leaf_count=2069 541 753 127 51 104 21 93 804 457 779 350 437 203 416
internal_value=0.00147708 0.00817882 0.0112054 0.0311084 -0.0208097 -0.0284939 0.00335854 -0.000564469 0.00425453 -0.00599716 -0.0135879 0.00163895 0.0169525 0.00168064
internal_weight=621.674 508.661 485.645 136.489 21.9507 113.013 349.156 320.85 288.089 198.747 170.658 108.562 83.3651 45.3746
internal_count=7205 4699 3946 696 155 2506 3250 3157 2353 1896 1769 990 553 437
is_linear=0
shrinkage=0.05


Tree=56
num_leaves=15
num_cat=0
split_feature=67 35 34 78 75 3 127 126 135 55 80 118 92 109
split_gain=50.6815 40.321 29.6283 29.5503 24.881 24.7078 27.2178 23.5725 22.3726 40.2478 25.3845 21.2809 26.579 20.7987
threshold=53.832799911499031 93.095958709716811 28.865631103515629 0.033520599827170379 0.0033862447598949079 7.9220266342163095 -1.7288550138473509 -193763.07812499997 5.0000000000000009 1100003.5000000002 0.0050062655936926612 0.049986423924565322 0.00025775950052775448 0.6205393671989442
decision_type=2 8 10 2 2 10 10 2 2 10 2 2 8 2
left_child=1 2 -1 4 5 6 -3 -6 9 10 -9 12 -10 -4
right_child=-2 3 13 -5 7 -7 -8 8 11 -11 -12 -13 -14 -15
leaf_value=-0.060622062097422803 -0.052048746073739688 -0.049730057394190626 0.036492141368633012 -0.050770987538596518 0.039935461479836391 -0.046016079684454203 0.023672982796131219 -0.062743087196631228 0.03331960982712192 0.035728763687133611 0.018607463591935543 -0.016206673448306473 -0.062454127189759789 -0.02097358236389326
leaf_weight=8.5988083332777006 41.343762066215277 16.981476930901408 141.35400897450745 30.136905489489436 47.084381127730012 48.925510700792074 41.43260389380157 40.568956533446908 89.686738263815641 21.43541138805449 11.959303440526126 42.651011573150754 6.958309991285204 17.051794910803437
leaf_count=111 1943 282 678 767 244 850 278 641 503 87 80 415 111 164
internal_value=0.000715497 0.00466287 0.0252034 -0.00400161 -4.08848e-05 -0.0201874 0.00185623 0.00831094 0.00117495 -0.0208826 -0.0442201 0.0129525 0.025855 0.0302134
internal_weight=606.169 564.825 167.005 397.821 367.684 107.34 58.4141 260.344 213.26 73.9637 52.5283 139.296 96.645 158.406
internal_count=7154 5211 953 4258 3491 1410 560 2081 1837 808 721 1029 614 842
is_linear=0
shrinkage=0.05


Tree=57
num_leaves=15
num_cat=0
split_feature=18 33 11 66 33 65 8 25 39 32 81 42 74 33
split_gain=50.2951 42.9034 29.5054 41.838 48.784 31.1019 26.1291 23.2172 22.2276 26.8973 22.0681 21.7979 19.6027 20.3565
threshold=0.002348369918763638 100.55838775634767 0.035862185060977943 1344.7073364257815 1358.5483398437502 24.805038452148441 52.215396881103523 269.53581237792974 0.0012210125569254162 1413.9710083007815 0.015564437955617906 0.0011651696404442193 0.99524220824241649 1387.4155273437502
decision_type=8 8 10 2 10 2 10 10 10 10 2 10 2 10
left_child=1 -1 3 7 -5 -6 8 -3 9 -7 -9 12 -8 -14
right_child=-2 2 -4 4 5 6 11 10 -10 -11 -12 -13 13 -15
leaf_value=0.043067358414878909 -0.039052840532477019 0.059627060848221836 -0.04657590382362839 -0.10343781380330355 0.041930276920266969 -0.050804861694116049 -0.015091695921554349 0.020983070922686572 0.029362260837325752 0.027643129256402072 -0.061255783506489893 -0.040922831776051362 -0.031084640299634765 0.034302232229307228
leaf_weight=65.052137030288577 71.441824916750193 37.58281958475709 30.703413352370262 11.532762089744208 33.483635134994984 69.792104179039598 46.138302424922585 84.105805220082402 13.1777395196259 12.261863235384224 8.0534118544310314 22.41341594979167 13.209606431424616 77.990445217117667
leaf_count=330 2272 96 851 158 108 1151 569 566 102 51 95 313 153 392
internal_value=8.30502e-06 0.00538279 -2.31146e-05 0.00340331 -0.00686325 -0.00265825 -0.00865441 0.0270134 -0.0292387 -0.0388902 0.0132162 0.00372194 0.011251 0.024597
internal_weight=596.939 525.497 460.445 429.742 300 288.467 254.983 129.742 95.2317 82.054 92.1592 159.752 137.338 91.2001
internal_count=7207 4935 4605 3754 2997 2839 2731 757 1304 1202 661 1427 1114 545
is_linear=0
shrinkage=0.05


Tree=58
num_leaves=15
num_cat=0
split_feature=67 35 78 35 65 117 109 38 68 131 117 19 126 62
split_gain=49.4555 36.465 26.9109 26.7871 21.0893 21.6303 20.6866 32.8776 18.9083 18.7988 16.8454 16.8284 17.035 16.7286
threshold=51.43126296997071 94.934288024902358 0.038648245856165893 30.665631294250492 21.931548118591312 1.2500000000000002 0.50807842612266552 0.0025220720563083891 50.118621826171882 0.99135681986808788 6.7500000000000009 0.033415064215660102 -193763.07812499997 683.55450439453136
decision_type=2 8 2 10 2 2 2 10 2 2 2 8 2 2
left_child=1 3 4 -1 -3 -6 8 -8 -5 10 -7 -12 -13 -14
right_child=-2 2 -4 6 5 9 7 -9 -10 -11 11 12 13 -15
leaf_value=-0.072509979596298083 -0.04934261302641782 0.033057598336250653 -0.050884538376095259 -0.0075459283108931414 -0.022056958801604135 0.043547423816034811 0.044779460204355456 -0.082296574085758703 0.043539969429089567 -0.037176202175665141 -0.040202138832081596 0.07000999927747692 0.0069564391583007978 -0.13473789683570991
leaf_weight=5.8095746692270032 43.474638141691685 43.300933446735144 26.149124089628458 21.042759217321873 106.394188195467 31.165860164910555 9.2353937327861804 9.2154597043991071 118.13501945324242 22.161084065213799 18.134564187377691 9.8390626478940231 131.58208199590445 1.1174351274967183
leaf_count=99 2097 147 713 130 1325 171 37 147 557 366 292 41 1119 13
internal_value=0.00138969 0.00545785 -0.00286427 0.0252051 0.000718368 -0.0037415 0.0292409 -0.0196578 0.0358174 0.00542461 0.0105131 0.00387568 0.00972452 0.00476442
internal_weight=596.757 553.283 389.844 163.438 363.695 320.394 157.629 18.4509 139.178 214 191.839 160.673 142.539 132.7
internal_count=7254 5157 4187 970 3474 3327 871 184 687 2002 1636 1465 1173 1132
is_linear=0
shrinkage=0.05


Tree=59
num_leaves=15
num_cat=0
split_feature=67 4 69 65 117 81 37 125 1 50 74 68 128 36
split_gain=44.649 36.1909 25.63 25.4428 21.2423 19.6369 18.0233 19.7904 15.0074 15.3123 14.3748 25.014 14.0767 13.348
threshold=53.832799911499031 39.684669494628913 21.316130638122562 22.200860023498539 1.2500000000000002 0.011050061322748663 0.0022050723200663929 1133.5000000000002 89301.136718750015 0.0037814762908965354 0.99722567200660717 1412.0000000000002 -28.466289520263668 1394.037292480469
decision_type=2 10 2 2 2 2 10 2 2 10 2 2 8 10
left_child=1 2 -1 5 6 -4 -5 -8 9 12 11 -10 -6 -11
right_child=-2 -3 3 4 8 -7 7 -9 10 13 -12 -13 -14 -15
leaf_value=-0.089507840665151051 -0.05171295714551645 0.050536072900540199 0.037996349200249843 -0.055730053386471579 0.042173871813743803 -0.046187146124633413 -0.019311370686051418 0.032623946371021915 0.033916415180900716 0.017582506665415828 0.05484011775925695 -0.073481455291198136 -0.053466703564087309 -0.0079749047959730961
leaf_weight=6.7944078128784886 37.43510465696454 37.875748118385673 64.279609831050038 25.263608895242214 3.9125129394233227 6.8995235171169034 99.645686961710453 21.485052032396197 16.888471491634849 97.941392663866282 26.046367263421416 6.7798000145703545 20.267341617494825 104.7579605486244
leaf_count=83 1968 270 285 575 17 62 1071 100 102 906 120 66 321 1230
internal_value=0.000356431 0.00406298 0.000455659 0.00187085 -0.00280467 0.0293094 -0.01814 -0.00990787 0.00534803 -0.000147828 0.0299375 0.00142052 -0.0369309 0.00439976
internal_weight=576.273 538.837 500.962 494.167 422.988 71.1791 146.394 121.131 276.594 226.879 49.7146 23.6683 24.1799 202.699
internal_count=7176 5208 4938 4855 4508 347 1746 1171 2762 2474 288 168 338 2136
is_linear=0
shrinkage=0.05


Tree=60
num_leaves=15
num_cat=0
split_feature=37 11 5 123 63 103 41 127 47 133 32 122 27 136
split_gain=40.6309 29.1211 25.0471 25.1963 27.8568 23.1371 22.4436 21.1662 21.2328 17.7882 18.3585 15.5196 15.4649 14.6172
threshold=0.0024698984343558554 0.024316333234310154 537.74844360351574 22.636755943298343 11.129520416259767 7.5000000000000009 0.0087146381847560423 -9.828828811645506 0.055330708622932441 0.99621212482452404 1429.262634277344 79.553733825683608 7552280.5000000009 1.0000000180025095e-35
decision_type=10 8 10 10 2 2 10 8 8 2 8 10 10 2
left_child=5 2 3 4 7 -1 12 -2 -9 10 -7 -3 -4 -11
right_child=1 11 6 -5 -6 9 -8 8 -10 13 -12 -13 -14 -15
leaf_value=-0.045876660160772922 0.044635233656113438 -0.050382776384522016 0.03027539204651071 0.037665338779122121 -0.044499302263794727 -0.047693649728975038 -0.054953706132175852 0.017145284722694824 -0.022295085066809453 -0.0472806069276763 0.046376979745550807 0.038231013533421142 -0.057456628471039134 0.058595939465273895
leaf_weight=62.066219987347722 24.09631091915071 28.817248057574034 182.76604915969074 36.904556382447481 38.358650994487107 19.92290479131043 7.623029973357915 59.140175198204815 77.980430158786476 3.2939218208193788 6.0163269639015224 5.1573597975075236 4.2712380178272715 14.931761253625154
leaf_count=2092 92 877 894 220 1013 340 84 406 950 51 14 32 53 30
internal_value=0.00131287 0.0076948 0.0112314 0.000280782 -0.00678551 -0.0264405 0.0244651 0.00240681 -0.00528346 0.00128471 -0.0249634 -0.0362227 0.027977 0.0379969
internal_weight=571.346 465.115 431.14 236.48 199.576 106.231 194.66 161.217 137.121 44.1649 25.9392 33.9746 187.037 18.2257
internal_count=7148 4621 3712 2681 2461 2527 1031 1448 1356 435 354 909 947 81
is_linear=0
shrinkage=0.05


Tree=61
num_leaves=15
num_cat=0
split_feature=32 64 5 69 65 118 121 135 96 47 18 78 5 75
split_gain=37.3318 26.8379 26.6617 20.2503 28.0645 25.6364 25.7751 23.6655 27.9201 25.6492 27.5442 27.1509 26.5402 22.3318
threshold=49.185781478881843 48.780223846435554 53.832799911499031 20.215397834777836 22.200860023498539 0.052162656560540206 717384.75000000012 5.0000000000000009 0.0022751387441530828 0.22163807600736621 1.4739999869561873e-06 0.001572871580719948 1410.7191162109377 0.0018062769086100163
decision_type=10 2 8 2 2 2 2 2 8 10 8 2 8 2
left_child=1 3 -2 -1 -5 7 -7 9 -9 10 -6 12 -12 -8
right_child=2 -3 -4 4 5 6 13 8 -10 -11 11 -13 -14 -15
leaf_value=-0.086797997419161707 0.0070168302483132718 0.051807187293976542 -0.049254165753075563 0.032904080336686785 0.041172639323727861 -0.029900310421789547 -0.04942573445705966 -0.03524429436840297 0.031006249458761709 0.03091541002733042 -0.051536867615564946 0.015064453118834344 -0.18380889411111553 0.034558726332855907
leaf_weight=5.0809120796620837 33.327696327120066 30.246511784382164 55.116868769749999 74.087368003092706 9.6541998255997878 104.92101324070245 9.3064427860081178 17.426347371190786 121.52862044144422 22.767277847975492 26.179405393078927 11.49289516545832 3.8195101954042903 33.760519042611122
leaf_count=63 204 192 2377 403 56 1619 178 249 887 158 391 163 43 181
internal_value=0.00140805 0.00702615 -0.0282087 0.00383749 0.00509295 -0.000692101 -0.0166134 0.0104025 0.0225053 -0.0123473 -0.0318289 -0.0493839 -0.0737642 0.0157006
internal_weight=558.716 470.271 88.4446 440.025 434.944 360.856 147.988 212.868 138.955 73.9133 51.146 41.4918 29.9989 43.067
internal_count=7164 4583 2581 4391 4328 3925 1978 1947 1136 811 653 597 434 359
is_linear=0
shrinkage=0.05


Tree=62
num_leaves=15
num_cat=0
split_feature=74 15 11 38 127 38 78 47 1 10 84 126 127 137
split_gain=36.1991 24.8064 27.2091 23.7275 23.8471 21.3856 45.3692 24.736 17.354 32.7019 16.7597 18.6559 22.258 22.8894
threshold=0.36425061523914343 0.093073595315217986 0.0064731021411716947 0.00053347746143117558 3.0059267282485966 0.0025220720563083891 0.0045377563219517478 0.10454783216118814 5032.0961914062509 0.018884134478867057 0.00069324098876677464 158000.47656250003 -9.828828811645506 35.676322937011726
decision_type=2 10 8 8 8 10 2 8 2 10 2 2 10 2
left_child=-1 2 3 4 10 -3 7 -7 -5 -10 11 12 -2 -14
right_child=1 5 -4 8 -6 6 -8 -9 9 -11 -12 -13 13 -15
leaf_value=-0.050851936546979851 0.034332458997908606 0.038334857246216325 -0.045960982491990154 0.04299897995929193 -0.038394118889872736 -0.11791607170920065 0.038399025992927133 0.010354110615743097 0.023410908255028191 -0.049920056281798159 -0.043651090111456167 0.037839028070582398 0.047841976327645259 -0.019345142040510542
leaf_weight=30.7102703563869 31.880405806005001 81.627439355477691 30.967428099364042 48.074102789163589 47.223937137052417 9.3054714091122115 21.596934344619513 5.6790305487811574 59.536943351849914 19.310356606729329 18.439198171719909 34.427289038896561 13.322266340255736 111.70993080176413
leaf_count=1956 144 468 911 194 634 104 87 31 381 335 287 238 32 1426
internal_value=0.0010535 0.00413322 -0.00163896 0.00204618 -0.00668923 0.0242363 -0.00740592 -0.071696 0.0196485 0.00505128 0.000596231 0.00506507 -0.00231976 -0.0118635
internal_weight=563.811 533.101 414.892 383.924 257.003 118.209 36.5814 14.9845 126.921 78.8473 209.779 191.34 156.913 125.032
internal_count=7228 5272 4582 3671 2761 690 222 135 910 716 2127 1840 1602 1458
is_linear=0
shrinkage=0.05


Tree=63
num_leaves=15
num_cat=0
split_feature=67 4 123 79 123 32 72 68 66 68 74 12 6 84
split_gain=39.8172 32.8671 20.312 22.7008 18.6867 24.4675 14.0031 29.6047 27.5786 17.8502 15.2303 18.0653 15.9984 18.8738
threshold=53.832799911499031 43.155235290527351 -86.373424530029283 0.0017579593113623562 22.636755943298343 38.377182006835945 1387.4155273437502 1394.037292480469 1359.0176391601565 1397.8862915039065 0.99335694313049328 0.00064683161326684069 32.28930854797364 0.0010983006213791671
decision_type=2 10 8 2 10 10 2 2 2 2 2 10 10 2
left_child=1 2 -1 4 6 -6 8 -8 -4 -9 11 -11 -12 -14
right_child=-2 -3 3 -5 5 -7 7 9 -10 10 12 -13 13 -15
leaf_value=0.030143008878723666 -0.051377294484177161 0.051985122530001343 -0.0051623720402503848 -0.043220424494120016 0.034356084610386785 -0.039890108721687224 0.05159770053203349 -0.041617290409028701 -0.065630809394123885 -0.047640230060703531 -0.023863000350876459 0.017757408760190826 0.029462015983800757 -0.03514286727124713
leaf_weight=54.346706768497825 32.336632654070854 33.7243338432163 82.91622930765152 30.045872842893004 67.912174805998802 12.356028715148566 26.472974810749292 25.972750035114586 23.484173463657498 26.621638612821698 24.443252895027399 16.411104316823184 82.282421257346869 12.218449493870137
leaf_count=342 1989 265 818 765 340 199 113 448 356 497 309 109 464 200
internal_value=0.00159955 0.00499141 0.00162682 -0.0020292 0.00115626 0.0225768 -0.00425655 0.0031114 -0.0189955 -0.0039549 0.00230251 -0.0228631 0.0115219 0.0208284
internal_weight=551.545 519.208 485.484 431.137 401.091 80.2682 320.823 214.423 106.4 187.95 161.977 43.0327 118.944 94.5009
internal_count=7214 5225 4960 4618 3853 539 3314 2140 1174 2027 1579 606 973 664
is_linear=0
shrinkage=0.05


Tree=64
num_leaves=15
num_cat=0
split_feature=67 4 11 75 73 20 35 55 28 32 10 38 61 135
split_gain=38.292 28.1829 21.6334 22.9524 18.1867 17.2111 20.5301 22.9716 20.7825 17.2587 16.8204 17.9661 20.2659 23.5935
threshold=51.43126296997071 39.684669494628913 0.070940721780061736 0.0023048114962875847 54.323677062988288 3.0409499913730546e-06 36.916666030883796 6260.2702636718759 2822.0000000000005 37.743314743041999 0.039344685152173049 0.00069221595185808848 42.185014724731452 5.0000000000000009
decision_type=2 10 8 2 2 8 10 10 2 10 10 10 2 2
left_child=1 2 3 4 -1 9 -7 -8 10 -5 11 12 -9 -14
right_child=-2 -3 -4 5 -6 6 7 8 -10 -11 -12 -13 13 -15
leaf_value=0.0059559748236658189 -0.04983820472681353 0.050062414717980154 -0.055044541464165625 0.04524923588859163 -0.041875446668708294 -0.043738459314897102 0.037567966690774834 -0.043657899779581358 0.067980887149515265 -0.021023612598126379 -0.042357261484651916 0.02556159057340146 -0.027247704589867583 0.017910768022058449
leaf_weight=35.068825975060463 33.749921870417893 30.705896356143057 15.413191438652573 49.605715226382017 44.205880993977189 20.221702201291919 50.391931874677539 29.128599464893341 9.9947670325636846 11.558689534664152 22.636421581730247 58.052496876567602 43.656695578247309 81.113251848146319
leaf_count=225 2060 233 599 252 1002 213 236 456 25 106 381 253 506 658
internal_value=0.000925216 0.0044321 0.00135787 0.00338222 -0.0209056 0.00853993 0.00378496 0.00717966 0.000791194 0.0325884 -0.00234788 0.00210397 -0.00685244 0.00201892
internal_weight=535.504 501.754 471.048 455.635 79.2747 376.36 315.196 294.974 244.582 61.1644 234.587 211.951 153.899 124.77
internal_count=7205 5145 4912 4313 1227 3086 2728 2515 2279 358 2254 1873 1620 1164
is_linear=0
shrinkage=0.05


Tree=65
num_leaves=15
num_cat=0
split_feature=67 4 11 75 121 75 35 35 137 44 48 63 46 57
split_gain=35.9967 27.6161 20.1663 21.6351 21.0745 22.9612 26.7555 21.0601 21.2861 25.9301 20.4234 20.3826 19.5415 18.8481
threshold=53.832799911499031 43.155235290527351 0.071454100310802474 0.0020787274697795515 717384.75000000012 0.010268951300531627 36.916666030883796 1394.037292480469 35.676322937011726 0.0025285972515121107 3.7995000639057257e-06 8.214823246002199 2.4994999421323887e-06 51.500000000000007
decision_type=2 10 10 2 2 2 10 10 2 10 10 2 8 2
left_child=1 2 3 -1 5 11 12 -8 -9 -10 -11 -5 -7 -14
right_child=-2 -3 -4 4 -6 6 7 8 9 10 -12 -13 13 -15
leaf_value=-0.021152046922040348 -0.051079263846085868 0.050479579210484661 -0.053105024837989061 0.019605814137713784 0.039471391993207892 0.040207770699993935 0.027278639387474175 0.04099178614965613 0.038405800786300077 -0.050656480963271834 0.023183616937232959 -0.036456085496173372 -0.040511045448615883 -0.19119344482199069
leaf_weight=71.006309109739959 29.186154932714999 30.480876239016652 14.984766255132852 22.368486111983657 47.663684278726578 5.2675376683473614 153.69363262876868 19.624457720667124 15.295370949432252 39.827750343829393 11.503895598463712 53.290991771966219 16.332812463864688 1.5754494890570629
leaf_count=1124 1972 260 622 151 236 17 1007 62 92 612 96 705 190 23
internal_value=0.00196073 0.0051341 0.00210803 0.00402854 0.00869794 0.00426494 0.0112457 0.0162394 -0.00351896 -0.0170415 -0.0339814 -0.019842 -0.0389884 -0.0631776
internal_weight=532.102 502.916 472.435 457.45 386.444 338.78 263.121 239.945 86.2515 66.627 51.3316 75.6595 23.1758 17.9083
internal_count=7169 5197 4937 4315 3191 2955 2099 1869 862 800 708 856 230 213
is_linear=0
shrinkage=0.05


Tree=66
num_leaves=15
num_cat=0
split_feature=67 4 75 32 11 69 4 65 62 74 1 18 36 8
split_gain=32.8025 27.995 23.6668 23.0559 20.6123 20.1612 17.8457 17.6553 15.3751 29.0432 23.1783 20.1826 15.9735 16.4645
threshold=53.832799911499031 47.843925476074226 0.0018062769086100163 1413.9710083007815 0.024316333234310154 20.215397834777836 37.371212005615241 22.200860023498539 310.34762573242193 0.99524220824241649 89301.136718750015 0.00010609949822537602 1412.0000000000002 1294.7710571289065
decision_type=2 10 2 10 10 2 10 2 2 2 2 10 10 10
left_child=1 2 3 -1 5 -4 -5 -7 9 -9 -11 12 13 -10
right_child=-2 -3 4 6 -6 7 -8 8 11 10 -12 -13 -14 -15
leaf_value=-0.045726805448988231 -0.050957774704196157 0.05132155317865477 -0.085394373130291246 -0.053942036791738313 -0.0362531223008156 0.033682653556544533 0.053756095747031975 -0.02804125518774328 -0.02365107927655068 0.00084905464044646129 0.048888407091388107 0.064227849869610928 -0.034704462133901041 0.046028802044908668
leaf_weight=45.500843527726829 27.912345306947827 28.204389492049813 4.6522016935050479 4.5842980667948749 26.775116219185293 63.082969330251217 11.785314671695231 70.829164078459144 11.570586472749708 128.58844028972089 30.212625488638878 21.372326133772731 15.05642795935273 26.221715658903122
leaf_count=1002 1972 212 54 61 752 265 24 1073 108 1091 161 105 155 139
internal_value=0.000794956 0.00385051 0.000836377 -0.0276803 0.00532359 0.00840871 0.0222262 0.00982686 0.00477989 -0.00163993 0.0102375 0.0243997 0.00739934 0.0246357
internal_weight=516.349 488.436 460.232 61.8705 398.362 371.586 16.3696 366.934 303.851 229.63 158.801 74.2211 52.8487 37.7923
internal_count=7174 5202 4990 1087 3903 3151 85 3097 2832 2325 1252 507 402 247
is_linear=0
shrinkage=0.05


end of trees

feature_importances:
Column_5=59
Column_38=41
Column_34=35
Column_9=33
Column_11=31
Column_37=29
Column_137=29
Column_32=27
Column_65=27
Column_35=25
Column_4=24
Column_15=23
Column_79=23
Column_67=22
Column_8=16
Column_127=16
Column_7=15
Column_74=14
Column_75=14
Column_20=13
Column_69=12
Column_73=12
Column_6=11
Column_33=11
Column_0=10
Column_39=10
Column_71=10
Column_18=9
Column_46=9
Column_91=9
Column_123=9
Column_26=8
Column_60=8
Column_78=8
Column_125=8
Column_27=7
Column_64=7
Column_81=7
Column_128=7
Column_134=7
Column_12=6
Column_30=6
Column_31=6
Column_36=6
Column_50=6
Column_62=6
Column_63=6
Column_68=6
Column_115=6
Column_116=6
Column_131=6
Column_1=5
Column_3=5
Column_10=5
Column_41=5
Column_48=5
Column_54=5
Column_84=5
Column_93=5
Column_118=5
Column_121=5
Column_122=5
Column_135=5
Column_17=4
Column_25=4
Column_47=4
Column_86=4
Column_96=4
Column_106=4
Column_109=4
Column_114=4
Column_126=4
Column_21=3
Column_49=3
Column_55=3
Column_66=3
Column_85=3
Column_97=3
Column_100=3
Column_105=3
Column_117=3
Column_2=2
Column_14=2
Column_19=2
Column_28=2
Column_40=2
Column_42=2
Column_53=2
Column_56=2
Column_76=2
Column_80=2
Column_83=2
Column_98=2
Column_99=2
Column_103=2
Column_112=2
Column_120=2
Column_16=1
Column_22=1
Column_44=1
Column_52=1
Column_57=1
Column_59=1
Column_61=1
Column_70=1
Column_72=1
Column_77=1
Column_82=1
Column_89=1
Column_92=1
Column_95=1
Column_102=1
Column_107=1
Column_111=1
Column_119=1
Column_129=1
Column_130=1
Column_133=1
Column_136=1

parameters:
[boosting: gbdt]
[objective: binary]
[metric: binary_logloss]
[tree_learner: serial]
[device_type: cpu]
[data_sample_strategy: bagging]
[data: ]
[valid: ]
[num_iterations: 67]
[learning_rate: 0.05]
[num_leaves: 15]
[num_threads: 4]
[seed: 26006]
[deterministic: 1]
[force_col_wise: 0]
[force_row_wise: 1]
[histogram_pool_size: -1]
[max_depth: -1]
[min_data_in_leaf: 10]
[min_sum_hessian_in_leaf: 0.001]
[bagging_fraction: 0.8]
[pos_bagging_fraction: 1]
[neg_bagging_fraction: 1]
[bagging_freq: 1]
[bagging_seed: 19736]
[bagging_by_query: 0]
[feature_fraction: 0.8]
[feature_fraction_bynode: 1]
[feature_fraction_seed: 22478]
[extra_trees: 0]
[extra_seed: 25246]
[early_stopping_round: 0]
[early_stopping_min_delta: 0]
[first_metric_only: 0]
[max_delta_step: 0]
[lambda_l1: 0]
[lambda_l2: 1]
[linear_lambda: 0]
[min_gain_to_split: 0]
[drop_rate: 0.1]
[max_drop: 50]
[skip_drop: 0.5]
[xgboost_dart_mode: 0]
[uniform_drop: 0]
[drop_seed: 12177]
[top_rate: 0.2]
[other_rate: 0.1]
[min_data_per_group: 100]
[max_cat_threshold: 32]
[cat_l2: 10]
[cat_smooth: 10]
[max_cat_to_onehot: 4]
[top_k: 20]
[monotone_constraints: ]
[monotone_constraints_method: basic]
[monotone_penalty: 0]
[feature_contri: ]
[forcedsplits_filename: ]
[refit_decay_rate: 0.9]
[cegb_tradeoff: 1]
[cegb_penalty_split: 0]
[cegb_penalty_feature_lazy: ]
[cegb_penalty_feature_coupled: ]
[path_smooth: 0]
[interaction_constraints: ]
[verbosity: -1]
[saved_feature_importance_type: 0]
[use_quantized_grad: 0]
[num_grad_quant_bins: 4]
[quant_train_renew_leaf: 0]
[stochastic_rounding: 1]
[linear_tree: 0]
[max_bin: 255]
[max_bin_by_feature: ]
[min_data_in_bin: 3]
[bin_construct_sample_cnt: 200000]
[data_random_seed: 19427]
[is_enable_sparse: 1]
[enable_bundle: 1]
[use_missing: 1]
[zero_as_missing: 0]
[feature_pre_filter: 1]
[pre_partition: 0]
[two_round: 0]
[header: 0]
[label_column: ]
[weight_column: ]
[group_column: ]
[ignore_column: ]
[categorical_feature: ]
[forcedbins_filename: ]
[precise_float_parser: 0]
[parser_config_file: ]
[objective_seed: 10829]
[num_class: 1]
[is_unbalance: 0]
[scale_pos_weight: 1]
[sigmoid: 1]
[boost_from_average: 1]
[reg_sqrt: 0]
[alpha: 0.9]
[fair_c: 1]
[poisson_max_delta_step: 0.7]
[tweedie_variance_power: 1.5]
[lambdarank_truncation_level: 30]
[lambdarank_norm: 1]
[label_gain: ]
[lambdarank_position_bias_regularization: 0]
[eval_at: ]
[multi_error_top_k: 1]
[auc_mu_weights: ]
[num_machines: 1]
[local_listen_port: 12400]
[time_out: 120]
[machine_list_filename: ]
[machines: ]
[gpu_platform_id: -1]
[gpu_device_id: -1]
[gpu_device_id_list: ]
[gpu_use_dp: 0]
[num_gpu: 1]

end of parameters

pandas_categorical:null
