tree
version=v4
num_class=1
num_tree_per_iteration=1
label_index=0
max_feature_idx=137
objective=binary sigmoid:1
feature_names=Column_0 Column_1 Column_2 Column_3 Column_4 Column_5 Column_6 Column_7 Column_8 Column_9 Column_10 Column_11 Column_12 Column_13 Column_14 Column_15 Column_16 Column_17 Column_18 Column_19 Column_20 Column_21 Column_22 Column_23 Column_24 Column_25 Column_26 Column_27 Column_28 Column_29 Column_30 Column_31 Column_32 Column_33 Column_34 Column_35 Column_36 Column_37 Column_38 Column_39 Column_40 Column_41 Column_42 Column_43 Column_44 Column_45 Column_46 Column_47 Column_48 Column_49 Column_50 Column_51 Column_52 Column_53 Column_54 Column_55 Column_56 Column_57 Column_58 Column_59 Column_60 Column_61 Column_62 Column_63 Column_64 Column_65 Column_66 Column_67 Column_68 Column_69 Column_70 Column_71 Column_72 Column_73 Column_74 Column_75 Column_76 Column_77 Column_78 Column_79 Column_80 Column_81 Column_82 Column_83 Column_84 Column_85 Column_86 Column_87 Column_88 Column_89 Column_90 Column_91 Column_92 Column_93 Column_94 Column_95 Column_96 Column_97 Column_98 Column_99 Column_100 Column_101 Column_102 Column_103 Column_104 Column_105 Column_106 Column_107 Column_108 Column_109 Column_110 Column_111 Column_112 Column_113 Column_114 Column_115 Column_116 Column_117 Column_118 Column_119 Column_120 Column_121 Column_122 Column_123 Column_124 Column_125 Column_126 Column_127 Column_128 Column_129 Column_130 Column_131 Column_132 Column_133 Column_134 Column_135 Column_136 Column_137
feature_infos=[0:79973] [0:107387464] [6.9524784088134766:1434.8333740234375] [0:696] [-1.203703761100769:1434.8333740234375] [6.9524784088134766:1443.69189453125] [6.9524784088134766:1443.69189453125] [6.9524784088134766:1443.69189453125] [6.9524784088134766:1443.69189453125] [0:1] [0:1] [0:1] [0:1] [0:1] [0:1] [0:1] [2.193200089095626e-05:1.9037708044052124] [0:0.99571478366851807] [0:1.9037708044052124] [2.193200089095626e-05:1.9915750026702881] [1.362500029244984e-06:1.9037708044052124] [1.8729999737843173e-06:1.9037708044052124] [2.0840000161115313e-06:1.9037708044052124] [0:27] [1:79973] [6.9524784088134766:107387464] [0:1.9999972581863403] [6.9524784088134766:107387464] [0:74896] [0:106034368] [6.9524784088134766:1442.8333740234375] [0:696] [-13.565573692321777:1442.8333740234375] [6.9524784088134766:1443.69189453125] [2.3641510009765625:1443.69189453125] [6.9524784088134766:1443.69189453125] [6.9524784088134766:1443.69189453125] [0:1] [0:1] [0:1] [0:1] [0:1] [0:1] [0:1] [2.2110000372776994e-06:1.9917522668838501] [0:0.93804830312728882] [0:1.9917522668838501] [2.3439999949914636e-06:1.9917522668838501] [1.6999990748445271e-08:1.9917522668838501] [1.623000002837216e-06:1.9917522668838501] [2.3439999949914636e-06:1.9917522668838501] [0:24] [1:74896] [6.9524784088134766:106034368] [0:1.9999806880950928] [6.9524784088134766:106034368] [1:79973] [0:25306] [6.9524784088134766:107387464] [0:14382488] [6.9524784088134766:1442.8333740234375] [6.9524784088134766:1430.1473388671875] [0:696] [0:696] [2.4344263076782227:1442.8333740234375] [-13.565573692321777:1430.1473388671875] [6.9524784088134766:1443.69189453125] [2.3641510009765625:1430.1473388671875] [6.9524784088134766:1443.69189453125] [6.9524784088134766:1430.1473388671875] [6.9524784088134766:1443.69189453125] [6.9524784088134766:1430.1473388671875] [6.9524784088134766:1443.69189453125] [6.9524784088134766:1442.8333740234375] [0:1] [0:1] [0:1] [0:1] [0:1] [0:1] [0:1] [0:1] [0:1] [0:1] [0:1] [0:1] [0:1] [0:1] [1.6063799193943851e-05:1.9917522668838501] [2.2110000372776994e-06:1.9037708044052124] [0:0.99571478366851807] [0:0.83213174343109131] [9.999965300266922e-10:1.9917522668838501] [0:1.9037708044052124] [1.4629999895987567e-06:1.9917522668838501] [1.6999990748445271e-08:1.9037708044052124] [1.9540000266715651e-06:1.9917522668838501] [1.623000002837216e-06:1.9037708044052124] [2.1193000065977685e-05:1.9917522668838501] [2.0840000161115313e-06:1.9037708044052124] [2.5266999728046358e-05:1.9917522668838501] [2.3439999949914636e-06:1.9915750026702881] [1:27] [0:21] [1:79973] [1:25306] [6.9524784088134766:107387464] [6.9524784088134766:7191244] [0:1.9999972581863403] [0:1.9998902082443237] [6.9524784088134766:107387464] [6.9524784088134766:14252031] [1:99122] [13.904956817626953:107755440] [0:1] [0:1] [0:1.9999974966049194] [0.5:100] [0.004999999888241291:0.81610339879989624] [0.0007995598716661334:0.62212282419204712] [-87137:87016] [-94248824:98197832] [-1392:1384] [-1392:1384] [-0.79955452680587769:0.80254775285720825] [-87016:92121] [-98197832:103789264] [-1384:1392] [-1384:1392] [-0.80254775285720825:0.79955452680587769] [0:1] [0:1] [0:1] [0:1] [0:1] [4:6] [0:1] [35.5:97.5]
tree_sizes=1734 1733 1740 1741 1723 1740 1742 1730 1752 1747 1747 1749 1759 1755 1745 1738 1732 1756 1743 1749 1754 1751 1757 1737 1744 1738 1751 1744 1750 1750 1760 1746 1764 1743 1750 1755 1749 1756 1752 1751 1757 1744 1757 1746 1743 1743 1753 1748 1750 1751 1738 1747 1760 1742 1766

Tree=0
num_leaves=15
num_cat=0
split_feature=115 5 5 6 5 108 5 128 86 95 2 85 35 39
split_gain=2568.59 626.214 455.502 171.428 112.341 156.283 109.373 85.2973 89.6147 74.4238 61.4898 59.1351 57.4861 76.1761
threshold=0.28397572040557867 174.83229827880862 91.263515472412124 31.2744255065918 119.61271286010744 1.905921518802643 590.91680908203136 0.77777609229087841 0.99600589275360119 1.4560000067831427e-06 50.445377349853523 1.0000000180025095e-35 1423.0373535156252 0.22310206294059756
decision_type=2 8 10 10 10 2 10 10 2 10 10 2 10 10
left_child=1 2 3 -1 10 -6 12 -5 -9 -7 -4 -8 -3 -14
right_child=-2 6 4 7 5 9 11 8 -10 -11 -12 -13 13 -15
leaf_value=0.055425730513618598 -0.094156112929263722 -0.098762108910847274 0.092386302346618404 -0.056400498409572834 -0.043880543533760509 -0.087131811156889366 0.025938438636350352 -0.043409866370064269 0.054744382480689413 0.073123438310566946 0.0018475949360525863 -0.076741653838077045 -0.092599080066810266 0.078146923897299672
leaf_weight=100.97292409837246 498.37137672305107 79.781077235937119 507.06706184148788 100.15505895018578 39.184910073876381 6.7710877358913413 56.397824123501778 41.780187025666237 49.998410150408745 160.45269656181335 19.514716222882271 17.555148899555206 12.511792555451395 11.658966451883314
leaf_count=246 3307 542 717 560 206 46 184 219 122 312 77 110 85 19
internal_value=0.00119151 0.0407106 0.0557246 0.00299933 0.076761 0.045155 -0.0456957 -0.0247256 0.0100755 0.0661551 0.0890409 0.000865305 -0.0785125 -0.0104057
internal_weight=1702.17 1203.8 1025.9 292.907 732.99 206.409 177.905 191.934 91.7786 167.224 526.582 73.953 103.952 24.1708
internal_count=6752 3445 2505 1147 1358 564 940 901 341 358 794 294 646 104
is_linear=0
shrinkage=1


Tree=1
num_leaves=15
num_cat=0
split_feature=115 73 73 6 48 73 56 73 108 8 35 39 33 34
split_gain=2288.12 542.923 458.176 169.702 102.859 89.8202 67.2081 62.1755 117.527 57.6735 54.7842 77.8469 54.1125 80.8214
threshold=0.28397572040557867 174.83229827880862 89.214183807373061 31.2744255065918 1.4560000067831427e-06 550.80554199218761 35.500000000000007 119.2478370666504 1.905921518802643 53.666038513183601 1423.0373535156252 0.22310206294059756 1405.148864746094 1397.931579589844
decision_type=2 2 2 8 10 2 2 2 2 10 10 10 10 10
left_child=1 2 3 -1 -4 10 -6 -8 -9 -10 -3 -12 13 -5
right_child=-2 5 4 12 6 -7 7 8 9 -11 11 -13 -14 -15
leaf_value=0.048996236863131128 -0.090627294236804185 -0.094082130503313197 -0.058607451042637031 -0.026009615931034825 -0.08528577518721922 -0.0016911227539333472 0.085560100754580148 -0.026746548460507343 -0.038845486291856066 0.077500015565075575 -0.089058335502393976 0.077967767843594715 -0.063740250470473228 0.091916608861081481
leaf_weight=103.39585280418396 494.19975686073303 77.384259164333344 14.094704717397688 98.131088703870773 5.7366055101156226 75.829004436731339 505.86709117889404 37.679153233766556 10.808246195316313 162.34235656261444 13.660070121288301 12.32185362279415 73.173872113227844 16.032125920057297
leaf_count=263 3300 527 82 468 39 307 753 182 55 280 93 19 428 21
internal_value=-0.000118417 0.037001 0.051007 -0.00214471 0.0719623 -0.0431277 0.0745872 0.0759839 0.0527112 0.0700562 -0.073218 -0.00989278 -0.0304809 -0.0087947
internal_weight=1700.66 1206.46 1027.26 290.733 736.528 179.195 722.433 716.697 210.83 173.151 103.366 25.9819 187.337 114.163
internal_count=6817 3517 2571 1180 1391 946 1309 1270 517 335 639 112 917 489
is_linear=0
shrinkage=0.05


Tree=2
num_leaves=15
num_cat=0
split_feature=115 5 5 6 5 26 73 128 100 95 123 79 68 43
split_gain=2142.51 502.353 401.397 131.25 87.6862 107.962 75.2496 70.2242 62.2685 58.7694 57.9182 52.428 68.4183 51.3407
threshold=0.28397572040557867 174.83229827880862 91.263515472412124 31.2744255065918 119.61271286010744 1.9546239972114565 611.74948120117199 0.77777609229087841 0.0038711130619049077 1.4560000067831427e-06 24.640427589416507 0.22310206294059756 1423.0373535156252 0.99595543742179882
decision_type=2 8 10 10 10 10 2 10 8 10 10 2 2 10
left_child=1 2 3 -1 -4 10 11 -5 -2 -7 -6 -3 -13 -9
right_child=8 6 4 7 5 9 -8 13 -10 -11 -12 12 -14 -15
leaf_value=0.048207942496904702 0.0023027493147134222 -0.090251137434557704 0.080905921915920581 -0.049944632023536023 -0.066057343157729737 -0.080442408717927349 -0.0014193719124403496 -0.028643990821353518 -0.088949007450535703 0.066329552299282168 0.054627160607272997 -0.084673578869974203 0.074683617136255029 0.045663548704203166
leaf_weight=97.831960022449493 19.402895346283913 75.277766823768616 535.2823541611433 105.48868760466576 29.563400432467461 6.2960043400526038 67.273436665534973 44.138422280550003 477.74943277239799 165.26729607582092 13.843574061989782 12.689198419451714 12.265788450837135 46.9989894926548
leaf_count=245 82 516 816 584 178 43 272 217 3241 323 34 87 19 125
internal_value=0.00191768 0.0377651 0.0506514 0.00116702 0.0700455 0.0427533 -0.0424283 -0.0223638 -0.0853902 0.0605084 -0.0272046 -0.0696665 -0.00648724 0.00975564
internal_weight=1709.37 1212.22 1044.71 294.458 750.253 214.97 167.506 196.626 497.152 171.563 43.407 100.233 24.955 91.1374
internal_count=6782 3459 2565 1171 1394 578 894 926 3323 366 212 622 106 342
is_linear=0
shrinkage=0.05


Tree=3
num_leaves=15
num_cat=0
split_feature=115 5 5 6 5 39 8 5 128 31 41 69 127 35
split_gain=1897.06 446.624 363.496 140.12 88.5371 116.579 103.14 77.3634 61.8752 61.6285 51.0418 49.7689 48.5502 42.5326
threshold=0.28397572040557867 174.83229827880862 91.263515472412124 31.2744255065918 119.61271286010744 0.0003406193718547002 116.47505187988283 590.91680908203136 0.77777609229087841 83.232650756835952 0.00018425517919240522 30.858586311340336 -28.592699050903317 1423.0373535156252
decision_type=2 8 10 10 10 10 10 10 10 10 10 2 10 10
left_child=1 2 3 11 -4 6 -6 13 -5 -10 -9 -1 -12 -3
right_child=-2 7 4 8 5 -7 -8 10 9 -11 12 -13 -14 -15
leaf_value=-0.003906025866651629 -0.083534045027331083 -0.086604316122424557 0.076799689805355481 -0.054082054229652392 -0.041611105783059307 0.068618811359100529 0.080752689798165314 -0.05841291253636767 0.041226973350390529 -0.042779356100200124 -0.087527261600255091 0.070451128206888966 0.045853670027722462 -0.0099378329358341816
leaf_weight=33.403841704130173 486.90868534147739 75.337677344679832 510.23759552836418 97.75290559232235 61.01594041287899 122.26606072485447 22.849051088094711 25.563470810651779 47.975863754749298 38.398974031209946 7.0620539039373389 67.329946413636208 45.061915278434753 24.078139185905457
leaf_count=131 3309 522 795 561 316 228 32 146 132 206 48 122 121 106
internal_value=-0.000614284 0.0336914 0.046635 -0.00114586 0.06561 0.0376752 -0.00771433 -0.0393344 -0.0270467 0.00381876 -0.00184517 0.0459979 0.026475 -0.0683199
internal_weight=1665.24 1178.33 1001.23 284.862 716.369 206.131 83.865 177.103 184.128 86.3748 77.6874 100.734 52.124 99.4158
internal_count=6775 3466 2523 1152 1371 576 348 943 899 338 315 253 169 628
is_linear=0
shrinkage=0.05


Tree=4
num_leaves=15
num_cat=0
split_feature=114 73 73 68 7 73 39 6 73 71 60 2 36 114
split_gain=1600.18 368.448 332.608 119.007 118.01 92.8111 105.018 91.9998 84.6342 80.2843 61.2948 60.5166 59.5281 66.0425
threshold=0.48718731105327612 180.7494812011719 89.214183807373061 1410.5380859375002 48.658084869384773 119.2478370666504 0.0003406193718547002 36.914140701293952 550.80554199218761 116.47505187988283 1318.155944824219 50.445377349853523 1380.250671386719 0.63921189308166515
decision_type=2 2 2 2 8 2 10 10 2 2 2 8 10 2
left_child=1 2 3 4 10 11 9 12 -3 -7 -1 -4 13 -2
right_child=7 8 5 -5 -6 6 -8 -9 -10 -11 -12 -13 -14 -15
leaf_value=-0.082258064208995563 -0.079389996607822727 -0.083767481886113965 0.077946139676707049 -0.05617189382902732 -0.06682256683664399 -0.04136210367452603 0.060973602617807959 -0.083172923492082163 -0.0068933262250665392 0.072981754867294746 0.04484495716530236 -0.01305948168637079 0.011946071706860505 0.024288670956321715
leaf_weight=9.2511497586965543 73.168454572558403 62.746178790926933 474.02722318470478 75.302840158343315 32.696876332163811 57.741429015994072 137.11201718449593 403.9544849395752 82.130404934287071 19.801186129450798 142.51505313813686 18.721861973404884 44.557053580880165 18.868321239948273
leaf_count=64 492 440 690 433 201 303 281 2807 353 31 383 78 164 71
internal_value=-0.000678567 0.03362 0.0447582 -0.00362432 0.0180142 0.0625048 0.0348225 -0.0711713 -0.0405336 -0.011606 0.0366095 0.074469 -0.0353317 -0.0581024
internal_weight=1652.59 1112.05 967.17 259.766 184.463 707.404 214.655 540.548 144.877 77.5426 151.766 492.749 136.594 92.0368
internal_count=6791 3257 2464 1081 648 1383 615 3534 793 334 447 768 727 563
is_linear=0
shrinkage=0.05


Tree=5
num_leaves=15
num_cat=0
split_feature=115 5 5 33 115 47 40 132 5 79 35 118 25 6
split_gain=1581.09 361.06 280.547 118.327 133.23 78.3667 76.0294 61.2614 54.3316 55.8489 63.357 54.1513 69.8713 51.7912
threshold=0.22451132535934451 174.83229827880862 91.263515472412124 1410.5380859375002 0.025815581902861599 0.012391134165227415 0.00044712901581078773 1.0000000180025095e-35 590.91680908203136 0.22310206294059756 1412.0000000000002 0.12428138032555582 10594.914062500002 30.665631294250492
decision_type=2 8 10 10 2 10 10 2 10 2 8 2 10 10
left_child=1 2 3 4 7 6 -4 -1 9 -3 -11 -7 -13 -9
right_child=-2 8 5 -5 -6 11 -8 13 -10 10 -12 12 -14 -15
leaf_value=0.069646007088940073 -0.075951232135545832 -0.081638275451664397 -0.084467306555452051 -0.045561850496052096 -0.031202461290595673 0.068874089445629769 0.061168128554779461 0.08218222185043772 -0.002533983704172303 -0.076953122876125393 0.076043779353961713 -0.095103694064249025 0.044529283189433944 -0.055916923839538835
leaf_weight=107.13389258086681 477.31933209300041 71.7341228723526 17.161791771650314 87.776602551341057 72.43255877494812 610.02590198814869 16.720702022314072 9.0346334576606768 73.639661356806755 11.724770650267603 13.455196022987364 10.376410305500029 41.424692690372467 20.057792589068413
leaf_count=203 3307 510 110 483 363 1045 30 11 302 83 19 71 100 114
internal_value=0.000577168 0.0320324 0.0435818 0.00283145 0.0233093 0.0609162 -0.0129043 0.0523098 -0.0350153 -0.0594181 0.0045843 0.0647093 0.0152876 -0.0117245
internal_weight=1640.02 1162.7 992.145 296.435 208.659 695.709 33.8825 136.226 170.554 96.9141 25.18 661.827 51.8011 29.0924
internal_count=6751 3444 2530 1174 691 1356 140 328 914 612 102 1216 171 125
is_linear=0
shrinkage=0.05


Tree=6
num_leaves=15
num_cat=0
split_feature=115 5 5 6 48 73 29 128 85 53 31 127 5 108
split_gain=1430.61 315.815 316.402 132.264 74.329 71.638 55.808 52.5565 51.1691 49.9833 41.8575 41.4397 38.4372 78.3558
threshold=0.28397572040557867 174.83229827880862 91.263515472412124 31.2744255065918 1.4560000067831427e-06 611.74948120117199 46452.765625000007 0.77777609229087841 1.0000000180025095e-35 32284478.000000004 83.232650756835952 -16.980248451232907 119.61271286010744 0.94680768251419078
decision_type=2 8 10 10 10 2 2 10 2 10 10 10 10 2
left_child=1 2 3 -1 -4 -3 -6 -5 11 12 -9 -7 -8 -14
right_child=-2 5 4 7 6 8 9 10 -10 -11 -12 -13 13 -15
leaf_value=0.041578886789611032 -0.075307016703244023 -0.062946698848096935 -0.055042006237800117 -0.055150572484460272 -0.070275469581656688 -0.083513838556162234 0.07143490957439419 0.031671160918948296 -0.070855832029588561 -0.073127587644434722 -0.038826639602851459 0.042075229288596007 -0.025585606330235124 0.058648488756542022
leaf_weight=98.041938170790672 459.560536891222 93.555615141987801 13.427222877740858 96.760070085525513 7.2569175958633414 6.6077142506837836 465.45895810425282 44.476477399468422 16.890189707279205 5.9676783829927436 38.209482178092003 49.438900321722031 32.622053295373917 162.44609890878201
leaf_count=251 3267 619 79 576 45 45 720 133 106 37 207 137 158 323
internal_value=-0.00101055 0.029214 0.0401874 -0.00486753 0.0583615 -0.0342267 0.0606998 -0.0303337 0.00296543 0.062229 -0.000980805 0.0260643 0.0635606 0.044503
internal_weight=1590.72 1131.16 964.667 277.488 687.179 166.492 673.752 179.446 72.9368 666.495 82.686 56.0466 660.527 195.068
internal_count=6703 3436 2529 1167 1362 907 1283 916 288 1238 340 182 1201 481
is_linear=0
shrinkage=0.05


Tree=7
num_leaves=15
num_cat=0
split_feature=115 5 5 67 5 108 39 46 33 33 47 120 69 4
split_gain=1323.04 362.579 253.514 109.733 68.2422 93.1632 55.0109 82.1639 50.9646 77.697 45.7419 43.5135 46.7086 74.5425
threshold=0.28397572040557867 174.83229827880862 91.263515472412124 31.2744255065918 119.61271286010744 0.94680768251419078 0.00036168655788060283 1.5534999988631173e-06 1405.148864746094 1397.931579589844 0.26282933354377752 -494.99999999999994 36.914140701293952 36.358932495117195
decision_type=2 8 10 2 10 2 10 10 10 10 10 2 2 10
left_child=1 2 3 -1 -4 10 7 -7 9 11 -6 -5 13 -13
right_child=-2 -3 4 8 5 6 -8 -9 -10 -11 -12 12 -14 -15
leaf_value=0.04149038114407122 -0.072442685259678327 -0.039932186620230244 0.066531644043367824 0.041529330267208425 -0.067968172301948973 -0.048155989606943825 0.070827979237255631 0.06296427304555062 -0.056508290987934744 0.089577511146154989 0.056746215375741642 -0.072227238064108093 -0.064039468265796456 0.096263474449788416
leaf_weight=102.44893008470535 461.91798707842827 167.46661055088043 477.17408575117588 21.35468678176403 29.143528833985329 29.980168208479881 100.7984566539526 34.978622421622276 68.826470285654068 18.219617038965225 8.884069085121153 11.269864395260811 52.338699162006378 13.17227965593338
leaf_count=258 3342 958 788 59 181 161 157 63 419 23 19 73 325 16
internal_value=-0.0011846 0.027827 0.0395715 0.000203215 0.0561756 0.0317199 0.047876 0.0117268 -0.0227384 -0.00245159 -0.0381247 -0.0202687 -0.0377693 0.0187899
internal_weight=1597.97 1136.06 968.589 287.631 680.959 203.785 165.757 64.9588 185.182 116.355 38.0276 98.1355 76.7808 24.4421
internal_count=6842 3500 2542 1173 1369 581 381 224 915 496 200 473 414 89
is_linear=0
shrinkage=0.05


Tree=8
num_leaves=15
num_cat=0
split_feature=43 5 5 6 5 91 125 128 33 130 48 128 46 96
split_gain=1138.31 408.332 256.557 91.7551 65.6102 86.8386 58.1759 46.6316 45.8464 51.5294 87.6584 59.5518 42.5881 42.0736
threshold=0.18898809701204303 174.83229827880862 91.263515472412124 31.2744255065918 119.61271286010744 0.0078392731957137602 -95.499999999999986 -8.2691397666931135 1423.148864746094 0.55648330226540577 1.8556999634711249e-06 0.97923180460929882 1.332500005446491e-06 0.0087394728325307387
decision_type=10 8 10 10 10 10 2 8 10 2 10 10 10 10
left_child=-1 2 3 -2 -4 12 -3 -7 9 11 -11 -5 -6 -13
right_child=1 6 4 8 5 7 -8 -9 -10 10 -12 13 -14 -15
leaf_value=-0.071142412031512378 0.037983104297204008 0.0051581496630816286 0.065318690658472636 -0.063076477210956314 -0.020688207066905294 0.027241499770890684 -0.053932615188558332 -0.081269837512572815 -0.081760202570268517 -0.071526176207390199 0.070095817092038534 0.033464385948278219 0.056196427504500268 -0.08210236470661203
leaf_weight=407.39792123436928 97.853389352560043 57.073149129748344 491.0446929037571 60.967411786317825 19.961232617497444 16.609646648168564 151.54053822159767 22.161812260746956 26.083200097084045 14.442818671464918 36.865497380495071 39.091650694608688 148.46954888105392 8.8145432621240598
leaf_count=3018 253 243 813 391 92 54 977 148 184 96 74 121 296 61
internal_value=0.000899437 0.0255818 0.0390702 -0.000991738 0.0553497 0.031524 -0.0378189 -0.0352676 -0.0215605 -0.0113114 0.0296253 -0.0306975 0.0470163 0.0109566
internal_weight=1598.38 1190.98 982.365 284.119 698.247 207.202 208.614 38.7715 186.265 160.182 51.3083 108.874 168.431 47.9062
internal_count=6821 3803 2583 1180 1403 590 1220 202 927 743 170 573 388 182
is_linear=0
shrinkage=0.05


Tree=9
num_leaves=15
num_cat=0
split_feature=115 5 5 47 9 33 115 5 5 101 123 19 132 47
split_gain=1123.01 268.879 244.933 92.9568 105.237 90.4468 110.835 71.611 57.3426 77.3538 54.749 54.241 49.4412 48.3377
threshold=0.28397572040557867 180.7494812011719 91.263515472412124 0.021565761417150501 0.99489471316337597 1410.5380859375002 0.025815581902861599 590.91680908203136 128.57527160644534 0.046089202165603645 34.572978973388679 0.00037206849083304411 0.99617826938629161 0.021019782871007923
decision_type=2 8 10 10 10 10 2 10 10 10 10 8 2 10
left_child=1 2 5 4 -4 6 12 -3 -5 -10 -11 -2 -1 -7
right_child=11 7 3 8 -6 13 -8 -9 9 10 -12 -13 -14 -15
leaf_value=0.061087649141953998 0.070363105252151573 -0.072778857066485944 -0.055358808247848612 0.067073452010719278 0.055435213619552219 0.0081678229433670806 -0.033626179393646462 -0.0024853632494990594 0.049427783717257853 -0.084072664618320511 0.060395276133122844 -0.070195677488475078 -0.012851536180888119 -0.074702120290856294
leaf_weight=93.693807810544968 6.2169276922941199 69.802533492445946 39.97116807103157 472.80604818463326 43.94571852684021 25.614717245101929 73.660253062844276 74.354472458362579 109.05948923528194 20.646540150046352 8.5704729706048948 426.99710047245026 29.295765548944473 53.963135302066803
leaf_count=186 18 523 219 759 85 105 391 314 249 144 17 3253 131 364
internal_value=0.000207602 0.0267448 0.0362031 0.0520135 0.00263152 -0.00362064 0.0145952 -0.0367892 0.0587795 0.0301424 -0.0410984 -0.0680212 0.0435139 -0.0482574
internal_weight=1548.6 1115.38 971.227 694.999 83.9169 276.228 196.65 144.157 611.083 138.277 29.217 433.214 122.99 79.5779
internal_count=6758 3487 2650 1473 304 1177 708 837 1169 410 161 3271 317 469
is_linear=0
shrinkage=0.05


Tree=10
num_leaves=15
num_cat=0
split_feature=115 5 5 67 113 47 9 5 43 85 127 113 93 132
split_gain=1087.66 227.529 220.725 71.2205 62.5901 57.2511 103.127 55.6354 47.6262 47.2099 46.2739 45.7047 57.708 45.4412
threshold=0.22451132535934451 174.83229827880862 91.263515472412124 31.2744255065918 46295.953125000007 0.021565761417150501 0.99489471316337597 590.91680908203136 0.9465741515159608 1.0000000180025095e-35 -16.980248451232907 154.48724365234378 0.00072744849603623163 1.0000000180025095e-35
decision_type=2 8 10 2 2 10 10 10 10 2 10 2 8 2
left_child=1 2 3 -1 -4 6 8 -3 -6 10 -9 12 -2 -7
right_child=11 7 4 -5 5 13 -8 9 -10 -11 -12 -13 -14 -15
leaf_value=0.033641422475051065 0.093884937082337319 -0.053388681146838715 -0.087902434104239771 -0.019391080450251938 0.0311731759143518 0.06719987752497826 0.058253571965473788 -0.079255705486390701 -0.092102485054145755 -0.066168083342264344 0.043087225892540139 -0.070976824702068092 -0.058563970065254906 0.032934133572029838
leaf_weight=96.192832261323929 9.0455367565155047 89.054584100842476 7.0217975974082938 180.59349538385868 11.119750097393988 443.36100378632545 54.439606294035912 8.1128137409687024 22.585637077689171 17.261734753847122 51.805172592401505 399.66101098060608 15.248338639736174 127.66531601548195
leaf_count=258 20 611 49 906 30 707 100 56 152 110 144 3149 115 343
internal_value=0.0010869 0.0271241 0.0366288 -0.000905692 0.0522014 0.0538248 0.0160982 -0.0266886 -0.0517062 0.00440833 0.0254931 -0.0669391 -0.000333782 0.05961
internal_weight=1533.17 1109.21 942.979 276.786 666.193 659.171 88.145 166.234 33.7054 77.1797 59.918 423.955 24.2939 571.026
internal_count=6750 3466 2545 1164 1381 1332 282 921 182 310 200 3284 135 1050
is_linear=0
shrinkage=0.05


Tree=11
num_leaves=15
num_cat=0
split_feature=115 5 5 18 134 47 9 5 79 35 28 12 86 123
split_gain=967.355 202.028 205.448 68.1155 75.6555 62.9791 97.3473 47.8332 41.9883 52.9139 41.498 40.6866 39.4985 60.2841
threshold=0.28397572040557867 174.83229827880862 91.263515472412124 0.00090893451124429714 0.31814610958099371 0.021155578084290031 0.99489471316337597 590.91680908203136 0.23168214410543445 1423.0373535156252 35.500000000000007 0.00019340490689501169 0.99462628364562999 0.59583818912506115
decision_type=2 8 10 10 2 10 10 10 2 10 2 10 2 10
left_child=1 2 3 12 -5 6 -4 8 -3 -10 -7 -9 -1 -14
right_child=-2 7 5 4 -6 10 -8 11 9 -11 -12 -13 13 -15
leaf_value=-0.042354766214885625 -0.065144241368998684 -0.07194868543617676 -0.054434439623266696 -0.061713514719540077 0.050024835218160216 -0.080753990632263115 0.053850979649825638 -0.080675445075240951 -0.069364556621526199 0.075600472494212131 0.056547092725543958 0.019134411967133957 -0.049904882620860305 0.039762647787570632
leaf_weight=97.506277978420258 417.83939564228058 64.98699826002121 34.792757287621498 17.588807582855225 82.996090784668922 4.7237559407949439 48.435517236590385 11.194166108965872 11.152071535587311 12.066923663020134 548.74064409732819 61.797077268362045 29.463500007987022 47.749595031142235
leaf_count=559 3328 512 193 117 189 33 94 78 85 18 1051 219 172 138
internal_value=-0.000691303 0.0244402 0.0335581 -0.00253114 0.0300705 0.0491425 0.0084745 -0.0270345 -0.0515967 0.00598466 0.0552317 0.0029438 -0.021364 0.00534611
internal_weight=1491.03 1073.19 911.997 275.304 100.585 636.693 83.2283 161.197 88.206 23.219 553.464 72.9912 174.719 77.2131
internal_count=6786 3458 2546 1175 306 1371 287 912 615 103 1084 297 869 310
is_linear=0
shrinkage=0.05


Tree=12
num_leaves=15
num_cat=0
split_feature=115 61 10 31 11 36 36 120 100 78 47 10 77 19
split_gain=868.869 148.998 131.683 110.367 105.567 100.595 76.4862 62.4925 57.6635 55.6633 102.52 53.3738 46.9875 42.754
threshold=0.22451132535934451 50.387964248657234 0.0006220169016160072 520.47225952148449 0.00028892523550894117 1410.3917236328127 1397.931579589844 816.50000000000011 0.0038711130619049077 0.00033636073931120341 0.035200214013457305 0.0023668672656640415 4.8492327550775378e-05 0.11681263521313669
decision_type=2 2 10 10 10 10 10 2 8 2 10 10 2 10
left_child=1 2 5 7 9 6 13 -3 -2 10 11 -4 -12 -1
right_child=8 3 4 -5 -6 -7 -8 -9 -10 -11 12 -13 -14 -15
leaf_value=-0.028492032805796097 0.032461980919706604 -0.061129315367748738 0.039737298288872389 0.026585654854770775 -0.064279900396756004 -0.045051902319350627 0.07908775025236725 0.020386761642545253 -0.065885262369981254 0.066570695514582598 0.053714498312948028 -0.067585861378069947 -0.053116332243271294 0.030178629239980416
leaf_weight=55.649868503212929 14.925239935517309 99.183959968388081 17.01710069924593 105.1442889124155 19.826160028576851 74.586649067699909 45.314866557717323 30.174936540424824 390.96150587499142 280.63337899744511 218.39651758223772 32.069677352905273 10.028391510248182 67.734542839229107
leaf_count=287 67 655 45 344 137 451 62 106 3232 464 442 194 58 205
internal_value=-0.000113934 0.0237905 0.0338186 -0.0113234 0.0467894 0.00293861 0.024297 -0.0421039 -0.062198 0.0508427 0.0347558 -0.0303292 0.0488133 0.00370018
internal_weight=1461.65 1055.76 821.257 234.503 577.971 243.286 168.699 129.359 405.887 558.145 277.512 49.0868 228.425 123.384
internal_count=6749 3450 2345 1105 1340 1005 554 761 3299 1203 739 239 500 492
is_linear=0
shrinkage=0.05


Tree=13
num_leaves=15
num_cat=0
split_feature=46 5 5 47 9 18 33 41 127 5 101 121 0 64
split_gain=772.51 297.338 152.889 70.5458 98.4985 68.0222 75.3839 67.1555 50.0047 46.9297 82.4016 44.3821 43.1554 43.7539
threshold=1.519249963166658e-05 180.7494812011719 91.263515472412124 0.021565761417150501 0.99489471316337597 0.00021418550022644925 1410.5380859375002 0.00018425517919240522 -28.592699050903317 128.57527160644534 0.046089202165603645 -61947.820312499993 1042.0000000000002 32.658084869384773
decision_type=10 8 10 10 10 10 10 10 10 10 10 2 2 2
left_child=1 2 5 4 -4 11 -7 -3 -9 -5 -11 -1 -13 -14
right_child=-2 7 3 9 -6 6 -8 8 -10 10 -12 12 13 -15
leaf_value=0.011279040856645486 -0.067097340664186128 -0.060774536606631284 -0.052619079645932425 0.060407960408800566 0.052082984830444094 0.048191579983532656 -0.056316873675620951 -0.071254117832857886 0.02076442519866771 0.04588353814322832 -0.050831181906490913 -0.062145713292620336 0.071600340794530967 -0.041878975182153659
leaf_weight=74.228695839643478 326.27077248692513 113.2778852507472 40.530865885317326 418.60517008602619 47.930596500635147 101.14503034949303 19.886385291814804 18.331884115934372 61.482802465558052 105.04710383713245 26.910126157104969 67.263432838022709 14.010222524404524 18.590148583054543
leaf_count=303 2793 874 235 740 95 262 131 144 242 249 157 446 23 108
internal_value=0.000536485 0.0201547 0.0318287 0.0455573 0.00405913 0.00204922 0.0306993 -0.0361953 -0.000990623 0.0522055 0.0259265 -0.0179302 -0.039538 0.00756901
internal_weight=1453.51 1127.24 934.148 639.024 88.4615 295.124 121.031 193.093 79.8147 550.562 131.957 174.092 99.8638 32.6004
internal_count=6802 4009 2749 1476 330 1273 393 1260 386 1146 406 880 577 131
is_linear=0
shrinkage=0.05


Tree=14
num_leaves=15
num_cat=0
split_feature=114 5 5 2 5 100 9 61 33 54 80 33 41 3
split_gain=747.39 144.004 171.254 71.4752 65.5392 60.1924 67.5053 60.0658 70.1697 54.4099 48.9436 48.2412 45.1273 41.5002
threshold=0.48575037717819219 180.7494812011719 91.263515472412124 36.70062446594239 590.91680908203136 0.022162812761962417 0.99489471316337597 45.917593002319343 1410.5380859375002 1.978637754917145 0.00044773283298127359 1397.931579589844 0.00025680541875772184 10.466006278991701
decision_type=2 8 10 10 10 10 10 2 10 10 2 10 10 10
left_child=1 2 7 -2 -3 6 10 8 11 -10 -4 -1 -6 -7
right_child=3 4 5 -5 12 13 -8 -9 9 -11 -12 -13 -14 -15
leaf_value=0.0075163271472520696 0.021928161958052545 -0.065714509817848807 -0.073958896127537629 -0.058848349468738681 -0.042673700089300826 0.062663198334808157 0.049234845288074654 -0.056386780694351601 -0.067172712998821535 0.037234402704027329 0.048698815936541948 0.070537228792382167 0.036053017430797599 0.032967838001936416
leaf_weight=99.069343626499176 28.791228167712688 54.891432031989098 28.721984446048737 420.76163566112518 28.634499445557594 336.26943413168192 42.002142108976841 43.259315311908722 42.368412807583809 16.769455164670944 10.403776049613951 42.970082655549049 46.221986629068851 187.04665707796812
leaf_count=384 136 459 187 3468 179 571 86 283 302 54 22 68 146 509
internal_value=-0.000340741 0.0241722 0.0316688 -0.0536379 -0.0247422 0.0459303 0.00577574 -0.00364044 0.00792444 -0.0374396 -0.0409426 0.0269414 0.0057725 0.0521324
internal_weight=1428.18 978.629 848.881 449.553 129.748 604.444 81.1279 244.437 201.177 59.1379 39.1258 142.039 74.8565 523.316
internal_count=6854 3250 2466 3604 784 1375 295 1091 808 356 209 452 325 1080
is_linear=0
shrinkage=0.05


Tree=15
num_leaves=15
num_cat=0
split_feature=115 5 5 5 39 10 6 5 134 2 65 19 81 33
split_gain=724.285 173.291 140.235 60.159 65.7537 70.1337 58.5164 52.721 51.3289 46.9592 40.8575 39.2413 37.1187 35.56
threshold=0.28397572040557867 180.7494812011719 91.263515472412124 119.61271286010744 0.0003406193718547002 0.081136632710695281 31.2744255065918 610.56643676757824 0.90623369812965404 50.445377349853523 34.636320114135749 0.00037206849083304411 0.00011372782319085674 1405.148864746094
decision_type=2 8 10 10 10 10 10 10 2 10 2 8 2 10
left_child=1 2 6 9 5 -5 -1 -3 -7 -4 -11 -2 -9 -8
right_child=11 7 3 4 -6 8 13 12 -10 10 -12 -13 -14 -15
leaf_value=0.03174616243856565 0.051786087352308219 -0.065352407722655673 0.057648585224950616 -0.056075156179041352 0.043226375817076591 0.062457787838650539 -0.00041420673475001438 -0.05560527407273478 -0.085026671210404858 -0.11365870544049161 0.036031910319762675 -0.061903737915495416 0.021771854245503326 -0.046843738264908868
leaf_weight=91.203679665923119 7.0351551696658126 61.165600650012493 385.16603399068117 44.283304408192635 126.72349798679352 30.98049595952034 113.26760492473841 21.433623299002647 6.3208577111363402 6.7046921998262432 10.335032090544699 369.28841685503721 49.149120420217514 63.867244452238083
leaf_count=248 23 521 711 265 313 54 496 133 41 49 25 3320 172 424
internal_value=-0.000527311 0.0215246 0.0295419 0.0427649 0.0208149 -0.0140983 -0.000589747 -0.0317764 0.0358985 0.0540534 -0.025903 -0.0596468 -0.00217355 -0.0173237
internal_weight=1386.92 1010.6 878.852 610.514 208.308 81.5847 268.339 131.748 37.3014 402.206 17.0397 376.324 70.5827 177.135
internal_count=6795 3452 2626 1458 673 360 1168 826 95 785 74 3343 305 920
is_linear=0
shrinkage=0.05


Tree=16
num_leaves=15
num_cat=0
split_feature=115 5 5 5 5 26 8 106 33 6 32 32 33 41
split_gain=672.565 148.098 122.639 66.2815 59.4028 78.7467 54.4058 52.4964 51.9191 69.8038 62.023 67.253 58.6702 43.0637
threshold=0.28397572040557867 180.7494812011719 91.263515472412124 590.91680908203136 118.19547271728517 1.9546239972114565 36.650272369384773 35.366254806518562 1416.1473388671877 32.696172714233406 37.931547164916999 1394.037292480469 1367.4939575195315 0.00018425517919240522
decision_type=2 8 10 10 10 10 10 2 10 10 10 10 10 10
left_child=1 2 8 -3 -4 -6 7 -2 9 12 -11 -12 -1 -5
right_child=6 3 4 13 5 -7 -8 -9 -10 10 11 -13 -14 -15
leaf_value=-0.00077787019955174357 -0.061093569243919288 -0.066287002285433161 0.053229900455237206 -0.05308708324565288 -0.039505993706430265 0.035480778511761339 -0.062350375638406869 0.089693735956935014 -0.050236348239406398 -0.045229844014154558 0.063260664056314475 -0.063217822448156935 0.074544430652282043 0.028626185858727449
leaf_weight=47.220771282911301 9.960029177367689 58.517848916351795 396.50235322117805 21.979725927114487 42.858964674174786 174.40215444564819 338.54813762009144 11.265218816697596 40.735306315124035 70.540496483445168 35.535392895340919 13.844925016164778 56.077997267246246 53.074225589632988
leaf_count=181 89 521 789 138 235 475 3167 29 261 442 82 99 82 171
internal_value=0.00112952 0.0220196 0.0294832 -0.0268797 0.0417229 0.020575 -0.0574888 0.019371 0.000972738 0.0105002 -0.0154066 0.0272485 0.0404352 0.00431289
internal_weight=1371.06 1011.29 877.718 133.572 613.763 217.261 359.773 21.2252 263.955 223.22 119.921 49.3803 103.299 75.054
internal_count=6761 3476 2646 830 1499 710 3285 118 1147 886 623 181 263 309
is_linear=0
shrinkage=0.05


Tree=17
num_leaves=15
num_cat=0
split_feature=115 61 39 36 20 16 132 79 120 27 6 32 32 8
split_gain=640.893 94.1716 89.5927 92.3542 82.778 73.4839 79.6115 67.4852 67.2719 49.6095 49.2023 57.0729 48.4012 45.3717
threshold=0.28397572040557867 50.387964248657234 0.0003406193718547002 1416.1473388671877 0.00039364045369438832 0.0016394362901337447 1.0000000180025095e-35 0.00037273680209182208 386.50000000000006 2971.3452148437505 30.665631294250492 37.743314743041999 32.745433807373054 36.650272369384773
decision_type=2 2 10 10 10 10 2 2 2 10 10 10 10 10
left_child=1 2 3 5 8 12 -7 -4 -3 -6 -8 -12 -1 -2
right_child=13 4 7 -5 9 6 10 -9 -10 -11 11 -13 -14 -15
leaf_value=0.023563522206755987 0.01257899655699839 -0.066171476986747788 0.057350807794079764 -0.046211424077086498 -0.055590924578983139 0.043687771160842347 0.067788144808224302 -0.063237785769657259 0.01396252716983705 0.035262161113294152 -0.10138939359139738 -0.0010023332319571375 -0.068299975859777193 -0.062846439654892894
leaf_weight=24.402370542287827 20.886770308017731 73.47106346487999 254.58111818879843 52.443447969853878 16.75738438218832 293.64468262344599 15.013934791088102 11.357116386294363 39.932438224554062 99.115417443215847 18.759285062551498 50.021047629415989 32.448137678205967 331.53658850491047
leaf_count=84 121 535 512 329 129 764 22 84 161 295 137 209 212 3222
internal_value=-0.000608458 0.0201546 0.0286917 0.0158853 -0.00787403 0.0234728 0.031454 0.0519834 -0.0380787 0.0217599 -0.0114273 -0.0294427 -0.029143 -0.0583533
internal_weight=1334.37 981.947 752.671 486.733 229.276 434.289 377.439 265.938 113.404 115.873 83.7943 68.7803 56.8505 352.423
internal_count=6816 3473 2353 1757 1120 1428 1132 596 696 424 368 346 296 3343
is_linear=0
shrinkage=0.05


Tree=18
num_leaves=15
num_cat=0
split_feature=114 5 5 2 5 108 20 5 33 2 93 39 93 61
split_gain=555.62 117.247 129.089 64.1827 49.3225 70.0647 47.9024 45.4931 40.272 55.7197 39.7957 38.7895 46.7026 38.5744
threshold=0.48575037717819219 180.7494812011719 91.263515472412124 37.116430282592781 118.19547271728517 0.94680768251419078 0.039081793278455741 590.91680908203136 1410.5380859375002 47.503627777099616 1.5175000385170281e-06 0.00036168655788060283 1.7034999473253267e-06 50.652069091796882
decision_type=2 8 10 10 10 2 8 10 10 10 10 10 10 2
left_child=1 2 8 6 13 -6 -2 -3 9 -1 -10 12 -7 -4
right_child=3 7 4 -5 5 11 -8 -9 10 -11 -12 -13 -14 -15
leaf_value=0.022907053951550918 0.065821837479566228 -0.061390340786439582 0.055665174740734985 -0.054333466519057766 -0.045630084150121514 -0.036125782252428532 -0.055919698409577605 0.0014817147259943127 0.011988305865581693 -0.056312472258511971 -0.066366814839913621 0.052217289019480063 0.060737002961695097 -0.027631037212379535
leaf_weight=142.99380323290825 19.77704206854105 47.914387695491314 357.71311363577843 370.48090153932571 31.915514349937439 33.029625929892063 12.285006687045096 69.759672671556473 26.623614124953747 25.267192155122757 39.3751240670681 103.7271111831069 18.618517845869064 13.888472378253935
leaf_count=474 48 446 700 3408 187 174 103 327 114 181 298 215 31 61
internal_value=0.000379657 0.0219978 0.0289065 -0.0484686 0.0419461 0.0208659 0.0188945 -0.02442 -0.00224902 0.0107485 -0.0350515 0.0347292 -0.000717535 0.0524862
internal_weight=1313.37 910.826 793.152 402.543 558.892 187.291 32.062 117.674 234.26 168.261 65.9987 155.375 51.6481 371.602
internal_count=6767 3208 2435 3559 1368 607 151 773 1067 655 412 420 205 761
is_linear=0
shrinkage=0.05


Tree=19
num_leaves=15
num_cat=0
split_feature=115 5 5 67 47 9 132 5 39 43 100 123 43 41
split_gain=551.437 146.004 119.619 53.81 53.7972 64.2065 46.676 53.8991 93.1952 44.3778 40.3166 33.1056 46.6489 30.4898
threshold=0.28397572040557867 174.83229827880862 91.263515472412124 31.2744255065918 0.021565761417150501 0.99489471316337597 1.0000000180025095e-35 126.74089813232423 0.01619459688663483 0.9465741515159608 0.0038711130619049077 0.38762880861759191 0.99482032656669628 0.00018425517919240522
decision_type=2 8 10 2 10 10 2 10 10 10 8 10 10 10
left_child=1 2 3 -1 5 9 -6 -8 -9 -4 -2 -5 -13 -3
right_child=10 13 4 11 6 -7 7 8 -10 -11 -12 12 -14 -15
leaf_value=0.029009497945582469 0.023964099934731437 -0.04953087190477113 0.025252991460576288 -0.040328115289458677 0.054948262466995371 0.044318755751355174 0.046338603488707587 -0.083603811265049385 0.059588486518323436 -0.083366216404715962 -0.06015092511051956 -0.040711342771226726 0.035134956194665549 -0.0030112970877861148
leaf_weight=92.532900035381317 14.41196822375059 75.841199927031994 14.303727850317953 83.585978262126446 362.54891537129879 42.278070248663425 65.040210485458374 26.271795198321342 18.562278136610985 24.481192402541637 314.28989680111408 33.265203565359116 48.663054808974266 65.28612719476223
leaf_count=258 73 582 44 528 733 95 144 179 33 169 3249 218 158 339
internal_value=-0.000660274 0.0186114 0.0267737 -0.00134309 0.0398612 0.00219617 0.0463058 0.0175503 -0.0243125 -0.04368 -0.0564014 -0.0183844 0.00421963 -0.0281833
internal_weight=1281.36 952.661 811.533 258.047 553.486 81.063 472.423 109.874 44.8341 38.7849 328.702 165.514 81.9283 141.127
internal_count=6802 3480 2559 1162 1397 308 1089 356 212 213 3322 904 376 921
is_linear=0
shrinkage=0.05


Tree=20
num_leaves=15
num_cat=0
split_feature=2 31 39 5 30 94 11 122 137 77 5 98 137 20
split_gain=517.621 156.301 92.6611 86.5416 89.1215 67.9104 64.4148 55.6456 53.6465 44.9231 45.7913 40.3653 37.0868 39.7339
threshold=50.445377349853523 506.29907226562506 0.0002881376567529515 123.88419723510744 1407.5544433593752 0.00032683000608813023 0.00079670862760394822 -24.137930870056149 46.167200088500984 1.0000000180025095e-35 91.263515472412124 0.0084627289324998873 52.064678192138679 0.00098146684467792533
decision_type=8 10 10 10 10 10 10 10 2 2 10 10 2 8
left_child=2 -2 3 4 7 -3 -4 -1 11 10 12 -6 13 -9
right_child=1 5 6 -5 8 -7 -8 9 -10 -11 -12 -13 -14 -15
leaf_value=-0.04513911421695032 -0.055488142685117696 -0.054792885071897557 0.055057558020468945 -0.046290809213367257 0.052840890552628986 0.032055947109898793 -0.071979302180897084 0.032789424834404057 -0.070894782229262862 -0.07474140029033581 0.057102368045351494 -0.058253759512142934 0.032200700685367865 -0.065025630730717904
leaf_weight=22.290245167911053 375.10332654416561 29.047357328236103 249.98196180164814 53.346255414187908 22.677536070346832 88.938600569963455 9.5599400550127012 17.971100449562073 37.476358942687511 8.2254886627197248 161.97365476936102 11.529561482369898 149.54451390355825 22.163451947271824
leaf_count=160 3612 255 544 342 53 282 78 65 272 55 318 88 459 171
internal_value=0.000184273 -0.0397349 0.0258745 0.0133935 0.0204952 0.0103935 0.05012 0.0300881 -0.030358 0.0348598 0.0376281 0.0148052 0.0207861 -0.0214945
internal_weight=1259.83 493.089 766.74 507.198 453.852 117.986 259.542 382.168 71.6835 359.878 351.653 34.2071 189.679 40.1346
internal_count=6754 4149 2605 1983 1641 537 622 1228 413 1068 1013 141 695 236
is_linear=0
shrinkage=0.05


Tree=21
num_leaves=15
num_cat=0
split_feature=46 73 73 47 74 132 73 11 18 35 128 43 123 12
split_gain=458.128 182.697 92.1972 53.7914 67.7393 50.2318 60.9574 71.3088 48.287 52.3565 37.5167 35.845 45.4062 34.9175
threshold=7.0485000378539561e-06 180.7494812011719 89.214183807373061 0.021565761417150501 0.99551850557327282 1.0000000180025095e-35 126.74089813232423 0.64899963140487682 0.00021418550022644925 1413.7432861328127 -50.697731018066399 0.99580708146095287 1.1357002258300783 0.0053993004839867362
decision_type=10 2 2 10 2 2 2 10 10 10 8 8 10 10
left_child=1 2 8 4 -4 -5 -7 -8 11 -10 13 -1 -13 -3
right_child=-2 10 3 5 -6 6 7 -9 9 -11 -12 12 -14 -15
leaf_value=-0.036978001606755725 -0.059542865927849457 -0.052524599047370703 -0.04503334729054672 0.05234810299871219 0.046521159688272536 0.045255281292349812 -0.068417416675186526 0.064193089582557136 0.039624898582865095 -0.060175571508795024 -0.050482124342009674 -0.032626304430683033 0.047386216260685246 0.045878357716668296
leaf_weight=90.92885185033083 256.00111799687147 13.695950403809546 41.38671587407589 353.91448975354433 37.603947877883911 63.019935518503189 33.151481561362743 13.514920890331267 96.23332866281271 14.287308283150194 108.77668599039316 32.036865934729576 37.3517746925354 22.365147016942501
leaf_count=583 2808 131 262 782 84 147 223 21 274 111 928 193 96 79
internal_value=-0.000257222 0.0156265 0.0248416 0.0367162 -0.00141161 0.0432017 0.0134835 -0.0294715 0.00100452 0.0262995 -0.035942 -0.0164884 0.0105056 0.00809624
internal_weight=1214.27 958.267 813.43 542.591 78.9907 463.601 109.686 46.6664 270.838 110.521 144.838 160.317 69.3886 36.0611
internal_count=6722 3914 2776 1519 346 1173 391 244 1257 385 1138 872 289 210
is_linear=0
shrinkage=0.05


Tree=22
num_leaves=15
num_cat=0
split_feature=46 5 5 92 39 96 132 7 116 33 66 128 43 41
split_gain=437.806 152.257 107.202 48.9038 47.1774 97.7468 59.7495 61.6349 47.6672 44.9204 42.9682 37.1577 38.073 36.6657
threshold=1.519249963166658e-05 174.83229827880862 91.263515472412124 0.00018554050620878118 0.0002881376567529515 0.0010113070020452144 1.0000000180025095e-35 46.797708511352546 1.8478199243545534 1412.8868408203127 1416.1473388671877 0.97923180460929882 0.99522021412849437 0.00018425517919240522
decision_type=10 8 10 10 10 10 2 10 2 10 2 8 10 10
left_child=1 2 3 11 5 -4 8 -8 -7 -5 -10 -1 -13 -3
right_child=-2 13 4 9 -6 6 7 -9 10 -11 -12 12 -14 -15
leaf_value=-0.049330591290630617 -0.059902591133372929 -0.045392345406929324 -0.052099374097926525 0.034556059353545297 0.052755601091041542 -0.10679579093715455 0.023368686522609695 -0.095014678819113935 0.057708471076908519 -0.058399539559272601 -0.078957777950904251 -0.02849682529046467 0.03712582135157063 0.0006904960353452883
leaf_weight=63.011172622442245 247.9351831972599 106.88031658530235 36.90482284873724 100.5801985040307 253.73399086296558 3.8936112970113745 34.96820654720068 14.860232502222059 162.05784855037928 13.982005871832369 5.1228012070059767 48.531875222921371 38.914462327957153 71.903860941529274
leaf_count=435 2839 945 223 300 553 31 110 106 332 111 33 298 112 393
internal_value=-0.000838165 0.0145371 0.0241127 -0.00169944 0.0374626 0.0222656 0.0348681 -0.0131113 0.048838 0.0228039 0.0530761 -0.0203843 0.000795465 -0.0269579
internal_weight=1203.28 955.345 776.561 265.02 511.542 257.808 220.903 49.8284 171.074 114.562 167.181 150.458 87.4463 178.784
internal_count=6821 3982 2644 1256 1388 835 612 216 396 411 365 845 410 1338
is_linear=0
shrinkage=0.05


Tree=23
num_leaves=15
num_cat=0
split_feature=115 5 5 100 6 47 6 5 3 9 35 39 85 127
split_gain=420.783 81.615 89.5491 51.1291 42.9663 41.535 61.6092 39.4281 39.2941 60.8284 35.5249 35.6406 34.389 36.7136
threshold=0.28397572040557867 174.83229827880862 91.263515472412124 0.0038711130619049077 31.2744255065918 0.014227462466806175 32.797708511352546 590.91680908203136 9.7533006668090838 0.9907149374485017 1423.0373535156252 0.22310206294059756 1.0000000180025095e-35 -16.980248451232907
decision_type=2 8 10 8 10 10 10 10 10 10 10 10 2 10
left_child=1 2 4 -2 -1 6 -4 10 -7 -10 -3 -12 13 -9
right_child=3 7 5 -5 -6 8 -8 12 9 -11 11 -13 -14 -15
leaf_value=0.028390029124650662 0.035801753799398484 -0.063745091597080028 0.035683785183145841 -0.056053048153849511 -0.014554838996096801 0.055511891193728652 -0.090669084281193524 -0.068972480244340439 0.036639097996461562 -0.036653355332737163 -0.058615247165856567 0.06677302833212026 -0.054204184795499467 0.042627770191249512
leaf_weight=89.018132388591766 15.384964086115358 51.450491219758987 24.649524070322514 272.00400128960609 164.00462691485882 236.14598677307367 14.487252794206141 7.6548304557800284 198.78342390805483 32.157278127968311 9.0747323185205477 12.004725486040114 15.542042240500448 51.409167096018791
leaf_count=251 72 520 69 3216 912 502 110 57 540 170 89 18 109 147
internal_value=0.00158424 0.0183042 0.0249051 -0.0510286 0.000606251 0.0370252 -0.0121819 -0.015696 0.0411654 0.0263195 -0.0416923 0.0125833 0.0097941 0.0272566
internal_weight=1193.77 906.382 759.246 287.389 253.023 506.223 39.1368 147.136 467.087 230.941 72.5299 21.0795 74.606 59.064
internal_count=6782 3494 2554 3288 1163 1391 179 940 1212 710 627 107 313 204
is_linear=0
shrinkage=0.05


Tree=24
num_leaves=15
num_cat=0
split_feature=46 73 73 47 9 72 6 41 31 134 137 33 114 4
split_gain=402.514 115.787 74.3996 54.5629 62.8184 51.382 49.5438 44.6644 43.2094 41.5954 34.8681 95.1462 31.2334 31.1439
threshold=3.5159999924871958e-06 180.7494812011719 85.931549072265639 0.021271795965731147 0.99489471316337597 1420.1954345703127 36.450819015502937 0.00018425517919240522 67.793533325195327 0.90623369812965404 65.37909317016603 1396.0410766601565 0.48837651312351232 37.931547164916999
decision_type=10 2 2 10 10 2 8 10 10 2 2 10 2 10
left_child=1 2 5 4 -4 6 9 -3 -6 -1 -5 12 -12 -8
right_child=-2 7 3 10 8 -7 13 -9 -10 -11 11 -13 -14 -15
leaf_value=0.059299301087560458 -0.057741082667718047 -0.052550408115148953 -0.050272239899051954 0.051278379884860385 -0.10169175318865831 -0.058070011389154089 -0.045568940411981819 0.002935280278672737 0.055626632220219852 0.0058607812494522659 0.039876270788481369 -0.094323495693810211 -0.050735328318552098 0.037081105385537827
leaf_weight=53.597298607230186 239.56890157610178 75.212127514183521 38.162052154541016 272.51728194206953 4.0119788348674765 31.625022374093533 51.077269472181797 69.011503122746944 36.54403679817915 110.11150787770748 143.62280538678169 14.962989844381807 9.3405465856194478 13.773637212812899
leaf_count=135 2920 756 264 635 30 239 365 375 74 445 386 110 62 60
internal_value=-0.000127981 0.0148628 0.0224787 0.0333978 -0.00489215 0.000646911 0.00898894 -0.0261629 0.0379914 0.02361 0.0402367 0.0221203 0.0340496 -0.0277184
internal_weight=1163.14 923.57 779.346 519.162 78.7181 260.185 228.56 144.224 40.556 163.709 440.444 167.926 152.963 64.8509
internal_count=6856 3936 2805 1561 368 1244 1005 1131 104 580 1193 558 448 425
is_linear=0
shrinkage=0.05


Tree=25
num_leaves=15
num_cat=0
split_feature=46 5 5 61 80 126 118 26 73 132 33 73 99 44
split_gain=367.082 118.857 69.1087 46.6928 44.6928 49.7968 40.8431 38.1439 36.1135 34.574 40.895 32.3794 36.7896 30.1998
threshold=1.519249963166658e-05 180.7494812011719 91.263515472412124 45.619987487792976 0.002695437404327095 5254.9816894531259 0.12006013095378877 0.47944623231887823 550.80554199218761 1.0000000180025095e-35 1358.5483398437502 119.2478370666504 0.036368742585182197 0.0006831210048403592
decision_type=10 8 10 2 2 2 2 10 2 2 8 2 8 8
left_child=1 2 3 9 -3 8 11 -8 -6 13 -11 -4 -13 -1
right_child=-2 4 6 -5 5 -7 7 -9 -10 10 -12 12 -14 -15
leaf_value=-0.071203405925500438 -0.057270114504620599 -0.053586177993300149 0.04853156672347491 -0.043674173549664019 -0.05433941056891553 -0.041897875177130929 -0.078246206924487055 0.01609633875668456 0.058916516871032658 0.059695502731080353 -0.051419168465904289 0.027505572124907937 -0.057354634429435926 0.02636958850874583
leaf_weight=7.3853546902537337 219.43871315568686 73.104163810610771 287.89325844496489 45.556427970528603 7.9452659115195265 36.234631076455116 12.951228082180021 45.243043653666973 34.441056646406651 9.7797699272632581 35.804233722388744 143.67878840863705 13.075736634433268 163.96040167659521
leaf_count=57 2807 747 696 315 92 309 92 166 101 20 237 461 90 615
internal_value=0.000670212 0.0145818 0.022596 0.00178613 -0.0257261 0.000526635 0.0334337 -0.0058669 0.0369237 0.0114896 -0.0268105 0.0385789 0.0201082 0.0217753
internal_weight=1136.49 917.053 765.328 262.486 151.725 78.621 502.842 58.1943 42.3863 216.93 45.584 444.648 156.755 171.346
internal_count=6805 3998 2749 1244 1249 502 1505 258 193 929 257 1247 551 672
is_linear=0
shrinkage=0.05


Tree=26
num_leaves=15
num_cat=0
split_feature=2 31 39 33 45 137 11 4 94 64 60 134 120 7
split_gain=352.106 118.261 62.1043 71.969 60.9731 62.6554 52.6545 52.4229 48.8798 48.4161 41.8118 39.2163 36.8549 30.1901
threshold=50.445377349853523 413.23393249511724 0.0003406193718547002 1416.1473388671877 0.0022597556235268716 85.286026000976577 0.00079670862760394822 30.922856330871586 0.00032683000608813023 32.745433807373054 1434.8389892578127 0.99585920572280895 386.50000000000006 175.02469635009768
decision_type=8 10 10 10 8 2 10 10 10 2 2 2 2 10
left_child=2 12 3 4 9 11 -4 -7 -3 -1 -5 -6 -2 -10
right_child=1 8 6 10 5 7 -8 -9 13 -11 -12 -13 -14 -15
leaf_value=0.018770715605995709 -0.058994268945428245 -0.040682504631875886 0.050708965877782508 -0.065881083559106907 0.040489265290847135 0.0095159383947413245 -0.068387177017515718 -0.085781549026545029 0.034858035609930886 -0.077825347821201429 0.048800727042465825 -0.058722775114809202 -0.0087209616637696063 -0.059209180151011225
leaf_weight=24.217620804905891 263.30202625691891 39.660457648336887 197.91776664555073 40.192344307899475 277.57800167798996 59.066524721682072 8.8933015018701536 18.029295593500137 81.182595133781433 26.172767147421837 9.0726662874221784 9.4790884181857091 42.731175564229488 8.6064647659659368
leaf_count=105 3299 362 505 319 886 220 80 136 269 204 21 67 267 68
internal_value=-0.000164317 -0.0351261 0.0225574 0.0123485 0.0191602 0.0262994 0.0452831 -0.013583 0.00491963 -0.0319394 -0.0442105 0.0370206 -0.0520259 0.0252887
internal_weight=1106.1 435.483 670.619 463.808 414.543 364.153 206.811 77.0958 129.45 50.3904 49.265 287.057 306.033 89.7891
internal_count=6808 4265 2543 1958 1618 1309 585 356 699 309 340 953 3566 337
is_linear=0
shrinkage=0.05


Tree=27
num_leaves=15
num_cat=0
split_feature=46 73 73 128 70 95 2 46 137 4 10 78 53 73
split_gain=332.59 102.167 72.0405 44.6789 42.1595 42.4319 34.2533 60.5013 34.0177 46.066 30.8588 29.9564 43.3049 37.1364
threshold=1.519249963166658e-05 134.57527160644534 85.931549072265639 -30.434754371643063 1416.1473388671877 1.9411500034038913e-06 50.445377349853523 1.5630000120836487e-06 91.633228302001967 36.450819015502937 0.0055424151942133912 0.00033636073931120341 2417270.0000000005 123.88419723510744
decision_type=10 2 2 8 2 10 8 10 2 10 10 2 10 2
left_child=1 2 4 10 5 -1 11 -8 9 -7 -3 12 13 -4
right_child=-2 3 6 -5 -6 8 7 -9 -10 -11 -12 -13 -14 -15
leaf_value=-0.02809549003014028 -0.056941361494802424 -0.03971288676671645 0.044543494457095129 -0.033723770761623355 -0.04872503559782991 0.046506460849176104 -0.046853596089070491 0.047839276939122766 -0.051613802966740042 -0.011055290294774483 0.03705271544478736 0.056551250567255067 -0.048837033537993832 -0.021588454790780334
leaf_weight=54.428110189735889 203.98060297966003 17.013717018067837 143.79374743252993 136.36905500292778 34.137620232999325 110.46030036360025 31.492729537189007 34.081940159201622 13.483237467706202 50.028345204889774 47.525883443653584 174.17715136706829 16.108592450618744 24.256991669535637
leaf_count=346 2824 167 370 1115 264 287 193 93 76 288 169 396 91 124
internal_value=0.000468686 0.013715 0.0228872 -0.017582 0.00228656 0.0100901 0.0356103 0.00234163 0.022129 0.0286057 0.0165189 0.0416749 0.0273755 0.0349266
internal_weight=1091.34 887.357 686.449 200.909 262.538 228.4 423.911 65.5747 173.972 160.489 64.5396 358.336 184.159 168.051
internal_count=6803 3979 2528 1451 1261 997 1267 286 651 575 336 981 585 494
is_linear=0
shrinkage=0.05


Tree=28
num_leaves=15
num_cat=0
split_feature=46 5 5 118 33 130 7 128 6 39 47 132 7 76
split_gain=287.624 115.156 64.6293 42.581 33.6537 38.504 47.1438 33.8081 31.5416 28.4375 45.6878 49.5668 43.9098 29.1805
threshold=1.519249963166658e-05 174.83229827880862 91.263515472412124 0.13218060880899432 1416.1473388671877 0.0086294354405254143 44.748447418212898 0.77777609229087841 32.575269699096687 0.00036168655788060283 0.035200214013457305 1.0000000180025095e-35 46.797708511352546 0.0043636939954012641
decision_type=10 8 10 2 10 2 10 8 10 10 10 2 10 2
left_child=1 2 4 9 5 7 -7 8 -1 10 13 -12 -13 -4
right_child=-2 -3 3 -5 -6 6 -8 -9 -10 -11 11 12 -14 -15
leaf_value=0.018367620751410272 -0.055459756157926657 -0.026254717375954958 0.039273624571165913 -0.017576713862883866 -0.043137989217529975 0.067039027781031629 -0.029933879526704205 0.01492130466113868 -0.054066581884147896 0.051829688262568244 0.049013240524828437 0.018585121957761762 -0.091708807462297148 -0.061075724560222158
leaf_weight=21.346517756581306 195.5723087862134 161.42698127776384 9.7638978734612483 38.313794143497944 36.446265429258347 45.518101453781128 16.489818654954433 90.857224225997925 46.670435570180416 180.88551054149866 137.13717017322779 31.790288701653481 11.472677052021025 21.985584229230881
leaf_count=66 2821 1365 23 188 274 90 111 361 350 438 346 110 85 154
internal_value=-0.000947707 0.0116436 0.0205522 0.0323605 0.000709709 0.00810653 0.0411851 -0.00498076 -0.031397 0.0372608 0.024654 0.0343776 -0.0120743 -0.0299585
internal_weight=1045.68 850.104 688.677 431.349 257.328 220.882 62.0079 158.874 68.017 393.035 212.15 180.4 43.263 31.7495
internal_count=6782 3961 2596 1344 1252 978 201 777 416 1156 718 541 195 177
is_linear=0
shrinkage=0.05


Tree=29
num_leaves=15
num_cat=0
split_feature=46 5 95 37 81 73 19 52 123 43 5 128 5 71
split_gain=269.723 92.8158 50.4459 55.1112 46.8231 39.9371 39.8759 32.9033 32.0638 36.3649 30.7565 29.4952 29.1495 41.7698
threshold=7.0485000378539561e-06 180.7494812011719 1.5229500149871458e-06 0.0040212415624409923 0.00015615652228007096 69.832798004150405 0.017262636683881286 25429.500000000004 0.38762880861759191 0.9950300157070161 590.91680908203136 17.875739097595218 118.19547271728517 52.547355651855476
decision_type=10 8 10 10 2 2 10 8 8 8 10 8 10 2
left_child=1 2 3 6 -3 8 -1 12 11 -10 -6 -4 -7 -14
right_child=-2 4 5 -5 10 7 -8 -9 9 -11 -12 -13 13 -15
leaf_value=-0.03165385583287432 -0.055022239726305947 -0.051820987326098883 -0.03930078001309361 -0.07049979709551743 -0.050013698777019555 0.042498359435354668 0.050058778743017868 -0.082298130483167933 -0.013210420968040541 0.048654650308422268 0.026431893244308294 0.023181513397695641 -0.049945436254489578 0.026033349871184448
leaf_weight=27.201715856790543 188.69684512168169 77.115381628274918 56.064248159527779 30.060064591467381 17.093446724116802 288.05916927754879 30.821168430149555 5.2993643432855597 39.710281692445278 56.847968578338623 47.303791411221027 27.431274823844433 20.499184533953667 114.43901111930609
leaf_count=189 2824 864 364 234 192 822 78 42 227 141 180 102 128 385
internal_value=-0.00117982 0.0109961 0.0184982 -0.0167203 -0.0257954 0.0236166 0.0118638 0.0319071 0.0038286 0.0233376 0.00568587 -0.0187417 0.0335286 0.0142085
internal_weight=1026.64 837.946 696.433 88.0829 141.513 608.351 58.0229 428.297 180.054 96.5583 64.3972 83.4955 422.997 134.938
internal_count=6772 3948 2712 501 1236 2211 267 1377 834 368 372 466 1335 513
is_linear=0
shrinkage=0.05


Tree=30
num_leaves=15
num_cat=0
split_feature=114 10 3 94 2 38 78 7 94 132 2 132 135 116
split_gain=242.938 55.5808 48.1851 49.5669 43.3823 41.1378 37.6547 41.8136 36.0582 33.64 32.2603 32.941 30.4724 30.2753
threshold=0.48399507999420172 0.00066979354596696805 10.297667026519777 0.00032683000608813023 37.116430282592781 0.00049677211791276943 0.00033636073931120341 51.743314743041999 0.039423756301403053 1.0000000180025095e-35 47.503627777099616 1.0000000180025095e-35 5.0000000000000009 1.8329319357872011
decision_type=2 10 10 10 10 10 2 10 8 2 8 2 2 2
left_child=1 10 6 5 8 -4 7 -3 -2 13 11 -1 -11 -5
right_child=4 2 3 9 -6 -7 -8 -9 -10 12 -12 -13 -14 -15
leaf_value=0.015417828258276582 0.057915200461592001 0.027978492437230995 -0.063261376794781207 -0.045803590830239271 -0.044011650720829465 0.0039689482495325256 0.055607475565779031 -0.068145271685949346 -0.051344119870561977 -0.090320993447792153 -0.043859557929282422 -0.03827515447187016 0.012099739443737092 0.051616210005370249
leaf_weight=137.62638082355261 19.629297420382503 101.9223764538765 32.114976368844509 7.9510029330849639 265.67824847251177 72.379463896155357 154.57403796166182 11.752323295921085 10.979768365621565 8.1562513485550863 42.328924976289272 34.989976815879345 34.293416947126389 93.054283957928419
leaf_count=595 49 338 282 63 3442 374 389 85 114 68 373 219 147 257
internal_value=0.000588194 0.0160654 0.0249475 0.0090023 -0.0375303 -0.0170972 0.0395979 0.0175331 0.0183384 0.0280003 -0.00528186 0.00437629 -0.00920515 0.0435736
internal_weight=1027.43 731.143 516.198 247.949 296.287 104.494 268.249 113.675 30.6091 143.455 214.945 172.616 42.4497 101.005
internal_count=6795 3190 2003 1191 3605 656 812 423 163 535 1187 814 215 320
is_linear=0
shrinkage=0.05


Tree=31
num_leaves=15
num_cat=0
split_feature=46 5 39 34 33 137 50 8 52 1 41 10 73 85
split_gain=244.231 82.2651 50.4426 49.2785 53.4523 80.7628 44.2548 39.9185 38.6128 45.4159 37.7592 37.1075 31.0247 28.1405
threshold=1.519249963166658e-05 180.7494812011719 0.0002881376567529515 1411.8029785156252 1397.931579589844 65.37909317016603 0.012979884166270496 62.869352340698249 284.75000000000006 19511.328125000004 0.00018425517919240522 0.21737963706254962 1038.8609619140627 1.0000000180025095e-35
decision_type=10 8 10 10 10 2 10 10 10 2 10 10 2 2
left_child=1 2 3 4 7 6 -6 -1 9 -4 11 -3 -12 -14
right_child=-2 10 8 -5 5 -7 -8 -9 -10 -11 12 -13 13 -15
leaf_value=0.0096262293947629324 -0.054006162326321938 -0.058779781973620451 0.03517690760834332 -0.020403966824594551 -0.069529660420910605 -0.088003915428660151 0.060676470276596041 -0.062931570652609889 0.049245576678260551 -0.062809598411031536 -0.050790987446329407 0.06069895391172371 0.04592822106676675 -0.04174879898144182
leaf_weight=194.23462765663862 172.1398103274405 67.412138089537621 30.929623164236546 107.61258478462696 6.0921489745378485 10.015958808362482 118.66511577367783 19.995964884757996 171.71912094950676 17.781484946608543 17.664623223245144 6.3739267438650122 36.734422318637371 11.220905147492884
leaf_count=803 2774 845 101 632 52 75 258 174 466 129 199 26 104 89
internal_value=-6.06245e-05 0.0113653 0.0185672 0.00904738 0.0181608 0.0427057 0.0538159 0.00259287 0.0381573 -0.00113601 -0.0234946 -0.0477851 0.00412597 0.0249792
internal_weight=988.592 816.453 677.047 456.616 349.004 134.773 124.757 214.231 220.43 48.7111 139.406 73.7861 65.62 47.9553
internal_count=6727 3953 2690 1994 1362 385 310 977 696 230 1263 871 392 193
is_linear=0
shrinkage=0.05


Tree=32
num_leaves=15
num_cat=0
split_feature=46 5 5 47 9 132 41 77 48 10 95 132 137 33
split_gain=239.955 79.2832 53.6723 39.3542 41.514 40.0839 35.9875 35.7342 41.3679 33.3621 30.0944 34.2377 35.8219 43.416
threshold=4.9790000957727906e-06 180.7494812011719 91.263515472412124 0.021565761417150501 0.99489471316337597 1.0000000180025095e-35 0.00022704158618580553 0.013864859938621523 1.8930500118585771e-06 0.21737963706254962 2.028999915637542e-06 1.0000000180025095e-35 95.292655944824233 1410.5380859375002
decision_type=10 8 10 10 10 2 10 2 10 10 10 2 2 10
left_child=1 2 10 4 -4 -5 9 8 -7 -3 -1 12 13 -12
right_child=-2 6 3 5 -6 7 -8 -9 -10 -11 11 -13 -14 -15
leaf_value=-0.026384726048626839 -0.052851476118077161 -0.057996324708604066 -0.041334146165338814 0.045511642557929215 0.035085112685129795 -0.056464951849128642 0.0038084765061245519 -0.09346917532110384 0.033377924644102691 0.068136634587995057 0.054486412704454035 -0.027787819222597956 -0.051115613125176977 -0.0068410028459503841
leaf_weight=74.126110225915909 174.84331440553069 64.520341839641333 36.479179542511702 268.74243337661028 32.813989832997322 14.872682653367518 62.334949888288975 7.1301515921950331 66.358489632606506 4.8696732670068732 77.578504599630833 41.876225292682648 13.573917523026465 45.288282431662083
leaf_count=480 2893 842 237 763 95 106 367 52 218 16 177 257 76 272
internal_value=0.00010097 0.0115742 0.0184631 0.0292602 -0.00516127 0.0359352 -0.0237995 0.00662611 0.0164419 -0.0483023 0.000182405 0.0113119 0.0234272 0.0320086
internal_weight=985.408 810.565 678.84 426.397 69.2932 357.104 131.725 88.3613 81.2312 69.39 252.443 178.317 136.441 122.867
internal_count=6851 3958 2733 1471 332 1139 1225 376 324 858 1262 782 525 449
is_linear=0
shrinkage=0.05


Tree=33
num_leaves=15
num_cat=0
split_feature=6 5 39 35 60 36 137 73 5 50 98 8 99 69
split_gain=235.604 59.9382 51.3457 37.1883 36.8652 51.3783 56.8401 34.8379 34.096 31.4982 30.6851 30.5504 33.9501 41.5371
threshold=44.748853683471687 180.7494812011719 0.0003406193718547002 1415.1473388671877 1408.053649902344 1397.931579589844 65.37909317016603 550.80554199218761 91.263515472412124 0.0039088233606889853 0.0084627289324998873 64.707344055175795 0.0045090327039361009 46.952684402465827
decision_type=8 10 10 10 2 10 2 2 10 10 10 10 8 2
left_child=1 2 3 4 5 11 9 -3 -4 -7 -5 12 -1 -14
right_child=-2 7 8 10 -6 6 -8 -9 -10 -11 -12 -13 13 -15
leaf_value=0.041010412219644056 -0.053828918902994731 -0.054309111469034714 -0.048152927777367821 0.0064575430341770254 -0.044056609625835047 -0.075281235931748625 -0.086024257183100555 0.00010168272771696657 0.042188138957558262 0.05223261758927094 -0.065551401600565995 -0.065528002887210252 0.0048399445873468557 -0.072939200392611897
leaf_weight=52.751056924462318 170.8817576430738 47.102711867541075 10.220638848841189 29.186734840273857 25.5151177495718 4.1768971830606452 7.5258871614933005 75.729443673044443 195.87040135264397 131.61001135408878 28.665503799915314 14.67943214252591 131.70880069211125 18.72131360322237
leaf_count=166 2814 672 76 130 174 33 55 510 609 351 244 172 620 142
internal_value=-0.000872923 0.0108811 0.0169292 0.00733114 0.0129382 0.0170752 0.0402141 -0.0210334 0.037497 0.0477885 -0.0297301 0.00173973 0.00689681 -0.00525756
internal_weight=944.346 773.464 650.632 444.541 386.689 361.173 143.313 122.832 206.091 135.787 57.8522 217.861 203.181 150.43
internal_count=6768 3954 2772 2087 1713 1539 439 1182 685 384 374 1100 928 762
is_linear=0
shrinkage=0.05


Tree=34
num_leaves=15
num_cat=0
split_feature=46 5 95 37 78 34 130 131 30 19 8 127 45 125
split_gain=222.073 59.4419 42.52 49.4934 36.2558 45.1988 39.5121 37.3719 59.2096 36.0899 27.407 30.6109 26.118 25.888
threshold=4.9790000957727906e-06 174.83229827880862 1.5229500149871458e-06 0.0040212415624409923 0.00028515129815787082 1411.8029785156252 0.0086294354405254143 0.99619111418724071 1393.0072021484377 0.017262636683881286 53.666038513183601 -2.455003976821899 0.0023324179928749804 -100.49999999999999
decision_type=10 8 10 10 2 10 2 2 8 10 10 10 10 2
left_child=1 2 3 9 5 6 7 8 -4 -1 11 -7 -12 -3
right_child=-2 13 4 -5 -6 10 -8 -9 -10 -11 12 -13 -14 -15
leaf_value=-0.031758681191363651 -0.052781578254944943 0.013980740351914676 0.014203600696459243 -0.064807744997922773 0.04413077416220533 0.013654543155696456 0.055403381169804068 0.056778094597759135 -0.078774975679069659 0.050832982334962952 -0.035439916183209713 -0.061878815405828791 0.044426107306165745 -0.030004734977434735
leaf_weight=22.62081803008914 157.06627929583192 48.549668233841658 162.82234988361597 29.955106068402529 155.95133613795042 20.173248521983624 79.555050015449524 41.227748475968838 18.123862616717815 29.223087958991528 14.855250656604765 37.269617661833763 28.229964390397072 103.2105951718986
leaf_count=171 2810 287 635 246 477 96 196 104 139 79 89 307 83 1036
internal_value=0.00133505 0.0121234 0.0187909 -0.0147341 0.0237212 0.0157188 0.0253726 0.0144192 0.00450894 0.0148771 -0.013221 -0.0355726 0.01671 -0.0159339
internal_weight=948.834 791.768 640.007 81.799 558.208 402.257 301.729 222.174 180.946 51.8439 100.528 57.4429 43.0852 151.76
internal_count=6755 3945 2622 496 2126 1649 1074 878 774 250 575 403 172 1323
is_linear=0
shrinkage=0.05


Tree=35
num_leaves=15
num_cat=0
split_feature=46 8 95 37 106 18 34 130 137 94 8 17 22 137
split_gain=196.393 50.5683 38.6897 51.6517 41.8757 38.4659 62.0651 43.9344 30.7471 28.5467 26.6902 26.2131 25.0571 21.7136
threshold=1.519249963166658e-05 180.7494812011719 1.5229500149871458e-06 0.0037616312038153414 22582209.000000004 1.5534999988631173e-06 1416.1473388671877 0.0086294354405254143 70.73569488525392 0.00015877259284025061 64.707344055175795 0.0029938278021290903 0.17437996715307238 65.37909317016603
decision_type=10 8 10 10 2 8 10 2 2 10 10 10 10 2
left_child=1 2 3 8 5 -4 7 13 -1 -9 -10 -8 -3 -7
right_child=-2 12 4 -5 -6 6 11 9 10 -11 -12 -13 -14 -15
leaf_value=-0.057684934462329363 -0.052224181785060608 -0.058362739481424869 0.042074191196535549 -0.057075741697695616 -0.072315751830391142 0.021376668501795915 0.041150083749259096 -0.043468648117743647 0.051117894092849586 0.051988473920276279 -0.058810170654161567 -0.068759452446376712 0.042543166400727965 -0.0045971644344929849
leaf_weight=10.168064109981058 148.9043112359941 35.877401173114777 147.03230613470078 41.732725322246552 11.616991344839333 162.21589811518788 5.8917946442961684 7.7269165180623522 36.710020318627357 103.19691332057118 5.6094972901046267 29.614451210945845 6.629637796431779 158.12529920786619
leaf_count=97 2823 533 498 361 97 716 18 60 108 279 55 280 50 772
internal_value=9.76792e-05 0.0103751 0.0135232 -0.016218 0.0180225 0.0198471 0.0127707 0.0180333 0.0167277 0.04501 0.0355256 -0.0498938 -0.0420088 0.00858118
internal_weight=911.052 762.148 719.641 94.2203 625.421 613.804 466.771 431.265 52.4876 110.924 42.3195 35.5062 42.507 320.341
internal_count=6747 3924 3341 621 2720 2623 2125 1827 260 339 163 298 583 1488
is_linear=0
shrinkage=0.05


Tree=36
num_leaves=15
num_cat=0
split_feature=46 5 5 128 7 2 46 10 39 106 5 101 137 137
split_gain=189.354 60.6774 40.1643 39.8527 31.161 27.9796 44.0836 25.2743 25.2707 35.4863 40.4375 23.9777 42.2825 38.3443
threshold=1.519249963166658e-05 134.57527160644534 91.263515472412124 -21.913998603820797 48.658084869384773 49.959133148193366 1.7134999552581578e-06 0.0055424151942133912 0.0002881376567529515 1808233.7500000002 123.88419723510744 0.02061399165540934 52.064678192138679 85.286026000976577
decision_type=10 8 10 8 10 10 10 10 10 2 10 8 2 2
left_child=1 2 4 7 11 8 -7 -3 9 10 -4 -1 -13 -14
right_child=-2 3 5 -5 -6 6 -8 -9 -10 -11 -12 12 13 -15
leaf_value=0.038235325217588073 -0.05289358049799904 -0.036701606336843308 0.042709982151497468 -0.032215521544741728 -0.043193988723405879 -0.03862059281380241 0.049207989856730895 0.034654668063398959 0.052709004250947017 -0.038400139376855554 -0.040603743686998872 -0.04311679004472118 0.033234700359099693 -0.028886631255164271
leaf_weight=53.366652935743332 141.22789289429784 15.745997589081524 108.35146524012089 117.87212405726314 31.20931687951088 33.538872346282005 23.368362545967102 47.731783755123615 124.29510733112693 20.183198042213917 15.994334027171133 41.354062303900719 83.548388540744781 34.292007401585579
leaf_count=170 2798 185 332 1143 256 207 61 185 376 111 96 345 297 174
internal_value=1.09767e-05 0.0100189 0.0180334 -0.0151102 0.00266282 0.0294931 -0.00232775 0.0166597 0.0362129 0.0217615 0.0317551 0.00956648 -0.000222842 0.0150662
internal_weight=892.08 750.852 569.502 181.35 243.77 325.731 56.9072 63.4778 268.824 144.529 124.346 212.561 159.194 117.84
internal_count=6736 3938 2425 1513 1242 1183 268 370 915 539 428 986 816 471
is_linear=0
shrinkage=0.05


Tree=37
num_leaves=15
num_cat=0
split_feature=46 8 89 41 121 34 92 132 52 30 37 123 24 43
split_gain=163.943 46.0792 33.4569 36.2633 30.27 37.0716 40.8105 33.1482 59.888 38.9543 36.4856 27.6824 26.5861 25.5799
threshold=1.519249963166658e-05 180.7494812011719 4.4377704398357316e-05 0.016575092449784282 1658562.2500000002 1416.1473388671877 1.8430000068292431e-06 1.0000000180025095e-35 1830.5000000000002 1383.9069824218752 0.022562917321920398 696.43569946289074 3.7350877523422246 0.94037383794784557
decision_type=10 8 10 8 2 10 10 2 10 10 10 8 10 10
left_child=1 2 -1 4 5 7 -7 8 11 10 -9 -4 -12 -13
right_child=-2 -3 3 -5 -6 6 -8 9 -10 -11 12 13 -14 -15
leaf_value=-0.049255476381265859 -0.05134228338647806 -0.04219560093290467 0.03126183368768165 -0.067356640239063084 0.045873011094952808 0.026050193287999165 -0.061643755513667908 0.020200921639285389 -0.047133370268733071 -0.075833358971953937 0.045218136244788876 0.008463787243945059 -0.063624421605825626 -0.092008063439963483
leaf_weight=21.299034170806408 136.56116074323654 42.08177949115634 351.92437902092934 12.783609822392462 68.690822049975395 20.865834999829531 33.394434250891209 89.174407918006182 28.254116959869862 16.583473481237888 6.3370278254151371 25.000124804675579 25.58697597309947 7.4222928918898097
leaf_count=186 2816 608 1317 114 244 89 316 361 209 138 18 138 199 74
internal_value=-0.00116495 0.00803499 0.0110788 0.013021 0.0146449 0.0110267 -0.0280598 0.0149247 0.0220003 -0.00628505 0.00378213 0.0271916 -0.0413016 -0.0166014
internal_weight=885.959 749.398 707.317 686.017 673.234 604.543 54.2603 550.283 412.601 137.682 121.098 384.347 31.924 32.4224
internal_count=6827 4011 3403 3217 3103 2859 405 2454 1738 716 578 1529 217 212
is_linear=0
shrinkage=0.05


Tree=38
num_leaves=15
num_cat=0
split_feature=46 5 39 48 23 134 76 41 128 34 19 137 6 116
split_gain=159.027 50.856 46.2001 44.7585 41.5189 39.6709 33.7892 27.6194 34.366 26.4803 41.1274 30.1781 40.3663 24.9115
threshold=1.519249963166658e-05 174.83229827880862 0.0002881376567529515 2.0324999923104774e-06 3.5000000000000004 0.94481638073921215 0.01124122040346265 0.00018425517919240522 462.62562561035162 1416.1473388671877 0.020638952963054184 85.286026000976577 30.665631294250492 1.8889933824539187
decision_type=10 8 10 8 2 2 2 10 8 10 8 2 10 2
left_child=1 2 3 5 -4 -1 -6 -3 -9 11 -11 -5 -13 -7
right_child=-2 7 4 9 6 13 -8 8 -10 10 -12 12 -14 -15
leaf_value=-0.055974631944777621 -0.050916422168616721 -0.036919389246114688 0.046180126573358828 0.028945700320330427 -0.076419415815577915 -0.089472195116319278 0.041161643813655238 0.025036870550281448 -0.060971628717898699 0.059253704262632524 -0.062002747635534108 0.054720226987708287 -0.052339443063642355 0.010571794713087342
leaf_weight=44.637411199510098 130.33282144740224 80.84271102771163 152.21575424820185 226.03316598758101 12.830421410501005 5.7810714691877356 10.086866237223147 52.415281038731337 13.849991988390682 9.0966170728206652 22.229883689433336 11.994497813284395 26.588616449385881 74.606448657810688
leaf_count=342 2799 982 482 855 117 54 27 245 158 18 210 26 163 338
internal_value=-0.000190938 0.008761 0.0152565 0.00624387 0.0367618 -0.018742 -0.0251098 -0.0174849 0.00642119 0.016827 -0.0260484 0.0219818 -0.0185157 0.00236619
internal_weight=873.542 743.209 596.101 420.968 175.133 125.025 22.9173 147.108 66.2653 295.943 31.3265 264.616 38.5831 80.3875
internal_count=6816 4017 2632 2006 626 734 144 1385 403 1272 228 1044 189 392
is_linear=0
shrinkage=0.05


Tree=39
num_leaves=15
num_cat=0
split_feature=6 114 17 52 96 34 130 73 6 72 54 37 114 118
split_gain=158.525 37.0305 35.1998 31.4359 47.6277 45.2057 33.4031 39.894 48.7591 33.2808 27.399 33.3675 27.3237 26.5119
threshold=44.748853683471687 0.48125316202640539 0.00080917408922687184 309.75000000000006 0.0013463142095133664 1415.1473388671877 1.0000000180025095e-35 92.371795654296889 32.575269699096687 1410.5380859375002 1.9657407402992251 0.0023591862991452221 0.59929579496383678 0.50444754958152782
decision_type=8 2 10 10 10 10 2 2 10 2 10 10 2 2
left_child=1 2 -1 4 -4 6 7 8 -6 -8 13 -12 -3 -5
right_child=-2 12 3 10 5 -7 9 -9 -10 -11 11 -13 -14 -15
leaf_value=-0.053304610575710336 -0.047513429127847284 -0.025475932285767978 -0.05077289689765533 0.051035134541533113 0.018748843947520123 -0.056866120793026137 0.053997403337677399 0.023935821814034433 -0.068062746080684383 -0.020921276361703298 -0.04144929081460242 0.025504957498909128 0.031609902404572232 -0.066214911761176762
leaf_weight=16.96627314016223 138.8135047852993 101.47063751518726 30.817871917039156 126.58978990092874 30.878667108714581 20.160833086818457 85.817417792975903 106.23579665645957 32.19913150370121 17.316192522644997 21.395676981657743 110.66786274313927 25.444879204034805 4.1816173419356337
leaf_count=143 2798 979 296 418 97 213 250 479 257 107 156 420 145 40
internal_value=0.00126866 0.0105953 0.0157578 0.0178439 0.00736913 0.0136448 0.0190514 0.00531279 -0.0259362 0.0413384 0.0306565 0.0144277 -0.0138733 0.0468118
internal_weight=868.956 730.143 603.227 586.261 323.426 292.608 272.447 169.314 63.0778 103.134 262.835 132.064 126.916 130.771
internal_count=6798 4000 2876 2733 1699 1403 1190 833 354 357 1034 576 1124 458
is_linear=0
shrinkage=0.05


Tree=40
num_leaves=15
num_cat=0
split_feature=115 118 58 100 9 132 136 21 125 6 10 71 35 71
split_gain=150.694 34.1786 29.9992 48.1906 44.5767 40.4378 46.5649 42.7557 49.9031 39.4134 35.5716 31.9199 29.4482 49.1202
threshold=0.28397572040557867 0.14380148798227313 1612104.8750000002 0.021603761240839962 0.99394032359123241 1.0000000180025095e-35 1.0000000180025095e-35 0.0020350109552964572 -533.99999999999989 32.658084869384773 0.0057215604465454825 48.54248237609864 1358.6656494140627 53.661996841430671
decision_type=2 2 2 10 10 2 2 10 2 10 10 2 10 2
left_child=1 2 5 4 -4 7 -7 8 -1 -6 11 -9 -8 -14
right_child=-2 -3 3 -5 9 6 12 10 -10 -11 -12 -13 13 -15
leaf_value=0.039094922298470169 -0.044494117692893687 -0.02186804772323166 -0.054738958834839195 0.051440424756556961 0.056461144445025452 -0.075452691490346724 0.042735478169833523 0.024990532434184969 -0.070019047781936017 -0.028247040493030104 0.039882867216634886 -0.028776746443450525 -0.058120573005754822 0.029745622109372517
leaf_weight=15.84703693166375 158.42786596342921 76.060621496289968 24.290940746665001 109.04579553380609 35.545246262103319 26.882047489285469 25.725720684975386 64.041237588971853 27.240994535386562 21.215739347040653 142.88220613077283 46.961143925786018 35.285813629627228 27.478482756763697
leaf_count=51 3327 533 185 368 90 257 76 249 284 146 525 343 258 123
internal_value=-0.000745978 0.00951949 0.013512 0.0298918 0.000627137 0.00590652 -0.0191067 0.0156555 -0.0299123 0.0248586 0.0234761 0.00218968 -0.00133764 -0.0197892
internal_weight=836.931 678.503 602.442 190.098 81.0519 412.345 115.372 296.973 43.088 56.761 253.885 111.002 88.49 62.7643
internal_count=6815 3488 2955 789 421 2166 714 1452 335 236 1117 592 457 381
is_linear=0
shrinkage=0.05


Tree=41
num_leaves=15
num_cat=0
split_feature=6 88 105 1 34 35 30 6 17 128 9 6 6 69
split_gain=148.42 40.195 44.1614 37.1668 39.3453 43.4883 34.9604 33.7601 33.9375 31.1507 30.8281 30.6268 48.5564 37.3383
threshold=46.797708511352546 0.0021236526081338529 1089.0000000000002 35004.583984375007 1416.1473388671877 1397.931579589844 1407.5544433593752 32.658084869384773 0.0014319564215838911 657.71035766601574 0.99378988146781932 32.575269699096687 34.585443496704109 36.450819015502937
decision_type=8 8 2 2 10 10 10 10 10 8 10 10 10 2
left_child=1 2 -1 4 5 11 9 10 -9 -7 -4 -3 -13 -14
right_child=-2 3 7 -5 -6 6 -8 8 -10 -11 -12 12 13 -15
leaf_value=0.046468069709960341 -0.049672010680586992 0.015603342368770959 -0.038142405268155197 -0.057156914047917652 -0.051400913134830119 0.045668100058175808 -0.048839339722024644 -0.060900615005330776 0.011506224501174332 -0.030940801343827814 0.050693979012320194 -0.065505640738558246 0.053513130846562743 -0.01714722941299893
leaf_weight=124.8257663436234 123.94219632074237 110.24408631026745 11.627377752214668 25.193404026329517 28.660683363676071 119.55669846013188 12.031449809670447 28.017913609743118 35.999089393764734 14.209257643669842 44.693236734718084 39.825872872024775 23.130891159176826 82.011006563901901
leaf_count=478 2752 597 86 303 297 403 100 240 172 127 127 339 86 668
internal_value=0.000533597 0.00948085 0.0257558 0.000671706 0.00418729 0.00827823 0.0299635 0.00406506 -0.0206329 0.0373611 0.0320083 -0.00417871 -0.0192263 -0.00124446
internal_weight=823.969 700.027 245.163 454.863 429.67 401.009 145.797 120.338 64.017 133.766 56.3206 255.212 144.968 105.142
internal_count=6775 4023 1103 2920 2617 2320 630 625 412 530 213 1690 1093 754
is_linear=0
shrinkage=0.05


Tree=42
num_leaves=15
num_cat=0
split_feature=46 7 89 32 48 37 8 17 35 130 21 46 114 58
split_gain=135.703 40.0737 28.0588 26.3322 25.4677 28.037 22.6291 21.7037 31.5292 43.6568 26.27 22.4856 21.466 19.7656
threshold=1.519249963166658e-05 174.88477325439456 3.8748328734072863e-05 1407.5217895507815 1.5229500149871458e-06 0.0037616312038153414 64.707344055175795 0.0078282011672854441 1414.323669433594 1.0000000180025095e-35 0.0023698660079389815 1.6935000530793334e-06 0.39210116863250738 234974.80468750003
decision_type=10 8 10 8 8 10 10 10 10 2 10 8 2 2
left_child=1 2 -1 4 5 6 -4 -6 9 11 -11 13 -7 -9
right_child=-2 -3 3 -5 7 12 -8 8 -10 10 -12 -13 -14 -15
leaf_value=-0.04567141423248039 -0.049602084511708854 -0.051278781202102719 0.032722658323502428 -0.051177977815594126 0.029813431844879574 0.054291120912806579 -0.06153597226800081 -0.030570109077677751 -0.042123491871889338 -0.050393412148412545 0.049026920340049816 0.02175464001840164 -0.053610918390402953 0.011924392857558301
leaf_weight=19.789613369852304 113.01718105003238 25.366193603724241 36.436444137245417 14.469335231930016 246.9464769884944 4.4580640196800223 6.7185610011219969 66.938560113310814 25.693533726036549 6.3761855438351622 89.568428926169872 74.324346322566271 35.433099143207073 45.101032603532076
leaf_count=182 2809 449 148 137 1032 10 70 428 263 62 278 370 322 212
internal_value=0.000976112 0.00922925 0.0115852 0.013389 0.0149312 -0.0107897 0.0169868 0.0187927 0.00988876 0.0147545 0.0419681 0.000595054 -0.0405195 -0.01351
internal_weight=810.637 697.62 672.254 652.464 637.995 83.0462 43.155 554.949 308.002 282.309 95.9446 186.364 39.8912 112.04
internal_count=6772 3963 3514 3332 3195 550 218 2645 1613 1350 340 1010 332 640
is_linear=0
shrinkage=0.05


Tree=43
num_leaves=15
num_cat=0
split_feature=33 5 128 5 6 32 137 33 19 100 132 5 41 80
split_gain=123.594 42.8678 33.9285 31.7418 25.2478 25.0593 27.2225 23.9241 23.8244 23.2826 26.6402 45.8145 26.0923 24.6965
threshold=1344.7073364257815 134.57527160644534 -15.268295764923094 91.263515472412124 32.696172714233406 34.752981185913093 70.73569488525392 1417.666687011719 0.020638952963054184 0.021874416619539264 1.0000000180025095e-35 126.74089813232423 0.0070298986975103625 0.00036344447289593523
decision_type=8 8 8 10 10 8 2 8 8 10 2 10 10 2
left_child=-1 3 -3 4 7 -6 -7 -2 -9 13 12 -12 -11 -5
right_child=1 2 -4 9 5 6 -8 8 -10 10 11 -13 -14 -15
leaf_value=-0.047465585041406695 0.030957441265503857 0.013335646283871242 -0.032359770705124448 -0.033803900217944945 -0.06681871505407054 -0.024794641275924598 0.03758279041268886 0.027985611629696525 -0.061189758602879556 0.044309445190331011 0.029119635414448369 -0.06980106063112311 -0.076381406814672342 0.041166050486943273
leaf_weight=121.59714639559388 77.648670800030231 66.183732088655233 102.38401743397117 29.484439216554165 19.993280056864023 54.81175360456109 24.489548601210117 12.676979348063471 15.845697626471518 174.93762891739607 41.780468724668026 15.114555507898329 3.7183790132403365 16.193818330764771
leaf_count=2855 240 411 1137 183 190 386 92 52 178 636 157 125 26 50
internal_value=-0.00138458 0.00722596 -0.0144458 0.0147463 -0.000202803 -0.0182324 -0.00530333 0.0166718 -0.0219501 0.02563 0.0319434 0.00208893 0.0413863 -0.0069131
internal_weight=776.86 655.263 168.568 486.695 205.466 99.2946 79.3013 106.171 28.5227 281.229 235.551 56.895 178.656 45.6783
internal_count=6718 3863 1548 2315 1138 668 478 470 230 1177 944 282 662 233
is_linear=0
shrinkage=0.05


Tree=44
num_leaves=15
num_cat=0
split_feature=114 2 64 2 73 11 39 28 1 5 20 36 94 94
split_gain=116.13 31.4056 28.9388 26.0207 29.1342 28.3707 34.1101 32.5484 24.5091 23.1063 23.0174 22.129 22.0567 21.7663
threshold=0.48125316202640539 36.70062446594239 1407.5217895507815 49.10637283325196 98.391719818115249 0.00070048263296484958 0.0003406193718547002 3251.5000000000005 4754.7668457031259 91.263515472412124 2.0776949895662259e-05 1367.4939575195315 0.039423756301403053 0.00059147420688532304
decision_type=2 10 2 8 2 10 10 2 2 10 10 10 8 10
left_child=2 12 3 5 -5 6 7 -1 -6 -8 -10 -3 -2 -13
right_child=1 11 -4 4 8 -7 9 -9 10 -11 -12 13 -14 -15
leaf_value=0.015712980783876819 0.054837023801902932 -0.04997051201103303 -0.061536936684163615 -0.059089854505773198 -0.058496641687705346 -0.062989003190917325 -0.050025755339052652 -0.073681042398072591 -0.068106256588492509 0.049737088401501928 0.017896778783899517 -0.052507295802506487 -0.044907489104473855 0.010721662116704382
leaf_weight=272.30454994738102 15.707420721650125 130.19561935216188 12.259523343294857 20.111196480691433 12.8919385895133 9.1583336479961854 5.347569551318883 9.5972705669701082 7.4039006158709517 109.64289905130863 107.2519379965961 20.407013520598412 7.402259185910224 36.661321401596069
leaf_count=1256 44 3013 126 209 226 99 40 96 77 424 550 251 96 278
internal_value=-0.000243212 -0.0318738 0.0115495 0.0132757 -0.00467571 0.0197992 0.021863 0.0124199 0.00429701 0.0447064 0.0118023 -0.0386486 0.0223504 -0.0124032
internal_weight=776.343 210.374 565.969 553.71 147.659 406.051 396.892 281.902 127.548 114.99 114.656 187.264 23.1097 57.0683
internal_count=6785 3682 3103 2977 1062 1915 1816 1352 853 464 627 3542 140 529
is_linear=0
shrinkage=0.05


Tree=45
num_leaves=15
num_cat=0
split_feature=6 114 104 114 5 3 127 9 20 128 43 112 36 5
split_gain=119.107 29.2406 25.3265 25.0479 21.8688 34.6033 33.5696 31.8532 36.9222 28.3142 25.4583 19.3276 19.3055 21.3687
threshold=46.797708511352546 0.48399507999420172 20150.500000000004 0.59929579496383678 91.263515472412124 10.22630023956299 -55.62641525268554 0.98947831988334667 2.8448000648495513e-06 0.77777609229087841 0.99482032656669628 26540.500000000004 1367.4939575195315 181.31401824951175
decision_type=8 2 2 2 10 10 10 10 10 10 10 2 10 10
left_child=1 2 4 12 9 -6 -7 8 -8 -1 -11 -9 -3 -14
right_child=-2 3 -4 -5 5 6 7 11 -10 10 -12 -13 13 -15
leaf_value=-0.017854084966661514 -0.046684527670385764 -0.05301023453937475 -0.068426484203004803 0.030124894134896524 0.039419729023269678 -0.051950904421368099 -0.080108589581322887 -0.051061720447537477 0.029096983989846073 -0.012827554324697957 0.041600793789004303 0.057496969215000228 0.01730340348683913 -0.057754019939278527
leaf_weight=93.153888829052448 107.66103128157556 37.943750310689211 8.1532747447490674 23.663612820208073 166.1633912101388 19.538908146321774 7.1958294361829749 23.436975646764044 155.16469011828303 33.78518482670188 56.229792959988117 4.0606822073459616 31.691785052418709 12.364232756197451
leaf_count=653 2752 576 79 143 675 234 66 204 684 217 162 7 142 192
internal_value=0.00189441 0.00972868 0.0142288 -0.0143216 0.0155551 0.0224481 0.00885721 0.0153546 0.0237962 0.0013768 0.0212558 -0.0335754 -0.0273564 -0.00457562
internal_weight=780.207 672.546 566.883 105.663 558.729 375.56 209.397 189.858 162.361 183.169 90.015 27.4977 81.9998 44.056
internal_count=6786 4034 2981 1053 2902 1870 1195 961 750 1032 379 211 910 334
is_linear=0
shrinkage=0.05


Tree=46
num_leaves=15
num_cat=0
split_feature=46 7 89 121 7 2 128 3 43 4 88 33 76 33
split_gain=110.424 37.3389 23.334 27.175 24.9283 32.9258 28.884 19.7154 19.8141 25.1073 24.5202 34.8829 22.1849 20.8262
threshold=1.519249963166658e-05 174.88477325439456 3.8748328734072863e-05 1658562.2500000002 84.366771697998061 49.418815612792976 -30.434754371643063 26.99973297119141 0.99729821085929882 36.914140701293952 0.0020599099807441239 1416.1473388671877 0.0038647379260510211 1397.8862915039065
decision_type=10 8 10 2 10 10 8 10 10 10 10 10 2 8
left_child=1 2 -1 4 5 7 -7 8 10 -10 12 13 -4 -12
right_child=-2 -3 3 -5 -6 6 -8 -9 9 -11 11 -13 -14 -15
leaf_value=-0.043945115024353103 -0.048171297672554757 -0.053151984523623998 0.052648192744708999 0.043443477639812426 0.047879113757748254 0.021793436909043382 -0.030834629790912574 -0.050440953443031213 0.0071310814528812508 -0.059877930932902591 0.0025906462182206454 -0.055992027678754552 -0.0056523796844507052 0.036753464559988895
leaf_weight=17.926491655409336 97.358801703900099 22.661436911672354 81.07113279402256 62.662568997591734 37.341738555580378 35.528886776417494 91.201016053557396 10.886638998985289 73.195150706917048 16.23439946398139 103.53882231190801 16.823861241340637 20.139485232532024 77.603913180530071
leaf_count=175 2831 446 261 274 126 165 838 125 336 151 502 171 102 317
internal_value=0.00129109 0.00857419 0.0108248 0.0124602 0.00894429 0.00609584 -0.0160252 0.0131357 0.0150417 -0.00556089 0.0211982 0.0108651 0.0411054 0.0173479
internal_weight=764.174 666.816 644.154 626.228 563.565 526.223 126.73 399.493 388.607 89.4296 299.177 197.967 101.211 181.143
internal_count=6820 3989 3543 3368 3094 2968 1003 1965 1840 487 1353 990 363 819
is_linear=0
shrinkage=0.05


Tree=47
num_leaves=15
num_cat=0
split_feature=33 7 118 39 126 37 132 70 55 30 122 34 81 76
split_gain=110.162 27.762 27.5723 24.2282 32.2453 31.713 31.3817 39.3532 41.0805 31.5596 30.3889 24.5401 21.3086 24.7631
threshold=1344.7073364257815 174.88477325439456 0.21499478816986087 0.0002881376567529515 134860.25000000003 0.0038750487146899108 1.0000000180025095e-35 1358.5483398437502 56285.722656250007 1349.7238769531252 -83.202484130859361 1410.3917236328127 0.010811126790940763 0.0050514163449406633
decision_type=8 8 2 10 2 10 2 2 10 10 10 10 2 2
left_child=-1 2 3 4 6 -5 10 -8 -9 -10 -2 -12 13 -7
right_child=1 -3 -4 5 -6 12 7 8 9 -11 11 -13 -14 -15
leaf_value=-0.044934060175060193 -0.06327641559830513 -0.045481802056647112 -0.029875355831413982 0.047570053361823905 -0.03113855832197264 -0.032134742591585899 0.065363000685287317 -0.059070484950177304 -0.060083135890983366 0.045105963392442806 0.035135603890753368 0.00056326996300029922 -0.060920625893271733 0.028975522530926362
leaf_weight=109.44032537564635 9.3550409972667676 21.535361401736736 37.742155857384205 99.970346082001925 49.077201444655657 20.496077604591846 12.45371653139591 42.864595543593168 9.1119937449693662 23.405703410506248 165.1620221696794 74.319397334009409 9.1633075661957246 72.652917355298996
leaf_count=2922 113 434 300 429 371 185 35 347 83 83 631 461 124 350
internal_value=0.00122742 0.00908918 0.0110368 0.0137089 0.0063287 0.0276825 0.0118664 -0.0137157 -0.0274647 0.0147171 0.0209153 0.0244536 0.00797781 0.0153306
internal_weight=756.75 647.31 625.774 588.032 385.75 202.283 336.672 87.836 75.3823 32.5177 248.836 239.481 102.312 93.149
internal_count=6868 3946 3512 3212 2124 1088 1753 548 513 166 1205 1092 659 535
is_linear=0
shrinkage=0.05


Tree=48
num_leaves=15
num_cat=0
split_feature=46 5 73 39 5 95 6 137 132 66 33 55 125 114
split_gain=103.208 28.3955 28.4881 25.7559 27.3811 24.0893 30.1377 27.5888 33.9349 34.7176 28.4156 28.3224 28.2249 20.5758
threshold=1.519249963166658e-05 180.7494812011719 550.80554199218761 0.0003406193718547002 94.869350433349624 2.028999915637542e-06 36.450819015502937 95.292655944824233 1.0000000180025095e-35 1410.3917236328127 1358.5483398437502 85094.960937500015 -56.499999999999993 0.45527213811874395
decision_type=10 8 2 10 10 10 10 2 2 2 10 10 2 2
left_child=1 3 -3 5 -5 6 -1 8 9 -7 -10 -12 -11 -4
right_child=-2 2 13 4 -6 7 -8 -9 10 12 11 -13 -14 -15
leaf_value=0.0013278950619889376 -0.049157547708888923 -0.051447476821154053 0.026125598448690952 -0.030624600808759062 0.037218129024406611 0.045466215983452789 -0.056450062158566273 -0.058415066540284645 0.051893594629803974 0.035419023859357024 -0.05515369423134147 0.026810797392086562 -0.027500989843958896 -0.027657607210145482
leaf_weight=97.066472046077251 88.640713462606072 35.303486131131649 40.330915611237288 15.907223515212534 137.44252106547356 115.43999021872878 28.390278745442629 11.394837103784083 12.05117706209421 31.470549125224352 34.501359935849905 14.276672985404728 38.513759508728981 30.221933044493198
leaf_count=532 2798 652 169 115 593 368 270 73 31 128 271 60 289 400
internal_value=0.00110695 0.00810922 -0.0154549 0.0127791 0.0300279 0.00581458 -0.01209 0.0145459 0.0181446 0.0287382 -0.0140901 -0.0311071 0.000893263 0.00302253
internal_weight=730.952 642.311 105.856 536.455 153.35 383.105 125.457 257.648 246.254 185.424 60.8292 48.778 69.9843 70.5528
internal_count=6749 3951 1221 2730 708 2022 802 1220 1147 785 362 331 417 569
is_linear=0
shrinkage=0.05


Tree=49
num_leaves=15
num_cat=0
split_feature=92 5 128 41 39 48 134 7 137 66 8 127 94 39
split_gain=83.6736 48.7558 30.2388 22.5481 28.3694 23.4874 31.3002 16.8133 14.7808 18.2313 21.5819 22.3914 14.6691 13.092
threshold=0.0035218319389969115 134.57527160644534 -21.913998603820797 0.0028466365765780215 0.0002881376567529515 2.0324999923104774e-06 0.92711213231086742 46.391719818115241 95.292655944824233 1410.3917236328127 53.666038513183601 -1.6031601428985593 5.5924248954397633e-05 0.0088626486249268072
decision_type=8 8 8 10 8 8 2 10 2 2 10 10 10 10
left_child=1 3 12 4 5 6 -1 -5 9 -7 11 -11 -3 -6
right_child=-2 2 -4 7 13 8 -8 -9 -10 10 -12 -13 -14 -15
leaf_value=-0.054506964695556541 -0.049813972743852658 -0.0461533261478888 -0.030246832141656799 0.006624594690713529 0.044459819180523379 0.030886319918689238 0.0076421615447370798 -0.073779231274140142 -0.031125303666886279 0.018298069896579984 0.0370580573747862 -0.052113182509118575 0.022971368555048204 -0.039859860587038061
leaf_weight=27.28154831379652 72.743303755298257 8.0278427843004447 118.96131884679198 13.785515815019609 96.757543742656708 162.38576869852841 70.739009726792574 11.058100163936613 13.118262927979229 19.781600393354893 24.281641930341721 24.13336081802845 51.82982761785388 4.0855307504534712
leaf_count=226 2186 131 1731 84 421 653 348 107 72 104 88 237 343 36
internal_value=0.000649914 0.00639863 -0.0157466 0.0148864 0.017505 0.0105655 -0.0100313 -0.0306338 0.018857 0.0218227 0.000106541 -0.020695 0.0130946 0.0406859
internal_weight=718.97 646.227 178.819 467.408 442.564 341.721 98.0206 24.8436 243.701 230.582 68.1966 43.915 59.8577 100.843
internal_count=6767 4581 2205 2376 2185 1728 574 191 1154 1082 429 341 474 457
is_linear=0
shrinkage=0.05


Tree=50
num_leaves=15
num_cat=0
split_feature=6 127 88 43 34 1 8 132 61 72 129 137 34 97
split_gain=79.4996 23.3755 21.9607 34.6868 34.3179 34.2687 30.0971 26.2197 33.9659 27.833 28.6437 24.7731 33.7038 17.6697
threshold=46.797708511352546 -55.62641525268554 0.0020599099807441239 0.99729821085929882 1416.1473388671877 35004.583984375007 64.707344055175795 1.0000000180025095e-35 119.43288421630861 1358.7139892578127 0.15954545140266421 89.334369659423842 1397.3392333984377 2.018500026679249e-06
decision_type=8 8 8 10 10 2 10 2 2 2 8 2 10 10
left_child=1 -1 3 6 5 7 -3 9 11 -4 13 12 -9 -11
right_child=-2 2 4 -5 -6 -7 -8 8 -10 10 -12 -13 -14 -15
leaf_value=-0.054491469131370651 -0.04207987463031259 0.036869384744554472 -0.035136864651557347 -0.02322021355868235 -0.050095813753516343 -0.054498096072684458 -0.071636589360518338 -0.062801556811433623 0.056994549664565235 -0.07320179820430929 -0.035747938051343041 0.053214921824920797 0.0075567422123341598 0.030076637127803271
leaf_weight=13.711283193901179 90.804658230394125 155.86171757429838 21.382057417184114 32.845640268176794 27.658247850835323 20.608106341212988 5.7597443945705882 42.132371636107564 13.870541712269185 3.2979662120342246 18.1355129648 8.0403228104114515 27.79361766576767 219.48169912584126
leaf_count=221 2753 689 356 250 323 263 72 385 58 24 192 20 154 970
internal_value=0.00130824 0.00781913 0.00933928 0.0230895 0.00265346 0.00666964 0.0325858 0.0103726 -0.0125228 0.018406 0.0232837 -0.0254553 -0.0351239 0.0282274
internal_weight=701.383 610.579 596.868 194.467 402.4 374.742 161.621 354.134 91.8369 262.297 240.915 77.9663 69.926 222.78
internal_count=6730 3977 3756 1011 2745 2422 761 2159 617 1542 1186 559 539 994
is_linear=0
shrinkage=0.05


Tree=51
num_leaves=15
num_cat=0
split_feature=46 118 88 66 8 94 126 35 109 9 137 137 4 67
split_gain=76.6885 28.35 23.615 45.3719 37.679 34.9684 45.7175 37.7267 32.4398 38.1513 30.5084 29.7384 27.8459 86.0303
threshold=1.519249963166658e-05 0.24689045548439029 0.0020599099807441239 1416.1473388671877 64.707344055175795 0.00032683000608813023 -150195.86718749997 1397.8862915039065 1.9889003634452822 0.99565845727920543 52.064678192138679 65.37909317016603 32.575269699096687 36.358932495117195
decision_type=10 2 8 2 8 10 2 8 2 10 2 2 10 2
left_child=1 2 4 5 8 6 -4 12 -1 -10 -9 -12 -7 -14
right_child=-2 -3 3 -5 -6 7 -8 10 9 -11 11 -13 13 -15
leaf_value=0.047630997937645407 -0.046421725771753769 -0.042353567230238809 0.024618784157657603 -0.063141875773757197 -0.058907542064157409 0.019477625305948754 -0.053063437291832299 -0.041307688966093686 -0.041754979634681631 0.031123790733844792 0.051619017873202555 -0.064130639619226174 -0.074806195517480217 0.020215036741383172
leaf_weight=96.422398425638676 80.399659147486091 28.791411228477955 29.545139383524656 24.935039008036256 12.313856763765214 88.988618429750204 49.513858994469047 10.611222390085457 27.794037163257599 46.734068837016821 93.3417002633214 5.0656010434031478 39.551592387259007 56.9694016687572
leaf_count=417 2829 305 138 317 202 393 678 91 217 195 332 44 355 300
internal_value=-0.000830672 0.00523875 0.00766263 0.000816646 0.0224645 0.00524272 -0.0240879 0.0131707 0.0286344 0.00375186 0.0363684 0.0450755 -0.000583842 -0.0190898
internal_weight=690.978 610.578 581.787 398.522 183.264 373.587 79.059 294.528 170.951 74.5281 109.019 98.4073 185.51 96.521
internal_count=6813 3984 3679 2648 1031 2331 816 1515 829 412 467 376 1048 655
is_linear=0
shrinkage=0.05


Tree=52
num_leaves=15
num_cat=0
split_feature=46 7 118 119 94 132 33 25 134 47 6 134 34 18
split_gain=82.6101 27.4748 23.6156 20.9769 23.7164 21.1099 28.1785 28.9778 25.0856 19.0027 18.4365 18.3027 18.4838 20.257
threshold=1.519249963166658e-05 174.88477325439456 0.13426872342824939 0.032194381579756744 2.0335500039436742e-06 1.0000000180025095e-35 1358.5483398437502 15453.254882812502 0.029018141329288486 0.014227462466806175 36.166255950927741 0.99585920572280895 1416.1473388671877 1.8834999764294482e-06
decision_type=10 8 2 2 10 2 10 10 2 8 10 2 10 10
left_child=1 2 3 -1 -5 9 -7 8 -8 10 -6 12 -11 -14
right_child=-2 -3 -4 4 5 6 7 -9 -10 11 -12 -13 13 -15
leaf_value=0.045951162175529664 -0.047897844858803482 -0.048946404378681224 -0.016902122551344035 -0.065019935996179223 0.015229836923268245 0.059880771135180338 0.0052727362727132418 0.021865145452698232 -0.056340542356038394 0.026504737487397498 -0.06447191280262804 -0.065280774755348117 0.033842809969512187 -0.051038684268321234
leaf_weight=43.177044756710529 75.650040537118912 20.087490793317556 74.989719532430172 9.3641324806958419 15.2057341337204 13.006126314401625 25.790673907846212 33.895085703581572 44.182553185150027 286.24216473475099 12.370996523648499 5.0744314789772025 11.10691597312689 15.960857324302195
leaf_count=211 2795 467 575 126 77 32 147 172 395 1367 128 45 48 190
internal_value=0.00103491 0.00716729 0.00915612 0.0129731 0.00986692 0.0115189 -0.0068095 -0.0156517 -0.0338769 0.0177125 -0.0215295 0.0211682 0.0227716 -0.0162438
internal_weight=686.104 610.454 590.366 515.377 472.2 462.836 116.874 103.868 69.9732 345.961 27.5767 318.384 313.31 27.0678
internal_count=6775 3980 3513 2938 2727 2601 746 714 542 1855 205 1650 1605 238
is_linear=0
shrinkage=0.05


Tree=53
num_leaves=15
num_cat=0
split_feature=33 124 127 40 95 34 6 5 80 8 8 123 20 65
split_gain=74.5051 30.0874 21.4065 17.6195 27.6931 25.5462 20.4058 19.3746 27.8736 20.4584 26.5998 19.7776 18.4478 16.141
threshold=1344.7073364257815 0.35579495131969457 -55.62641525268554 0.0001447121976525523 2.0439499621716099e-06 51.740882873535163 32.696172714233406 174.83229827880862 0.12249999865889551 52.858585357666023 48.54248237609864 92.00235748291017 0.00012385320587782192 34.391719818115241
decision_type=8 10 8 8 10 8 8 8 2 10 10 8 10 2
left_child=1 -1 -2 4 6 -5 -4 9 -9 10 -6 -11 -12 -8
right_child=2 -3 3 5 7 -7 13 8 -10 11 12 -13 -14 -15
leaf_value=-0.050096655793165551 -0.059530347387183748 0.069854260650786523 0.0042261171416711181 -0.059121239739998534 0.018312673737343726 0.027893155955776208 -0.063700667188749047 -0.039111333720393257 0.10486605029433829 0.038014413998054053 0.047629262390920912 -0.05428892238120684 -0.044280467459342256 -0.015343427487585076
leaf_weight=81.093419134616852 10.930294234305618 4.7268806844949713 79.147195165976882 8.0413849167525751 95.840454414486885 141.96618594788015 25.336270248517394 29.10342665202916 2.8172540497034779 105.1895703971386 5.6385021656751624 5.2820897400379172 33.397377785295248 52.780596189200878
leaf_count=2838 188 21 444 124 474 777 300 497 11 413 22 40 286 409
internal_value=0.000515068 -0.0427614 0.00681339 0.00815349 0.00303297 0.022868 -0.013674 0.0125241 -0.0236048 0.0173013 0.00416896 0.0331536 -0.0301466 -0.0316344
internal_weight=681.291 85.8203 595.471 584.54 434.533 150.008 157.264 277.269 31.9207 245.348 134.876 110.472 39.0359 78.1169
internal_count=6844 2859 3985 3797 2896 901 1153 1743 508 1235 782 453 308 709
is_linear=0
shrinkage=0.05


Tree=54
num_leaves=15
num_cat=0
split_feature=46 7 48 37 17 86 72 130 68 54 29 93 18 30
split_gain=66.7819 20.4575 20.7353 25.6859 17.7145 22.8133 18.7223 27.1105 30.2953 17.8774 17.4855 23.5129 20.8322 18.2576
threshold=1.519249963166658e-05 174.88477325439456 1.5229500149871458e-06 0.0032658406998962168 0.0073498643469065436 0.99748584628105175 1420.1954345703127 1.0000000180025095e-35 1410.5380859375002 0.11239984259009363 248285.60937500003 1.7034999473253267e-06 0.00026883000100497162 1358.8280029296877
decision_type=10 8 8 10 8 2 2 2 2 10 2 10 10 10
left_child=1 2 3 -1 5 -4 7 10 -9 -7 11 12 -6 -14
right_child=-2 -3 4 -5 6 9 -8 8 -10 -11 -12 -13 13 -15
leaf_value=0.015295246747146666 -0.045186229147931557 -0.043581809995271462 0.027608250436112987 -0.044007093623620069 -0.059206120929546684 0.04581734126208542 -0.043914855876386029 0.042040844312909942 -0.032512355895896808 -0.052841998077644073 0.017342148595899127 0.0089604615419267963 0.029993140808455578 -0.04857634900809929
leaf_weight=32.582522816956043 70.900978354737163 19.238944055512547 190.69966238364577 39.42565425299108 37.830613983795047 5.4775588065385845 18.745285572484136 74.294849663972855 15.856634408235548 15.602362416684626 58.820772629231215 53.171103470027447 16.778632052242759 11.662040032446383
leaf_count=194 2821 451 925 378 370 24 252 319 135 140 289 331 64 75
internal_value=0.000314003 0.00584728 0.00758615 -0.0173318 0.0112098 0.0221449 0.00309644 0.00653038 0.0287149 -0.0262916 -0.00478643 -0.0157374 -0.0353918 -0.00277978
internal_weight=661.088 590.187 570.948 72.0082 498.94 211.78 287.16 268.415 90.1515 21.0799 178.263 119.442 66.2713 28.4407
internal_count=6768 3947 3496 572 2924 1089 1835 1583 454 164 1129 840 509 139
is_linear=0
shrinkage=0.05


end of trees

feature_importances:
Column_5=88
Column_6=30
Column_33=28
Column_46=26
Column_73=26
Column_39=23
Column_132=20
Column_115=19
Column_137=19
Column_128=18
Column_8=16
Column_2=15
Column_47=15
Column_7=14
Column_9=13
Column_34=13
Column_41=13
Column_114=13
Column_35=12
Column_43=12
Column_94=10
Column_127=10
Column_10=9
Column_95=9
Column_37=8
Column_48=8
Column_118=8
Column_123=8
Column_134=8
Column_19=7
Column_36=7
Column_100=7
Column_130=7
Column_4=6
Column_18=6
Column_20=6
Column_30=6
Column_31=6
Column_32=6
Column_61=6
Column_3=5
Column_11=5
Column_17=5
Column_85=5
Column_108=5
Column_1=4
Column_52=4
Column_66=4
Column_67=4
Column_69=4
Column_71=4
Column_72=4
Column_76=4
Column_78=4
Column_79=4
Column_80=4
Column_88=4
Column_93=4
Column_120=4
Column_125=4
Column_26=3
Column_54=3
Column_60=3
Column_64=3
Column_68=3
Column_77=3
Column_81=3
Column_86=3
Column_89=3
Column_92=3
Column_96=3
Column_101=3
Column_106=3
Column_116=3
Column_121=3
Column_126=3
Column_12=2
Column_21=2
Column_25=2
Column_28=2
Column_29=2
Column_40=2
Column_45=2
Column_50=2
Column_53=2
Column_55=2
Column_58=2
Column_65=2
Column_70=2
Column_98=2
Column_99=2
Column_113=2
Column_122=2
Column_0=1
Column_16=1
Column_22=1
Column_23=1
Column_24=1
Column_27=1
Column_38=1
Column_44=1
Column_56=1
Column_74=1
Column_91=1
Column_97=1
Column_104=1
Column_105=1
Column_109=1
Column_112=1
Column_119=1
Column_124=1
Column_129=1
Column_131=1
Column_135=1
Column_136=1

parameters:
[boosting: gbdt]
[objective: binary]
[metric: binary_logloss]
[tree_learner: serial]
[device_type: cpu]
[data_sample_strategy: bagging]
[data: ]
[valid: ]
[num_iterations: 55]
[learning_rate: 0.05]
[num_leaves: 15]
[num_threads: 4]
[seed: 26006]
[deterministic: 1]
[force_col_wise: 0]
[force_row_wise: 1]
[histogram_pool_size: -1]
[max_depth: -1]
[min_data_in_leaf: 10]
[min_sum_hessian_in_leaf: 0.001]
[bagging_fraction: 0.8]
[pos_bagging_fraction: 1]
[neg_bagging_fraction: 1]
[bagging_freq: 1]
[bagging_seed: 19736]
[bagging_by_query: 0]
[feature_fraction: 0.8]
[feature_fraction_bynode: 1]
[feature_fraction_seed: 22478]
[extra_trees: 0]
[extra_seed: 25246]
[early_stopping_round: 0]
[early_stopping_min_delta: 0]
[first_metric_only: 0]
[max_delta_step: 0]
[lambda_l1: 0]
[lambda_l2: 1]
[linear_lambda: 0]
[min_gain_to_split: 0]
[drop_rate: 0.1]
[max_drop: 50]
[skip_drop: 0.5]
[xgboost_dart_mode: 0]
[uniform_drop: 0]
[drop_seed: 12177]
[top_rate: 0.2]
[other_rate: 0.1]
[min_data_per_group: 100]
[max_cat_threshold: 32]
[cat_l2: 10]
[cat_smooth: 10]
[max_cat_to_onehot: 4]
[top_k: 20]
[monotone_constraints: ]
[monotone_constraints_method: basic]
[monotone_penalty: 0]
[feature_contri: ]
[forcedsplits_filename: ]
[refit_decay_rate: 0.9]
[cegb_tradeoff: 1]
[cegb_penalty_split: 0]
[cegb_penalty_feature_lazy: ]
[cegb_penalty_feature_coupled: ]
[path_smooth: 0]
[interaction_constraints: ]
[verbosity: -1]
[saved_feature_importance_type: 0]
[use_quantized_grad: 0]
[num_grad_quant_bins: 4]
[quant_train_renew_leaf: 0]
[stochastic_rounding: 1]
[linear_tree: 0]
[max_bin: 255]
[max_bin_by_feature: ]
[min_data_in_bin: 3]
[bin_construct_sample_cnt: 200000]
[data_random_seed: 19427]
[is_enable_sparse: 1]
[enable_bundle: 1]
[use_missing: 1]
[zero_as_missing: 0]
[feature_pre_filter: 1]
[pre_partition: 0]
[two_round: 0]
[header: 0]
[label_column: ]
[weight_column: ]
[group_column: ]
[ignore_column: ]
[categorical_feature: ]
[forcedbins_filename: ]
[precise_float_parser: 0]
[parser_config_file: ]
[objective_seed: 10829]
[num_class: 1]
[is_unbalance: 0]
[scale_pos_weight: 1]
[sigmoid: 1]
[boost_from_average: 1]
[reg_sqrt: 0]
[alpha: 0.9]
[fair_c: 1]
[poisson_max_delta_step: 0.7]
[tweedie_variance_power: 1.5]
[lambdarank_truncation_level: 30]
[lambdarank_norm: 1]
[label_gain: ]
[lambdarank_position_bias_regularization: 0]
[eval_at: ]
[multi_error_top_k: 1]
[auc_mu_weights: ]
[num_machines: 1]
[local_listen_port: 12400]
[time_out: 120]
[machine_list_filename: ]
[machines: ]
[gpu_platform_id: -1]
[gpu_device_id: -1]
[gpu_device_id_list: ]
[gpu_use_dp: 0]
[num_gpu: 1]

end of parameters

pandas_categorical:null
