tree
version=v4
num_class=1
num_tree_per_iteration=1
label_index=0
max_feature_idx=137
objective=binary sigmoid:1
feature_names=Column_0 Column_1 Column_2 Column_3 Column_4 Column_5 Column_6 Column_7 Column_8 Column_9 Column_10 Column_11 Column_12 Column_13 Column_14 Column_15 Column_16 Column_17 Column_18 Column_19 Column_20 Column_21 Column_22 Column_23 Column_24 Column_25 Column_26 Column_27 Column_28 Column_29 Column_30 Column_31 Column_32 Column_33 Column_34 Column_35 Column_36 Column_37 Column_38 Column_39 Column_40 Column_41 Column_42 Column_43 Column_44 Column_45 Column_46 Column_47 Column_48 Column_49 Column_50 Column_51 Column_52 Column_53 Column_54 Column_55 Column_56 Column_57 Column_58 Column_59 Column_60 Column_61 Column_62 Column_63 Column_64 Column_65 Column_66 Column_67 Column_68 Column_69 Column_70 Column_71 Column_72 Column_73 Column_74 Column_75 Column_76 Column_77 Column_78 Column_79 Column_80 Column_81 Column_82 Column_83 Column_84 Column_85 Column_86 Column_87 Column_88 Column_89 Column_90 Column_91 Column_92 Column_93 Column_94 Column_95 Column_96 Column_97 Column_98 Column_99 Column_100 Column_101 Column_102 Column_103 Column_104 Column_105 Column_106 Column_107 Column_108 Column_109 Column_110 Column_111 Column_112 Column_113 Column_114 Column_115 Column_116 Column_117 Column_118 Column_119 Column_120 Column_121 Column_122 Column_123 Column_124 Column_125 Column_126 Column_127 Column_128 Column_129 Column_130 Column_131 Column_132 Column_133 Column_134 Column_135 Column_136 Column_137
feature_infos=[0:79973] [0:107387464] [6.9524784088134766:1434.8333740234375] [0:696] [-1.203703761100769:1434.8333740234375] [6.9524784088134766:1443.69189453125] [6.9524784088134766:1443.69189453125] [6.9524784088134766:1443.69189453125] [6.9524784088134766:1443.69189453125] [0:1] [0:1] [0:1] [0:1] [0:1] [0:1] [0:1] [2.193200089095626e-05:1.9037708044052124] [0:0.99571478366851807] [0:1.9037708044052124] [2.193200089095626e-05:1.9915750026702881] [1.362500029244984e-06:1.9037708044052124] [1.8729999737843173e-06:1.9037708044052124] [2.0840000161115313e-06:1.9037708044052124] [0:27] [1:79973] [6.9524784088134766:107387464] [0:1.9999972581863403] [6.9524784088134766:107387464] [0:74896] [0:106034368] [6.9524784088134766:1442.8333740234375] [0:696] [-13.565573692321777:1442.8333740234375] [6.9524784088134766:1443.69189453125] [2.3641510009765625:1443.69189453125] [6.9524784088134766:1443.69189453125] [6.9524784088134766:1443.69189453125] [0:1] [0:1] [0:1] [0:1] [0:1] [0:1] [0:1] [2.2110000372776994e-06:1.9917522668838501] [0:0.93804830312728882] [0:1.9917522668838501] [2.3439999949914636e-06:1.9917522668838501] [1.6999990748445271e-08:1.9917522668838501] [1.623000002837216e-06:1.9917522668838501] [2.3439999949914636e-06:1.9917522668838501] [0:24] [1:74896] [6.9524784088134766:106034368] [0:1.9999806880950928] [6.9524784088134766:106034368] [1:79973] [0:25306] [6.9524784088134766:107387464] [0:14382488] [6.9524784088134766:1442.8333740234375] [6.9524784088134766:1430.1473388671875] [0:696] [0:696] [2.4344263076782227:1442.8333740234375] [-13.565573692321777:1430.1473388671875] [6.9524784088134766:1443.69189453125] [2.3641510009765625:1430.1473388671875] [6.9524784088134766:1443.69189453125] [6.9524784088134766:1430.1473388671875] [6.9524784088134766:1443.69189453125] [6.9524784088134766:1430.1473388671875] [6.9524784088134766:1443.69189453125] [6.9524784088134766:1442.8333740234375] [0:1] [0:1] [0:1] [0:1] [0:1] [0:1] [0:1] [0:1] [0:1] [0:1] [0:1] [0:1] [0:1] [0:1] [1.6063799193943851e-05:1.9917522668838501] [2.2110000372776994e-06:1.9037708044052124] [0:0.99571478366851807] [0:0.83213174343109131] [9.999965300266922e-10:1.9917522668838501] [0:1.9037708044052124] [1.4629999895987567e-06:1.9917522668838501] [1.6999990748445271e-08:1.9037708044052124] [1.9540000266715651e-06:1.9917522668838501] [1.623000002837216e-06:1.9037708044052124] [2.1193000065977685e-05:1.9917522668838501] [2.0840000161115313e-06:1.9037708044052124] [2.5266999728046358e-05:1.9917522668838501] [2.3439999949914636e-06:1.9915750026702881] [1:27] [0:21] [1:79973] [1:25306] [6.9524784088134766:107387464] [6.9524784088134766:7191244] [0:1.9999972581863403] [0:1.9998902082443237] [6.9524784088134766:107387464] [6.9524784088134766:14252031] [1:99122] [13.904956817626953:107755440] [0:1] [0:1] [0:1.9999974966049194] [0.5:100] [0.004999999888241291:0.81610339879989624] [0.0007995598716661334:0.62212282419204712] [-87137:87016] [-94248824:98197832] [-1392:1384] [-1392:1384] [-0.79955452680587769:0.80254775285720825] [-87016:92121] [-98197832:103789264] [-1384:1392] [-1384:1392] [-0.80254775285720825:0.79955452680587769] [0:1] [0:1] [0:1] [0:1] [0:1] [4:6] [0:1] [35.5:97.5]
tree_sizes=1749 1750 1749 1736 1751 1758 1742 1749 1749 1747 1747 1735 1744 1751 1748 1749 1748 1755 1748 1754 1738 1756 1749 1741 1738 1753 1747 1759 1755 1764 1750 1745 1748 1748 1754 1741 1750 1745 1757 1757 1749 1754 1741 1755 1746 1754 1746 1749 1753 1747 1760 1755 1769 1757 1756 1759 1747 1737 1752 1752 1764 1763 1753 1756 1761 1752 1749 1742 1748 1761 1758 1770 1760

Tree=0
num_leaves=15
num_cat=0
split_feature=46 129 56 10 30 124 137 112 19 29 39 72 65 91
split_gain=2746.49 375.988 167.163 145.668 142.437 105.912 103.11 70.7841 70.1382 124.55 91.3182 88.1202 76.276 71.5541
threshold=2.7400000135457962e-06 -0.071272939443588243 6123.5000000000009 0.017991045489907268 1428.9470825195315 0.032836258411407478 59.083333969116218 167.50000000000003 0.015941721387207512 1609683.0000000002 0.00045924421283416455 1358.7139892578127 37.886302947998054 0.0026339483447372918
decision_type=8 10 2 10 10 8 2 2 10 2 10 2 2 10
left_child=1 2 5 4 8 -1 -5 -8 -3 11 -11 -10 -13 -14
right_child=-2 3 -4 6 -6 -7 7 -9 9 10 -12 12 13 -15
leaf_value=-0.0053403093946404996 -0.091916003712717131 0.091253540198239752 0.077858361630712108 -0.056289127995513853 -0.09328807677412386 -0.095995013051839398 -0.042395306988587789 0.056949463546941873 -0.089292559948633804 0.061383447100446978 -0.036244637294245735 0.070779285234527936 0.086640147626401112 -0.082941522757357819
leaf_weight=60.312680676579475 562.59594812989235 181.2595153003931 28.625288605690002 44.10483056306839 13.898786306381224 68.474073633551598 22.395915612578392 77.99934883415699 8.3392717838287336 39.380970686674118 57.881657958030701 555.36412440240383 9.0859870165586489 15.311216011643408
leaf_count=247 3160 433 74 221 80 391 107 233 48 114 269 1530 21 85
internal_value=-0.00107254 0.0421915 -0.0296064 0.0532355 0.0608637 -0.0539084 0.00665417 0.0345883 0.0634406 0.0559626 0.00350671 0.0646173 0.0669811 -0.0188614
internal_weight=1745.03 1182.43 157.412 1025.02 880.522 128.787 144.5 100.395 866.623 685.363 97.2626 588.101 579.761 24.3972
internal_count=7013 3853 712 3141 2580 638 561 340 2500 2067 383 1684 1636 106
is_linear=0
shrinkage=1


Tree=1
num_leaves=15
num_cat=0
split_feature=46 129 56 132 7 91 73 122 1 74 33 125 33 77
split_gain=2575.62 313.359 153.366 135.029 177.285 126.4 175.657 105.363 82.9094 110.837 75.2434 69.5732 66.9029 60.2433
threshold=2.8299999712544381e-06 -0.081489562988281236 6123.5000000000009 1.0000000180025095e-35 32.797708511352546 0.001455551013350487 98.703720092773452 -7.3433105945587149 11754.077636718752 0.99744054675102245 1425.1204833984377 -505.99999999999994 1360.7073364257815 0.035362677648663528
decision_type=8 10 2 2 10 10 2 10 2 2 10 2 10 2
left_child=1 2 7 4 12 10 -7 -1 -8 13 -6 -2 -3 -10
right_child=11 3 -4 -5 5 6 8 -9 9 -11 -12 -13 -14 -15
leaf_value=-0.084807986019592288 0.018408243482290792 0.014850074799713517 0.076911550987853905 0.076683687962150582 0.089844445234538259 0.064863148116970512 -0.046760698009753722 0.008804373184387591 0.046229170241846779 -0.070971783000071217 -0.081867163101773846 -0.090715574542221109 -0.094920610127839769 -0.044352756042932234
leaf_weight=76.840065717697144 14.690044134855269 24.305236905813217 29.124883770942688 351.38454012572765 161.26506747305393 226.38761538267136 59.484634965658188 48.684170663356781 149.62222383916378 27.698244482278824 5.8950317054986945 546.69679555296898 30.642305433750153 20.098858058452606
leaf_count=429 55 90 74 914 379 635 288 188 471 147 34 3108 175 97
internal_value=0.000607189 0.0416294 -0.0247163 0.0513526 0.0386435 0.0459366 0.0328549 -0.0487181 0.00450663 0.0201119 0.0833381 -0.0878324 -0.0469676 0.0353052
internal_weight=1772.82 1211.43 154.649 1056.78 705.399 650.452 483.292 125.524 256.904 197.419 167.16 561.387 54.9475 169.721
internal_count=7084 3921 691 3230 2316 2051 1638 617 1003 715 413 3163 265 568
is_linear=0
shrinkage=0.05


Tree=2
num_leaves=15
num_cat=0
split_feature=46 128 10 112 132 30 107 122 70 32 31 130 19 125
split_gain=2272.6 324.901 127.595 121.423 181.573 119.909 106.586 63.8964 61.8382 53.7194 94.8373 86.3459 67.4091 51.9927
threshold=2.7400000135457962e-06 224.27568054199222 0.011730306316167118 2894.5000000000005 0.99617826938629161 1428.9470825195315 33296.775390625007 -4.8516004085540763 1344.7073364257815 37.886302947998054 66.61133193969728 0.0086294354405254143 0.022373424842953685 -2396.4999999999995
decision_type=8 8 10 2 2 10 2 10 2 10 10 2 8 2
left_child=1 2 5 4 -4 8 7 -3 -1 -10 11 -11 -12 -2
right_child=13 6 3 -5 -6 -7 -8 -9 9 10 12 -13 -14 -15
leaf_value=-0.084464525401849955 0.034809047808434933 -0.078996458112247189 -0.056613948559982558 0.08164164699159808 0.056063045063334371 -0.082916556094413021 0.050038214723781643 -0.00077513433332641597 0.067318633939010691 0.071927991724002147 0.045835861834542649 -0.081677772467156906 -0.065388827434284466 -0.085934176865696058
leaf_weight=6.5958988815546027 8.5611510872840864 77.312311843037605 87.122252658009529 45.623910933732986 59.190195098519325 14.280892014503477 31.130122631788254 39.193891406059265 631.97223003208637 113.65957489609718 22.495665520429611 9.1208489686250669 31.583074599504471 554.28017710149288
leaf_count=38 29 429 440 112 173 81 94 157 1720 299 69 51 165 3162
internal_value=-0.00157717 0.0381543 0.0481703 0.011361 -0.0109597 0.0566615 -0.0310141 -0.0529125 0.0592045 0.060479 0.0357978 0.0599496 -0.0191294 -0.0840391
internal_weight=1732.12 1169.28 1021.64 191.936 146.312 829.708 147.636 116.506 815.427 808.831 176.859 122.78 54.0787 562.841
internal_count=7019 3828 3148 725 613 2423 680 586 2342 2304 584 350 234 3191
is_linear=0
shrinkage=0.05


Tree=3
num_leaves=15
num_cat=0
split_feature=46 123 59 132 69 19 5 73 8 116 1 35 36 64
split_gain=2139.98 269.871 154.401 109.203 179.456 123.123 139.828 126.123 100.851 75.0718 73.6963 63.823 62.3983 57.2624
threshold=2.8299999712544381e-06 200.07546997070315 36720.478515625007 1.0000000180025095e-35 32.797708511352546 0.016963362693786625 98.703720092773452 180.30728149414065 52.582815170288093 1.9324047565460207 17123.950195312504 1425.1204833984377 1360.7073364257815 32.797708511352546
decision_type=8 8 2 2 2 10 10 2 10 2 2 10 10 2
left_child=1 3 9 4 12 11 -7 8 -8 -3 -9 -6 -1 -12
right_child=-2 2 -4 -5 5 6 7 10 -10 -11 13 -13 -14 -15
leaf_value=0.012665876674043224 -0.08132781437790447 -0.081289812572734127 0.047528797025719258 0.070867656186993574 0.081918591483283329 0.058931804369178088 0.038513404623919806 -0.047017558549180195 -0.064795640405239371 0.008071383257483843 -0.016464339567863129 -0.076567623977786839 -0.085855886387378857 0.080484619692438225
leaf_weight=27.96665658056736 552.77422061562538 78.158302143216133 53.929469585418701 334.13155636191368 189.89892694354057 200.08471128344536 32.378991171717644 19.134374618530273 81.197282865643501 33.187406048178673 19.113215357065201 5.8215721100568762 36.074398398399353 68.562579452991486
leaf_count=104 3171 443 166 876 458 569 106 95 421 128 81 34 204 169
internal_value=-0.000233622 0.0378035 -0.0213387 0.0474513 0.035862 0.044146 0.0287818 0.00126661 -0.0352646 -0.0548203 0.0400788 0.0768393 -0.0432983 0.0594025
internal_weight=1732.41 1179.64 165.275 1014.36 680.233 616.192 420.471 220.386 113.576 111.346 106.81 195.72 64.0411 87.6758
internal_count=7025 3854 737 3117 2241 1933 1441 872 527 571 345 492 308 250
is_linear=0
shrinkage=0.05


Tree=4
num_leaves=15
num_cat=0
split_feature=93 124 37 85 100 10 53 137 39 72 65 137 116 35
split_gain=1789.27 230.335 233.813 129.376 106.657 118.731 144.592 133.499 77.7161 73.2547 67.9844 66.6231 65.7648 65.674
threshold=2.9000000267842556e-06 0.080282349139451994 0.99950224161148082 1.0000000180025095e-35 0.020757902413606647 0.011730306316167118 734444.46875000012 65.110439300537124 0.00045924421283416455 1358.7139892578127 37.931547164916999 89.334369659423842 1.9375897049903872 1425.1204833984377
decision_type=8 8 10 2 10 10 10 2 10 2 2 2 2 10
left_child=1 2 4 12 13 6 9 -7 -8 -6 -11 -9 -3 -1
right_child=-2 3 -4 -5 5 7 8 11 -10 10 -12 -13 -14 -15
leaf_value=0.07579949571944411 -0.080028333615971253 -0.069086201218103119 -0.084620773929767398 0.077449423347975277 -0.085995011485290831 -0.05303418597182083 0.038847800140081226 0.055469812040161139 -0.048871334054900531 0.061251104122056178 -0.045603240626364547 -0.048325332095147305 0.019956176014416311 -0.07550108725367953
leaf_weight=258.89128904044628 495.61290320754051 91.093016564846039 35.460933774709702 23.394683763384819 8.1252608001232129 72.318279251456261 44.687553182244301 80.138893246650696 55.507031604647636 499.67426098883152 14.655555129051207 18.280248522758484 26.26847431063652 6.6129771471023551
leaf_count=646 2894 501 210 58 47 367 143 234 270 1397 73 90 95 39
internal_value=0.000132633 0.0323376 0.0400799 -0.0277154 0.0443319 0.0350737 0.045188 -0.00185947 -0.00975065 0.0557224 0.0581238 0.0358989 -0.049156 0.0717619
internal_weight=1730.72 1235.11 1094.35 140.756 1058.89 793.387 622.65 170.737 100.195 522.455 514.33 98.4191 117.361 265.504
internal_count=7064 4170 3516 654 3306 2621 1930 691 413 1517 1470 324 596 685
is_linear=0
shrinkage=0.05


Tree=5
num_leaves=15
num_cat=0
split_feature=46 129 110 132 7 10 91 5 5 78 33 35 36 43
split_gain=1766.91 243.77 125.667 100.698 136.714 131.743 77.5006 100.792 84.0785 77.1797 56.847 48.3989 76.9265 59.9859
threshold=2.7400000135457962e-06 -0.071272939443588243 9580245.5000000019 1.0000000180025095e-35 32.797708511352546 0.08842144533991815 0.0015310678281821313 98.703720092773452 110.83229827880861 0.00020550299814203757 1425.1204833984377 1413.7432861328127 1397.8327636718752 0.94883242249488842
decision_type=8 10 2 2 10 10 10 10 10 2 10 10 10 10
left_child=1 2 9 4 -3 6 10 -8 -9 -1 -6 12 -10 -13
right_child=-2 3 -4 -5 5 -7 7 8 11 -11 -12 13 -14 -15
leaf_value=0.0042468706939802394 -0.075246251615457227 -0.044394700598060007 0.073352769264140055 0.065731020715024777 0.077197588805262396 -0.080066916641522504 0.05564027114562542 -0.067699576220350097 -0.0093022470888061461 -0.075870004649363346 -0.072284590556906864 -0.068228262572008661 0.071134185537628319 0.026857984035540513
leaf_weight=48.477333694696426 537.62735290825367 53.092993795871735 26.129747435450554 331.35670319199562 163.39712549746037 21.684455573558807 218.27786768972874 30.752376079559326 49.464320570230484 77.692109882831573 5.8634816259145728 28.114028885960579 72.702909708023071 37.665705293416977
leaf_count=193 3165 259 65 883 400 123 622 165 206 444 35 148 190 132
internal_value=-0.000352271 0.0342547 -0.0245938 0.0431232 0.0320429 0.0385662 0.0429345 0.0316832 0.00762781 -0.0452958 0.0716251 0.0202461 0.0387552 -0.0141947
internal_weight=1702.3 1164.67 152.299 1012.37 681.015 627.922 606.238 436.977 218.699 126.169 169.261 187.947 122.167 65.7797
internal_count=7030 3865 702 3163 2280 2021 1898 1463 841 637 435 676 396 280
is_linear=0
shrinkage=0.05


Tree=6
num_leaves=15
num_cat=0
split_feature=46 124 132 100 10 29 85 7 59 116 65 58 33 126
split_gain=1638.16 207.929 107.031 154.78 160.517 106.943 90.1764 79.661 73.5941 70.1914 66.9238 62.8235 51.1023 49.3006
threshold=2.8299999712544381e-06 0.080282349139451994 1.0000000180025095e-35 0.019771343097090725 0.0096659576520323771 1609683.0000000002 1.0000000180025095e-35 34.53808784484864 46119.697265625007 1.8912526965141299 37.931547164916999 4853016.2500000009 1427.2327270507815 -412833.31249999994
decision_type=8 8 2 10 10 2 2 10 2 2 2 2 10 2
left_child=1 2 3 -1 5 7 9 -5 -6 -3 -9 -7 -4 -2
right_child=13 6 12 4 8 11 -8 10 -10 -11 -12 -13 -14 -15
leaf_value=0.066955240767827953 0.022169136080302784 -0.067852626368063593 0.066323669472674568 -0.023360811328366579 -0.05736811339200372 -0.055831468595096884 0.06953355410528865 0.057189922728701242 0.043569904546320933 0.021939309586751297 -0.063588222918470216 0.060286408730407928 -0.090444718464646814 -0.075360234213009483
leaf_weight=198.22535640001297 12.884758427739142 79.74352203309536 340.73554933071136 39.681759104132652 90.527775555849075 48.517063468694687 19.96557779610157 260.02499431371689 21.710920304059982 29.239467158913612 11.198729082942007 14.3352103382349 4.450317218899726 506.77078093588352
leaf_count=525 51 451 901 177 473 245 51 735 69 104 61 39 26 3063
internal_value=0.00077226 0.0338589 0.0413545 0.0298294 0.0145803 0.0303178 -0.0258365 0.0423267 -0.0376308 -0.0437816 0.0519878 -0.0288182 0.0640471 -0.0729041
internal_weight=1678.01 1158.36 1029.41 684.222 485.996 373.758 128.949 310.905 112.239 108.983 271.224 62.8523 345.186 519.656
internal_count=6971 3857 3251 2324 1799 1257 606 973 542 555 796 284 927 3114
is_linear=0
shrinkage=0.05


Tree=7
num_leaves=15
num_cat=0
split_feature=46 128 110 132 69 10 120 17 4 36 5 3 32 78
split_gain=1494.1 195.453 85.0146 84.6734 128.696 91.7509 73.3239 63.7139 93.6438 62.1826 53.9595 73.9192 62.2137 73.9667
threshold=2.7400000135457962e-06 224.27568054199222 9580245.5000000019 1.0000000180025095e-35 32.797708511352546 0.11269841343164445 -32.499999999999993 0.0015502416645176711 37.931547164916999 1360.7073364257815 94.665630340576186 8.9486117362976092 32.797708511352546 0.018927632831037048
decision_type=8 8 2 2 2 10 2 10 10 10 10 10 10 2
left_child=1 3 6 4 9 7 -3 -6 10 -1 -9 -12 13 -13
right_child=-2 2 -4 -5 5 -7 -8 8 -10 -11 11 12 -14 -15
leaf_value=0.017878319424627944 -0.069620542300463731 0.021249877495121774 0.066296300418233353 0.060113267993067578 0.067635344518436169 -0.07236962585367715 -0.062046561280752803 0.057126454352626713 -0.052195247622750442 -0.082746388334896212 -0.059771745533560842 0.022471215883100838 0.053378800898336944 -0.087740366506176448
leaf_weight=26.56652507185936 525.14853931963444 36.857477337121964 22.365512505173683 341.28833158314228 152.19846400618553 17.919576779007912 88.706276878714561 176.87218289077282 31.289490297436714 34.429368257522583 24.742848098278046 66.251776322722435 119.0952553153038 18.679168850183487
leaf_count=97 3196 134 58 938 401 103 494 495 163 199 129 235 352 106
internal_value=0.000248755 0.0319871 -0.0215703 0.0398502 0.0294239 0.0363864 -0.0376213 0.0398114 0.0299871 -0.0393382 0.0364391 0.0202656 0.0302162 -0.00250699
internal_weight=1682.41 1157.26 147.929 1009.33 668.045 607.049 125.564 589.129 436.931 60.9959 405.641 228.769 204.026 84.9309
internal_count=7100 3904 686 3218 2280 1984 628 1881 1480 296 1317 822 693 341
is_linear=0
shrinkage=0.05


Tree=8
num_leaves=15
num_cat=0
split_feature=46 123 1 30 100 29 70 112 10 137 126 92 130 29
split_gain=1380.05 176.129 111.463 87.6792 85.3133 126.536 100.186 89.3179 88.8782 158.186 45.0051 34.9646 58.1881 34.2198
threshold=2.8299999712544381e-06 171.42915344238284 34623.378906250007 1428.9470825195315 0.020757902413606647 1662541.1875000002 1358.5483398437502 4379.0000000000009 0.010831829160451891 65.110439300537124 -102282.85546874999 0.00039815600030124193 0.0086294354405254143 17917.444335937504
decision_type=8 8 2 10 10 2 2 2 10 2 2 10 2 2
left_child=1 3 -3 4 -1 6 -6 -7 11 -10 -2 13 -13 -8
right_child=10 2 -4 -5 5 7 8 -9 9 -11 -12 12 -14 -15
leaf_value=0.066603727293866113 -0.0054606780297141097 -0.047994806369493929 0.036593895396734431 -0.080812241757142494 -0.087451665248856267 -0.058831810853769845 -0.05842526771449133 0.055065223676902135 -0.058536730945460795 0.04920614293287421 -0.071696078350851442 0.04220715704362181 -0.060019848523025748 0.059919709579751124
leaf_weight=239.77124553918839 27.289608553051949 104.30382987856865 60.898622557520866 14.187815532088278 14.299380123615263 58.587873160839081 5.448911875486373 23.307903483510017 54.860469281673431 86.347646281123161 474.64174047112465 75.289840504527092 16.106799989938736 412.46044647693634
leaf_count=634 132 558 200 82 82 304 29 66 298 260 2993 233 84 1144
internal_value=0.00112523 0.0309665 -0.0167803 0.038858 0.0406592 0.0322504 0.0394721 -0.026143 0.0423921 0.00722991 -0.0681129 0.0521077 0.0237371 0.0582409
internal_weight=1667.8 1165.87 165.202 1000.67 986.481 746.709 664.813 81.8958 650.514 141.208 501.931 509.306 91.3966 417.909
internal_count=7099 3974 758 3216 3134 2500 2130 370 2048 558 3125 1490 317 1173
is_linear=0
shrinkage=0.05


Tree=9
num_leaves=15
num_cat=0
split_feature=46 128 112 113 30 123 5 134 137 47 29 5 41 76
split_gain=1290.87 183.197 85.7411 83.0873 67.4833 57.8132 56.0296 53.9387 69.4944 51.699 101.856 108.089 46.5188 45.8472
threshold=3.1509999871559562e-06 224.27568054199222 6788.0000000000009 125464.60546875001 1428.9470825195315 36.667427062988288 67.633594512939467 0.92711213231086742 89.115234375000014 0.020750052295625213 1609683.0000000002 519.20397949218761 0.00081091630272567283 0.009592381305992605
decision_type=8 8 2 2 10 8 10 2 2 10 2 10 10 2
left_child=1 3 5 6 9 -3 -1 -8 -9 -5 13 12 -12 -11
right_child=-2 2 -4 4 -6 -7 7 8 -10 10 11 -13 -14 -15
leaf_value=0.035504052064648566 -0.067702587692721125 -0.00020519571188141675 0.064604508374016587 0.06623130208537463 -0.074407928325808545 -0.069109771806270801 -0.074603987023596816 0.0423446604186343 -0.073296257462454092 0.055651131319845927 -0.068236700144583023 0.063525669598689979 0.040550878435390264 0.020065124226912961
leaf_weight=80.541797176003456 484.57310944795609 53.927684888243675 22.816686600446701 222.96805945038795 11.006858497858046 68.91776542365551 30.404971495270729 40.792777061462402 17.858611315488815 369.63203126192093 50.82656367123127 32.152190983295441 11.418524190783499 121.80593021214008
leaf_count=263 3100 219 60 593 64 417 178 131 96 1056 276 87 36 447
internal_value=0.000533136 0.0296976 -0.0225321 0.0374019 0.0439854 -0.0391074 0.00550747 -0.0217142 0.00649499 0.0456864 0.0377676 -0.00971596 -0.0479546 0.0468896
internal_weight=1619.64 1135.07 145.662 989.408 819.81 122.845 169.598 89.0564 58.6514 808.803 585.835 94.3973 62.2451 491.438
internal_count=7023 3923 696 3227 2559 636 668 405 227 2495 1902 399 312 1503
is_linear=0
shrinkage=0.05


Tree=10
num_leaves=15
num_cat=0
split_feature=46 128 58 121 30 132 91 5 3 59 32 126 59 64
split_gain=1183.66 169.968 73.3956 71.7105 62.4529 52.6414 82.4734 81.1531 61.1056 66.5802 51.5368 51.1565 45.9472 37.9287
threshold=2.8299999712544381e-06 224.27568054199222 106963.20703125001 -34981.128906249993 1428.9470825195315 1.0000000180025095e-35 0.0015310678281821313 94.665630340576186 8.8006310462951678 9062.8867187500018 32.745433807373054 -412833.31249999994 35811.505859375007 32.745433807373054
decision_type=8 8 2 2 10 2 10 10 10 2 10 2 2 2
left_child=1 2 10 -3 5 6 -4 -8 -9 -10 -1 -2 -5 -11
right_child=11 3 4 12 -6 -7 7 8 9 13 -12 -13 -14 -15
leaf_value=-0.053549895457456004 0.030027186322095639 0.03248210416723693 0.065588450537145668 -0.065815112928868366 -0.071197989069746448 0.062345252229023207 0.049082565769756004 -0.066957294608426865 -0.047567054730005762 -0.0015521789911779951 0.018488190290699431 -0.068280557965542943 0.012594603847415224 0.046198812743485564
leaf_weight=30.136155098676682 13.090172886848448 40.106841400265694 154.75965388119221 73.339839458465576 11.190159499645231 253.95112013816833 166.62515996396542 26.271297216415405 36.666299924254417 72.152564495801926 121.60727967321873 464.99568742513657 24.57273918390274 96.959692418575287
leaf_count=158 52 136 418 442 66 693 495 148 188 289 444 3074 93 302
internal_value=0.000147216 0.0285116 0.0358939 -0.0232728 0.0418082 0.0434605 0.0346982 0.022573 0.00340866 0.0126725 0.00392455 -0.0655318 -0.0462085 0.0259363
internal_weight=1586.42 1108.34 970.319 138.019 818.576 807.386 553.435 398.675 232.05 205.779 151.743 478.086 97.9126 169.112
internal_count=6998 3872 3201 671 2599 2533 1840 1422 927 779 602 3126 535 591
is_linear=0
shrinkage=0.05


Tree=11
num_leaves=15
num_cat=0
split_feature=29 128 60 70 123 74 35 28 5 126 54 38 47 26
split_gain=1071.3 152.587 74.7516 75.1799 73.9183 56.0286 67.3207 67.8944 60.499 50.146 39.757 33.4424 33.0046 113
threshold=38810.146484375007 21.330879211425785 1429.6291503906252 1344.7073364257815 171.42915344238284 0.98378804326057445 1413.7432861328127 2108.5000000000005 126.55887603759767 -412833.31249999994 0.054994406178593642 0.0073840401601046332 0.035500476136803634 1.9951372146606448
decision_type=2 8 2 2 8 2 10 2 10 2 10 10 10 10
left_child=9 2 3 -2 10 6 8 -8 11 -1 -3 -5 -7 -14
right_child=1 4 -4 5 -6 12 7 -9 -10 -11 -12 -13 13 -15
leaf_value=0.027486129776012166 -0.075521776972079721 -0.031973260619348236 -0.074788171407580803 -0.070215306331424671 -0.047051949406602372 0.066152151257454314 -0.067867455651061628 0.066204777668912182 0.04490194569981016 -0.065410678856015758 0.026329099909051325 0.039383268812337002 0.047803980773603288 -0.059489268360907489
leaf_weight=14.477694690227507 13.234688282012938 38.080721735954285 13.818936780095099 18.976004764437679 80.514658808708191 194.76289097964764 34.756282076239586 11.940503716468809 167.03564375638962 464.27299499511719 115.76911635696888 9.8855743557214719 361.51701264083385 25.486199617385864
leaf_count=57 84 183 82 109 458 527 195 31 522 3114 402 33 1101 140
internal_value=-0.000317303 0.0271552 0.0369799 0.0389109 -0.00854222 0.0408373 0.0205311 -0.0329155 0.0333738 -0.06255 0.0117849 -0.0326142 0.0492552 0.040603
internal_weight=1564.53 1085.78 851.414 837.595 234.364 824.36 242.594 46.6968 195.897 478.751 153.85 28.8616 581.766 387.003
internal_count=7038 3867 2824 2742 1043 2658 890 226 664 3171 585 142 1768 1241
is_linear=0
shrinkage=0.05


Tree=12
num_leaves=15
num_cat=0
split_feature=46 129 132 67 124 32 60 9 112 7 79 7 137 10
split_gain=990.28 151.121 86.9652 105.854 79.7793 71.126 106.565 68.1909 68.0781 57.7003 54.9174 51.2084 61.525 50.5191
threshold=4.6734999159525623e-06 -0.081489562988281236 1.0000000180025095e-35 32.797708511352546 0.034004390239715583 37.931547164916999 1396.4783325195315 0.9894177019596101 3378.5000000000005 1393.1854248046877 0.45852446556091314 42.858585357666023 95.292655944824233 0.060773944482207305
decision_type=8 10 2 2 8 10 2 10 2 10 2 10 2 10
left_child=1 4 3 7 -1 13 -7 8 10 -4 -3 12 -9 -5
right_child=-2 2 9 5 -6 6 -8 11 -10 -11 -12 -13 -14 -15
leaf_value=0.013899023656869817 -0.063961704522304583 -0.066640115622985011 0.056952965003089023 0.054137799790786249 -0.060244259674114425 -0.072054957292043073 0.037787067690606982 -0.081514813159928368 0.059812489169112838 -0.083612484895345285 0.062654246470018923 0.035291571662104837 0.03679694461831861 -0.04604395530725925
leaf_weight=73.032992377877235 434.78971630334854 75.943980634212494 307.8568594455719 285.4532051384449 70.509198307991028 32.470530211925507 63.889330878853798 23.47473156452179 14.939273402094839 6.6302619725465766 8.4041858911514264 109.59323184192181 19.132745325565338 12.432057231664656
leaf_count=282 3013 428 885 850 437 185 214 140 41 37 22 361 62 67
internal_value=-0.000134463 0.0250432 0.0321944 0.0216373 -0.0226856 0.0377734 0.000413517 -0.00370788 -0.035747 0.0537338 -0.0531745 0.0172896 -0.0287618 0.0498167
internal_weight=1538.55 1103.76 960.22 645.733 143.542 394.245 96.3599 251.488 99.2874 314.487 84.3482 152.201 42.6075 297.885
internal_count=7024 4011 3292 2370 719 1316 399 1054 491 922 450 563 202 917
is_linear=0
shrinkage=0.05


Tree=13
num_leaves=15
num_cat=0
split_feature=29 123 129 60 101 10 29 137 39 85 125 5 134 70
split_gain=940.179 119.848 92.208 73.1855 62.3769 70.5096 95.8985 76.2817 73.3155 52.2155 42.8829 39.2748 49.9087 37.4541
threshold=38810.146484375007 27.948576927185062 -0.024682951159775254 1429.6291503906252 0.017235058359801773 0.011059917509555818 1609683.0000000002 65.110439300537124 0.00046882583410479134 4.8368185161962181e-05 -792.49999999999989 95.521781921386733 0.94481638073921215 1358.5483398437502
decision_type=2 8 10 2 10 10 2 2 10 2 2 10 2 2
left_child=10 3 9 4 -2 6 13 -7 -8 -3 -1 -9 -13 -6
right_child=1 2 -4 -5 5 7 8 11 -10 -11 -12 12 -14 -15
leaf_value=0.027702782791454796 0.061205262876384531 -0.054498198247547695 0.020917379795484178 -0.077050414050210403 -0.062249765436541621 -0.050742930145512545 0.044021724157004824 -0.053112784710691932 -0.059132390002674486 0.059493896767773197 -0.062421296915960635 -0.04617845330960333 0.06324766941221395 0.048296318493238045
leaf_weight=13.074415400624273 199.80052088201046 88.267787456512451 139.84849898517132 13.435127735137938 6.9856556951999655 51.199639156460762 28.344097837805748 11.91546083986759 40.862642705440521 10.490065976977347 438.50819900631905 12.128726318478583 53.209952145814896 421.77738526463509
leaf_count=52 572 527 512 84 39 283 88 61 219 30 3098 68 147 1289
internal_value=0.000733814 0.0260993 -0.00515497 0.0349765 0.0368891 0.0290481 0.037553 -0.00395778 -0.0168596 -0.0419149 -0.0597565 0.027301 0.0425451 0.0463546
internal_weight=1529.85 1078.27 238.606 839.659 826.224 626.424 497.97 128.454 69.2067 98.7579 451.583 77.2541 65.3387 428.763
internal_count=7069 3919 1069 2850 2766 2194 1635 559 307 557 3150 276 215 1328
is_linear=0
shrinkage=0.05


Tree=14
num_leaves=15
num_cat=0
split_feature=46 116 110 100 29 10 134 22 124 130 70 5 4 60
split_gain=865.133 158.194 104.493 66.7029 77.3874 92.4758 84.3171 82.4741 56.4266 52.5143 49.7112 49.7079 45.5907 38.3691
threshold=1.4076000297791326e-05 1.5880963206291201 9580245.5000000019 0.020903413183987144 1662541.1875000002 0.011059917509555818 0.92711213231086742 0.0014238872681744399 0.025142981670796875 0.55648330226540577 1358.5483398437502 95.521781921386733 37.931547164916999 1425.009948730469
decision_type=8 2 2 10 2 10 2 10 8 2 2 10 10 2
left_child=1 2 8 -3 5 10 -7 -6 -1 11 -5 -8 13 -12
right_child=-2 3 -4 4 7 6 9 -9 -10 -11 12 -13 -14 -15
leaf_value=0.00055342974610686491 -0.062013493582233084 0.055841048305603561 0.053011061189611644 -0.072812431145129905 0.059073261323010745 -0.05760643433183979 -0.0429990953317059 -0.053239979927541752 -0.067265317755178008 -0.06505351649532104 0.047465007945269491 0.052394010901071458 -0.044342086046720852 -0.04656282395229773
leaf_weight=48.380199179053307 412.41376611590385 208.81727379560471 35.724375456571579 8.6581532061099988 21.645199358463287 49.108746886253357 15.878252476453779 58.269010320305824 82.712294653058052 14.255663231015204 448.04409004747868 74.424743726849556 13.894333094358442 10.360818624496458
leaf_count=202 3026 633 105 50 60 285 79 308 543 85 1386 229 71 55
internal_value=-0.000417092 0.0229204 -0.0217905 0.0310128 0.0236891 0.0295272 -0.00422174 -0.0224652 -0.0424218 0.02116 0.0402965 0.0353335 0.0425195 0.0452431
internal_weight=1502.59 1090.17 166.817 923.356 714.539 634.625 153.667 79.9142 131.092 104.559 480.957 90.303 472.299 458.405
internal_count=7117 4091 850 3241 2608 2240 678 368 745 393 1562 308 1512 1441
is_linear=0
shrinkage=0.05


Tree=15
num_leaves=15
num_cat=0
split_feature=29 40 118 70 130 7 60 2 116 137 137 95 75 126
split_gain=797.548 107.793 66.092 65.474 68.3397 99.9341 90.2849 77.2841 59.8576 47.0071 51.6594 81.2884 46.0326 43.3267
threshold=38810.146484375007 0.0003676669293781743 0.2274994105100632 1344.7073364257815 0.0086294354405254143 42.858585357666023 1383.2138671875002 109.29494094848634 1.9400411844253542 58.173351287841804 50.256685256958015 2.3800999997547483e-06 0.065982975065708174 -102282.85546874999
decision_type=2 10 2 2 2 10 2 10 2 2 2 10 2 2
left_child=13 3 8 -2 9 -6 7 -7 -3 10 12 -12 -5 -1
right_child=1 2 -4 4 5 6 -8 -9 -10 -11 11 -13 -14 -15
leaf_value=0.0045877227212626943 -0.072736373199060053 -0.066907062187321106 0.046718700849900457 0.042931283580716462 -0.065293664105071966 -0.075275909622121329 0.048145435936389452 0.055550826394532474 -0.0012343281753478244 0.051788092579544975 0.049063325944676196 -0.077624799019256757 -0.069447976625627836 -0.06042517856547145
leaf_weight=27.218478307127953 13.717929631471632 52.907066658139229 40.345806688070297 151.6372434347868 36.282135426998138 32.705336198210716 120.88057364523411 16.104907989501953 97.472704291343689 420.52092076838017 21.846038579940796 27.549736693501472 8.8087833970785123 402.81018172204494
leaf_count=142 91 344 126 499 214 190 385 47 411 1300 72 166 49 3021
internal_value=0.000893356 0.0245596 -0.00937115 0.0321747 0.0339803 0.00892241 0.0250803 -0.0318611 -0.0246289 0.0421409 0.0226542 -0.0217333 0.0363695 -0.0563091
internal_weight=1470.81 1040.78 190.726 850.054 836.336 205.973 169.691 48.8102 150.38 630.363 209.842 49.3958 160.446 430.029
internal_count=7057 3894 881 3013 2922 836 622 237 755 2086 786 238 548 3163
is_linear=0
shrinkage=0.05


Tree=16
num_leaves=15
num_cat=0
split_feature=46 124 132 105 10 104 47 56 116 111 4 126 8 78
split_gain=736.72 109.1 70.5485 94.5822 91.9577 67.6571 57.7925 46.2805 67.0918 45.2715 46.1631 44.4649 41.1424 41.5842
threshold=2.8299999712544381e-06 0.080282349139451994 1.0000000180025095e-35 1216.5000000000002 0.0096659576520323771 547.75000000000011 0.040606332942843444 6123.5000000000009 1.9324047565460207 792.22204589843761 37.931547164916999 -102282.85546874999 1367.4939575195315 0.60120484232902538
decision_type=8 8 2 2 10 2 10 2 2 2 10 2 8 2
left_child=1 2 3 4 5 9 -7 8 -3 -1 -11 -2 13 -4
right_child=11 7 12 -5 -6 6 -8 -9 -10 10 -12 -13 -14 -15
leaf_value=-0.0077399225969260257 0.0057157832201609983 -0.063167255064570299 0.053624418239100982 0.049409512707220431 -0.037260199814494181 0.017234874405230315 -0.068907424823104177 0.041710816611696538 0.028346750944608867 0.046260433594068583 -0.07283497864373667 -0.06111411621224893 -0.069216473673199469 -0.092984854610742754
leaf_weight=60.370393842458725 26.431007519364357 69.610208377242088 283.16703057289124 175.34275601804256 95.010106652975082 41.148214906454086 35.431351467967033 21.932218104600906 27.280572026968002 195.00559851527214 7.6202984899282447 384.89059876650572 6.436113864183425 4.0464532971382132
leaf_count=252 140 461 859 567 502 151 204 69 95 614 47 3024 34 24
internal_value=-0.000389044 0.0223455 0.0282678 0.0185228 0.00597612 0.0181471 -0.0229954 -0.0225505 -0.0373742 0.0301688 0.0414458 -0.0568163 0.0483773 0.0512434
internal_weight=1433.72 1022.4 903.578 609.929 434.586 339.576 76.5796 118.823 96.8908 262.996 202.626 411.322 293.65 287.213
internal_count=7043 3879 3254 2337 1770 1268 355 625 556 913 661 3164 917 883
is_linear=0
shrinkage=0.05


Tree=17
num_leaves=15
num_cat=0
split_feature=46 128 40 30 105 9 35 4 58 109 137 126 124 14
split_gain=686.733 111.372 62.9934 54.7345 48.561 60.7156 46.9462 44.0059 38.6257 63.2412 37.9023 33.8659 31.0759 31.0676
threshold=6.4719999954832028e-06 21.330879211425785 0.00043432334496174013 1428.9470825195315 1540.5000000000002 0.9891500473022462 1413.7432861328127 37.886302947998054 1696998.1250000002 1.9873989820480349 89.334369659423842 -83201.226562499985 0.025142981670796875 8.8841512479120879e-05
decision_type=8 8 10 10 2 10 10 10 2 2 2 2 8 10
left_child=1 3 12 4 5 6 10 8 -7 -10 -1 -2 -3 -4
right_child=11 2 13 -5 -6 7 -8 -9 9 -11 -12 -13 -14 -15
leaf_value=0.024036312382482643 -0.00021226289431507529 0.021245609034484532 -0.062983971020913035 -0.073432269536122252 0.058711472170773396 0.050298024891961224 -0.043026484045918502 -0.03025064819400812 -0.046748311897493539 0.04908629745111924 -0.039306660540890936 -0.061431840048545752 -0.02247441333077 0.039581806238582366
leaf_weight=184.37147932499647 24.119908086955547 121.71014057844877 57.053906500339508 11.641649469733236 137.37875214219093 294.34983187913895 39.052022635936737 21.389845341444016 28.950395777821541 39.525482535362244 26.147734388709068 356.83756572008133 59.828506954014301 7.7710872292518607
leaf_count=694 134 455 375 74 423 918 212 108 154 126 131 2917 324 26
internal_value=-0.000303712 0.020928 -0.00836551 0.0301461 0.0318028 0.0258868 0.00664586 0.0383352 0.0424506 0.00847942 0.0160201 -0.0575665 0.0067929 -0.0502741
internal_weight=1410.13 1029.17 246.364 782.807 771.166 633.787 249.571 384.216 362.826 68.4759 210.519 380.957 181.539 64.825
internal_count=7071 4020 1180 2840 2766 2343 1037 1306 1198 280 825 3051 779 401
is_linear=0
shrinkage=0.05


Tree=18
num_leaves=15
num_cat=0
split_feature=29 116 19 132 10 118 37 69 57 33 42 70 30 33
split_gain=645.381 95.211 77.0949 101.013 88.6046 71.7264 54.2694 52.2814 49.2859 45.8672 44.5956 36.5974 35.4364 30.0915
threshold=19254.791015625004 0.30583725869655615 0.015941721387207512 1.0000000180025095e-35 0.0096659576520323771 0.20097483694553378 0.0050158170051872739 172.849479675293 75.500000000000014 1427.2327270507815 0.00032531579199712729 1358.5483398437502 1430.3109130859377 1410.5380859375002
decision_type=2 2 10 2 10 2 10 2 2 10 10 2 10 10
left_child=-1 -2 12 4 6 -6 10 9 -8 11 13 -5 -3 -4
right_child=1 2 3 7 5 -7 8 -9 -10 -11 -12 -13 -14 -15
leaf_value=-0.056611561676581303 -0.047917095532398535 0.059205344735048716 -0.017055946975124466 -0.088243985348908219 -0.044760995937883352 0.054755787405550517 -0.051999111652325104 -0.034828406010036443 0.039481313183162461 -0.082317999297134542 -0.056624730423713965 0.053623951391843672 -0.061826059097574854 0.032563285777836855
leaf_weight=377.40156384557486 47.982020817697048 157.92704425007105 59.208190813660622 3.7666371017694464 119.25407531857491 20.439993858337402 15.037405177950857 20.031098149716854 199.90579012036324 5.74789273738861 32.947462275624275 242.65557941049337 5.5072894543409339 61.151749268174171
leaf_count=3085 314 496 267 22 688 62 80 105 671 35 183 754 37 215
internal_value=-0.00105165 0.0201309 0.0236383 0.0170535 0.00385908 -0.029914 0.0167171 0.0415708 0.0328702 0.0477532 -0.00599653 0.0511076 0.0547757 0.00821488
internal_weight=1368.96 991.562 943.58 780.146 507.945 139.694 368.251 272.201 214.943 252.17 153.307 246.422 163.434 120.36
internal_count=7014 3929 3615 3082 2166 750 1416 916 751 811 665 776 533 482
is_linear=0
shrinkage=0.05


Tree=19
num_leaves=15
num_cat=0
split_feature=46 128 123 60 100 29 5 70 10 137 110 35 39 85
split_gain=621.919 95.0235 46.4739 46.4678 38.1672 51.317 72.2439 59.2898 48.9816 65.1313 38.1406 54.0673 36.4373 32.2498
threshold=2.7400000135457962e-06 21.330879211425785 171.42915344238284 1429.6291503906252 0.020757902413606647 1662541.1875000002 519.20397949218761 1358.5483398437502 0.0096659576520323771 65.110439300537124 32915.228515625007 36.916666030883796 0.00039004100835882133 0.00015273040480678904
decision_type=8 8 8 2 10 2 10 2 10 2 2 10 10 2
left_child=1 3 -3 4 -1 7 12 -6 -9 13 -2 -12 -7 -10
right_child=10 2 -4 -5 5 6 -8 8 9 -11 11 -13 -14 -15
leaf_value=0.052894597487691798 -0.057147922456077777 0.0095072570253293149 -0.038190118071691148 -0.064703280041910907 -0.082268819409345301 0.027950326159504813 0.054920709567604357 0.043801209763360612 -0.053059842054702155 0.037050783328062567 0.12994150155544507 -0.034694438224977718 -0.068224437351371445 0.064562548514557047
leaf_weight=171.84089022129774 358.82091201096773 156.53882958739996 74.599757812917233 11.668481454253195 10.190706402063368 12.365883544087408 26.191528812050819 356.71927307546139 42.285536348819733 70.606432408094406 5.6728613674640682 18.76499842852354 39.776386111974716 5.8690250217914572
leaf_count=570 3063 624 470 74 62 43 77 1175 252 244 22 138 236 17
internal_value=0.000868963 0.0220139 -0.00598522 0.0306679 0.032266 0.0258984 -0.0115334 0.0319471 0.0345625 0.00667857 -0.0530415 0.00712898 -0.0453192 -0.0377023
internal_weight=1361.91 978.653 231.139 747.514 735.846 564.005 78.3338 485.671 475.48 118.761 383.259 24.4379 52.1423 48.1546
internal_count=7067 3844 1094 2750 2676 2106 356 1750 1688 513 3223 160 279 269
is_linear=0
shrinkage=0.05


Tree=20
num_leaves=15
num_cat=0
split_feature=58 100 72 68 42 68 131 133 9 68 67 66 63 43
split_gain=548.539 81.5259 72.7462 75.1209 82.1354 61.841 56.2941 48.694 69.8898 49.3944 71.2008 48.784 44.488 36.9515
threshold=66383.562500000015 0.020757902413606647 1358.7139892578127 1413.7432861328127 0.00065766132320277404 1410.5380859375002 0.99619111418724071 0.93870902061462413 0.9984537959098817 1367.4939575195315 32.797708511352546 53.832799911499031 327.10461425781256 0.96086090803146373
decision_type=2 10 2 2 10 2 2 2 10 2 2 2 2 10
left_child=12 -2 -3 5 13 6 7 9 -9 -4 -11 -12 -1 -5
right_child=1 2 3 4 -6 -7 -8 8 -10 10 11 -13 -14 -15
leaf_value=-0.055604155345383266 0.048205145599587662 -0.073713117743940945 0.051782723881083098 -0.031313639943292712 -0.060789393843101017 0.060973469225869575 -0.072564783497617122 -0.046798647071286857 0.033377543810783658 -0.086277656864935853 -0.10430127665247955 0.028490371464577748 0.031323949476740921 0.02463969935201557
leaf_weight=350.30150279402733 200.32749941200018 22.792742863297462 144.18967130035162 39.73996964097023 57.405151925981045 96.751929827034473 15.951887160539625 55.986976891756058 51.009507372975349 15.684368290007113 6.28366445749998 148.24835169315338 14.751502782106398 106.37481279671192
leaf_count=2959 700 164 463 229 360 318 107 325 176 101 41 584 77 414
internal_value=7.59626e-05 0.0199026 0.0123929 0.0151498 -0.0106613 0.0249866 0.0169046 0.0204552 -0.00862032 0.0303459 0.0119904 0.0224548 -0.0520155 0.00931223
internal_weight=1325.8 960.747 760.419 737.626 203.52 534.106 437.354 421.403 106.996 314.406 170.216 154.532 365.053 146.115
internal_count=7018 3982 3282 3118 1003 2115 1797 1690 501 1189 726 625 3036 643
is_linear=0
shrinkage=0.05


Tree=21
num_leaves=15
num_cat=0
split_feature=46 128 110 116 132 113 32 67 30 121 17 37 39 109
split_gain=519.287 88.0931 44.5434 49.8977 46.6707 39.1617 40.4756 37.3191 32.6588 31.691 31.4193 39.6234 66.3701 32.5994
threshold=1.4076000297791326e-05 13.89053535461426 9580245.5000000019 0.83209568262100231 0.99617826938629161 122886.08203125001 1358.6656494140627 33.603672027587898 1428.9470825195315 -113706.94531249999 0.0014354184386320414 0.0033798062941059475 0.00045924421283416455 0.30349618196487432
decision_type=8 8 2 2 2 2 10 2 10 2 10 10 10 2
left_child=1 5 3 -3 7 6 -1 -5 10 -2 -7 12 -12 -14
right_child=9 2 -4 4 -6 8 -8 -9 -10 -11 11 -13 13 -15
leaf_value=-0.025039902179786258 0.013363268186644428 -0.050751889255512085 0.060698024974677835 -0.045765443573030917 0.035519537771241408 0.059190920352807666 0.035938372506989245 0.0085407528510057229 -0.05768505936024651 -0.057512480496639345 0.031270951500979478 0.037348620414284738 0.025106849974953535 -0.074347365560633802
leaf_weight=63.335213102400303 16.254427894949913 60.014383397996426 22.420445531606674 57.598672561347485 64.3702192902565 107.62594114989042 46.163638666272163 68.186017207801342 8.8350606709718686 310.78858307749033 74.701374977827072 356.18789649754763 10.745942428708075 29.293019205331802
leaf_count=329 108 423 65 319 224 363 164 296 58 2867 270 1276 40 184
internal_value=0.000425152 0.0188081 -0.00527795 -0.0114089 0.00120858 0.0282234 0.000760523 -0.0164917 0.033333 -0.0539599 0.03482 0.0291367 0.00354199 -0.0476938
internal_weight=1296.52 969.478 272.59 250.169 190.155 696.888 109.499 125.785 587.389 327.043 578.554 470.928 114.74 40.039
internal_count=6986 4011 1327 1262 839 2684 493 615 2191 2975 2133 1770 494 224
is_linear=0
shrinkage=0.05


Tree=22
num_leaves=15
num_cat=0
split_feature=46 123 116 85 30 9 59 132 126 76 115 4 53 132
split_gain=492.14 86.9224 67.0732 66.5893 42.5293 47.3984 53.1815 51.7521 33.3552 32.2026 39.116 29.6191 37.2 24.9102
threshold=1.4076000297791326e-05 18.770538330078129 1.9295966625213625 1.8746215573628436e-05 1428.9470825195315 0.98840314149856578 18956.476562500004 0.99617826938629161 -83201.226562499985 0.0040618961211293944 0.040381398051977165 37.931547164916999 1952574.2500000002 0.99617826938629161
decision_type=8 8 2 2 10 8 2 2 2 2 2 10 10 2
left_child=1 4 3 -3 5 6 7 -1 -2 10 -8 -7 -13 -4
right_child=8 2 13 -5 -6 11 9 -9 -10 -11 -12 12 -14 -15
leaf_value=-0.041091928286918371 0.0062620942163761255 -0.051916749377936514 -0.0018206572337562854 0.059540418976507463 -0.063004779391359775 0.042149273357391395 -0.082390561305570598 0.02658260218182933 -0.057304800843393983 0.050551415088569078 0.023802958594157632 -0.060414976389873899 0.048011367580015847 0.039259751921848052
leaf_weight=68.002466134727001 21.952424630522728 93.546620383858681 89.938408225774765 14.756849229335783 11.889975138008593 416.47293352335691 10.279364898800848 46.945632420480251 300.57293382287025 87.058041423559189 36.507991090416908 15.670662373304369 14.0797221660614 61.478581219911575
leaf_count=398 131 638 399 45 78 1482 59 173 2902 295 137 96 48 211
internal_value=0.000413911 0.0182631 -0.00645541 -0.0363244 0.027341 0.0289749 0.0114255 -0.0134623 -0.0529722 0.0327408 -0.000764052 0.0387123 -0.00920833 0.015007
internal_weight=1289.15 966.627 259.72 108.303 706.907 695.017 248.793 114.948 322.525 133.845 46.7874 446.223 29.7504 151.417
internal_count=7092 4059 1293 683 2766 2688 1062 571 3033 491 196 1626 144 610
is_linear=0
shrinkage=0.05


Tree=23
num_leaves=15
num_cat=0
split_feature=113 6 64 33 64 85 70 25 64 36 43 84 30 70
split_gain=429.409 84.8716 59.899 47.1753 45.2923 53.5684 43.2427 42.0506 42.2018 41.8878 84.4706 44.4429 42.4471 36.6983
threshold=114470.77343750001 37.830171585083015 37.886302947998054 100.55838775634767 1358.6656494140627 0.01213235314935446 1344.7073364257815 77372.167968750015 672.71490478515636 1413.7432861328127 0.94883242249488842 0.00082696173922158789 1430.3109130859377 1405.148864746094
decision_type=2 8 2 10 2 2 2 10 2 10 10 2 10 2
left_child=1 4 3 -2 5 -1 -5 8 -4 13 -11 12 -12 -8
right_child=2 -3 7 6 -6 -7 9 -9 -10 10 11 -13 -14 -15
leaf_value=-0.036157674142555753 -0.063661189965545747 -0.057755127300090608 -0.039783309710856404 -0.064596111478735216 0.021420974734275247 0.099824931620450447 0.031643399308211195 0.048542521507388137 0.019058381318463366 -0.064509051393573116 0.050020812250732564 -0.050946585142722094 -0.057299623336381528 0.063510666707818728
leaf_weight=142.12250760942698 12.507998578250406 250.66661094129086 79.610224977135658 10.698135063052176 61.048786789178848 6.6800378113985053 345.42006319761276 28.537185817956924 48.221835814416409 29.645750299096107 95.119297079741955 14.538864590227602 9.3584704250097257 124.13837485015392
leaf_count=992 99 2437 484 85 242 23 1319 101 212 176 325 84 64 399
internal_value=0.00023071 -0.0381658 0.0224147 0.0291703 -0.0146035 -0.0294275 0.0311147 -0.00530627 -0.0176109 0.0328726 0.00966073 0.0285192 0.0399556 0.0401853
internal_weight=1258.31 460.518 797.796 641.427 209.851 148.803 628.919 156.369 127.832 618.221 148.662 119.017 104.478 469.558
internal_count=7042 3694 3348 2551 1257 1015 2452 797 696 2367 649 473 389 1718
is_linear=0
shrinkage=0.05


Tree=24
num_leaves=15
num_cat=0
split_feature=46 116 112 98 121 67 67 6 67 68 68 34 36 76
split_gain=425.31 77.3623 69.4435 53.0644 43.8429 42.8025 45.1582 47.367 45.7875 44.7005 48.3651 116.82 63.1241 43.8029
threshold=4.6734999159525623e-06 1.5880963206291201 6788.0000000000009 0.0036970335058867936 -67396.890624999985 37.886302947998054 32.745433807373054 34.752981185913093 36.358932495117195 174.96810150146487 1368.2834472656252 1416.1473388671877 1358.6656494140627 0.013907607179135086
decision_type=8 2 2 10 2 2 2 10 2 2 2 10 10 2
left_child=1 2 4 -3 -1 6 9 -8 -9 -5 12 -12 -11 -10
right_child=-2 3 -4 5 -6 -7 7 8 13 10 11 -13 -14 -15
leaf_value=0.011895729384679289 -0.051304810913336156 0.048888447632471917 0.043731092724195661 -0.093790878310989589 -0.055692417878615931 -0.029645190155499976 0.05859991690356306 -0.093222655991406153 0.034843525918129802 -0.077152933211511288 -0.066068167491411922 0.030882039217951764 0.036157655872721836 -0.032913889963341998
leaf_weight=33.71936521679163 307.62092185765505 153.77748470008373 35.359944194555283 9.7756366655230504 79.636648751795292 46.342975348234177 115.60940143465996 7.9536358937621108 134.95804826915264 12.41028820723295 56.538395270705223 66.642167657613754 155.05918415635824 28.096324443817139
leaf_count=141 3085 560 121 68 583 248 375 51 498 78 346 260 558 146
internal_value=-0.000397803 0.0163721 -0.0166166 0.0226177 -0.0356591 0.0161725 0.0198338 0.0339973 0.0171207 0.0062533 0.00992821 -0.0137906 0.0273527 0.0230386
internal_weight=1243.5 935.88 148.716 787.164 113.356 633.386 587.043 286.617 171.008 300.426 290.65 123.181 167.469 163.054
internal_count=7118 4033 845 3188 724 2628 2380 1070 695 1310 1242 606 636 644
is_linear=0
shrinkage=0.05


Tree=25
num_leaves=15
num_cat=0
split_feature=46 128 30 17 132 69 66 59 54 134 84 112 123 5
split_gain=409.516 73.6382 38.4489 40.2414 39.1178 48.8924 52.7614 44.7856 42.9364 35.0107 45.9187 34.5041 34.8443 32.2685
threshold=1.4076000297791326e-05 22.750803947448734 1428.9470825195315 0.0014354184386320414 1.0000000180025095e-35 32.797708511352546 1405.148864746094 14835.641601562502 0.38414326310157781 0.029018141329288486 0.0010413955897092821 6788.0000000000009 171.42915344238284 62.832298278808601
decision_type=8 8 10 8 2 2 2 2 10 2 2 2 8 10
left_child=1 2 3 -1 5 13 7 -7 -9 10 -8 12 -3 -5
right_child=-2 11 -4 4 -6 6 9 8 -10 -11 -12 -13 -14 -15
leaf_value=0.053903092603866047 -0.051611600986062794 -0.00079091724981027287 -0.062306639137620613 0.015530321742567889 0.039468771466202049 -0.035998975181784805 0.032894463429223877 0.055336712287422318 -0.0090434352157625301 0.05770260612414764 -0.051884768157097819 0.048662371159709006 -0.04515862769950648 -0.068017127366501756
leaf_weight=108.00864014029503 288.60083358734846 137.48254197835922 11.642555087804793 18.452200531959534 187.7129487618804 60.940821774303913 70.197014726698399 42.977065548300743 62.428892910480499 94.340662889182568 19.635680705308914 22.735186517238617 64.28298419713974 28.579690210521221
leaf_count=409 3009 614 77 69 692 334 264 141 288 307 121 74 486 187
internal_value=0.000311807 0.0164731 0.0244072 0.0259511 0.0207095 0.0117752 0.0182147 -0.00221023 0.0174796 0.036575 0.0139962 -0.00843726 -0.0150796 -0.0355977
internal_weight=1218.02 929.417 704.916 693.274 585.265 397.552 350.52 166.347 105.406 184.173 89.8327 224.501 201.766 47.0319
internal_count=7072 4063 2889 2812 2403 1711 1455 763 429 692 385 1174 1100 256
is_linear=0
shrinkage=0.05


Tree=26
num_leaves=15
num_cat=0
split_feature=93 113 33 5 85 78 126 27 32 5 26 114 134 137
split_gain=368.846 78.4399 51.616 51.038 48.232 45.7138 87.6731 46.1327 45.4216 60.3445 45.3507 40.7375 37.3496 37.1529
threshold=5.6359999689448168e-06 125464.60546875001 100.55838775634767 67.633594512939467 0.0083402548916637915 0.00040891449316404765 156151.57812500003 55240.302734375007 37.743314743041999 99.204303741455092 1.9891163706779482 0.46043783426284796 0.96897748112678539 95.292655944824233
decision_type=8 2 10 10 2 2 2 10 10 10 10 2 2 2
left_child=1 3 -3 -1 -5 7 10 8 13 -10 -7 -12 -11 -4
right_child=-2 2 5 4 -6 6 -8 -9 9 12 11 -13 -14 -15
leaf_value=0.018955548721608081 -0.054184042575875183 -0.063171752802966288 0.043086077277996473 -0.040359784797918546 0.089758845674240695 0.044850789128587726 -0.029296085296811797 0.056621449081762767 0.022532945198150505 -0.086068237784935137 -0.050352450988543497 0.032970528392188433 0.046840640614879331 -0.027813085651486231
leaf_weight=74.579650327563286 251.78939723223448 16.66390834748745 174.2103211954236 120.28097049891949 6.6378753557801238 127.50954180210829 101.15449316054583 145.37841469049454 60.869968883693218 26.263757765293121 28.255290135741234 28.464832976460457 5.8757515400648108 19.971760004758835
leaf_count=299 2763 147 641 810 21 462 593 540 243 165 164 111 20 97
internal_value=-0.000585929 0.0138729 0.0214475 -0.013712 -0.0329061 0.0234967 0.0079244 0.0337284 0.0219835 -0.00670535 0.0284088 -0.00869029 -0.0610896 0.0356889
internal_weight=1187.91 936.117 734.618 201.498 126.919 717.954 285.384 432.57 287.192 93.0095 184.23 56.7201 32.1395 194.182
internal_count=7076 4313 3183 1130 831 3036 1330 1706 1166 428 737 275 185 738
is_linear=0
shrinkage=0.05


Tree=27
num_leaves=15
num_cat=0
split_feature=93 92 116 112 32 137 66 39 97 32 125 97 42 132
split_gain=355.948 67.4335 63.8639 59.89 55.6364 41.658 67.0918 49.03 73.1217 40.6219 38.7459 34.4692 50.6288 33.5144
threshold=5.6359999689448168e-06 0.00075296798604540538 1.6626424193382265 6788.0000000000009 1358.6656494140627 58.173351287841804 180.40649414062503 0.030457638204097751 0.004978475160896779 888.66665649414074 -2883.4999999999995 3.9224998999998215e-06 0.00099058967316523216 1.0000000180025095e-35
decision_type=8 10 2 2 10 2 2 10 10 10 2 10 10 2
left_child=1 2 3 9 -3 6 -4 13 -9 10 -1 -8 -13 -7
right_child=-2 4 5 -5 -6 7 11 8 -10 -11 -12 12 -14 -15
leaf_value=0.058754701912371976 -0.054253060555816059 -0.061404269490095954 -0.065701942220807039 0.044500117713428142 0.0079585712312197649 0.028061496316532344 0.056371647366940052 -0.08772780773971238 0.064224226978912488 0.063257243049226183 -0.049531431622193617 0.019031313783074971 -0.052944592608058984 0.060406140201593052
leaf_weight=8.2555223405361158 243.16210000216961 49.517755702137947 24.770767770707607 34.90333454310894 67.124736294150352 185.8971231803298 48.809229135513306 17.536898367106918 12.889657773077486 9.6783478558063489 89.285760380327702 201.69398055970669 26.807712413370609 144.45646660774946
leaf_count=28 2774 370 159 124 282 776 172 103 45 32 646 884 168 499
internal_value=-0.000570028 0.0136372 0.0187868 -0.0115634 -0.0217594 0.0253017 0.0115477 0.0367542 -0.0233608 -0.0300564 -0.0398633 0.0186593 0.0103932 0.0423447
internal_weight=1164.79 921.627 804.985 142.123 116.642 662.862 302.082 360.78 30.4266 107.22 97.5413 277.311 228.502 330.354
internal_count=7062 4288 3636 830 652 2806 1383 1423 148 706 674 1224 1052 1275
is_linear=0
shrinkage=0.05


Tree=28
num_leaves=15
num_cat=0
split_feature=46 128 30 40 17 132 5 5 7 126 79 63 100 134
split_gain=337.358 59.1546 38.4409 36.2735 33.8117 48.9427 36.7427 35.8939 32.0959 28.4964 26.3334 28.5571 43.8347 30.3565
threshold=1.4076000297791326e-05 21.330879211425785 1428.9470825195315 0.00040649829315952962 0.0014354184386320414 1.0000000180025095e-35 94.665630340576186 519.20397949218761 1397.0390625000002 -83201.226562499985 0.39483961462974554 19.092600822448734 0.065582092851400389 0.99585920572280895
decision_type=8 8 10 10 8 2 10 10 10 2 2 2 10 2
left_child=1 2 4 -3 -1 6 -6 10 -7 -2 11 12 -8 -14
right_child=9 3 -4 -5 5 8 7 -9 -10 -11 -12 -13 13 -15
leaf_value=0.051429337597663341 0.0095831958218638453 0.0046116613307524449 -0.067586315174954378 -0.04134328068765046 0.027477920376503363 0.043713341266746378 0.01817052509173811 0.0249941235034703 -0.077857323873961271 -0.05449166872737965 0.053900082680225052 -0.066884211852250755 -0.057180182243728353 0.064997409751569424
leaf_weight=95.210777595639229 18.402899399399757 162.95422548055649 10.723427042365072 57.225412040948868 152.56578952074051 179.77473244816065 56.880034901201725 69.718622460961342 4.7129530608654013 239.88070315122604 10.774228245019911 29.598386257886887 47.208464004099369 4.8487488627433768
leaf_count=392 125 779 74 412 601 679 244 291 27 2882 35 189 303 12
internal_value=0.000238817 0.0149601 0.0224184 -0.0074651 0.0240017 0.0192217 0.00872423 -0.0044043 0.0402047 -0.0499069 -0.0182065 -0.0241605 -0.0120496 -0.0447897
internal_weight=1140.48 882.196 662.016 220.18 651.293 556.082 371.594 219.028 184.488 258.284 149.31 138.536 108.937 52.0572
internal_count=7045 4038 2847 1191 2773 2381 1675 1074 706 3007 783 748 559 315
is_linear=0
shrinkage=0.05


Tree=29
num_leaves=15
num_cat=0
split_feature=93 47 132 85 10 75 34 116 7 40 45 33 11 137
split_gain=323.089 57.5588 64.8588 53.1968 78.3825 53.4474 50.1521 49.8345 45.9293 40.4219 38.4914 30.77 29.6771 28.5798
threshold=5.6359999689448168e-06 0.019651982001960281 1.0000000180025095e-35 1.0000000180025095e-35 0.0096659576520323771 0.0048756373580545196 36.35838699340821 1.6395698785781863 1397.0390625000002 0.00013448956451611596 0.037360165268182761 1427.2327270507815 0.64222925901412975 89.334369659423842
decision_type=8 10 2 2 10 2 10 2 10 10 10 10 10 2
left_child=1 -1 3 4 5 9 -7 -4 11 -3 -8 12 13 -9
right_child=-2 2 7 -5 -6 6 10 8 -10 -11 -12 -13 -14 -15
leaf_value=0.041321636334455153 -0.052711654446856139 -0.0022807167042211557 -0.044486676066470526 0.059760693539448566 -0.040939323273353458 -0.060837393163673148 0.03647079870418897 0.048699634343788697 -0.088354384946115125 -0.062968470578438449 -0.057981132673388891 -0.081398942171859695 -0.086183591537443149 -0.076673303961868167
leaf_weight=158.79663812369108 225.49392785876989 119.95613011717796 19.92672386020422 31.602247148752213 120.17752106487751 15.436442844569681 168.88112211972475 200.89836749434471 6.2207128927111617 34.606828324496746 10.636825911700724 4.1669662669301024 3.4466879218816748 3.7906999588012686
leaf_count=681 2768 625 138 106 805 128 655 737 43 225 67 27 20 22
internal_value=0.000663937 0.0141025 0.00821166 -0.00200983 -0.00628404 0.00571458 0.0230719 0.0296191 0.0365485 -0.0161862 0.0305841 0.0406054 0.0434255 0.0460163
internal_weight=1124.04 898.544 739.747 501.297 469.695 349.517 194.954 238.45 218.523 154.563 179.518 212.303 208.136 204.689
internal_count=7047 4279 3598 2611 2505 1700 850 987 849 850 722 806 779 759
is_linear=0
shrinkage=0.05


Tree=30
num_leaves=15
num_cat=0
split_feature=93 105 132 69 5 74 5 116 7 35 7 79 2 11
split_gain=289.354 55.3574 71.8522 52.8785 52.7787 55.7233 61.1317 46.8968 43.6531 37.3714 43.903 34.2836 40.0339 34.013
threshold=5.6359999689448168e-06 1439.5000000000002 1.0000000180025095e-35 32.797708511352546 98.703720092773452 0.99723756313323986 1394.7037353515627 0.94136914610862743 1397.0390625000002 1405.148864746094 48.250652313232429 0.41201131045818334 52.275314331054695 0.64222925901412975
decision_type=8 2 2 2 10 2 10 2 10 10 10 2 10 10
left_child=1 2 3 -1 9 6 11 -4 13 10 -5 12 -6 -9
right_child=-2 -3 7 4 5 -7 -8 8 -10 -11 -12 -13 -14 -15
leaf_value=-0.043114710397885836 -0.051214882575410528 0.041807412149562982 -0.051150925499656899 -0.039018619990776347 0.001486444058561588 -0.062481661448120701 0.048356885591452937 0.044049205972747356 -0.091494426144407393 0.045672826487076164 0.03633147537217065 0.053956807056567108 -0.04810181957167764 -0.086839101414116104
leaf_weight=68.352225624024868 214.04916694760323 143.11445593088865 15.288117967545984 37.422950871288776 90.797131679952145 41.556301161646843 49.657604269683361 204.25791557878256 5.4885785281658164 97.254338517785072 37.907140970230103 15.995258368551729 72.685067370533943 4.1891288310289374
leaf_count=444 2726 610 124 190 460 349 212 787 39 361 156 53 484 24
internal_value=0.000806967 0.0134475 0.00792009 -0.00251347 0.00383012 -0.00993874 -0.000179376 0.0311176 0.0372072 0.0253588 -0.00112219 -0.0138019 -0.0207192 0.0410167
internal_weight=1098.02 883.966 740.852 511.628 443.276 270.691 229.135 229.224 213.936 172.584 75.3301 179.477 163.482 208.447
internal_count=7019 4293 3683 2709 2265 1558 1209 974 850 707 346 997 944 811
is_linear=0
shrinkage=0.05


Tree=31
num_leaves=15
num_cat=0
split_feature=93 105 116 4 85 122 130 34 61 6 137 32 61 131
split_gain=259.19 53.1655 52.0394 47.29 43.8126 50.5334 38.186 57.5852 52.3801 44.0594 42.3293 40.7415 44.6309 42.2056
threshold=5.6359999689448168e-06 1439.5000000000002 1.9375897049903872 37.886302947998054 3.2557234590058222e-05 4.1294665336608896 0.0086294354405254143 1405.148864746094 109.31894683837892 31.2744255065918 89.334369659423842 37.025253295898445 124.58281707763673 0.99619111418724071
decision_type=8 2 2 10 2 8 2 10 2 10 2 10 2 2
left_child=1 2 4 6 5 -1 10 8 -8 -9 11 -4 13 -13
right_child=-2 -3 3 -5 -6 -7 7 9 -10 -11 -12 12 -14 -15
leaf_value=-0.0018716197642373929 -0.050876318519311271 0.040235356872177878 0.050098737231580259 -0.042434605386920288 0.058290205946296109 -0.057127750715746328 -0.073095390559019119 -0.069469258945319232 0.047923766827144387 0.036086738082358939 -0.0092303988468590888 0.037051570252955163 -0.097865513328995513 -0.030005019933697693
leaf_weight=103.2872823998332 205.0106402784586 135.17335705459118 171.73452640324831 33.659813821315765 16.881756991147995 68.109184749424458 39.427227318286896 10.589773282408713 10.723162382841108 68.126052126288414 68.631696000695229 93.442418232560158 7.5222004354000083 30.387291394174099
leaf_count=532 2724 593 676 256 55 577 273 77 36 278 325 368 45 166
internal_value=-0.000510573 0.0115733 0.00616288 0.0141242 -0.0163828 -0.0240332 0.0180043 -0.00541962 -0.046788 0.0211928 0.0261176 0.0341259 0.0130216 0.0204876
internal_weight=1062.71 857.696 722.522 534.244 188.278 171.396 500.584 128.866 50.1504 78.7158 371.718 303.086 131.352 123.83
internal_count=6981 4257 3664 2500 1164 1109 2244 664 309 355 1580 1255 579 534
is_linear=0
shrinkage=0.05


Tree=32
num_leaves=15
num_cat=0
split_feature=93 116 118 33 1 5 132 10 69 7 11 78 25 71
split_gain=250.105 51.8963 47.6714 47.1069 40.1267 35.1043 33.4399 38.2584 43.4861 40.851 32.8652 29.9594 45.3847 29.6531
threshold=5.6359999689448168e-06 1.9375897049903872 0.22173419594764712 100.55838775634767 106665.60937500001 61.582815170288093 1.0000000180025095e-35 0.10039787739515306 48.658084869384773 47.017620086669929 0.64222925901412975 0.00035518074582796549 23201.394531250004 1396.480651855469
decision_type=8 2 2 10 2 10 2 10 2 10 10 2 10 2
left_child=1 2 5 -3 6 -1 7 8 9 -5 13 -10 -13 -8
right_child=-2 3 -4 4 -6 -7 10 -9 11 -11 -12 12 -14 -15
leaf_value=0.024812911375456451 -0.04973044534571508 -0.06108676062254597 0.029338244770311436 0.0040128322696021184 0.056730798671220509 -0.03500619461681273 0.041315904268164061 -0.061250992223945991 0.054942177220233625 -0.086335425646977326 -0.088644931798884219 0.043682282009719707 -0.048992923923657984 -0.08679529989691992
leaf_weight=29.516682840883732 204.22164865583181 17.024007126688957 56.816529273986816 224.44161413609982 69.086838312447071 128.0890289619565 168.5667602866888 17.894513376057148 75.843262657523155 12.246599376201628 4.3521178513765326 31.287408888339996 21.370078459382057 3.733116887509822
leaf_count=120 2806 193 236 1072 278 920 691 134 309 77 25 116 127 23
internal_value=-0.000127246 0.0116923 -0.00958802 0.0187613 0.0210165 -0.0237174 0.0165151 0.00817543 0.0117354 -0.00100548 0.0344525 0.0350295 0.00585961 0.0380554
internal_weight=1064.49 860.269 214.422 645.846 628.822 157.606 559.735 383.083 365.189 236.688 176.652 128.501 52.6575 172.3
internal_count=7127 4321 1276 3045 2852 1040 2574 1835 1701 1149 739 552 243 714
is_linear=0
shrinkage=0.05


Tree=33
num_leaves=15
num_cat=0
split_feature=93 33 40 130 4 85 69 137 137 106 72 65 10 68
split_gain=240.872 48.2687 53.0608 49.9765 51.2677 43.4375 40.6727 34.2166 40.9627 47.3304 35.4782 39.0668 34.0298 32.8608
threshold=5.6359999689448168e-06 100.55838775634767 0.00029691365489270544 0.0086294354405254143 34.752981185913093 1.0000000180025095e-35 32.797708511352546 58.173351287841804 50.256685256958015 948213.15625000012 1344.7073364257815 32.575269699096687 0.0085003972053527849 1358.5483398437502
decision_type=8 10 10 2 10 2 2 2 2 2 2 2 10 2
left_child=1 -1 3 7 6 -4 -5 8 12 -10 -9 13 -3 -12
right_child=-2 2 5 4 -6 -7 -8 10 9 -11 11 -13 -14 -15
leaf_value=-0.058431096210076687 -0.049915619087956623 0.035271590327906263 -0.021929292920270235 -0.057474245442463351 -0.10048780590980295 0.059877788122941478 0.014959683164081743 -0.064584113880799848 -0.073495852878393955 0.03105399721187467 -0.061520058406025702 0.053734660565109227 -0.033127360694108758 0.025890007560530278
leaf_weight=22.788613490760326 193.45456399768591 106.07548321038485 137.56085219979286 21.86777601391077 11.758760027587412 17.408072382211685 126.20276282727718 7.5085849314928046 26.051529176533222 17.303158566355705 10.867642246186731 195.00850858539343 21.078501231968403 118.41490086168051
leaf_count=259 2765 450 849 149 83 58 611 51 183 81 67 783 118 520
internal_value=0.000235801 0.0118329 0.0138615 0.0200208 -0.00431199 -0.0124147 0.0039485 0.0277564 0.00947784 -0.0320099 0.0370928 0.0396384 0.023763 0.0181264
internal_weight=1033.35 839.895 817.107 662.138 159.829 154.969 148.071 502.308 170.509 43.3547 331.8 324.291 127.154 129.283
internal_count=7027 4262 4003 3096 843 907 760 2253 832 264 1421 1370 568 587
is_linear=0
shrinkage=0.05


Tree=34
num_leaves=15
num_cat=0
split_feature=72 113 137 100 5 79 49 5 5 19 134 85 129 35
split_gain=225.498 58.4903 40.6836 51.9667 37.9685 31.603 53.2018 31.0517 63.2963 36.8026 31.6011 30.9249 30.7452 26.119
threshold=1344.7073364257815 125464.60546875001 58.173351287841804 0.12170538678765298 67.633594512939467 0.019803921692073349 0.0037172319134697322 98.703720092773452 119.61271286010744 0.015304784290492536 1.0000000180025095e-35 0.01213235314935446 -0.081489562988281236 1423.0373535156252
decision_type=2 2 2 10 10 2 10 10 10 10 2 2 10 10
left_child=-1 4 3 7 -2 12 -7 10 9 -9 -3 -6 -4 -10
right_child=1 2 5 -5 11 6 -8 8 13 -11 -12 -13 -14 -15
leaf_value=-0.052409112561082466 0.015523895639218271 -0.11969257266429004 -0.010882883069509852 -0.051584384897764901 -0.035773693606870778 -0.10377825955118827 0.052495564137033768 0.031458798200038038 0.024329669333734375 -0.076843753189594854 0.038969539315951707 0.072198060721315432 0.039222553648465219 -0.043165794236769535
leaf_weight=172.29846949130297 70.973935931921005 2.2910607010126105 33.995685189962387 35.436414793133736 119.5326611623168 10.411358386278154 9.548775911331175 9.5407428964972478 118.64970164000988 33.527403697371483 97.058624915778637 6.1037081927061072 275.73817528039217 15.359110362827776
leaf_count=2527 306 17 214 236 1000 67 40 46 549 260 419 26 1199 94
internal_value=-0.000484435 0.0102392 0.0175457 0.00457421 -0.0135707 0.0297648 -0.0300803 0.0119334 -0.000655517 -0.0526824 0.0341544 -0.0299995 0.0337058 0.0163314
internal_weight=1010.47 838.167 641.557 311.863 196.61 329.694 19.9601 276.427 177.077 43.0681 99.3497 125.636 309.734 134.009
internal_count=7000 4473 3141 1621 1332 1520 107 1385 949 306 436 1026 1413 643
is_linear=0
shrinkage=0.05


Tree=35
num_leaves=15
num_cat=0
split_feature=58 126 123 33 129 30 74 7 115 28 106 5 5 100
split_gain=199.53 47.9054 40.4435 39.2649 35.71 30.9768 33.0756 32.3666 26.8143 23.1916 23.0451 22.0827 68.8073 47.126
threshold=66383.562500000015 -15326.778320312498 16.560726165771488 100.55838775634767 -0.055392477661371224 1428.9470825195315 0.93284443020820629 48.54248237609864 0.040381398051977165 3032.0000000000005 383.76676940917974 118.19547271728517 91.263515472412124 0.049164282158017165
decision_type=2 2 8 10 10 10 2 10 2 2 2 10 10 10
left_child=1 10 3 -2 9 6 8 11 -5 -4 -1 12 -8 -14
right_child=2 -3 4 5 -6 -7 7 -9 -10 -11 -12 -13 13 -15
leaf_value=0.085552745279863784 -0.051201412492548531 -0.050634711088071729 -0.054609472426310368 -0.055349453537334115 0.0060984841157237582 -0.059793241012296508 0.029774993654018114 0.048312989425852548 0.010441620178845559 0.027678388989889093 -0.0089430869041154711 0.040508939727598579 0.039745977999593174 -0.054935685287431237
leaf_weight=7.0764618739485732 18.215159803628922 194.74489673227072 46.814490288496017 19.52705791592598 150.73463976383209 10.498824603855608 146.7512112557888 143.13227812200785 62.203654006123543 9.7796983718872053 31.359610505402088 86.74086058139801 16.852943450212479 50.355354316532612
leaf_count=57 219 2786 425 115 717 71 622 640 326 39 236 364 67 333
internal_value=-0.000240564 -0.0406093 0.0121562 0.0191936 -0.0066597 0.0216765 0.0234144 0.028787 -0.00575618 -0.0401561 0.0101828 0.0193633 0.0106422 -0.030959
internal_weight=994.787 233.181 761.606 554.277 207.329 536.062 525.563 443.833 81.7307 56.5942 38.4361 300.7 213.96 67.2083
internal_count=7017 3079 3938 2757 1181 2538 2467 2026 441 464 293 1386 1022 400
is_linear=0
shrinkage=0.05


Tree=36
num_leaves=15
num_cat=0
split_feature=93 105 68 72 132 59 130 8 50 68 133 10 36 41
split_gain=209.551 45.7982 50.5469 49.5673 49.725 60.4216 46.194 39.4835 36.2248 37.0583 34.8978 33.5481 48.28 32.6626
threshold=5.6359999689448168e-06 1540.5000000000002 1413.9710083007815 1410.5380859375002 0.99617826938629161 15413.960937500002 1.0000000180025095e-35 1367.4939575195315 0.0050377370789647111 1358.5483398437502 0.99621212482452404 0.032717520371079452 1410.7191162109377 0.0081120403483510035
decision_type=8 2 2 2 2 2 2 8 10 2 2 10 10 10
left_child=1 2 3 4 5 10 13 8 -6 -10 -1 -5 -13 -7
right_child=-2 -3 -4 11 7 6 -8 -9 9 -11 -12 12 -14 -15
leaf_value=-0.063758468488217243 -0.050296665626761453 0.040564726610526188 -0.019813676972581119 0.049733651347724651 -0.037140002809690278 -0.041717378045327463 0.045452118826724688 -0.093135529312032575 -0.037786354166620351 0.046281334131734519 -0.010210025707364727 0.059944028816398411 -0.058993673024922588 0.057248680578300404
leaf_weight=56.955285333096981 172.04264495894313 107.66631805896759 151.38336921110749 116.21953427046537 17.416153058409691 37.459543943405151 58.145601026713848 5.9112289920449248 13.861578963696955 126.42485905438662 65.019983366131783 14.139149136841295 18.570745714008808 9.7137970924377424
leaf_count=446 2765 519 954 478 133 220 242 36 74 532 381 55 147 34
internal_value=-0.000407272 0.010386 0.00563348 0.0127929 0.00340941 -0.0117042 0.0159634 0.0243489 0.0293118 0.037766 -0.0355291 0.0372356 -0.00732867 -0.0205732
internal_weight=970.93 798.887 691.221 539.837 390.908 227.294 105.319 163.614 157.703 140.286 121.975 148.929 32.7099 47.1733
internal_count=7016 4251 3732 2778 2098 1323 496 775 739 606 827 680 202 254
is_linear=0
shrinkage=0.05


Tree=37
num_leaves=15
num_cat=0
split_feature=95 47 132 65 4 8 116 72 76 118 64 126 72 33
split_gain=181.662 48.7246 40.8701 45.6369 44.8295 40.1388 35.8211 35.2965 46.5203 40.9716 52.8478 34.2781 29.2531 29.097
threshold=0.00019180290109943601 0.019651982001960281 1.0000000180025095e-35 32.797708511352546 37.931547164916999 1393.1854248046877 1.6395698785781863 1397.8327636718752 0.034843310713768012 0.17827650904655459 34.752981185913093 -669248.87499999988 1358.7139892578127 1420.8050537109377
decision_type=8 10 2 2 10 10 2 2 2 2 2 2 2 10
left_child=1 -1 3 -3 7 6 -4 9 -9 10 -5 -6 -8 -14
right_child=-2 2 5 4 11 -7 12 8 -10 -11 -12 -13 13 -15
leaf_value=0.036413837538057429 -0.049792974189838773 -0.018726757190925276 -0.036512592364725788 0.040765187664938578 0.055511862307800357 -0.071437013149949699 -0.067897595912320197 0.049874047321181746 -0.039097063910630642 0.048617618936253326 -0.076838611801795895 -0.051945659083638462 0.042498498917712138 -0.077329573809834254
leaf_weight=142.12877311557531 149.82700107619166 244.79220081120729 18.564435046166182 13.784934256225823 8.3237347677350026 9.7433576323091966 5.76611204445362 109.05896377563477 16.198983054608107 20.185001529753208 26.772788174450397 37.509758565574884 165.11077080667019 4.3375193737447253
leaf_count=726 2503 1542 152 64 31 71 54 437 118 80 211 341 717 29
internal_value=0.000654411 0.00989574 0.004309 -0.0037067 0.0121652 0.0230072 0.0280983 0.0230764 0.0381493 -0.00811995 -0.0368478 -0.0316619 0.0351124 0.0389955
internal_weight=972.104 822.277 680.149 476.626 231.834 203.522 193.779 186.001 125.258 60.7427 40.5577 45.8335 175.214 169.448
internal_count=7076 4573 3847 2824 1282 1023 952 910 555 355 275 372 800 746
is_linear=0
shrinkage=0.05


Tree=38
num_leaves=15
num_cat=0
split_feature=93 92 78 35 128 14 32 111 71 104 5 34 50 59
split_gain=176.737 42.0692 49.0859 52.5567 41.8472 39.8005 39.2186 30.6871 45.4311 28.3323 51.8197 27.0819 26.6919 25.2057
threshold=5.6359999689448168e-06 0.00057910950272344064 0.00038935836346354341 1413.9710083007815 460.71350097656256 5.6144224799936644e-05 1358.6656494140627 55158.994140625007 53.661996841430671 1020.5000000000001 178.03763580322268 36.35838699340821 1.9670499568746894e-05 9263.1157226562518
decision_type=8 10 2 10 8 10 10 2 2 2 10 10 10 2
left_child=1 2 7 4 9 -5 -3 8 11 -4 -11 -1 -13 -10
right_child=-2 6 3 5 -6 -7 -8 -9 13 10 -12 12 -14 -15
leaf_value=-0.05706703970763477 -0.047151242735278855 -0.055981514671210077 0.033693488565338742 -0.057951357486861914 -0.03657318827853983 0.050847263809871715 0.0064684583125433157 0.049150202542632228 -0.044964485211526323 -0.052250881281485334 0.035367284092489751 -0.071490627379417374 0.040671528600338118 0.0074821430272954646
leaf_weight=7.095762610435485 160.51154075935483 42.060510151088238 125.25479130446911 52.840036109089851 38.723211243748665 9.1610694229602796 59.973250612616539 105.63769197463989 30.997556488960981 31.410905167460442 34.23016120493412 4.5947834253311148 166.56475863605738 79.901178378611803
leaf_count=79 2784 365 573 413 327 34 277 512 220 198 151 28 725 405
internal_value=0.000504781 0.010254 0.0147091 -0.000853612 0.0102058 -0.0413237 -0.0195682 0.0261778 0.0176448 0.0198361 -0.00671513 0.0332104 0.0372628 -0.00744816
internal_weight=948.957 788.446 686.412 291.62 229.619 62.0011 102.034 394.792 289.154 190.896 65.6411 178.255 171.16 110.899
internal_count=7091 4307 3665 1696 1249 447 642 1969 1457 922 349 832 753 625
is_linear=0
shrinkage=0.05


Tree=39
num_leaves=15
num_cat=0
split_feature=72 116 85 123 60 98 8 92 137 8 120 9 5 8
split_gain=163.195 43.7107 44.1648 47.4485 32.5535 31.7085 38.2244 39.8423 29.1924 28.9202 27.9552 27.4609 26.5406 24.6535
threshold=1344.7073364257815 1.9400411844253542 2.6174828235525641e-05 21.704786300659183 1429.6291503906252 0.0032161726849153642 53.666038513183601 0.0002166644990211353 45.990879058837898 1411.8029785156252 -1819.4999999999998 0.97418838739395153 62.832298278808601 1381.4490966796877
decision_type=2 2 2 8 2 10 10 10 2 10 2 8 10 10
left_child=10 2 3 11 5 -3 7 -7 -8 13 -1 -2 -9 -10
right_child=1 4 -4 -5 -6 6 8 12 9 -11 -12 -13 -14 -15
leaf_value=0.079746143566862923 -0.034119386085150173 0.050493830924121567 0.058117684896644164 -0.047932038716665987 -0.060472007441265289 0.044051859679280575 -0.046756254702007581 0.023593172036690306 0.0057626990006156833 0.063187238391551631 -0.052781881113669452 0.018509034067151989 -0.042570687580638422 -0.060720875991595619
leaf_weight=3.2388247586786738 34.858015589416027 63.075162149965763 19.921783909201622 78.922765240073204 12.805336538702248 142.03423798829317 27.389442268759012 34.957063995301723 230.65852156281471 19.802426677197218 141.67387664690614 79.296726264059544 25.214318163692951 13.837964769452809
leaf_count=28 349 300 79 743 101 626 206 146 1225 85 2522 362 159 130
internal_value=-0.000742774 0.00829673 -0.0109915 -0.0183849 0.0155139 0.0173661 0.0130419 0.0296906 0.00143862 0.0065905 -0.0492936 0.00228181 -0.00437493 0.00176786
internal_weight=927.686 782.774 212.999 193.078 569.774 556.969 493.894 202.206 291.688 264.299 144.913 114.155 60.1714 244.496
internal_count=7061 4511 1533 1454 2978 2877 2577 931 1646 1440 2550 711 305 1355
is_linear=0
shrinkage=0.05


Tree=40
num_leaves=15
num_cat=0
split_feature=95 40 130 70 69 85 33 33 9 107 6 125 102 112
split_gain=148.54 39.0311 42.2148 52.4213 47.4478 35.9128 25.2206 33.393 28.529 28.9453 40.1818 27.6682 23.798 25.9713
threshold=0.00021877630206290635 0.0003676669293781743 0.0086294354405254143 1405.148864746094 42.858585357666023 1.0000000180025095e-35 100.55838775634767 226.849479675293 0.99092966318130504 18582.188476562504 37.743314743041999 -426.49999999999994 4.5000000000000009 289.50000000000006
decision_type=8 10 2 2 2 2 8 10 8 2 10 2 2 2
left_child=1 2 6 -4 -5 12 -1 -8 9 10 -9 -12 -3 -14
right_child=-2 5 3 4 -6 -7 7 8 -10 -11 11 -13 13 -15
leaf_value=-0.042141270729229657 -0.048600496825319493 -0.038173465815395907 -0.064565188275601579 -0.053648073406011833 0.020994572924985012 0.051705603511220027 0.085795138207518259 0.010269696800158287 0.032252126170593358 0.034545117666184913 0.053466630755551782 -0.066575912898140771 -0.035344774156922512 0.038803385120496248
leaf_weight=14.188470307737587 131.85371596366167 87.858493585139513 31.71719978004694 25.610186744481325 105.66298351809382 17.276290528476238 19.704333785921335 100.68690807744861 238.59741452336311 62.64044688642025 4.8406091034412375 32.283300571143627 20.229140099138021 25.648616462945938
leaf_count=184 2480 648 274 196 554 72 83 555 1149 301 16 280 182 110
internal_value=0.000306855 0.00855264 0.0139769 -0.00793116 0.00613699 -0.0142313 0.0215279 0.0235845 0.0206039 0.00664762 -0.0061904 -0.0499316 -0.0230697 0.00605228
internal_weight=918.798 786.944 635.932 162.99 131.273 151.013 472.941 458.753 439.049 200.451 137.811 37.1239 133.736 45.8778
internal_count=7084 4604 3592 1024 750 1012 2568 2384 2301 1152 851 296 940 292
is_linear=0
shrinkage=0.05


Tree=41
num_leaves=15
num_cat=0
split_feature=72 58 60 101 37 10 137 78 33 85 65 6 85 8
split_gain=146.763 36.8925 32.8053 33.8552 39.4824 36.2593 41.5179 35.6383 35.5747 30.853 26.6424 47.5785 24.7451 24.7147
threshold=1344.7073364257815 118709.25390625001 1429.6291503906252 0.013859871774911882 0.0041950813028961429 0.0086413267999887484 59.083333969116218 0.00040891449316404765 100.55838775634767 1.8746215573628436e-05 32.575269699096687 34.752981185913093 0.00015273040480678904 30.832298278808597
decision_type=2 2 2 10 10 10 2 2 10 2 2 10 2 10
left_child=-1 10 3 -3 7 8 12 -5 -6 -9 13 -12 -7 -2
right_child=1 2 -4 4 5 6 -8 9 -10 -11 11 -13 -14 -15
leaf_value=-0.047643772507595189 0.035594151469808925 0.045718386168354025 -0.062953715563078674 0.015339496221729559 -0.052458553778904626 -0.052608845464314907 0.025447687448604039 -0.045752729190494557 0.036952540769188656 0.053259304613590575 0.038757474513568646 -0.024231228713096218 0.050654336669665172 -0.045866758647873825
leaf_weight=135.18928444385529 10.17025915160775 85.57382208108902 12.179932776838539 69.514220476150513 10.879714004695414 39.820224896073341 54.927383493632078 65.361627325415611 213.28057789057493 8.0789046734571439 53.787263259291649 65.231913272291422 5.9472001940011969 61.785510834306479
leaf_count=2584 44 464 108 326 125 287 268 474 965 33 253 589 19 498
internal_value=0.000143031 0.00873389 0.0151437 0.0169731 0.0116286 0.0212445 -0.00366171 -0.0102187 0.0323992 -0.0342917 -0.0102286 0.00432044 -0.0383942 -0.034023
internal_weight=891.728 756.539 565.564 553.384 467.81 324.855 100.695 142.955 224.16 73.4405 190.975 119.019 45.7674 71.9558
internal_count=7037 4453 3069 2961 2497 1664 574 833 1090 507 1384 842 306 542
is_linear=0
shrinkage=0.05


Tree=42
num_leaves=15
num_cat=0
split_feature=72 85 123 116 33 33 9 30 120 68 28 5 18 2
split_gain=125.876 41.2298 53.4247 46.0972 30.7306 30.6472 30.6741 27.7695 27.2932 23.9189 23.4491 23.115 21.4621 21.1732
threshold=1344.7073364257815 1.0000000180025095e-35 18.770538330078129 1.9324047565460207 100.55838775634767 1351.6320800781252 0.98810675740242015 1424.305114746094 -910.49999999999989 1412.8868408203127 2144.5000000000005 114.37179565429689 0.00014560350246028977 54.332143783569343
decision_type=2 2 8 2 10 10 8 10 2 2 2 10 10 10
left_child=8 2 4 -4 -2 -6 9 -8 12 11 -11 -7 -1 -13
right_child=1 -3 3 -5 5 6 7 -9 -10 10 -12 13 -14 -15
leaf_value=0.14879577925561072 -0.050062224109550683 0.057470843123160233 -0.048653509369037361 0.0020029318674922381 0.065258702654847012 -0.039017284299211405 0.024003394574831069 -0.048656540610235319 -0.050292476193187108 -0.060100517236809287 0.043870240295963071 0.046176954099631629 -0.041106057840669327 -0.0016119886034384606
leaf_weight=2.2606047056615344 17.832463577389717 37.909128613770008 74.170621864497662 111.37568306922913 27.72865716740489 23.697157610207796 306.63915714994073 12.82733131945133 125.08338239789009 28.958713851869106 5.8584264367818824 34.377603836357594 2.1086025908589363 67.026049215346575
leaf_count=14 249 162 748 576 135 169 1543 87 2511 237 28 147 24 413
internal_value=-0.000541 0.00735014 0.00459888 -0.0183988 0.0127471 0.01505 0.012016 0.0209432 -0.0458685 -0.00583712 -0.0418697 0.00444372 0.0665614 0.014882
internal_weight=877.854 748.401 710.492 185.546 524.946 507.113 479.384 319.466 129.453 159.918 34.8171 125.101 4.36921 101.404
internal_count=7043 4494 4332 1324 3008 2759 2624 1630 2549 994 265 729 38 560
is_linear=0
shrinkage=0.05


Tree=43
num_leaves=15
num_cat=0
split_feature=92 5 116 126 62 71 97 118 123 22 137 101 24 137
split_gain=121.744 43.176 35.5785 44.4976 32.8383 32.2635 45.8957 28.6871 23.6924 22.7523 21.6582 21.4823 19.6073 19.54
threshold=0.00057910950272344064 60.371795654296882 1.6626424193382265 -2788032.7499999995 39.528512954711921 53.661996841430671 3.1127500506045185e-06 0.43696333467960363 -77.448966979980455 0.016323930583894256 95.292655944824233 0.011462261434644462 1.8786764740943911 58.173351287841804
decision_type=8 8 2 2 2 2 10 2 10 10 2 10 10 2
left_child=2 -2 3 -1 -5 10 9 -6 12 -7 13 -10 -8 -4
right_child=1 -3 5 4 7 6 8 -9 11 -11 -12 -13 -14 -15
leaf_value=0.055141831808332813 0.0036716365510239381 -0.048222869662344403 0.016544186643256721 0.038556133500478255 -0.047919616727213343 0.049600710838665261 0.14169562543948952 0.028129945323726757 0.041150960233463083 -0.058944024456921353 -0.016308049869751259 -0.014422283340782016 0.019909426267995245 0.051509239276089573
leaf_weight=19.323387928307056 54.827966492623091 146.67124009877443 66.454655170440674 16.296582669019699 80.982264772057533 66.062696643173695 2.6668338887393466 13.929126419126986 18.054402034729719 4.3751878887414923 19.921042140573263 202.07787527516484 40.103571999818087 104.43879456445575
leaf_count=82 409 2473 365 115 836 341 17 61 110 33 106 1301 223 508
internal_value=-0.000266707 -0.034154 0.0101993 -0.0130847 -0.0253254 0.0160116 0.00658821 -0.0365817 -0.00305725 0.0421278 0.0323535 -0.0096989 0.0305668 0.0380879
internal_weight=856.186 201.499 654.686 130.531 111.208 524.155 333.341 94.9114 262.903 70.4379 190.814 220.132 42.7704 170.893
internal_count=6980 2882 4098 1094 1012 3004 2025 897 1651 374 979 1411 240 873
is_linear=0
shrinkage=0.05


Tree=44
num_leaves=15
num_cat=0
split_feature=72 14 40 130 36 69 137 65 68 19 5 137 34 119
split_gain=123.957 34.6139 49.3098 33.4038 47.3276 38.4717 33.5644 44.2639 37.2422 32.6011 64.3596 41.2899 24.2497 22.8749
threshold=1344.7073364257815 1.0000000180025095e-35 0.00013448956451611596 0.0086294354405254143 1405.148864746094 42.858585357666023 58.173351287841804 30.922856330871586 1358.5483398437502 0.020798262208700184 85.826648712158217 50.256685256958015 180.40649414062503 0.029662706889212135
decision_type=2 8 8 2 10 2 2 2 2 8 10 2 10 2
left_child=-1 2 3 6 13 -6 9 8 -8 -2 11 -11 -7 -5
right_child=1 -3 -4 4 5 12 7 -9 -10 10 -12 -13 -14 -15
leaf_value=-0.047704466028846947 0.034733666539875523 0.046448218875513911 -0.02450809085816958 0.05899001720164241 -0.055760915186358374 -0.059411282443425063 -0.079498231078114434 0.044395181255875146 0.013306543565865706 0.045463339482342185 -0.056149502094961057 -0.065839943021258215 0.026430706287936895 -0.07546449210804973
leaf_weight=119.58214666694403 41.667865876108408 50.702002190053463 123.15313528850675 2.7909525781869879 20.280507240444422 8.1321679167449457 11.191810935735701 162.07962233945727 94.467379793524742 39.913689538836479 51.17275257781148 9.5301231741905195 86.969406854361296 29.580325677990913
leaf_count=2544 215 239 896 10 162 65 83 856 510 181 457 60 453 294
internal_value=-0.000729169 0.00700338 0.00400251 0.01033 -0.0100044 0.00512037 0.0176641 0.0280609 0.00282314 -0.00195899 -0.0173466 0.0231301 0.0185485 -0.0624519
internal_weight=851.214 731.632 680.93 557.777 147.753 115.382 410.023 267.739 105.659 142.284 100.617 49.4438 95.1016 32.3713
internal_count=7025 4481 4242 3346 984 680 2362 1449 593 913 698 241 518 304
is_linear=0
shrinkage=0.05


Tree=45
num_leaves=15
num_cat=0
split_feature=95 47 132 65 65 64 72 116 72 128 69 77 26 5
split_gain=105.271 35.956 39.1922 38.1899 32.1079 25.5223 26.8901 25.3828 24.3924 23.3395 22.9547 21.7605 21.6719 21.1312
threshold=0.00019180290109943601 0.014327669516205789 1.0000000180025095e-35 32.797708511352546 34.636320114135749 37.931547164916999 1412.8868408203127 1.6395698785781863 1397.8327636718752 -731.44143676757801 107.1413040161133 0.018693221732974056 0.97013631463050853 62.832298278808601
decision_type=8 10 2 2 2 2 2 2 2 8 2 2 10 10
left_child=1 -1 3 13 -5 8 -7 -4 12 -2 -9 -10 -6 -3
right_child=9 2 7 4 5 6 -8 10 11 -11 -12 -13 -14 -15
leaf_value=0.038266746876147978 0.042242934489988199 0.0084315156341090349 -0.033748466843840801 0.056898263753552253 0.0056352007994437611 -0.062990868208550946 0.0011875057378689926 0.033242656352791278 0.043670506441317862 -0.051980374526300034 -0.031507640342933484 -0.028306997654660535 -0.077511694528471051 -0.026576847070930599
leaf_weight=76.640704102814198 6.2867103554308414 54.845976259559393 17.861197303980589 30.024574168026447 31.361790917813778 24.393964547663927 45.581597086042166 154.25016342848539 65.489423029124737 103.3206713013351 14.228889998048542 11.754824802279471 9.3961013443768007 193.59448345378041
leaf_count=483 74 266 167 142 203 257 296 781 316 2407 103 78 73 1418
internal_value=-0.000785615 0.00609903 0.00226959 -0.00547821 0.00977202 0.00198357 -0.0217578 0.0215894 0.0161268 -0.046243 0.0276205 0.0324954 -0.0149302 -0.0188455
internal_weight=839.031 729.424 652.783 466.443 218.002 187.978 69.9756 186.34 118.002 109.607 168.479 77.2442 40.7579 248.44
internal_count=7064 4583 4100 3049 1365 1223 553 1051 670 2481 884 394 276 1684
is_linear=0
shrinkage=0.05


Tree=46
num_leaves=15
num_cat=0
split_feature=72 14 124 33 1 74 68 60 99 126 36 75 107 72
split_gain=113.024 35.788 45.446 29.5848 32.0715 32.1198 31.7359 27.7364 21.431 21.2705 20.2399 22.0087 30.8334 25.4107
threshold=1344.7073364257815 1.0000000180025095e-35 0.055623555555939681 100.55838775634767 106665.60937500001 0.98911860585212719 1412.8868408203127 1425.009948730469 2.8789049792976588e-05 -173463.14062499997 1410.5380859375002 0.0030468453187495474 19582.376953125004 1361.4155273437502
decision_type=2 8 8 10 2 2 2 2 10 2 10 2 2 2
left_child=9 2 3 -2 5 6 10 8 -7 -1 11 -5 13 -13
right_child=1 -3 -4 4 -6 7 -8 -9 -10 -11 -12 12 -14 -15
leaf_value=0.04358704877559804 -0.058291975814242773 0.048055183940150376 -0.028540909843974033 -0.054862414955552156 0.049324473386569367 -0.058131062451217456 -0.045253602753447753 -0.054662852956099107 0.022909769586236504 -0.051250516127616143 0.032938121490849001 0.010437740825319104 0.041297546401100643 -0.050651670353518918
leaf_weight=5.5199114531278601 14.662620745599268 49.548893004655838 89.550700902938843 19.577549561858177 49.81060653179884 7.4598167538642874 43.329569980502129 11.78152087330818 292.61472419649363 106.77962658181787 39.899901684373617 36.889393825083971 32.350125215947628 30.173362594097853
leaf_count=47 229 238 819 168 255 49 347 86 1533 2517 199 194 157 247
internal_value=0.000169069 0.00748636 0.0044103 0.00955109 0.0114153 0.00765349 -0.00784404 0.0176957 0.0207087 -0.0462454 0.00257681 -0.00779361 0.00192978 -0.0173884
internal_weight=829.948 717.649 668.1 578.549 563.887 514.076 202.22 311.856 300.075 112.3 158.89 118.99 99.4129 67.0628
internal_count=7085 4521 4283 3464 3235 2980 1312 1668 1582 2564 965 766 598 441
is_linear=0
shrinkage=0.05


Tree=47
num_leaves=15
num_cat=0
split_feature=93 47 132 125 10 116 67 70 67 8 7 9 33 74
split_gain=104.626 36.9015 34.8075 38.2068 28.5795 27.1772 24.397 36.7739 45.851 24.0439 23.8665 30.4998 21.7285 22.8334
threshold=0.0001374165003653616 0.014327669516205789 1.0000000180025095e-35 -1101.4999999999998 0.018237249925732616 1.6395698785781863 33.603672027587898 1397.8327636718752 37.931547164916999 1397.0390625000002 48.250652313232429 0.99924650788307201 1420.8050537109377 0.29003816843032842
decision_type=8 10 2 2 10 2 2 2 2 10 10 10 10 2
left_child=1 -1 3 -3 6 -4 -5 10 -9 12 -8 -12 13 -7
right_child=-2 2 5 4 -6 9 7 8 -10 -11 11 -13 -14 -15
leaf_value=0.039937753782802905 -0.052714905493746966 0.03940969245555577 -0.03602888947790777 -0.017127459533733871 -0.035961324716235137 -0.045777387117223699 -0.067995170364701943 0.043490283546125691 -0.0205902389545475 -0.052335914974615073 -0.043544596908783199 0.044412731445105373 -0.070800038635802545 0.037877178410410973
leaf_weight=72.684212300926447 82.391119055449963 43.527687635272741 18.438744053244591 162.41110115125775 80.231580637395382 7.7829034440219393 19.10514822602272 90.10902114585042 39.534495994448662 8.3224649354815465 19.108463004231453 18.330332547426224 4.2250365726649752 156.08245727047324
leaf_count=485 2108 197 191 1027 917 96 143 450 281 58 256 94 30 805
internal_value=0.000382392 0.00635823 0.00264586 -0.00469328 -0.00925115 0.0203705 -0.0030184 0.00931466 0.023941 0.0264352 -0.0240539 -0.000444916 0.0306218 0.0336504
internal_weight=822.285 739.894 667.209 472.358 428.83 194.852 348.599 186.187 129.644 176.413 56.5439 37.4388 168.09 163.865
internal_count=7138 5030 4545 3365 3168 1180 2251 1224 731 989 493 350 931 901
is_linear=0
shrinkage=0.05


Tree=48
num_leaves=15
num_cat=0
split_feature=4 4 39 132 69 14 105 50 65 6 65 121 10 68
split_gain=90.3099 43.1952 30.0136 33.3019 29.6938 24.927 24.5258 26.5095 35.9614 34.8942 31.4591 31.3906 28.905 34.9614
threshold=39.016080856323249 32.020854949951179 0.034632682800292976 0.99617826938629161 42.858585357666023 0.005572111578658224 1414.5000000000002 0.0006038651044946165 36.914140701293952 34.752981185913093 32.696172714233406 -959210.81249999988 0.0085003972053527849 1413.9710083007815
decision_type=8 10 8 2 2 10 2 10 2 10 2 2 10 2
left_child=1 2 3 4 -1 -4 7 8 -3 10 -9 -11 13 -13
right_child=-2 6 5 -5 -6 -7 -8 9 -10 11 -12 12 -14 -15
leaf_value=-0.049063564222843428 -0.051724460296168451 -0.055716494395196416 -0.080259999042241542 0.025929681308317007 -0.0012290680569464829 0.024329776107909516 0.040630519377313337 0.010235705563071552 0.029391949543908502 0.069601549274629013 0.053882474045988199 0.016645327341049686 -0.03759985643431258 -0.053280842000949728
leaf_weight=50.169661086052656 76.34652841463685 32.507561359554529 24.511994227766994 58.52865332365036 88.795427300035954 6.8266834691166869 70.289421781897545 89.889671616256237 18.919075157493353 13.852151613682507 76.285275664180517 117.18888392671943 51.104107826948166 20.070898447185755
leaf_count=457 1971 349 319 357 555 83 421 550 162 53 401 677 504 153
internal_value=-0.000384664 0.00513155 -0.0127682 -0.00542774 -0.0187256 -0.0574288 0.013498 0.00886945 -0.024443 0.0135734 0.0304749 -0.000397394 -0.00588544 0.00610892
internal_weight=795.286 718.939 228.832 197.494 138.965 31.3387 490.107 419.818 51.4266 368.391 166.175 202.216 188.364 137.26
internal_count=7012 5041 1771 1369 1012 402 3270 2849 511 2338 951 1387 1334 830
is_linear=0
shrinkage=0.05


Tree=49
num_leaves=15
num_cat=0
split_feature=72 85 116 78 126 53 6 39 6 6 99 69 35 66
split_gain=90.4991 36.9209 38.3231 31.061 26.0112 32.3083 25.9469 38.1394 37.9231 32.7518 33.9647 32.1925 32.0331 26.3415
threshold=1358.7139892578127 1.0000000180025095e-35 1.6395698785781863 0.00040891449316404765 -23348.953124999996 277.83021545410162 32.107116699218757 0.047893883660435684 30.832298278808597 34.752981185913093 0.020418751984834674 37.886302947998054 1443.262634277344 36.850105285644538
decision_type=2 2 2 2 2 8 10 10 10 10 10 2 10 2
left_child=4 2 3 -2 5 -1 7 8 -4 -8 -11 -12 -10 -13
right_child=1 -3 6 -5 -6 -7 9 -9 12 10 11 13 -14 -15
leaf_value=0.1337625220864288 0.0039614405396320856 0.054148763067695865 0.019858763849620681 -0.051032864291451124 -0.051918485754459023 -0.025706936533411464 0.032323497045204035 -0.087619760850432063 -0.054102956343237397 0.020984539189210036 0.0035609546851314679 0.0456295294584807 0.042695104073703374 -0.068913919145870403
leaf_weight=3.4295934326946709 48.966793794184923 36.741028130054474 82.166602462530136 52.670755073428154 95.685465127229691 10.413245886564255 163.10720642283559 13.075215850025414 40.778405752032995 121.38033148646355 67.045818526297808 5.1498078703880301 9.9446394294500333 33.900750059634447
leaf_count=30 384 170 414 591 2447 124 891 89 309 715 444 27 43 350
internal_value=-0.00076694 0.00609274 0.00324572 -0.0247573 -0.0427099 0.0201521 0.00858648 -0.00935417 -0.00105659 0.0152978 0.00300192 -0.0175751 -0.0346664 -0.0530463
internal_weight=784.456 674.927 638.186 101.638 109.528 13.8428 536.549 145.965 132.89 390.584 227.477 106.096 50.723 39.0506
internal_count=7028 4427 4257 975 2601 154 3282 855 766 2427 1536 821 352 377
is_linear=0
shrinkage=0.05


Tree=50
num_leaves=15
num_cat=0
split_feature=18 40 5 37 137 101 68 106 85 132 0 134 48 11
split_gain=86.9188 37.9951 37.4969 30.7122 23.4587 24.7811 22.5026 23.1176 21.2453 21.0422 35.6239 22.7774 19.84 32.4454
threshold=0.00071243350976146768 0.0003676669293781743 60.371795654296882 0.99440714716911327 58.173351287841804 0.10662005469202997 1410.5380859375002 267.97875976562506 1.0000000180025095e-35 0.99617826938629161 651.50000000000011 0.96897748112678539 1.5440000424860047e-06 0.0035398340551182632
decision_type=8 10 8 10 2 10 2 2 2 2 2 2 8 10
left_child=1 3 -2 4 5 -1 7 -6 12 10 11 -9 13 -3
right_child=2 8 -4 -5 6 -7 -8 9 -10 -11 -12 -13 -14 -15
leaf_value=0.011971763857996864 0.0030625552545357473 0.030895507566761782 -0.049589296157673914 -0.045778701435559926 0.16642891787475411 -0.041069166593139493 0.055979893672738729 -0.061479429792842016 0.041734958844465993 0.036721295198980833 0.035155801019188831 0.0032414351105923781 -0.036797265008063323 -0.083706975547379506
leaf_weight=200.44874950125813 49.176472406834364 29.404746308922768 106.47133205458522 18.871637966483831 1.6642382666468609 23.740885771811008 56.944932457059622 23.023514091968536 13.516300745308397 78.063360031694174 43.715130411088467 31.096652176231146 77.175046119838953 6.7573355101048937
leaf_count=1233 405 146 2237 304 23 231 288 259 64 501 255 188 799 49
internal_value=0.000156278 0.00874546 -0.0330407 0.0152025 0.0178055 0.00619748 0.0288294 0.0198574 -0.0154925 0.0175377 0.0020143 -0.0249076 -0.0226226 0.00780438
internal_weight=760.07 604.423 155.648 477.569 458.697 224.19 234.508 177.563 126.853 175.899 97.8353 54.1202 113.337 36.1621
internal_count=6982 4340 2642 3282 2978 1464 1514 1226 1058 1203 702 447 994 195
is_linear=0
shrinkage=0.05


Tree=51
num_leaves=15
num_cat=0
split_feature=72 14 124 137 11 130 118 61 5 19 37 73 128 134
split_gain=84.7635 27.6369 43.2156 25.3047 36.7249 37.4407 42.5134 29.6085 45.0657 48.098 29.2323 21.6674 21.6301 20.2611
threshold=1344.7073364257815 1.0000000180025095e-35 0.071272939443588271 58.173351287841804 0.035862185060977943 0.0086294354405254143 0.1967209801077843 37.706275939941413 98.703720092773452 0.020755577832460407 0.01056958641856909 118.19547271728517 -1191.700012207031 1.0000000180025095e-35
decision_type=2 8 8 2 10 2 2 2 10 8 10 2 8 2
left_child=12 2 3 7 5 -5 -7 -2 13 -10 -6 -11 -1 -9
right_child=1 -3 -4 4 10 6 -8 8 9 11 -12 -13 -14 -15
leaf_value=0.080071553488319958 -0.065736734610837552 0.043294608575317424 -0.032353788992467387 0.029877352229733912 -0.091366729877855005 -0.076274162532405876 0.04936519217374484 -0.097924785954306384 0.021050069402053274 -0.067781583512772706 0.019587606916058369 -0.017948250085506795 -0.048328200136274715 0.033236102540836865
leaf_weight=2.5267845243215561 16.485234338790178 46.588712137192488 72.199412643909454 243.8838731944561 12.115698456764223 17.468261169269685 9.7438042908906919 2.096347637474536 56.289877325296402 34.859187006950378 10.305648926645516 58.40362735465169 90.863248530775309 89.00320402905345
leaf_count=19 152 247 744 1409 78 164 47 15 310 330 68 454 2553 474
internal_value=0.00031954 0.00656471 0.00375237 0.00853652 0.0185433 0.0236615 -0.0311314 -0.00291358 0.00164418 -0.0152161 -0.0417093 -0.0370961 -0.0440427 0.0291874
internal_weight=762.833 669.443 622.854 550.655 293.517 271.096 27.2121 257.137 240.652 149.553 22.4213 93.2628 93.39 91.0996
internal_count=7064 4492 4245 3501 1766 1620 211 1735 1583 1094 146 784 2572 489
is_linear=0
shrinkage=0.05


Tree=52
num_leaves=15
num_cat=0
split_feature=4 128 18 4 85 84 48 11 39 22 3 137 74 2
split_gain=75.7018 29.9617 22.6838 21.2141 20.8838 22.8303 25.3261 15.8785 14.8873 24.4034 22.0002 21.0849 30.5047 30.0198
threshold=39.016080856323249 0.66465038061141979 0.00071243350976146768 24.805038452148441 3.4679362215683802e-05 0.00020723391935462135 1.5742999721624076e-06 0.0031784477178007369 0.00042105629108846193 0.0037042719777673487 9.2817959785461444 58.97474670410157 0.99297386407852184 37.79124832153321
decision_type=10 8 10 8 2 2 8 10 10 10 10 2 2 10
left_child=1 8 3 -3 5 -5 7 -7 9 -1 -10 12 -11 -14
right_child=-2 2 -4 4 -6 6 -8 -9 10 11 -12 -13 13 -15
leaf_value=0.053734652619569001 -0.05078795619915645 -0.048796103077960416 -0.042877868544546123 0.0077129176700912573 0.061339767774575629 0.046864369162876188 -0.049544574382031081 -0.05977528316048443 -0.045520805389205027 -0.048569796730119935 0.010628766635611344 0.02863400632326063 -0.067175475363728171 0.031802691881916256
leaf_weight=49.251714050769806 64.135633016005158 20.322239814326167 35.000891499221325 198.44817884452641 13.519593708217142 13.449939489364626 39.663278378546238 3.6726425327360621 19.879965279251337 25.945002781227231 105.06855400837958 109.40069308131933 8.1582913696765882 46.848154291510582
leaf_count=321 1958 267 406 1374 65 73 421 28 166 228 715 669 83 265
internal_value=0.000737833 0.00560339 -0.00545069 -0.000786871 0.00301086 -0.000306121 -0.0279786 0.0219549 0.0154182 0.0226898 0.00140458 0.0144184 -0.0049081 0.0161854
internal_weight=752.765 688.629 324.077 289.076 268.754 255.234 56.7859 17.1226 364.552 239.604 124.949 190.352 80.9514 55.0064
internal_count=7039 5081 2634 2228 1961 1896 522 101 2447 1566 881 1245 576 348
is_linear=0
shrinkage=0.05


Tree=53
num_leaves=15
num_cat=0
split_feature=95 47 132 128 118 69 72 22 135 118 63 137 32 34
split_gain=71.9148 28.9325 32.6635 26.5459 22.6432 20.654 20.3216 21.3542 19.6474 19.1531 19.0872 19.0489 18.7452 26.3508
threshold=0.00021877630206290635 0.014327669516205789 1.0000000180025095e-35 0.4177705198526383 0.33647613227367407 157.71339416503909 1427.2327270507815 0.0029387158574536447 5.0000000000000009 0.12735504657030108 8.9637641906738299 89.334369659423842 32.745433807373054 1416.1473388671877
decision_type=8 10 2 8 2 2 2 10 2 2 2 2 10 10
left_child=1 -1 3 9 8 6 7 -4 -5 12 -10 -9 13 -3
right_child=-2 2 5 4 -6 -7 -8 11 10 -11 -12 -13 -14 -15
leaf_value=0.036913511338246739 -0.044143111959682006 -0.042842572107482192 -0.025079741423789739 -0.0065010474413150767 0.040859204897551835 -0.035858091851553447 -0.065029604937693428 0.038896473703062207 -0.068720493130422708 0.034971049910866747 -0.021676769407936818 -0.064241093312721861 0.011095747832995304 0.026083266460963789
leaf_weight=65.602761704474688 80.38323175534606 45.21863260678947 15.506595522165297 92.52253370732069 14.07479042559862 13.972527310252188 5.0172083862125865 132.22100370377302 33.600299227982759 45.963676890358329 61.238976258784533 3.759295091032981 116.14456962235272 19.022001650184393
leaf_count=486 2501 389 131 724 65 114 46 750 265 233 511 24 755 107
internal_value=0.00022181 0.00565199 0.00216812 -0.00521158 -0.0183709 0.0206088 0.0258457 0.0292622 -0.0230136 0.00652869 -0.0388869 0.035597 -0.000871512 -0.0223463
internal_weight=744.248 663.865 598.262 427.785 201.437 170.477 156.504 151.487 187.362 226.349 94.8393 135.98 180.385 64.2406
internal_count=7101 4600 4114 3049 1565 1065 951 905 1500 1484 776 774 1251 496
is_linear=0
shrinkage=0.05


Tree=54
num_leaves=15
num_cat=0
split_feature=93 125 132 113 134 42 102 8 105 93 32 78 96 106
split_gain=68.0396 28.0351 24.2075 29.1319 33.9857 27.4527 32.0222 21.006 20.548 26.2119 18.3067 18.0568 18.6967 17.7673
threshold=0.00018353199993725869 -2883.4999999999995 0.99617826938629161 125464.60546875001 0.94481638073921215 0.0003033884422620759 4.5000000000000009 1367.4939575195315 1414.5000000000002 1.643500013415178e-06 34.53808784484864 0.63278222084045421 0.00047011500282678759 503.08717346191412
decision_type=8 2 2 2 2 10 2 8 2 10 10 2 10 2
left_child=1 -1 3 4 -3 8 -7 11 9 -5 -6 12 -4 -14
right_child=-2 2 7 5 10 6 -8 -9 -10 -11 -12 -13 13 -15
leaf_value=0.054019992851042857 -0.050189374577068874 -0.049259136049884689 -0.036037914862546934 -0.0051722394910084556 -0.035843012636075693 -0.042067942254600907 0.023683995403770038 -0.057797557523640235 0.039148353559372989 0.033375851493111217 0.027350440223256441 -0.068734183423376324 0.13733109881984168 0.027864485595996236
leaf_weight=27.226061679422855 59.340143477544188 62.033562839031219 10.385929331183432 166.58749955147505 16.3401053622365 56.216224517673254 26.596628287807107 7.4539438765496007 53.860344596207142 58.878620855510235 32.878743723034859 4.228847622871398 2.8893607538193455 141.92600929923356
leaf_count=129 2009 977 142 1003 182 453 177 61 378 355 226 38 19 871
internal_value=0.000660585 0.0052494 0.00309456 -0.0026853 -0.0249429 0.0042023 -0.0209201 0.0194083 0.0116985 0.0049972 0.00607495 0.0233557 0.0262889 0.0309754
internal_weight=726.842 667.502 640.276 473.392 111.252 362.139 82.8129 166.884 279.326 225.466 49.2188 159.43 155.201 144.815
internal_count=7020 5011 4882 3751 1385 2366 630 1131 1736 1358 408 1070 1032 890
is_linear=0
shrinkage=0.05


Tree=55
num_leaves=15
num_cat=0
split_feature=4 123 85 116 4 106 11 48 18 48 119 68 25 20
split_gain=69.1501 26.4635 26.9274 30.8045 19.2664 20.2651 22.1914 28.7467 20.0893 19.1469 24.4911 18.5225 16.7416 16.1897
threshold=39.016080856323249 18.770538330078129 1.0000000180025095e-35 1.9324047565460207 24.805038452148441 267.97875976562506 0.034602491185069091 2.0649999896704689e-06 0.000198212503164541 2.0333000065875244e-06 0.14606968313455584 1358.5483398437502 19070.789062500004 0.00071402825415134441
decision_type=10 8 2 2 8 2 10 10 10 8 2 2 10 10
left_child=1 4 3 -3 -1 8 9 -8 -6 13 11 -11 -9 -7
right_child=-2 2 -4 -5 5 6 7 12 -10 10 -12 -13 -14 -15
leaf_value=-0.035545442614460958 -0.05174623517381071 -0.042122266525732255 0.047935444494834938 0.00082049353390514855 0.17569556324296973 0.035960210999493682 -0.088378177189900473 -0.03836155566160046 -0.030404865809559947 -0.049488839972875474 -0.024002606766531057 0.018637492126002929 0.030529517699798749 -0.0036200803298930711
leaf_weight=20.414476953446865 58.350352261215448 71.202739600092173 16.47198398411274 98.963695082813501 2.6351232770830384 135.86696009337902 10.791924165561793 14.057488305494187 1.3682897407561538 9.6277880165725929 50.902791872620583 175.58499990403652 20.289905913174152 31.634652148932219
leaf_count=279 2013 1017 84 608 22 851 74 237 42 94 416 1049 110 196
internal_value=-4.77122e-05 0.00459562 -0.0113079 -0.0172892 0.0108792 0.0130462 0.0119024 -0.0210191 0.113256 0.015627 0.0064076 0.0148494 0.0020466 0.0285079
internal_weight=718.163 659.813 186.638 170.166 473.174 452.76 448.757 45.1393 4.00341 403.617 236.116 185.213 34.3474 167.502
internal_count=7092 5079 1709 1625 3370 3091 3027 421 64 2606 1559 1143 347 1047
is_linear=0
shrinkage=0.05


Tree=56
num_leaves=15
num_cat=0
split_feature=92 32 78 23 125 33 31 32 31 120 35 7 112 136
split_gain=57.2963 30.4245 27.4805 30.5597 24.9263 22.525 21.8861 26.974 21.7771 21.16 20.7779 17.4917 16.6325 30.9813
threshold=0.00039815600030124193 1358.6656494140627 0.00040891449316404765 4.5000000000000009 -2883.4999999999995 100.55838775634767 41.653743743896491 37.025253295898445 589.09057617187511 -166.49999999999997 43.262624740600593 102.65808486938478 2721.5000000000005 1.0000000180025095e-35
decision_type=8 10 2 2 2 8 10 10 10 2 8 10 2 2
left_child=2 9 5 4 -4 -1 -7 -8 -6 10 -2 -5 13 -9
right_child=1 -3 3 11 8 6 7 12 -10 -11 -12 -13 -14 -15
leaf_value=-0.051861927140991429 0.14162109706850931 0.0014963441422502753 0.040426227348698586 0.033462297493134903 -0.029639863835353428 0.055579960478777994 0.024216802537526734 0.0076251261090787715 0.023152671567351544 -0.050099656679890525 -0.017495328348885203 -0.03637760521003746 0.033977587308568695 -0.06865056233762637
leaf_weight=10.448961719870566 1.9044331647455663 60.037114374339581 16.621980637311935 57.862726895138621 138.72053015977144 36.435431843623519 186.82290482521057 30.385534174740314 21.94975083693862 93.246726909652352 6.3848809860646734 9.7255945205688459 14.1365630030632 22.451039239764214
leaf_count=159 12 428 83 393 1177 204 1188 203 130 2484 84 209 93 163
internal_value=-0.000688085 -0.0267465 0.00706419 -0.00536052 -0.0162517 0.0171674 0.0198221 0.0144907 -0.0223291 -0.043298 0.0303713 0.0230289 -0.0125977 -0.0254587
internal_weight=707.134 161.573 545.561 244.881 177.292 300.68 290.231 253.796 160.67 101.536 8.28931 67.5883 66.9731 52.8366
internal_count=7010 3008 4002 1992 1390 2010 1851 1647 1307 2580 96 602 459 366
is_linear=0
shrinkage=0.05


Tree=57
num_leaves=15
num_cat=0
split_feature=4 4 48 59 130 35 71 33 122 40 68 6 39 33
split_gain=59.0165 31.8314 25.5529 20.801 34.0886 35.4545 25.895 22.5215 19.2611 19.1273 18.9589 18.1065 22.6708 20.2834
threshold=39.016080856323249 32.020854949951179 1.4524999869536261e-06 9766.0156250000018 0.55648330226540577 1413.9710083007815 53.661996841430671 1435.919616699219 -59.507623672485344 0.0020576750393956904 1359.8242187500002 30.832298278808597 0.034632682800292976 1443.262634277344
decision_type=10 8 8 2 2 8 2 10 8 10 2 10 8 10
left_child=1 2 -1 4 5 6 9 -6 -8 10 -3 12 -4 -13
right_child=-2 3 11 -5 7 -7 8 -9 -10 -11 -12 13 -14 -15
leaf_value=0.050520169745243704 -0.04981872931129401 -0.039749000531062444 0.0073826058490954298 0.021503610690250776 -0.0563329280293186 -0.0636304650270723 0.090530054134266555 0.048078074623845189 -0.023321396179134233 -0.060562637961401704 0.04567993223836761 -0.038502280079434292 -0.062606330875358107 0.035518645454907731
leaf_weight=14.685795925557612 53.133213629946113 6.3091703131794921 92.765348261222243 253.89959537610412 33.803252631798387 13.54808468185365 3.103734852746129 5.2771551311016074 39.716434080153704 4.2338677998632184 79.479804549366236 88.929593421518803 12.199523864313958 9.5335612595081312
leaf_count=83 2000 97 634 1640 367 152 25 27 506 45 427 944 117 46
internal_value=0.000366262 0.00449135 -0.0110903 0.0122341 -0.000502633 0.0106183 0.0186095 -0.0413862 -0.0131915 0.0337146 0.0390116 -0.0157635 -0.0012659 -0.0310503
internal_weight=710.618 657.485 218.114 439.371 185.472 146.391 132.843 39.0804 42.8202 90.0228 85.789 203.428 104.965 98.4632
internal_count=7110 5110 1824 3286 1646 1252 1100 394 531 569 524 1741 751 990
is_linear=0
shrinkage=0.05


Tree=58
num_leaves=15
num_cat=0
split_feature=4 125 116 4 97 130 36 67 6 135 76 88 72 32
split_gain=56.4274 26.2991 36.1113 23.3173 21.9087 32.1452 38.6177 27.1427 22.6201 21.7405 26.3602 20.1732 27.2381 19.6825
threshold=39.016080856323249 -2883.4999999999995 1.6220116615295412 36.914140701293952 3.4285000083400523e-06 0.0076306217815727004 1405.148864746094 37.931547164916999 31.2744255065918 5.0000000000000009 0.0027310108998790388 0.083234261721372618 1358.7139892578127 47.416011810302741
decision_type=10 2 2 8 10 2 10 2 10 2 2 10 2 10
left_child=1 -1 3 -3 13 7 -7 11 -8 -10 -11 12 -6 -4
right_child=-2 2 4 -5 5 6 8 -9 9 10 -12 -13 -14 -15
leaf_value=0.053399214558577393 -0.049593070838346798 -0.040201055560783842 0.039315799993626999 0.013179839890003556 -0.055512853730822292 -0.074935850911776306 -0.060672983431309502 -0.029051962672855137 0.028842287305945253 -0.097372963315461039 0.0047666087768350948 0.082552019596644807 0.016767586660379707 -0.051917860833932288
leaf_weight=25.2383420355618 51.371247382834554 71.362716840580106 70.994589939713478 27.950478434562683 12.715192904695867 23.856330744922161 13.756483048200606 36.728785125538707 44.297917058691382 8.0540557838976401 20.610367432236671 10.003507481887935 276.02131354436278 5.5856433957815161
leaf_count=127 2019 1031 473 308 151 292 136 385 236 68 134 66 1639 45
internal_value=0.000329903 0.00436307 0.00229064 -0.025196 0.00755202 0.00327889 -0.0199871 0.0109843 -0.0041888 0.00713719 -0.0262473 0.0159871 0.0134039 0.0320779
internal_weight=698.547 647.176 621.937 99.3132 522.624 446.044 110.575 335.469 86.7188 72.9623 28.6644 298.74 288.737 76.5802
internal_count=7110 5091 4964 1339 3625 3107 866 2241 574 438 202 1856 1790 518
is_linear=0
shrinkage=0.05


Tree=59
num_leaves=15
num_cat=0
split_feature=4 40 125 130 70 69 9 75 67 25 14 4 131 131
split_gain=51.831 24.5797 25.858 25.456 30.1733 26.1844 18.4146 33.8799 16.8026 21.9036 16.5232 16.267 18.4122 16.9846
threshold=39.016080856323249 0.00013448956451611596 -1101.4999999999998 0.0086294354405254143 1405.148864746094 42.858585357666023 0.98485398292541515 0.0026718832086771731 37.886302947998054 60028.419921875007 6.3110397604759796e-05 32.575269699096687 0.99135681986808788 0.99619111418724071
decision_type=10 8 2 2 2 2 10 2 2 8 10 10 2 2
left_child=1 2 -1 8 -5 -6 7 -7 11 -10 -3 12 -4 -13
right_child=-2 10 3 4 5 6 -8 -9 9 -11 -12 13 -14 -15
leaf_value=0.051096174379577308 -0.049368633895573548 -0.023792868043907182 0.0078473105376177642 -0.063013757451018546 -0.055338911460689172 0.052185117575511447 0.028065470430295156 -0.06331795442932367 -0.042864251297535551 0.024869422604396747 0.023202030249388699 0.032187088117184744 -0.058877371770366997 -0.0033675584956648743
leaf_weight=32.536306537687778 48.678095676004887 107.07763659209013 89.5373809710145 24.09932528808713 17.244176883250475 8.9409551471471804 52.097461365163326 16.861864322796464 27.871739771217108 19.488373398780823 21.781074572354555 161.00053314492106 10.671704109758137 42.15109620988369
leaf_count=172 2003 962 611 374 167 39 320 161 406 150 175 1079 95 324
internal_value=-0.00019211 0.0036715 0.00866854 0.00562895 -0.0142479 -0.00136892 0.011128 -0.0228411 0.0124083 -0.0150544 -0.0157318 0.0167311 0.000229976 0.0248296
internal_weight=680.038 631.36 502.501 469.965 119.244 95.1445 77.9003 25.8028 350.721 47.3601 128.859 303.361 100.209 203.152
internal_count=7038 5035 3898 3726 1061 687 520 200 2665 556 1137 2109 706 1403
is_linear=0
shrinkage=0.05


Tree=60
num_leaves=15
num_cat=0
split_feature=72 101 121 92 5 126 109 127 85 10 14 37 10 68
split_gain=52.5166 22.474 25.1271 20.3737 27.9146 15.2314 15.136 14.6523 13.8951 17.667 12.8663 13.3763 14.0247 12.727
threshold=1344.7073364257815 0.010996520984917881 54690.939453125007 0.00075296798604540538 60.371795654296882 -173463.14062499997 0.0076449573971331128 13.003918647766115 4.8368185161962181e-05 0.077171217650175108 1.8859723240893803e-05 0.0033798062941059475 0.0089076063595712202 174.96810150146487
decision_type=2 8 2 8 8 2 2 8 2 10 10 10 10 2
left_child=5 6 3 8 -5 -1 -2 10 9 13 11 -4 -13 -3
right_child=1 2 7 4 -6 -7 -8 -9 -10 -11 -12 12 -14 -15
leaf_value=0.037141410036514583 -0.052563539571324994 -0.063930296176737969 -0.035054101462590068 0.015811270887663955 -0.043837744526014508 -0.049307822149121862 0.045484640908641134 -0.041907435118450083 0.064640795579763627 -0.02933240582013821 0.042222699578871502 0.016999680330437562 -0.024169696774268081 0.01651522582165323
leaf_weight=4.8244268894195548 3.5018149707466355 4.0450248569250098 40.369405429810286 37.381405029445887 39.373019458726048 62.512274736538529 42.021123770624399 38.191960599273443 11.880746021866797 23.483522040769458 11.099925354123114 48.388429742306471 34.595691533759236 266.35077757574618
leaf_count=46 37 37 298 192 522 2484 335 450 51 265 67 301 277 1653
internal_value=-0.00112602 0.00359325 0.000794423 0.00793786 -0.0149574 -0.0426612 0.0369746 -0.0149872 0.0137152 0.0114442 -0.00708749 -0.0118285 -0.000247065 0.0150807
internal_weight=668.02 600.683 555.16 382.514 76.7544 67.3367 45.5229 172.645 305.76 293.879 134.453 123.354 82.9841 270.396
internal_count=7015 4485 4113 2720 714 2530 372 1393 2006 1955 943 876 578 1690
is_linear=0
shrinkage=0.05


Tree=61
num_leaves=15
num_cat=0
split_feature=4 128 85 124 19 29 76 39 10 137 132 55 118 5
split_gain=45.7347 24.5097 14.9801 18.338 12.8893 18.0104 21.1363 19.3774 16.9054 15.3575 12.4826 11.7511 11.4725 11.5864
threshold=39.016080856323249 0.4177705198526383 3.4679362215683802e-05 0.025142981670796875 0.011159719899296762 1662541.1875000002 0.0024778645019978289 0.00039004100835882133 0.0085003972053527849 59.083333969116218 0.99617826938629161 16138.903320312502 0.12735504657030108 91.263515472412124
decision_type=10 8 2 8 10 2 2 10 10 2 2 10 2 8
left_child=1 12 3 4 -3 8 -7 -8 11 -10 -11 -6 13 -1
right_child=-2 2 -4 -5 5 6 7 -9 9 10 -12 -13 -14 -15
leaf_value=0.02267127474534239 -0.048940569735318178 0.034385165126078525 0.044294584116976218 -0.03127398883116924 -0.018049536383907088 -0.067763313234761105 0.047223095946114346 -0.047418574683487008 -0.060583888575131056 -0.036553769227785166 0.031809492073163019 0.020662034142432405 0.031931412395128103 0.00033884865889172839
leaf_weight=87.822342187166214 44.18336683511734 20.723879234865308 12.56493880227208 71.388382041826844 24.451958147808909 21.811760701239109 10.488662466406824 9.2221821211278421 16.717506445944309 11.384386498481035 13.489672672003508 86.154560843482614 62.099852653220296 167.88568826206028
leaf_count=609 1976 188 86 976 242 162 56 71 193 129 91 493 422 1330
internal_value=-0.000382997 0.00317234 -0.007107 -0.00951311 -0.0021574 -0.00622317 -0.034993 0.00279124 0.00180297 -0.0250092 0.000317427 0.012019 0.0128159 0.00806731
internal_weight=660.389 616.206 298.398 285.833 214.445 193.721 41.5226 19.7108 152.198 41.5916 24.8741 110.607 317.808 255.708
internal_count=7024 5048 2687 2601 1625 1437 289 127 1148 413 220 735 2361 1939
is_linear=0
shrinkage=0.05


Tree=62
num_leaves=15
num_cat=0
split_feature=93 60 19 132 8 11 118 135 6 70 65 76 41 34
split_gain=46.1931 21.402 25.1282 22.1468 20.0246 19.8287 19.0954 25.838 29.2324 24.3858 29.6842 22.7294 19.9562 17.2845
threshold=0.00017312799900537359 1429.6291503906252 0.014724642504006626 1.0000000180025095e-35 1393.1854248046877 0.054482851177454002 0.2274994105100632 5.0000000000000009 31.2744255065918 1405.148864746094 38.054365158081062 0.059283604845404632 0.004354937933385373 36.35838699340821
decision_type=8 2 10 2 10 10 2 2 10 2 2 2 10 10
left_child=1 2 5 6 -5 -1 7 8 -4 -10 11 13 -9 -11
right_child=-2 -3 3 4 -6 -7 -8 12 9 10 -12 -13 -14 -15
leaf_value=0.040438410212168596 -0.050669864104465535 -0.059846830967480703 -0.062315282360911918 0.02057151179298335 -0.057456283832344079 -0.05355014327945188 0.024152006954113604 -0.029950922747455568 -0.030469897027343779 -0.055755950770638767 -0.045789773361968995 -0.043475692560489637 0.018952239995476742 0.040845436266660734
leaf_weight=61.843898942694068 43.003520924597979 12.532023964449762 14.102927934378384 144.02371670305729 7.7650544922798863 5.3027249351143828 44.655475648120046 154.25359821133316 28.247294869273901 4.0219727512449017 14.036168487742541 8.9501853398978692 23.405042154714465 94.439405217766762
leaf_count=508 2031 146 162 1056 60 40 300 1361 412 43 151 97 204 523
internal_value=-0.00117277 0.00235017 0.00373505 0.000111009 0.0162299 0.032339 -0.00625123 -0.0102863 0.0040344 0.0106573 0.0203937 0.0293849 -0.0234383 0.0363785
internal_weight=660.583 617.579 605.047 537.901 151.789 67.1466 386.112 341.457 163.798 149.695 121.448 107.412 177.659 98.4614
internal_count=7094 5063 4917 4369 1116 548 3253 2953 1388 1226 814 663 1565 566
is_linear=0
shrinkage=0.05


Tree=63
num_leaves=15
num_cat=0
split_feature=4 40 125 137 68 132 133 100 2 10 105 74 85 116
split_gain=43.4071 24.186 21.5317 21.262 29.4529 28.2892 28.777 24.4001 22.2055 19.2086 18.6588 17.1018 14.7776 16.02
threshold=39.016080856323249 0.00015249521675286817 -1101.4999999999998 58.173351287841804 1410.5380859375002 0.99617826938629161 0.99140444397926342 0.12170538678765298 57.445171356201179 0.015444245655089619 1041.7500000000002 0.29003816843032842 1.0000000180025095e-35 1.6220116615295412
decision_type=10 8 2 2 2 2 2 8 10 8 2 2 2 2
left_child=1 2 -1 7 5 6 10 9 -8 -4 -5 -7 13 -3
right_child=-2 12 3 4 -6 11 8 -9 -10 -11 -12 -13 -14 -15
leaf_value=0.048080004396908259 -0.048590246135814363 -0.051518959880727112 0.0092802189161500532 -0.067070206197748491 0.047972459847756117 -0.05267285615177001 0.02091890428790151 -0.035088921175452127 -0.046243894500032162 -0.053168335749340184 0.026737070696138773 0.035942250616742735 0.032467757024229209 -0.0096807981095352619
leaf_weight=31.665165595710278 41.373158451169729 31.109886033460498 148.60075721889734 25.949772631749514 55.082453954964876 5.0182232186198226 58.368083817884326 51.426921376958489 14.542489098384975 12.423513336107133 6.0167220532894126 70.982771039009094 13.347466722130774 81.874648144468665
leaf_count=176 2012 479 1076 357 334 67 359 560 222 153 53 542 78 607
internal_value=0.000338781 0.00375154 0.00887477 0.00600542 0.016306 0.00645199 -0.0103587 -0.00545784 0.00707842 0.00416371 -0.0491384 0.0294831 -0.0156342 -0.0215517
internal_weight=647.782 606.409 480.077 448.412 235.961 180.878 104.877 212.451 72.9106 161.024 31.9665 76.001 126.332 112.985
internal_count=7075 5063 3899 3723 1934 1600 991 1789 581 1229 410 609 1164 1086
is_linear=0
shrinkage=0.05


Tree=64
num_leaves=15
num_cat=0
split_feature=18 32 40 8 59 35 20 76 59 6 85 116 52 66
split_gain=47.8104 31.0904 23.3595 19.8587 27.2873 28.642 21.2274 18.9272 25.1415 24.3807 17.454 18.6302 15.9688 17.8676
threshold=0.00071243350976146768 1358.6656494140627 0.00013448956451611596 53.666038513183601 18956.476562500004 114.74896621704103 2.8294999765421385e-06 0.0025520223425701265 41158.537109375007 32.658084869384773 1.0000000180025095e-35 1.6220116615295412 1673.5000000000002 37.743314743041999
decision_type=10 10 10 10 2 8 10 2 2 10 2 2 10 2
left_child=2 -2 3 -1 5 6 -5 8 -6 -10 11 -4 13 -11
right_child=1 -3 10 4 7 -7 -8 -9 9 12 -12 -13 -14 -15
leaf_value=0.026824238502774447 -0.053280679810729752 -0.0006705866188190594 -0.052534270484276606 -0.048020469738930822 0.043213180696848992 -0.039745358974306394 0.03677894458976879 0.033151255667265678 -0.081577839888080775 0.048813677474184983 0.037854599707875344 -0.0063918659468612145 0.036844273404517749 -0.03877982938974861
leaf_weight=149.09651234932244 60.278266698122025 51.885406067594886 29.627323610708117 8.8738655503839237 22.829036965966225 56.325177788734436 28.77427077293396 81.519045427441597 10.889459330588577 6.3927618116140357 14.182648418471215 77.763052195310593 16.651074595749378 27.73939036950469
leaf_count=1065 2133 391 482 151 121 654 357 569 93 39 84 566 153 199
internal_value=0.000345978 -0.0291649 0.00662667 0.0123408 0.00396419 -0.0174522 0.0160659 0.0161185 -0.000508618 -0.0171241 -0.0125451 -0.0194891 -0.00199485 -0.0214516
internal_weight=642.827 112.164 530.664 409.091 259.994 93.9733 37.6481 166.021 84.5017 61.6727 121.573 107.39 50.7832 34.1322
internal_count=7057 2524 4533 3401 2336 1162 508 1174 605 484 1132 1048 391 238
is_linear=0
shrinkage=0.05


Tree=65
num_leaves=15
num_cat=0
split_feature=4 128 32 49 37 10 9 4 31 4 67 79 18 31
split_gain=39.5007 21.8054 15.1162 20.1487 14.6013 28.9125 14.392 15.6521 12.6098 12.5786 12.0361 14.2971 13.3501 11.7389
threshold=39.016080856323249 0.4177705198526383 37.886302947998054 2.6875000003201426e-06 0.0033798062941059475 0.0044543652329593906 0.99054244160652172 30.648148536682132 581.20870971679699 31.836424827575687 32.020854949951179 0.035862185060977943 0.00026469849399290984 168.31133270263675
decision_type=8 8 8 8 10 10 10 10 10 8 2 2 8 10
left_child=1 10 3 -3 5 9 -6 -8 -4 -5 11 12 -1 -12
right_child=-2 2 8 4 6 -7 7 -9 -10 -11 13 -13 -14 -15
leaf_value=0.015429682977400567 -0.050455442501743643 0.039871208203062058 -0.034653365571782585 -0.10963898392600058 -0.013916339934212957 0.044714290207640936 -0.057177498688193433 0.024172255735482883 0.030084589678284646 -0.029585112114733088 0.027988133910933882 -0.06453033978092311 -0.030219430686936718 0.005064313854286389
leaf_weight=52.978213643655181 37.596728560514748 25.012640956789255 65.880231546238065 9.2280338071286678 91.531325118616223 6.8000945374369612 5.5934439525008193 60.344056829810143 7.70288286730647 11.434230558574203 115.66236853040755 8.0743230748921615 21.776848124340177 108.15696561522782
leaf_count=374 1980 180 734 77 1039 44 71 408 43 90 943 64 207 765
internal_value=-0.00144958 0.00175237 -0.00822769 -0.00135201 -0.00711206 -0.0400699 -0.00114767 0.0165203 -0.0275639 -0.068749 0.0109767 -0.00526075 0.0019083 0.0169824
internal_weight=627.772 590.176 283.527 209.944 184.931 27.4624 157.469 65.9375 73.5831 20.6623 306.649 82.8294 74.7551 223.819
internal_count=7019 5039 2686 1909 1729 211 1518 479 777 167 2353 645 581 1708
is_linear=0
shrinkage=0.05


Tree=66
num_leaves=15
num_cat=0
split_feature=92 101 121 73 116 122 110 4 7 37 92 4 71 33
split_gain=40.8784 21.2754 17.8683 14.6559 13.9269 19.0249 14.4474 12.9388 17.027 17.5789 17.4581 15.3556 15.9459 13.8932
threshold=0.0051863584667444238 0.011462261434644462 60651.160156250007 1407.5217895507815 1.9324047565460207 3.2636677026748662 19717502.000000004 32.020854949951179 30.832298278808597 0.0050158170051872739 2.0530000028884392e-06 37.931547164916999 1396.480651855469 1443.262634277344
decision_type=8 10 2 2 2 8 2 10 8 10 10 10 2 10
left_child=1 -1 3 7 6 -6 -4 8 -3 -10 -11 12 -9 -12
right_child=-2 2 4 -5 5 -7 -8 11 9 10 13 -13 -14 -15
leaf_value=0.036035531074422471 -0.048930216713809802 0.019800690943949057 -0.04708164538704069 0.051941703133777467 -0.01700904442613517 0.028003323201119069 0.026507403117159978 0.017623468880797889 -0.053414617073530679 0.034879215720756328 -0.032265001737129505 -0.02682638050002106 -0.062382681419525736 0.044140561173044573
leaf_weight=46.073905433528125 38.21013193950057 37.609714761376381 40.285308580845594 16.140676392242312 75.671924294903874 32.844069363549352 7.2813286632299414 216.97295283339918 26.344499982893467 18.17090841755271 40.612566793337464 22.923144246451557 5.4501497223973265 6.0494545102119437
leaf_count=473 2099 227 528 95 549 190 48 1537 226 101 507 408 36 31
internal_value=0.000515883 0.0037821 0.00100132 0.00671834 -0.0132455 -0.00325404 -0.035503 0.00463408 -0.00815869 -0.0197813 -0.00551087 0.0113551 0.0153926 -0.0216412
internal_weight=630.641 592.431 546.357 390.274 156.083 108.516 47.5666 374.133 128.787 91.1774 64.8329 245.346 222.423 46.662
internal_count=7055 4956 4483 3168 1315 739 576 3073 1092 865 639 1981 1573 538
is_linear=0
shrinkage=0.05


Tree=67
num_leaves=15
num_cat=0
split_feature=4 116 4 132 98 135 4 125 66 32 4 33 8 72
split_gain=33.716 19.1635 26.392 20.2067 20.0867 19.2587 24.1736 17.7184 17.3418 26.0748 16.1223 14.2015 15.0196 16.8943
threshold=39.016080856323249 1.5880963206291201 36.914140701293952 0.99617826938629161 0.0034199262736365203 5.0000000000000009 31.47038555145264 -15964.499999999998 1405.148864746094 34.53808784484864 38.054365158081062 1420.8050537109377 1397.0390625000002 1359.4380493164065
decision_type=8 2 10 2 10 2 10 2 2 10 10 10 10 2
left_child=1 2 7 4 -3 6 -6 -1 9 -8 -10 12 13 -5
right_child=-2 3 -4 11 5 -7 8 -9 10 -11 -12 -13 -14 -15
leaf_value=0.045687716475600687 -0.047671175773631086 0.031351759676047544 0.020695457108942023 0.0052128343337725465 -0.038447665016973061 -0.016132237806835276 -0.065611160572041347 -0.042034245950929777 0.042600587047997455 0.019751681518174306 -0.017856403793963287 -0.063952113705450772 -0.043664399467185033 0.042589570422594224
leaf_weight=5.5122832655906668 34.13886874075979 44.10315915197134 30.934907706454396 47.463506231084466 21.228471698239446 160.47615483123809 12.36585529707372 62.644602972082794 62.887332819402218 26.14325094409287 12.74205334112048 3.6585724242031565 6.6035122498869887 83.801428560167551
leaf_count=30 1972 339 345 391 248 1202 120 1025 390 229 104 29 44 537
internal_value=-0.000109917 0.00276398 -0.0171524 0.00689002 0.000263645 -0.00446086 0.00939228 -0.0343816 0.0185466 -0.00862648 0.0323147 0.022693 0.0254362 0.0292163
internal_weight=614.704 580.565 99.0918 481.473 339.946 295.843 135.367 68.1569 114.138 38.5091 75.6294 141.527 137.868 131.265
internal_count=7005 5033 1400 3633 2632 2293 1091 1055 843 349 494 1001 972 928
is_linear=0
shrinkage=0.05


Tree=68
num_leaves=15
num_cat=0
split_feature=72 121 85 116 132 67 76 4 67 136 31 39 36 66
split_gain=35.1794 21.7618 17.6737 21.0799 18.8714 21.9532 18.6921 18.8221 16.7206 25.212 55.7589 24.6742 22.476 21.6547
threshold=1358.7139892578127 -129422.97265624999 1.0000000180025095e-35 1.5880963206291201 1.0000000180025095e-35 32.020854949951179 0.10039787739515306 37.931547164916999 36.83270454406739 1.0000000180025095e-35 124.64131546020509 0.041522989049553878 1358.8919067382815 1397.8862915039065
decision_type=2 2 2 2 2 2 2 10 2 2 10 10 8 2
left_child=1 -1 3 -2 5 -5 7 -7 11 13 -11 -6 -13 -10
right_child=2 -3 -4 4 8 6 -8 -9 9 10 -12 12 -14 -15
leaf_value=0.044560092741887256 -0.022898053494390138 -0.046462076139927082 0.042747775919948418 -0.022783098257558185 0.04584542557605184 0.01574597104305149 -0.050200064289669388 -0.030553473828274766 0.054107353191459567 0.049292515698307553 -0.10893721468441345 -0.078664827866832016 0.046625750755386212 -0.060552539492300363
leaf_weight=6.636011663824319 75.509940447285771 55.136319406330585 26.121168358251452 84.291592568159103 71.646907212212682 190.97528273053467 12.495158042758701 23.850298259407282 19.262816186994318 8.953395392745735 11.990908453240989 7.5881928056478474 5.2723216712474832 4.2838169783353797
leaf_count=93 943 2517 159 644 504 1277 143 304 120 61 86 48 37 43
internal_value=-0.000691477 -0.0361297 0.00340474 0.00133475 0.00553011 -0.00114228 0.00694688 0.010488 0.0215329 -0.00325662 -0.0421324 0.0344694 -0.0276423 0.0316304
internal_weight=604.014 61.7723 542.242 516.121 440.611 311.612 227.321 214.826 128.998 44.4909 20.9443 84.5074 12.8605 23.5466
internal_count=6979 2610 4369 4210 3267 2368 1724 1581 899 310 147 589 85 163
is_linear=0
shrinkage=0.05


Tree=69
num_leaves=15
num_cat=0
split_feature=93 106 121 72 85 42 48 137 60 105 10 137 1 76
split_gain=33.4958 19.0809 21.2545 19.4139 17.9423 24.5299 25.3692 18.1852 15.1823 17.8391 17.6156 21.1891 16.4674 52.8144
threshold=0.00018353199993725869 280.86918640136724 -3165.737670898437 1358.7139892578127 1.0000000180025095e-35 0.00039937732799444353 1.5331499980675292e-06 71.749347686767592 1429.6291503906252 1540.5000000000002 0.010025125462561848 59.083333969116218 40415.878906250007 0.0034677129006013279
decision_type=10 2 2 2 2 8 8 2 2 2 10 2 2 2
left_child=1 2 -1 -3 5 8 7 -7 9 10 12 -12 -5 -14
right_child=-2 3 -4 4 -6 6 -8 -9 -10 -11 11 -13 13 -15
leaf_value=0.14525538771502647 -0.04967335501916173 -0.038131883340667416 -0.018655056019578259 0.019140537123003089 0.044790013860842193 0.050654757108676798 -0.039576823845115738 -0.036044349051434769 -0.050887787625428539 0.039501552579627702 -0.048647704376668634 0.0033803470473027114 -0.034195740134776074 0.047131413237497165
leaf_weight=3.9118885081261396 29.779977674596012 26.59248923137784 2.9690738301724187 205.32655718363822 25.757142398506403 15.964553989470007 58.636986086145043 8.5265890173614007 9.8437455948442203 42.266910079866648 28.488578716292977 57.828494841232896 57.944299053400755 29.201304884627461
leaf_count=44 1895 736 112 1301 155 111 613 61 117 372 353 441 546 168
internal_value=0.00114412 0.00386592 0.0811367 0.00278581 0.0048684 0.00278491 -0.0219224 0.0202406 0.00759109 0.00907559 0.00558546 -0.0141518 0.0114389 -0.00671859
internal_weight=603.039 573.259 6.88096 566.378 539.785 514.028 83.1281 24.4911 430.9 421.056 378.789 86.3171 292.472 87.1456
internal_count=7025 5130 156 4974 4238 4083 785 172 3298 3181 2809 794 2015 714
is_linear=0
shrinkage=0.05


Tree=70
num_leaves=15
num_cat=0
split_feature=95 40 130 72 69 128 21 14 51 106 53 70 4 46
split_gain=32.1822 17.931 19.9127 23.7886 22.1812 17.8535 16.3593 15.3939 14.801 13.5672 13.6973 19.866 17.5684 13.3335
threshold=0.00019180290109943601 0.00013448956451611596 0.0086294354405254143 1405.148864746094 42.858585357666023 -954.96041870117176 0.00018966400239150974 6.3110397604759796e-05 3.5000000000000004 614.49291992187511 73802.183593750015 1358.5483398437502 37.886302947998054 1.4224999631551329e-06
decision_type=8 10 2 2 2 8 8 10 2 2 10 2 10 10
left_child=1 2 9 6 -5 -2 -4 8 -3 -1 11 -11 -13 -10
right_child=5 7 3 4 -6 -7 -8 -9 13 10 -12 12 -14 -15
leaf_value=0.091080580687875487 0.046690880923034278 -0.034628019416531312 0.038308152503959782 -0.047668508777266277 0.013992894548818694 -0.050870006041957162 -0.07329821069834834 0.02928185536612575 0.033781450797013127 -0.053984740816557623 0.026085735244172376 0.013434828151888418 -0.047027719834839832 -0.02763242381045727
leaf_weight=4.7490970827639094 4.5141005031764507 65.910908368416131 3.2993708215653923 17.164472790434957 73.029457511380315 39.571522869169712 18.396497343666852 17.020511966198683 18.351620681583881 12.342217411845921 126.3986241184175 169.97626449353993 11.949160898104308 15.297310933470724
leaf_count=50 56 632 30 199 545 2432 219 103 108 166 976 1115 211 182
internal_value=0.000559881 0.00385984 0.00850479 -0.00962899 0.0018643 -0.0400663 -0.0553857 -0.013488 -0.0210183 0.0147503 0.0133402 0.00495623 0.00922817 0.00587007
internal_weight=597.971 553.886 437.305 111.89 90.1939 44.0856 21.6959 116.58 99.5598 325.415 320.666 194.268 181.925 33.6489
internal_count=7024 4536 3511 993 744 2488 249 1025 922 2518 2468 1492 1326 290
is_linear=0
shrinkage=0.05


Tree=71
num_leaves=15
num_cat=0
split_feature=92 120 116 101 132 134 10 59 106 76 99 4 39 70
split_gain=33.2569 19.9212 18.5074 19.3951 20.8763 17.3149 16.1829 17.5818 17.5801 27.2338 24.4529 23.0117 19.8666 14.5825
threshold=0.0051863584667444238 -1602.4999999999998 0.85299095511436474 0.010996520984917881 0.99617826938629161 0.99585920572280895 0.0086413267999887484 58321.220703125007 667255.53125000012 0.0048804306425154218 0.020408805459737781 32.658084869384773 0.00036479714617598807 1427.2327270507815
decision_type=8 2 2 10 2 2 10 2 2 2 10 10 10 2
left_child=1 -1 -3 -4 5 6 8 -8 10 11 -5 -10 -13 -6
right_child=-2 2 3 4 13 -7 7 -9 9 -11 -12 12 -14 -15
leaf_value=0.038802893845672343 -0.049658605006144621 -0.03265568757941794 0.044612582883144875 0.033473470310766834 0.020173400647078749 0.050338741257650865 -0.038394362492004758 0.021178503828582856 -0.074591452008971812 0.03274420874772551 -0.0076213082568745427 0.020817130702413957 -0.050663583853300366 -0.063697787469657
leaf_weight=33.355053246021271 32.109590496867895 40.232504593208432 24.580310562625527 56.164601285010576 124.68899204675108 11.745574180036781 68.626445957459509 14.387997319921849 23.654804799705744 17.197289455682039 97.945293925702572 20.467023126780987 16.85538512095809 4.4488981729373327
leaf_count=191 2155 681 272 327 921 88 876 104 195 105 843 144 140 45
internal_value=-0.000979073 0.00192493 -0.000505877 0.00224677 -0.000128599 -0.00685055 -0.00913339 -0.0279401 -0.00232126 -0.0214832 0.00747473 -0.0370584 -0.0119443 0.0168167
internal_weight=586.46 554.35 520.995 480.763 456.182 327.044 315.299 83.0144 232.284 78.1745 154.11 60.9772 37.3224 129.138
internal_count=7087 4932 4741 4060 3788 2822 2734 980 1754 584 1170 479 284 966
is_linear=0
shrinkage=0.05


Tree=72
num_leaves=15
num_cat=0
split_feature=18 5 25 101 37 95 78 39 46 128 74 8 125 137
split_gain=29.7195 27.6059 23.783 18.0014 18.6808 19.3029 19.9676 16.8456 15.6054 14.9243 18.3213 13.2028 16.9089 15.5724
threshold=0.00021199950424488637 60.371795654296882 506.30305480957037 0.013859871774911882 0.0033798062941059475 1.5331499980675292e-06 0.015113446395844223 0.00046882583410479134 0.00021094799740239981 0.97943511605262767 0.99744054675102245 52.858585357666023 -2883.4999999999995 94.584484100341811
decision_type=10 10 10 8 10 10 2 8 10 10 2 10 2 2
left_child=2 -2 8 -4 7 6 -6 9 -1 -5 -11 13 -13 -7
right_child=1 -3 3 4 5 11 -8 -9 -10 10 -12 12 -14 -15
leaf_value=0.027731605225740686 0.0095348117417943471 -0.039530086546211096 0.028134845149618039 0.026930513195603772 0.038742709657259657 0.026176894137973934 -0.058583006978899767 -0.043687704156650263 0.12585300511058536 0.034863690369533809 -0.084294598992735448 0.05433416247514971 -0.014701755981537393 -0.065123643801732481
leaf_weight=56.738244920969009 45.108004817739129 76.120221358723938 55.302846268750727 22.009130407124758 52.240586318075657 49.55056519806385 4.959977325052022 44.175634718500078 3.5065550468862048 4.5008690692484361 7.447305865585804 8.4681056849658471 145.39258668851107 4.1920946203172198
leaf_count=606 418 2342 528 193 335 365 41 500 52 43 54 42 1459 30
internal_value=0.000568424 -0.0213448 0.00639636 0.0019304 -0.00236491 0.00399119 0.0294418 -0.0236849 0.0354044 0.0028425 -0.0401819 -0.0031287 -0.0105759 0.0179956
internal_weight=579.713 121.228 458.485 398.24 342.937 264.804 57.2006 78.1329 60.2448 33.9573 11.9482 207.603 153.861 53.7427
internal_count=7008 2760 4248 3590 3062 2272 376 790 658 290 97 1896 1501 395
is_linear=0
shrinkage=0.05


end of trees

feature_importances:
Column_5=35
Column_4=34
Column_132=33
Column_137=33
Column_116=30
Column_10=27
Column_85=26
Column_33=25
Column_72=25
Column_46=22
Column_128=19
Column_32=18
Column_68=17
Column_70=16
Column_126=16
Column_7=15
Column_69=15
Column_93=15
Column_8=14
Column_30=14
Column_39=14
Column_130=14
Column_6=13
Column_29=13
Column_35=13
Column_40=13
Column_67=13
Column_123=13
Column_125=13
Column_59=12
Column_65=12
Column_60=11
Column_76=11
Column_78=11
Column_134=11
Column_9=10
Column_36=10
Column_37=10
Column_92=10
Column_100=10
Column_112=10
Column_118=10
Column_124=10
Column_14=9
Column_19=9
Column_74=9
Column_105=9
Column_11=8
Column_47=8
Column_101=8
Column_106=8
Column_121=8
Column_18=7
Column_34=7
Column_64=7
Column_66=7
Column_95=7
Column_129=7
Column_1=6
Column_31=6
Column_48=6
Column_58=6
Column_110=6
Column_113=6
Column_2=5
Column_25=5
Column_42=5
Column_71=5
Column_79=5
Column_120=5
Column_122=5
Column_17=4
Column_22=4
Column_53=4
Column_73=4
Column_75=4
Column_91=4
Column_97=4
Column_131=4
Column_135=4
Column_3=3
Column_26=3
Column_28=3
Column_41=3
Column_43=3
Column_50=3
Column_56=3
Column_61=3
Column_63=3
Column_84=3
Column_98=3
Column_99=3
Column_107=3
Column_109=3
Column_133=3
Column_20=2
Column_49=2
Column_54=2
Column_77=2
Column_102=2
Column_104=2
Column_111=2
Column_115=2
Column_119=2
Column_136=2
Column_0=1
Column_21=1
Column_23=1
Column_24=1
Column_27=1
Column_38=1
Column_45=1
Column_51=1
Column_52=1
Column_55=1
Column_57=1
Column_62=1
Column_88=1
Column_96=1
Column_114=1
Column_127=1

parameters:
[boosting: gbdt]
[objective: binary]
[metric: binary_logloss]
[tree_learner: serial]
[device_type: cpu]
[data_sample_strategy: bagging]
[data: ]
[valid: ]
[num_iterations: 73]
[learning_rate: 0.05]
[num_leaves: 15]
[num_threads: 4]
[seed: 26006]
[deterministic: 1]
[force_col_wise: 0]
[force_row_wise: 1]
[histogram_pool_size: -1]
[max_depth: -1]
[min_data_in_leaf: 10]
[min_sum_hessian_in_leaf: 0.001]
[bagging_fraction: 0.8]
[pos_bagging_fraction: 1]
[neg_bagging_fraction: 1]
[bagging_freq: 1]
[bagging_seed: 19736]
[bagging_by_query: 0]
[feature_fraction: 0.8]
[feature_fraction_bynode: 1]
[feature_fraction_seed: 22478]
[extra_trees: 0]
[extra_seed: 25246]
[early_stopping_round: 0]
[early_stopping_min_delta: 0]
[first_metric_only: 0]
[max_delta_step: 0]
[lambda_l1: 0]
[lambda_l2: 1]
[linear_lambda: 0]
[min_gain_to_split: 0]
[drop_rate: 0.1]
[max_drop: 50]
[skip_drop: 0.5]
[xgboost_dart_mode: 0]
[uniform_drop: 0]
[drop_seed: 12177]
[top_rate: 0.2]
[other_rate: 0.1]
[min_data_per_group: 100]
[max_cat_threshold: 32]
[cat_l2: 10]
[cat_smooth: 10]
[max_cat_to_onehot: 4]
[top_k: 20]
[monotone_constraints: ]
[monotone_constraints_method: basic]
[monotone_penalty: 0]
[feature_contri: ]
[forcedsplits_filename: ]
[refit_decay_rate: 0.9]
[cegb_tradeoff: 1]
[cegb_penalty_split: 0]
[cegb_penalty_feature_lazy: ]
[cegb_penalty_feature_coupled: ]
[path_smooth: 0]
[interaction_constraints: ]
[verbosity: -1]
[saved_feature_importance_type: 0]
[use_quantized_grad: 0]
[num_grad_quant_bins: 4]
[quant_train_renew_leaf: 0]
[stochastic_rounding: 1]
[linear_tree: 0]
[max_bin: 255]
[max_bin_by_feature: ]
[min_data_in_bin: 3]
[bin_construct_sample_cnt: 200000]
[data_random_seed: 19427]
[is_enable_sparse: 1]
[enable_bundle: 1]
[use_missing: 1]
[zero_as_missing: 0]
[feature_pre_filter: 1]
[pre_partition: 0]
[two_round: 0]
[header: 0]
[label_column: ]
[weight_column: ]
[group_column: ]
[ignore_column: ]
[categorical_feature: ]
[forcedbins_filename: ]
[precise_float_parser: 0]
[parser_config_file: ]
[objective_seed: 10829]
[num_class: 1]
[is_unbalance: 0]
[scale_pos_weight: 1]
[sigmoid: 1]
[boost_from_average: 1]
[reg_sqrt: 0]
[alpha: 0.9]
[fair_c: 1]
[poisson_max_delta_step: 0.7]
[tweedie_variance_power: 1.5]
[lambdarank_truncation_level: 30]
[lambdarank_norm: 1]
[label_gain: ]
[lambdarank_position_bias_regularization: 0]
[eval_at: ]
[multi_error_top_k: 1]
[auc_mu_weights: ]
[num_machines: 1]
[local_listen_port: 12400]
[time_out: 120]
[machine_list_filename: ]
[machines: ]
[gpu_platform_id: -1]
[gpu_device_id: -1]
[gpu_device_id_list: ]
[gpu_use_dp: 0]
[num_gpu: 1]

end of parameters

pandas_categorical:null
