tree
version=v4
num_class=1
num_tree_per_iteration=1
label_index=0
max_feature_idx=137
objective=cross_entropy
feature_names=Column_0 Column_1 Column_2 Column_3 Column_4 Column_5 Column_6 Column_7 Column_8 Column_9 Column_10 Column_11 Column_12 Column_13 Column_14 Column_15 Column_16 Column_17 Column_18 Column_19 Column_20 Column_21 Column_22 Column_23 Column_24 Column_25 Column_26 Column_27 Column_28 Column_29 Column_30 Column_31 Column_32 Column_33 Column_34 Column_35 Column_36 Column_37 Column_38 Column_39 Column_40 Column_41 Column_42 Column_43 Column_44 Column_45 Column_46 Column_47 Column_48 Column_49 Column_50 Column_51 Column_52 Column_53 Column_54 Column_55 Column_56 Column_57 Column_58 Column_59 Column_60 Column_61 Column_62 Column_63 Column_64 Column_65 Column_66 Column_67 Column_68 Column_69 Column_70 Column_71 Column_72 Column_73 Column_74 Column_75 Column_76 Column_77 Column_78 Column_79 Column_80 Column_81 Column_82 Column_83 Column_84 Column_85 Column_86 Column_87 Column_88 Column_89 Column_90 Column_91 Column_92 Column_93 Column_94 Column_95 Column_96 Column_97 Column_98 Column_99 Column_100 Column_101 Column_102 Column_103 Column_104 Column_105 Column_106 Column_107 Column_108 Column_109 Column_110 Column_111 Column_112 Column_113 Column_114 Column_115 Column_116 Column_117 Column_118 Column_119 Column_120 Column_121 Column_122 Column_123 Column_124 Column_125 Column_126 Column_127 Column_128 Column_129 Column_130 Column_131 Column_132 Column_133 Column_134 Column_135 Column_136 Column_137
feature_infos=[0:79973] [0:107387464] [6.9524784088134766:1434.8333740234375] [0:696] [-1.203703761100769:1434.8333740234375] [6.9524784088134766:1443.69189453125] [6.9524784088134766:1443.69189453125] [6.9524784088134766:1443.69189453125] [6.9524784088134766:1443.69189453125] [0:1] [0:1] [0:1] [0:1] [0:1] [0:1] [0:1] [2.193200089095626e-05:1.9037708044052124] [0:0.99571478366851807] [0:1.9037708044052124] [2.193200089095626e-05:1.9915750026702881] [1.362500029244984e-06:1.9037708044052124] [1.8729999737843173e-06:1.9037708044052124] [2.0840000161115313e-06:1.9037708044052124] [0:27] [1:79973] [6.9524784088134766:107387464] [0:1.9999972581863403] [6.9524784088134766:107387464] [0:74896] [0:106034368] [6.9524784088134766:1442.8333740234375] [0:696] [-13.565573692321777:1442.8333740234375] [6.9524784088134766:1443.69189453125] [2.3641510009765625:1443.69189453125] [6.9524784088134766:1443.69189453125] [6.9524784088134766:1443.69189453125] [0:1] [0:1] [0:1] [0:1] [0:1] [0:1] [0:1] [2.2110000372776994e-06:1.9917522668838501] [0:0.93804830312728882] [0:1.9917522668838501] [2.3439999949914636e-06:1.9917522668838501] [1.6999990748445271e-08:1.9917522668838501] [1.623000002837216e-06:1.9917522668838501] [2.3439999949914636e-06:1.9917522668838501] [0:24] [1:74896] [6.9524784088134766:106034368] [0:1.9999806880950928] [6.9524784088134766:106034368] [1:79973] [0:25306] [6.9524784088134766:107387464] [0:14382488] [6.9524784088134766:1442.8333740234375] [6.9524784088134766:1430.1473388671875] [0:696] [0:696] [2.4344263076782227:1442.8333740234375] [-13.565573692321777:1430.1473388671875] [6.9524784088134766:1443.69189453125] [2.3641510009765625:1430.1473388671875] [6.9524784088134766:1443.69189453125] [6.9524784088134766:1430.1473388671875] [6.9524784088134766:1443.69189453125] [6.9524784088134766:1430.1473388671875] [6.9524784088134766:1443.69189453125] [6.9524784088134766:1442.8333740234375] [0:1] [0:1] [0:1] [0:1] [0:1] [0:1] [0:1] [0:1] [0:1] [0:1] [0:1] [0:1] [0:1] [0:1] [1.6063799193943851e-05:1.9917522668838501] [2.2110000372776994e-06:1.9037708044052124] [0:0.99571478366851807] [0:0.83213174343109131] [9.999965300266922e-10:1.9917522668838501] [0:1.9037708044052124] [1.4629999895987567e-06:1.9917522668838501] [1.6999990748445271e-08:1.9037708044052124] [1.9540000266715651e-06:1.9917522668838501] [1.623000002837216e-06:1.9037708044052124] [2.1193000065977685e-05:1.9917522668838501] [2.0840000161115313e-06:1.9037708044052124] [2.5266999728046358e-05:1.9917522668838501] [2.3439999949914636e-06:1.9915750026702881] [1:27] [0:21] [1:79973] [1:25306] [6.9524784088134766:107387464] [6.9524784088134766:7191244] [0:1.9999972581863403] [0:1.9998902082443237] [6.9524784088134766:107387464] [6.9524784088134766:14252031] [1:99122] [13.904956817626953:107755440] [0:1] [0:1] [0:1.9999974966049194] [0.5:100] [0.004999999888241291:0.81610339879989624] [0.0007995598716661334:0.62212282419204712] [-87137:87016] [-94248824:98197832] [-1392:1384] [-1392:1384] [-0.79955452680587769:0.80254775285720825] [-87016:92121] [-98197832:103789264] [-1384:1392] [-1384:1392] [-0.80254775285720825:0.79955452680587769] [0:1] [0:1] [0:1] [0:1] [0:1] [4:6] [0:1] [35.5:97.5]
tree_sizes=1681 1705 1717 1720 1717 1706 1710 1706 1709 1707 1718 1722 1728 1726 1734 1721 1729 1720 1733 1726 1724 1724 1740 1734 1718 1730 1729 1721 1735 1741 1735 1744 1739 1740 1727 1713 1738 1735 1727 1737 1705 1729 1736 1734 1732 1733 1729 1732 1713 1744 1746 1735 1732 1733 1738 1741 1742 1727 1743 1734 1741 1731 1734 1749 1747 1735 1750 1742 1738 1740 1752 1749 1737 1755 1748 1751 1749 1751 1741 1746 1761 1761 1749 1745 1749 1754 1739 1753 1752 1754 1761 1762 1750 1754 1754 1750 1751 1764 1762 1763 1758 1765 1756 1756 1770 1769 1765 1757 1771 1785 1754 1761 1764 1772 1767 1774 1769 1775 1769 1780 1771 1763 1773 1777 1762 1773 1776 1775 1778 1766 1779 1772 1781 1780 1772 1776 1778 1774 1780 1780 1786 1776 1791 1792 1773 1782 1767 1779 1778 1773 1778 1794 1768 1771 1791 1780 1770 1790 1779 1782 1786 1764 1795 1783 1764 1793 1787 1788 1779 1799 1781 1784 1781 1790 1791 1793 1780 1776 1785 1799 1788 1796 1803 1799 1791 1790 1796 1800 1797 1785 1799 1789 1796 1776 1788 1782 1785 1782 1781 1804 1811 1778 1792 1794 1802 1795 1790 1791 1814 1798 1813 1787 1803 1796 1801 1780 1790 1803 1797 1800 1797 1810 1808 1801 1796 1819 1809 1807 1798 1817 1805 1805 1814 1810 1804 1813 1797 1798 1813 1799 1789 1803 1821 1813 1801 1808 1815 1818 1802 1804 1815 1820 1822 1798 1791 1807 1811 1817 1805 1804 1815 1804 1817 1818 1834 1816 1821

Tree=0
num_leaves=15
num_cat=0
split_feature=47 34 29 45 72 8 40 34 115 10 121 49 75 78
split_gain=2015 611.533 537.906 471.605 278.994 199.497 105.925 223.142 86.0127 73.1816 44.4609 33.9448 27.0634 109.304
threshold=0.001743184984661639 24.230171203613285 601.50503540039074 0.16294912248849872 757.97219848632824 32.696172714233406 0.071858864277601256 44.369388580322273 0.30140057206153875 0.062604982405900969 -84132.402343749985 0.27653878927230841 0.3899152427911759 0.49364584684371954
decision_type=8 10 2 10 2 8 10 8 2 10 2 10 2 2
left_child=2 5 -1 6 11 -2 12 8 -8 10 -7 -5 -3 -14
right_child=1 3 -4 4 -6 9 7 -9 -10 -11 -12 -13 13 -15
leaf_value=-2.0698262639557101 -2.9029445351173013 -2.9725908759993649 -2.9573689122841027 -2.2304453771258372 -2.9434488177970204 -2.8718810605311269 -2.9170115729408383 -2.9635535012001681 -2.3808737307841144 -2.8863123469264043 -2.2481898824969253 -2.8444636623624828 -2.9449743727798716 -2.5263034466026117
leaf_weight=7.560743182897566 2.5202477276325217 290.74934842437506 2.0355847030878067 2.6656466349959369 2.5687140300869942 0.48466302454471577 1.0177923515439009 8.1908051148056984 2.0355847030878067 0.72699453681707371 3.6834389865398407 0.53312932699918736 20.93744266033173 0.67852823436260123
leaf_count=156 52 5999 42 55 53 10 21 169 42 15 76 11 432 14
internal_value=-2.92259 -2.94388 -2.24366 -2.95454 -2.54115 -2.52285 -2.96306 -2.81821 -2.51426 -2.36359 -2.29697 -2.28993 -2.96859 -2.91492
internal_weight=346.389 336.792 9.59633 329.377 5.76749 7.41534 323.61 11.2442 3.05338 4.8951 4.1681 3.19878 312.365 21.616
internal_count=7147 6949 198 6796 119 153 6677 232 63 101 86 66 6445 446
is_linear=0
shrinkage=1


Tree=1
num_leaves=15
num_cat=0
split_feature=75 79 34 54 55 90 78 62 70 27 121 4 6 8
split_gain=1276.36 606.433 182.394 131.899 177.586 102.618 142.49 64.4579 50.4861 26.2329 24.2369 20.7351 14.788 9.26543
threshold=0.47291788458824163 0.077206529676914229 24.230171203613285 6.2843715568305938e-05 665.09390258789074 0.086864866316318526 0.30060242116451269 85.316429138183608 633.12368774414074 530.60540771484386 -26974.250976562496 18.719136238098148 10.597628116607668 32.696172714233406
decision_type=2 2 10 8 8 10 2 2 2 10 2 8 10 10
left_child=2 3 -1 11 10 -4 -7 -8 -3 13 -5 12 -2 -6
right_child=1 8 5 4 9 6 7 -9 -10 -11 -12 -13 -14 -15
leaf_value=0.297779280807073 -0.024049616161863092 0.45298574189629232 -0.049316069741686445 0.036209578466253278 -0.019522541791477541 -0.039647446150432281 -0.027260181961008378 0.38430201105187062 -0.015878454693143067 -0.044263261628829383 0.40184245975863747 -0.042182307311698801 0.21359460421099846 0.17127604641079
leaf_weight=2.9848841167986384 0.83815687149763263 19.350584052503113 286.79337916150689 0.71505898982286442 0.58798768371343735 7.427170664072035 1.0669428147375581 3.2029289752244949 0.52237872406840224 5.2484716139733791 5.319172348827121 13.57210389152169 0.51058723777532578 1.6788242161273954
leaf_count=40 17 208 6182 14 12 159 22 42 11 109 65 284 9 25
internal_value=-0.000486645 0.235306 -0.0389503 0.0819947 0.189192 -0.0433006 0.0964581 0.295804 0.440491 0.0177609 0.369822 -0.0211194 0.118551 0.130959
internal_weight=349.819 48.3433 301.475 28.4704 13.5495 298.49 11.697 4.26987 19.873 7.51528 6.03423 14.9208 1.34874 2.26681
internal_count=7199 754 6445 535 225 6405 223 64 219 146 79 310 26 37
is_linear=0
shrinkage=0.05


Tree=2
num_leaves=15
num_cat=0
split_feature=75 11 34 69 53 73 17 11 121 89 137 30 6 81
split_gain=957.783 467.769 180.65 140.218 99.243 37.8252 31.2619 72.0851 26.3887 24.3254 12.192 11.5141 8.78778 6.47476
threshold=0.33013762533664709 0.12619426846504214 24.230171203613285 37.743314743041999 38.323677062988288 529.41552734375011 0.077373079955577864 0.24291939288377765 -45757.988281249993 0.00064117083093151461 85.286026000976577 30.665631294250492 20.10711765289307 0.081666667014360442
decision_type=2 8 10 2 8 2 8 8 2 8 2 8 10 2
left_child=2 3 -1 4 10 8 12 -8 -6 -5 -2 -12 -4 -11
right_child=1 -3 6 9 5 -7 7 -9 -10 13 11 -13 -14 -15
leaf_value=0.25965113385374117 -0.043135025342447481 0.31173996302175178 0.07252147136000639 0.12438321442223564 0.03701113317585504 -0.0064392395592891257 -0.033723740887576584 0.23320270435555288 0.31734853395806661 -0.046037845704781956 0.17680757144848222 -0.025082122967577399 -0.050789555800352874 0.055487198608638946
leaf_weight=3.9225876480340949 4.4960247427225086 29.703784007579088 0.62004209309816261 1.5134533382952238 1.2506297193467597 1.2107959650456912 10.16954846680164 2.2881051264703283 7.3967551179230213 21.860325872898105 0.53113400563597646 0.91409131884574901 260.4512962475419 0.85938582196831603
leaf_count=40 94 240 14 16 23 25 226 30 83 465 7 20 5874 14
internal_value=0.000462738 0.164758 -0.0412755 0.0507587 0.161874 0.25177 -0.0465211 0.0289884 0.284844 -0.0252302 -0.00206945 0.0910782 -0.0502211 -0.0400202
internal_weight=347.188 69.7364 277.452 40.0326 15.7994 9.85818 273.529 12.4577 8.64738 24.2332 5.94125 1.44523 261.071 22.7197
internal_count=7171 987 6184 747 252 131 6144 256 106 495 121 27 5888 479
is_linear=0
shrinkage=0.05


Tree=3
num_leaves=15
num_cat=0
split_feature=106 54 102 69 21 125 12 4 120 63 34 46 31 121
split_gain=806.771 431.992 152.293 83.0715 43.6362 35.7335 28.0438 25.615 20.0902 17.0506 19.3136 11.8274 9.41232 7.20676
threshold=772.28149414062511 6.2843715568305938e-05 16.500000000000004 28.155234336853031 0.17265942692756656 -76.499999999999986 0.072077922523021712 19.743314743041996 -100.49999999999999 157.89137268066409 56.730962753295906 0.00010846250006579795 89.531368255615249 -9334.4062499999982
decision_type=2 8 2 2 10 2 10 10 2 2 10 10 10 2
left_child=1 4 5 13 7 -3 -5 -1 12 10 -8 -9 -7 -2
right_child=3 2 -4 6 -6 8 9 11 -10 -11 -12 -13 -14 -15
leaf_value=0.22990387691967007 0.013472515929909272 0.0030262648499013891 -0.044014825302219354 -0.051228766930625072 -0.048721185331978695 -0.030023044698013226 0.19328448593039832 -0.021752363592629886 0.24727126361067453 -0.03682030792239388 -0.028066523005067769 0.13535636594925141 0.13090733502351257 0.24134839262432634
leaf_weight=1.2918660640716577 0.5402181185781959 1.6571678109467018 5.1306117773056021 247.14583154767752 25.698681972920895 1.2677349187433713 1.8204382248222821 3.9414350464940071 48.87617564946413 2.3321857750415802 1.1686310768127439 0.60474481806159008 0.76459228992462147 1.6961975246667851
leaf_count=14 10 23 114 5822 582 22 20 86 355 51 27 10 8 15
internal_value=-0.000316691 0.128223 0.20843 -0.0456746 -0.0204126 0.233431 -0.0487267 0.0931017 0.240729 0.0572021 0.121402 0.0197838 0.0537257 0.207474
internal_weight=343.937 89.233 57.6963 254.704 31.5367 52.5657 252.467 5.83805 50.9085 5.32126 2.98907 4.54618 2.03233 2.23642
internal_count=7159 1214 522 5945 692 408 5920 110 385 98 47 96 30 25
is_linear=0
shrinkage=0.05


Tree=4
num_leaves=15
num_cat=0
split_feature=106 52 102 69 18 125 12 134 3 2 34 50 11 63
split_gain=670.755 359.604 104.886 70.6665 29.2018 24.7777 21.1991 17.8309 15.3076 11.7017 9.18288 6.22406 5.14213 1.97632
threshold=772.28149414062511 1.3452380895614626 16.500000000000004 28.155234336853031 0.0001657094981055707 -131.49999999999997 0.072077922523021712 0.92711213231086742 154.84339141845706 32.561868667602546 58.622625350952156 0.17750056833028796 0.37935721874237066 83.665882110595717
decision_type=2 8 2 2 10 2 10 2 10 8 10 8 10 2
left_child=1 4 5 13 7 -3 -5 12 10 -7 -8 -6 -1 -2
right_child=3 2 -4 6 11 9 8 -9 -10 -11 -12 -13 -14 -15
leaf_value=-0.036967587088944626 0.04607763924274122 -0.0099827678451483229 -0.043036764414077174 -0.050631163152832052 0.048801125330266502 0.031035177904290445 0.15631376435091648 0.17758561616571764 -0.036347767008343274 0.20545147724328686 -0.021339818050149909 -0.048835300848059544 0.072083253540327796 0.20333067935798588
leaf_weight=2.3240279704332347 1.0107664503157132 1.3198003508150566 4.5796507000923148 237.66967635974288 0.95553114637732761 1.3738274537026871 1.8234923630952828 1.5914513915777204 2.4583828337490559 55.65107736364007 0.68726081401109684 27.021458920091391 0.60248989611864079 1.6934726014733312
leaf_count=49 15 20 107 5866 11 19 17 22 56 358 16 632 7 13
internal_value=-0.00156513 0.11024 0.179109 -0.0453196 -0.0244863 0.196977 -0.0484507 0.0820657 0.0468477 0.201857 0.115458 -0.0439316 -0.00187663 0.172861
internal_weight=340.762 95.4193 62.9244 245.343 32.495 58.3447 242.639 4.51797 4.96914 57.0249 2.51075 27.977 2.92652 2.70424
internal_count=7208 1225 504 5983 721 397 5955 78 89 377 33 643 56 28
is_linear=0
shrinkage=0.05


Tree=5
num_leaves=15
num_cat=0
split_feature=106 46 37 69 8 5 102 80 1 66 3 126 1 124
split_gain=638.621 256.322 88.8073 55.6314 46.2869 27.3366 23.1471 18.3482 16.1689 13.4134 12.5777 8.39063 5.77292 5.00233
threshold=772.28149414062511 0.16695995628833774 0.20910493284463885 28.155234336853031 56.250652313232429 550.37716674804699 15.500000000000002 0.071858864277601256 37.42260932922364 44.582815170288093 163.17218017578128 -79647.394531249985 2267.907104492188 -0.099962934851646409
decision_type=2 10 8 2 8 10 2 2 2 2 10 2 2 8
left_child=1 2 -1 -2 8 6 11 -5 -4 10 12 -6 -9 -10
right_child=3 -3 4 7 5 -7 -8 9 13 -11 -12 -13 -14 -15
leaf_value=-0.031695323228135133 0.15261957782329941 -0.04773391072617577 0.11568806098986961 -0.050644637038025533 0.018935892474956639 -0.015694224193245707 -0.011518986340229289 0.0052305742754164388 0.064357657542459312 -0.040010541002019416 -0.02969674721561525 0.18714093525986952 0.16801509612714499 -0.03502118470189905
leaf_weight=6.1929802335798732 2.555403444916009 21.265972673892975 3.3106441982090455 224.19495364278555 0.9915471151471057 1.6728260368108738 1.4219459630548943 0.76354326680302609 0.67767546325922012 3.2920524068176746 1.309817738831043 60.746688459068544 1.7191142626106737 4.4372111149132252
leaf_count=138 22 527 34 5798 14 27 28 14 5 80 31 354 14 80
internal_value=3.59976e-05 0.104688 0.145572 -0.0452937 0.160782 0.175037 0.180254 -0.0481281 0.0441613 0.0279243 0.0829389 0.184784 0.133828 -0.0134829
internal_weight=334.552 100.717 79.4515 233.835 73.2585 64.833 63.1602 231.279 8.42553 7.08453 3.79248 61.7382 2.48266 5.11489
internal_count=7166 1207 680 5959 542 423 396 5937 119 139 59 368 28 85
is_linear=0
shrinkage=0.05


Tree=6
num_leaves=15
num_cat=0
split_feature=106 46 102 69 58 81 27 125 4 37 34 122 8 23
split_gain=533.406 211.02 74.6704 66.6344 35.2474 20.152 19.293 14.4984 13.3472 12.4964 9.96941 6.84492 6.11901 3.08882
threshold=772.28149414062511 0.16695995628833774 15.500000000000002 28.155234336853031 135.34294891357425 0.072077922523021712 1204.2881469726565 -131.49999999999997 21.931548118591312 0.22634860128164294 44.582815170288093 -79.634696960449205 60.350028991699226 5.5000000000000009
decision_type=2 10 2 2 2 2 10 2 10 8 10 8 8 2
left_child=1 2 4 13 8 -5 7 -6 -1 -9 -7 -10 -11 -2
right_child=3 -3 -4 5 6 10 -8 9 11 12 -12 -13 -14 -15
leaf_value=0.14356538648826209 0.038316519309028636 -0.049781200335636586 -0.044504415814290238 -0.049939850396473293 -0.0085634116121110736 0.11902445114045497 -0.014671376633945649 0.016731685638958355 0.069393733194210869 0.067409680587020307 -0.029864554989562073 -0.030361565025089927 0.16361594031466076 0.18378635235810048
leaf_weight=1.0188480764627446 1.1446055807173245 20.685019601136446 5.5431983992457381 214.60747404396534 1.2618287280201901 1.8079646639525884 1.5879716128110875 1.8239525705575932 1.3825443387031553 3.6744417026638976 1.3287852406501768 5.1907583177089691 63.689533457159996 2.0866867527365685
leaf_count=11 14 538 132 5806 21 13 22 30 15 31 32 86 335 14
internal_value=-0.00020595 0.0915771 0.126086 -0.044389 0.138366 -0.0480138 0.149091 0.152936 0.0310992 0.155961 0.0639798 -0.00298779 0.159431 0.153491
internal_weight=326.834 105.858 85.1731 220.976 79.6299 217.744 72.0377 70.4498 7.59215 69.1879 3.13675 6.5733 67.364 3.23129
internal_count=7100 1221 683 5879 551 5851 439 417 112 396 45 101 366 28
is_linear=0
shrinkage=0.05


Tree=7
num_leaves=15
num_cat=0
split_feature=106 54 102 69 12 20 125 3 4 120 3 72 78 51
split_gain=466.666 184.601 59.6269 49.113 24.3 16.5453 14.6474 14.5762 11.1835 10.5871 8.86089 6.01776 5.39437 4.59179
threshold=772.28149414062511 1.4332414139062168e-05 16.500000000000004 28.155234336853031 0.072077922523021712 0.040772495791316039 -131.49999999999997 154.84339141845706 20.886837959289554 -103.49999999999999 163.17218017578128 622.88476562500011 0.49364584684371954 5.5000000000000009
decision_type=2 8 2 2 8 10 2 10 10 2 10 2 2 2
left_child=1 5 6 13 -5 8 -3 -6 -1 -8 -11 -12 -10 -2
right_child=3 2 -4 4 7 -7 9 -9 12 10 11 -13 -14 -15
leaf_value=0.13928963657137858 0.017749261312984928 -0.013662360609205096 -0.04324773669513908 -0.049825294474120839 0.10714161076357238 -0.049783092387313869 0.022391829761042929 -0.035964842261200163 -0.030007362189943484 0.14088611329104087 0.087436481505798441 -0.031613287706776898 0.079078320673743152 0.15531124516336423
leaf_weight=1.051182366907599 1.0986885353922837 1.5363726466894139 4.7883505634963504 208.06249726191163 3.1887582242488852 21.340406998991966 2.4926592633128157 2.4190553650259972 3.5335896611213684 69.673047304153442 1.0549690164625638 1.414340130984783 0.51234811544418324 2.2271708101034164
leaf_count=8 15 24 122 5901 33 576 29 61 78 349 7 22 5 13
internal_value=-0.00166505 0.0831249 0.120223 -0.0438187 -0.0470059 -0.0307212 0.130926 0.049309 0.0441621 0.134044 0.137543 0.029791 -0.00325948 0.124476
internal_weight=324.393 107.397 80.9597 216.996 213.67 26.4375 76.1714 5.60781 5.09712 74.635 72.1424 2.46931 4.04594 3.32586
internal_count=7243 1220 553 6023 5995 667 431 94 91 407 378 29 83 28
is_linear=0
shrinkage=0.05


Tree=8
num_leaves=15
num_cat=0
split_feature=75 11 69 34 8 17 11 122 73 81 134 67 16 34
split_gain=430.05 88.4286 64.9966 62.5912 26.8208 19.0795 26.7893 18.372 15.723 11.4883 11.1025 8.18211 3.76684 3.70966
threshold=0.3237959891557694 0.076982341706752791 37.832799911499031 24.230171203613285 58.398742675781257 0.083150956779718413 0.22271825373172763 -31.902875900268551 545.45361328125011 0.48999999463558203 0.99585920572280895 17.331782341003422 0.90052512288093578 60.88360786437989
decision_type=2 8 2 10 10 8 8 8 2 2 2 2 8 10
left_child=3 2 4 -1 7 11 -7 12 -6 -4 -9 -5 -2 -8
right_child=1 -3 9 5 8 6 13 10 -10 -11 -12 -13 -14 -15
leaf_value=0.1043167466198026 0.012995875862719792 0.12617856083206838 -0.045283412099793502 0.067233768912203701 0.15942123460448232 -0.039297154184519734 0.13077057749987867 -0.046434833343212412 -0.011155278498353094 0.080338163654671543 0.098658804849997339 -0.049920014213915419 0.12829243945497476 0.013811520156468771
leaf_weight=6.274092234671115 1.1866735182702544 55.126082144677639 18.950198125094179 0.67970677465200324 9.6651311442255956 7.5236752815544579 2.8479385003447546 6.2931982390582579 1.4031226038932789 1.0924836099147786 0.64071827381849278 200.45311477407813 2.6166045479476452 1.1359710842370985
leaf_count=35 16 260 477 11 59 208 16 126 28 5 7 5946 15 16
internal_value=-0.00205562 0.0850801 0.0292603 -0.0408661 0.0872184 -0.0456181 0.0158098 0.02689 0.138665 -0.0349436 -0.0222825 -0.0491934 0.102513 0.106884
internal_weight=315.889 96.9742 41.8481 218.914 21.8054 212.64 11.5076 10.7372 11.0683 20.0427 6.93392 201.133 3.80328 3.98391
internal_count=7225 993 733 6232 251 6197 240 164 87 482 133 5957 31 32
is_linear=0
shrinkage=0.05


Tree=9
num_leaves=15
num_cat=0
split_feature=106 46 37 69 66 63 58 5 65 1 126 113 5 5
split_gain=399.991 135.429 46.9163 43.3671 17.2078 17.3106 16.7317 14.0262 9.86729 5.48297 4.93788 4.47019 3.98869 2.41132
threshold=772.28149414062511 0.16695995628833774 0.22052631527185443 28.155234336853031 34.703720092773445 151.80011749267581 135.34294891357425 550.37716674804699 20.886837959289554 3431.139770507813 -111271.63281249999 45.858495712280281 542.91458129882824 61.582815170288093
decision_type=2 10 8 2 2 2 2 8 2 2 2 2 10 10
left_child=1 2 -1 -2 5 -5 8 9 -4 10 -8 -10 -11 -12
right_child=3 -3 6 4 -6 -7 7 -9 11 12 13 -13 -14 -15
leaf_value=-0.037169192667297214 0.1096961082553128 -0.046775590470453626 0.12141675995626502 0.11359959989215414 -0.049709635852711639 -0.038861610850854315 0.00099967188269290785 -0.0074205914792081122 0.041703673222613778 -0.028673959993838968 0.049528563232084502 -0.033065483389472038 0.072866625093293627 0.12404794220040048
leaf_weight=5.4647842384874812 3.5947651118040076 18.528326198458672 1.2174271345138539 2.4526702612638465 187.20698681473732 3.2488305866718292 0.87207251414656539 2.1684113815426818 2.4864276461303234 1.1974576413631433 2.9241912364959708 3.6872789449989796 0.86390982568263996 71.602728448808193
leaf_count=133 26 546 8 29 5797 96 14 34 22 29 22 73 4 328
internal_value=-0.00086517 0.0746132 0.0991724 -0.043668 -0.0470768 0.0338888 0.10806 0.114745 0.0309425 0.118216 0.120453 -0.00133687 0.0237825 0.121819
internal_weight=307.516 111.013 92.4847 196.503 192.908 5.7015 87.0199 79.6288 7.39113 77.4604 75.399 6.17371 2.06137 74.5269
internal_count=7161 1213 667 5948 5922 125 534 431 103 397 364 95 33 350
is_linear=0
shrinkage=0.05


Tree=10
num_leaves=15
num_cat=0
split_feature=75 79 35 32 73 3 66 39 122 78 129 62 95 137
split_gain=370.772 59.7111 55.8056 46.0191 22.0152 24.5623 17.5805 15.6285 15.2166 8.88106 7.0263 6.36612 4.21421 3.82044
threshold=0.3237959891557694 0.061996495351195342 30.665631294250492 35.370967864990241 529.41552734375011 10.16434955596924 38.758869171142585 0.025204878300428394 -50.79968070983886 0.49364584684371954 -0.49290780723094935 183.32595062255862 6.2234001234173788e-05 85.286026000976577
decision_type=2 2 10 10 2 8 2 10 8 2 8 2 10 2
left_child=2 3 -1 4 5 8 7 -4 -2 -5 -8 -9 -3 -10
right_child=1 12 6 9 -6 -7 10 11 13 -11 -12 -13 -14 -15
leaf_value=0.095413710718048966 0.10596323004758275 0.010616470963868592 -0.040679444292107521 -0.04607306158902081 -0.032218127112484479 0.12733608366263602 0.038386916242574544 -0.023477424781200289 -0.044764749645450241 0.063262940054998371 -0.049136432417043546 0.11511178936199314 0.11174617444089002 0.033800501616287289
leaf_weight=6.4142641797661772 2.2395980916917324 1.2742721214890469 3.6328232027590266 14.810527859255672 3.9074959810823193 14.090264253318308 1.6312065143138168 0.66957427561283145 4.7373982742428833 1.2260106950998313 184.04392018169165 2.9900017939507961 56.789406433701515 1.2954380586743353
leaf_count=31 18 14 111 400 97 82 33 8 96 5 5941 34 249 23
internal_value=-0.000766751 0.0771599 -0.040185 0.0309384 0.07068 0.0892691 -0.0451609 0.0279338 0.0176903 -0.0344915 -0.048166 0.0901582 0.109744 -0.025487
internal_weight=299.752 100.37 199.382 42.3067 26.2702 22.3627 192.968 7.2924 8.27243 16.0365 185.675 3.65958 58.0637 6.03284
internal_count=7142 984 6158 721 316 219 6127 153 137 405 5974 42 263 119
is_linear=0
shrinkage=0.05


Tree=11
num_leaves=15
num_cat=0
split_feature=106 46 69 37 12 8 27 62 126 63 137 40 8 5
split_gain=341.381 107.958 44.344 37.3572 16.7954 13.0242 11.9837 10.9228 7.25413 6.71564 2.81832 2.70498 10.6849 4.4808
threshold=999.26354980468761 0.16695995628833774 28.155234336853031 0.22052631527185443 0.072077922523021712 60.350028991699226 56.13667297363282 447.68486022949224 -208367.18749999997 151.80011749267581 46.685977935791023 0.011428944766521456 34.703720092773445 187.57407379150393
decision_type=2 10 2 8 10 8 8 2 2 2 2 10 8 10
left_child=1 3 -2 -1 11 6 10 8 -7 -6 -5 -4 13 -13
right_child=2 -3 4 5 9 7 -8 -9 -10 -11 -12 12 -14 -15
leaf_value=-0.036269887904561808 0.10737741755099223 -0.046173681952293211 -0.05086882030006748 -0.0023075618458471502 0.07928724124825616 -0.023452982540720684 -0.026095455009365765 -0.015933902126094499 0.1062866968066013 -0.031061389378073158 0.089014523944022816 -0.015043102026433955 -0.037904850445716731 0.14436006512771046
leaf_weight=5.2208081912249318 3.8878310397267333 17.063895793631673 159.01372104138136 0.92148528248071393 2.8805414438247672 0.75950440391898055 4.0494861640036115 1.6668462231755246 78.91109449416399 1.4664299190044401 5.1622125431895256 0.41188821941613873 11.796703206375241 0.28698460943996906
leaf_count=139 27 549 5419 13 32 13 64 25 385 40 49 14 389 9
internal_value=0.000197079 0.0676426 -0.0426255 0.0879957 -0.0465302 0.0954038 0.0370356 0.102137 0.104774 0.0432145 0.0768091 -0.0490421 -0.0237491 0.0968583
internal_weight=293.499 113.755 179.744 96.6914 175.856 91.4706 10.1332 81.3374 79.6706 4.34697 6.0837 171.509 12.4956 0.698873
internal_count=7167 1237 5930 688 5903 549 126 423 398 72 62 5831 412 23
is_linear=0
shrinkage=0.05


Tree=12
num_leaves=15
num_cat=0
split_feature=37 95 95 77 63 7 8 122 66 26 137 19 28 126
split_gain=294.106 93.657 43.0808 20.0637 15.7634 10.7519 10.7051 9.26493 7.90614 10.6873 7.03434 5.17479 4.90916 4.77681
threshold=0.33198925852775579 3.1034851417643956e-05 0.096685566008090987 0.33393286168575292 178.7834167480469 28.155234336853031 60.350028991699226 -31.902875900268551 38.758869171142585 0.011350643821060659 46.685977935791023 0.31932762265205389 1.0000000180025095e-35 -208367.18749999997
decision_type=8 8 10 2 2 10 8 10 2 10 2 8 2 2
left_child=5 -2 3 4 6 -1 7 10 9 -7 -3 -12 -4 -8
right_child=1 2 12 -5 -6 8 13 -9 -10 -11 11 -13 -14 -15
leaf_value=0.061993973269594119 -0.043260213532091439 -0.028702763303962237 0.050108033742344543 -0.03870006408777639 -0.017428269246335847 0.093747106824106752 -0.019330510648865869 -0.029000426845428112 -0.049458847633581778 -0.036599000742701275 0.01100573125251446 0.11425557119848027 -0.046027013530575513 0.099975432864102001
leaf_weight=1.4543782584369171 19.184503139927983 1.1129908487200735 0.73154653608798792 2.6661726515740147 3.077130874618887 1.5001738592982281 0.54753513261675735 2.9745001122355443 156.51284708082676 3.3032069467008114 1.9169765859842298 3.9269607178866863 7.2692527882754803 77.753076219931245
leaf_count=13 632 20 3 76 65 8 9 44 5547 104 31 24 215 385
internal_value=-0.00238212 0.0563407 0.0753165 0.0847551 0.0887401 -0.0461704 0.0925966 0.0383413 -0.0475215 0.0132493 0.06716 0.0869435 -0.0326465 0.0989079
internal_weight=283.931 121.161 101.976 93.9753 91.3092 162.771 88.232 9.93143 161.316 4.80338 6.95693 5.84394 8.0008 78.3006
internal_count=7176 1504 872 654 578 5672 513 119 5659 112 75 55 218 394
is_linear=0
shrinkage=0.05


Tree=13
num_leaves=15
num_cat=0
split_feature=106 46 67 102 58 4 81 49 120 122 75 79 30 125
split_gain=287.291 87.9834 43.7071 29.6271 13.4576 12.8385 12.2485 7.21041 7.76111 6.84282 5.31322 4.48081 4.30488 4.223
threshold=772.28149414062511 0.16695995628833774 17.331782341003422 16.500000000000004 135.34294891357425 20.886837959289554 0.072077922523021712 0.20789377391338351 -437.99999999999994 -79.634696960449205 0.44959452748298651 0.19341284781694415 59.766878128051765 -110.49999999999999
decision_type=2 10 2 2 2 10 2 10 2 8 2 2 10 2
left_child=1 3 -2 4 5 -1 -4 8 -6 -7 -8 12 -9 -10
right_child=2 -3 6 -5 7 9 10 11 13 -11 -12 -13 -14 -15
leaf_value=0.11470316301813294 0.094517327818282107 -0.048497761346528466 -0.049049417135568582 -0.042306194324818081 -0.027072004361457576 0.053477655659722859 -0.02943274535714839 0.057814218294185031 0.0050309645103458929 -0.038706955207336899 0.07519945886308195 0.069281360080975005 -0.039713663997277548 0.097547264774276887
leaf_weight=1.7819269672036151 4.7414284721016875 15.285591783002017 158.96099664829671 4.3047255855053654 0.90554957836866279 1.9760275594890115 1.2820439189672463 0.68118846416473333 1.3672088794410218 5.3298306278884411 2.1438451446592808 2.3928822353482246 2.5465353056788445 75.84758609905839
leaf_count=10 38 537 5887 127 12 18 33 3 19 96 14 12 37 352
internal_value=-0.000951965 0.0605455 -0.0424324 0.0780246 0.0839961 0.0231209 -0.0469851 0.0902516 0.0942437 -0.010337 0.0382406 0.0289119 -0.0103245 0.0959944
internal_weight=279.547 112.419 167.128 97.1335 92.8287 9.08779 162.387 83.741 78.1203 7.30586 3.42589 5.62061 3.22772 77.2148
internal_count=7195 1223 5972 686 559 124 5934 435 383 114 47 52 40 371
is_linear=0
shrinkage=0.05


Tree=14
num_leaves=15
num_cat=0
split_feature=106 46 66 102 48 69 32 8 121 100 125 27 2 80
split_gain=270.687 79.4117 40.4984 28.6678 18.7919 12.2522 8.82991 8.57659 8.54904 6.55592 5.53351 5.43667 5.2696 3.3669
threshold=772.28149414062511 0.16695995628833774 34.703720092773445 15.500000000000002 2.5381999876117337e-05 28.155234336853031 46.371795654296882 60.350028991699226 -4464.7336425781241 0.081789460033178343 -76.499999999999986 63.107551574707038 55.451335906982429 0.080229885876178755
decision_type=2 10 2 2 10 2 10 8 2 10 2 10 10 2
left_child=1 3 4 6 -2 -4 7 8 -1 -6 -9 -10 -8 -7
right_child=2 -3 5 -5 9 13 12 10 11 -11 -12 -13 -14 -15
leaf_value=-0.031229195852982061 -0.038173374719395053 -0.045246616659090057 0.061897089160617563 -0.042479141688720606 -0.020277183224819785 -0.049492114335758897 0.073133552096095608 0.0060392000630675674 0.083365519215014741 0.12208660813800123 0.091959056660546712 -0.0070177849949032162 -0.037417239659967648 -0.0010912326340229441
leaf_weight=2.7463768310844898 2.7643594574183208 15.006352687254546 1.7485339045524586 4.3083009459078303 0.63240622729063023 147.62335750088096 0.58488586544990484 2.0680044554173937 5.7057458795607072 5.1662341430783272 79.121658775955439 2.0179012659937143 2.3743576668202877 3.7288113683462134
leaf_count=37 90 550 13 127 17 5775 8 23 43 41 355 31 51 84
internal_value=0.000840624 0.0595754 -0.0406649 0.0757696 0.0602338 -0.0466625 0.0815418 0.0842577 0.0366915 0.105861 0.0898707 0.0616541 -0.00261434 -0.0483147
internal_weight=275.597 113.934 161.664 98.9272 8.563 153.101 94.6189 91.6597 10.47 5.79864 81.1897 7.72365 2.95924 151.352
internal_count=7245 1225 6020 675 148 5872 548 489 111 58 378 74 59 5859
is_linear=0
shrinkage=0.05


Tree=15
num_leaves=15
num_cat=0
split_feature=106 46 69 102 81 5 126 1 33 120 120 134 70 31
split_gain=250.741 77.6905 33.8011 25.3326 13.7642 12.0423 7.36591 7.06567 6.84605 6.65044 5.30738 5.18937 4.64462 4.34124
threshold=999.26354980468761 0.16695995628833774 28.155234336853031 16.500000000000004 0.072077922523021712 593.30627441406261 -1003.4524841308593 1517.2825927734377 741.42260742187511 -285.49999999999994 81.500000000000014 0.90623369812965404 38.200859069824226 103.9901809692383
decision_type=2 10 2 2 2 10 2 2 8 2 2 2 2 10
left_child=1 3 7 5 -4 6 8 -2 11 -8 -6 13 -11 -1
right_child=2 -3 4 -5 10 -7 9 -9 -10 12 -12 -13 -14 -15
leaf_value=-0.036318409064056069 -0.026155857705420615 -0.048279918824169016 -0.048295747684263556 -0.041786186750302018 -0.026740943803805109 -0.023659114863393838 -0.026680744242771705 0.10253456789503096 -0.031183422781969169 0.028527355982360517 0.086298879856660224 0.086329260994321644 0.089460575513511789 0.056258335775427354
leaf_weight=1.9613398890942311 0.91595203429460426 14.807905057445167 143.94045891799033 4.092925338074564 1.0334821268916123 2.4693866707384577 0.89665493555366893 3.9226614832878113 2.3423474859446296 4.4756956454366437 1.8791079670190809 4.2832132391631603 77.835907788947225 1.2172912061214445
leaf_count=32 12 567 5855 128 26 42 14 17 26 59 9 28 365 5
internal_value=0.000441735 0.0560679 -0.0415955 0.0719114 -0.0460317 0.0771677 0.0800678 0.077866 0.034159 0.0850072 0.0496056 0.0559318 0.0865295 0.00411378
internal_weight=266.074 114.383 151.692 99.5748 146.853 95.4818 93.0125 4.83861 9.80419 83.2083 2.91259 7.46184 82.3116 3.17863
internal_count=7185 1266 5919 699 5890 571 529 29 91 438 35 65 424 37
is_linear=0
shrinkage=0.05


Tree=16
num_leaves=15
num_cat=0
split_feature=37 56 49 5 66 9 32 34 127 8 46 22 122 95
split_gain=223.149 60.6097 27.6128 17.5012 15.4724 9.6196 10.0803 8.99013 7.97344 6.33977 25.9172 5.81513 5.31973 4.96129
threshold=0.30220390856266027 56.500000000000007 0.20789377391338351 1390.431579589844 34.703720092773445 0.77497315406799328 30.066038131713871 28.865631103515629 61.420915603637702 34.703720092773445 4.2335000216553462e-06 0.30524238944053655 -38.342811584472649 3.1034851417643956e-05
decision_type=8 2 10 10 2 10 10 10 8 10 8 8 10 8
left_child=4 2 3 5 -1 13 12 -3 -4 10 -6 -8 -7 -2
right_child=1 7 8 -5 9 6 11 -9 -10 -11 -12 -13 -14 -15
leaf_value=0.062458282346053939 0.0050057244793698516 0.061955241717480652 -0.045349464793084444 -0.039062606691759823 -0.043709417764830838 0.08617561242802757 -0.033176219569401692 -0.048209147453274821 0.040576770166785264 -0.04964374493538673 0.16914543972440446 0.042005300570041031 0.0038662007608331449 0.086114710733437433
leaf_weight=2.474135158583521 2.0685989577323189 1.2200659066438699 6.5407817736268026 2.9060520678758612 5.9561653044074765 8.9816945493221265 4.9597492665052387 15.766854301095007 3.2787961065769196 125.68644801713526 0.8001666385680436 3.5251182578504094 2.564291380345824 68.870449882000685
leaf_count=36 35 5 215 89 253 45 79 663 35 5315 13 34 23 337
internal_value=-0.000642688 0.0485431 0.0628262 0.071103 -0.0446726 0.0750088 0.0411926 -0.0372922 -0.0155598 -0.0471269 5.67333e-05 -0.00080581 0.0696604 0.083852
internal_weight=255.599 120.682 103.696 93.876 134.917 90.9699 20.0309 16.9869 9.81958 132.443 6.75633 8.48487 11.546 70.939
internal_count=7177 1560 892 642 5617 553 181 668 250 5581 266 113 68 372
is_linear=0
shrinkage=0.05


Tree=17
num_leaves=15
num_cat=0
split_feature=106 95 69 23 12 126 63 34 121 32 128 1 63 97
split_gain=219.419 60.2272 26.4594 18.7548 13.7954 10.0997 8.59774 8.97686 7.77248 7.41207 5.88345 5.54787 3.29373 3.11682
threshold=772.28149414062511 0.096685566008090987 28.155234336853031 15.500000000000002 0.04298029653728009 -1003.4524841308593 157.89137268066409 44.582815170288093 -84132.402343749985 7.6803960800170907 -168.76655578613278 4024.0949707031255 96.050815582275405 0.18353549391031268
decision_type=2 10 2 2 10 2 2 10 2 10 8 2 2 8
left_child=1 3 11 5 -4 10 7 -6 12 -3 13 -2 -7 -1
right_child=2 9 4 -5 6 8 -8 -9 -10 -11 -12 -13 -14 -15
leaf_value=0.065662302723472551 -0.02493984780938634 0.059268078823831838 -0.049051214841405968 -0.040046489719867705 0.1007819981883582 -0.03306951676141958 -0.038032844604137306 -0.029896907278672641 0.080247226501528934 -0.04820039275942356 -0.01819199105486375 0.09213919721465598 0.048093926596728565 -0.012782689338613068
leaf_weight=5.235820472240448 0.83592991903424163 0.94398448616266151 128.53213067539036 3.3417101725935927 2.8410710487514725 2.0469543673098083 3.0440457053482533 1.4320559296756981 78.756511790677905 14.214446140453218 4.5175868868827802 3.5377136170864105 1.1195311546325681 1.2251662425696848
leaf_count=33 11 8 5760 114 22 29 107 53 407 570 53 15 5 18
internal_value=0.000274142 0.0524018 -0.0412171 0.0669268 -0.045255 0.0711602 0.0193086 0.059623 0.0771971 -0.0382541 0.0234284 0.0692851 0.000282076 0.0510676
internal_weight=251.625 111.402 140.223 96.2433 135.849 92.9016 7.31717 4.27313 81.923 15.1584 10.9786 4.37364 3.16649 6.46099
internal_count=7205 1237 5968 659 5942 545 182 75 441 578 104 26 34 51
is_linear=0
shrinkage=0.05


Tree=18
num_leaves=15
num_cat=0
split_feature=106 32 69 102 72 12 1 92 126 6 55 3 116 48
split_gain=194.983 52.4055 31.2089 17.4185 15.1331 13.7032 8.73858 6.75343 5.62559 5.29993 4.56542 4.21683 3.66491 3.61707
threshold=999.26354980468761 46.371795654296882 28.155234336853031 16.500000000000004 55.718484878540046 0.072077922523021712 30.934288024902347 7.4310497439000769e-05 -32617.707031249996 20.10711765289307 375.56864929199224 230.34501647949222 1.0050023794174197 4.5189350203145302e-05
decision_type=2 10 2 2 2 10 2 10 2 10 8 10 2 10
left_child=1 3 12 4 9 -4 -3 13 10 -1 -6 -10 -2 -7
right_child=2 6 5 -5 8 7 -8 -9 11 -11 -12 -13 -14 -15
leaf_value=0.059917355847071377 -0.0067893448617029522 0.085749788062056728 -0.048938074075168987 -0.039967023267759222 0.052093791931984483 -0.01851046983149288 -0.048023587938699125 -0.033635574021591008 0.077792913481757597 -0.025919936531801066 -0.035651188254298853 0.0079975606815980895 0.093498907157164968 0.092077366449426754
leaf_weight=1.4718366973102082 0.96924785152077575 0.42493648827075858 124.06749114580452 3.3525259383022776 2.0994022302329536 0.57211853377520983 13.670632941648362 1.7575128898024557 76.441872332245111 5.6129342038184404 1.8960241656750438 2.4761661160737267 3.7171071171760559 2.3491129223257303
leaf_count=24 11 3 5811 117 13 21 555 44 352 119 30 28 16 19
internal_value=-0.000725675 0.0491564 -0.04096 0.0626724 0.066893 -0.0457357 -0.0385774 0.0328464 0.0728184 -0.00288207 0.0116532 0.0757305 0.0752107 0.0712217
internal_weight=240.879 107.446 133.433 93.3508 89.9982 128.746 14.0956 4.67874 82.9135 7.08477 3.99543 78.918 4.68635 2.92123
internal_count=7163 1241 5922 683 566 5895 558 84 423 143 43 380 27 40
is_linear=0
shrinkage=0.05


Tree=19
num_leaves=15
num_cat=0
split_feature=106 46 12 69 46 102 81 46 35 5 123 113 34 1
split_gain=183.864 50.5061 32.5284 18.2136 21.1975 15.7535 9.47646 9.03665 10.1253 8.64388 7.23177 5.94975 4.60486 4.36738
threshold=772.28149414062511 0.16695995628833774 0.0098524559289217013 34.752981185913093 3.974399987782818e-05 16.500000000000004 0.072077922523021712 0.00012529349623946476 48.283439636230476 60.107116699218757 44.316513061523445 45.858495712280281 44.582815170288093 7912.8837890625009
decision_type=2 10 10 2 10 2 2 10 10 8 10 2 10 2
left_child=1 5 -2 4 -4 7 -5 8 9 11 -10 -1 -8 -6
right_child=2 -3 3 6 13 -7 12 -9 10 -11 -12 -13 -14 -15
leaf_value=0.043597797509085233 -0.04888012237263431 -0.043686658308453669 -0.032871795642944644 -0.043386531304879891 0.21913984988888513 -0.039186083691066485 0.070021214088648906 0.076769636792922979 -0.029493817733902545 0.076995805649837212 0.058629357278158101 -0.03996747156896336 -0.027406702543917694 0.06964453356120491
leaf_weight=4.0066064931452301 112.04968743212521 12.295439759269355 1.9940590281039501 7.819999795407055 1.0016153044998648 3.1436773333698502 2.91113106533885 60.125907968729734 6.7275802269577962 16.468918338418007 2.334431529045105 2.7377830445766449 1.1192815043032167 2.6961231976747513
leaf_count=27 5481 559 84 340 10 116 15 283 84 76 21 57 34 11
internal_value=0.000988803 0.0489791 -0.0390158 0.0232302 0.0893076 0.0612331 -0.0129871 0.0650325 0.0415173 0.0583944 -0.00322205 0.00889512 0.042895 0.148167
internal_weight=237.432 107.84 129.592 17.5422 5.6918 95.5449 11.8504 92.4012 32.2753 23.2133 9.06201 6.74439 4.03041 3.69774
internal_count=7198 1223 5975 494 105 664 389 548 265 160 105 84 49 21
is_linear=0
shrinkage=0.05


Tree=20
num_leaves=15
num_cat=0
split_feature=106 95 80 102 95 69 120 78 35 5 29 64 40 69
split_gain=168.381 42.321 30.3788 16.3934 14.0038 13.7388 8.01833 7.09008 10.398 7.86403 6.82207 6.37532 6.21554 5.8976
threshold=772.28149414062511 0.096685566008090987 0.033491062000393874 16.500000000000004 1.3920800029154636e-05 34.752981185913093 84.500000000000014 0.35399228334426885 50.703720092773445 61.582815170288093 30.665631294250492 20.582816123962406 0.09175084158778192 28.155234336853031
decision_type=2 10 2 2 10 2 2 2 8 10 2 2 8 2
left_child=1 3 13 7 -4 -6 -7 8 9 11 -3 -1 -10 -2
right_child=2 10 4 -5 5 6 -8 -9 12 -11 -12 -13 -14 -15
leaf_value=0.062487460605473957 0.03251008302262106 0.047996263650292331 -0.041013929563869456 -0.039865277411955891 0.12278156460285966 -0.039117189485853854 0.063039091954677259 0.07485151156189121 -0.027368872374629451 0.081503349829492019 -0.047352402022774326 -0.039054946636898971 0.035209483865060891 -0.049473678409754564
leaf_weight=1.6844812668859983 1.5935534425079811 1.3690459243953217 4.1734488103538743 3.4010363761335602 3.8277146853506547 3.3295133765786886 2.4668476339429617 53.372041821479797 5.8585560843348476 15.434338562190531 11.85768188536167 2.654157618060708 8.5410219840705395 108.0918093919754
leaf_count=9 14 16 189 131 24 112 21 249 73 71 547 56 62 5591
internal_value=0.000126207 0.0467039 -0.0392271 0.0588075 0.0290427 0.0604234 0.00723748 0.0630478 0.0430083 0.0656857 -0.0348033 0.00468911 0.00962517 -0.0479996
internal_weight=227.655 104.172 123.483 90.9456 13.7975 9.62408 5.79636 87.5446 34.1726 19.773 13.2267 4.33864 14.3996 109.685
internal_count=7165 1214 5951 651 346 157 133 520 271 136 563 65 135 5605
is_linear=0
shrinkage=0.05


Tree=21
num_leaves=15
num_cat=0
split_feature=106 32 12 69 46 31 30 3 41 126 113 63 73 11
split_gain=150.444 46.9717 25.6648 17.2885 16.0232 15.8091 17.058 12.168 7.32727 6.76485 5.36445 3.25982 3.43909 3.1602
threshold=999.26354980468761 46.371795654296882 0.0098524559289217013 34.752981185913093 3.974399987782818e-05 80.422901153564467 56.216087341308601 10.16434955596924 0.03678379766643048 -12087.270996093748 45.858495712280281 157.89137268066409 548.74844360351574 0.49875621497631079
decision_type=2 10 10 2 10 8 10 8 8 2 2 2 2 10
left_child=1 5 -2 4 -4 6 7 10 -5 13 -1 -11 -13 -7
right_child=2 -3 3 8 -6 9 -8 -9 -10 11 -12 12 -14 -15
leaf_value=0.061488615386014293 -0.048978609991062079 -0.044235869805244799 -0.03043297931660462 -0.044972289720093928 0.13293663253049878 -0.036203262185120953 -0.048965458678102008 0.072210808052166384 0.038457433320830708 0.072236643168246351 -0.042137486410253409 0.050068626364311142 -0.032395433279207804 0.045700237670000698
leaf_weight=0.70260488614440042 99.998531112447381 12.864831216633318 1.7467892933636893 7.3201953843235943 3.6543102450668812 2.0422376766800876 6.1019901055842629 10.534351527690887 2.9595253542065629 64.115036845207214 4.1219225097447634 1.7991369813680642 1.3951787147670982 0.9313138723373412
leaf_count=7 5375 572 80 336 20 34 138 50 44 312 132 8 19 4
internal_value=-0.000580562 0.0426581 -0.0397117 0.0187779 0.0836005 0.0551885 0.016652 0.044121 -0.0196729 0.0665569 -0.0190804 0.0697745 0.0149145 -0.00550576
internal_weight=220.288 104.609 115.679 15.6808 5.4011 91.7438 21.4609 15.3589 10.2797 70.2829 4.82453 67.3094 3.19432 2.97355
internal_count=7131 1276 5855 480 100 704 327 189 380 377 139 339 27 38
is_linear=0
shrinkage=0.05


Tree=22
num_leaves=15
num_cat=0
split_feature=37 11 64 66 110 110 26 93 5 2 64 102 97 99
split_gain=145.573 42.2377 23.9104 14.6464 13.4183 12.7865 6.48458 6.41714 5.31904 4.43246 3.99696 3.54712 3.03747 2.93237
threshold=0.33198925852775579 0.15504211187362674 23.684668540954593 38.758869171142585 1196.108581542969 275.55868530273443 0.018842601217329506 4.9296499128104194e-05 34.752981185913093 71.56064605712892 283.91680908203131 12.500000000000002 0.0094614401459693926 0.41076193749904638
decision_type=8 8 2 2 2 2 10 8 10 10 2 2 10 10
left_child=3 2 13 6 5 7 -1 -4 10 -6 -5 -3 -7 -2
right_child=1 11 4 8 9 12 -8 -9 -10 -11 -12 -13 -14 -15
leaf_value=0.080777630651532956 0.073673962849851768 0.072687572151770602 0.052506788097302574 0.090592633760681343 0.033839786789473962 0.064897569159077337 -0.017442095546310512 -0.031114085999504527 -0.048249108386001445 -0.045526263548061677 -0.024924201906854231 0.0048043729913327983 -0.00080247126110884702 -0.0019571364249786043
leaf_weight=2.4360425304621449 11.469015110284088 52.464054975658655 1.8564741164445884 0.40628118626773246 1.2207323051989103 8.8222185932099801 2.7224189452826977 11.710361048579216 98.386007227003574 18.256405310705304 0.91377965360879898 2.1485715098679057 2.1135366782546035 1.371643055230378
leaf_count=20 72 252 9 9 24 43 98 276 5502 802 36 26 23 33
internal_value=-0.000458953 0.0391631 0.00868084 -0.0425351 -0.00916125 0.0152711 0.0345263 -0.0168525 -0.0468253 -0.0391423 0.0343522 0.0701513 0.0531964 0.0660373
internal_weight=216.298 111.433 56.8204 104.865 43.9797 24.5026 5.15846 13.5668 99.7061 19.4771 1.32006 54.6126 10.9358 12.8407
internal_count=7225 1560 1282 5665 1177 351 118 285 5547 826 45 278 66 105
is_linear=0
shrinkage=0.05


Tree=23
num_leaves=15
num_cat=0
split_feature=106 48 34 102 9 121 80 69 120 129 125 8 6 111
split_gain=143.462 40.2686 16.6851 13.9953 8.64153 9.18533 8.56503 7.07474 6.22652 4.97902 3.56352 2.52758 8.07287 2.30713
threshold=772.28149414062511 0.12674840539693835 20.582816123962406 13.500000000000002 0.77497315406799328 -4464.7336425781241 0.071858864277601256 43.743314743041999 81.500000000000014 -0.023754701949656006 -110.49999999999999 34.703720092773445 34.636320114135749 564.32843017578136
decision_type=2 10 8 2 10 2 2 2 2 8 2 8 10 2
left_child=1 3 -2 4 10 -6 11 9 -8 -7 -1 12 -4 -12
right_child=2 -3 6 -5 5 7 8 -9 -10 -11 13 -13 -14 -15
leaf_value=-0.021693729808207801 0.062777678946138712 -0.043279446020640884 -0.034506003728119086 -0.029086354429369722 -0.035477327825857781 -0.013986658621458661 -0.029151149487675911 -0.036634333936409379 0.0599468462478479 0.06457195399895653 0.071574243613983998 -0.049594734294878193 0.10320825671687979 0.016822048191148437
leaf_weight=0.66658677347004314 2.9303009919822207 11.351749215275047 4.9934409074485293 4.2402992211282244 3.7278895694762495 1.9673319384455679 3.4377200845628968 1.7333913352340449 2.56492018699646 13.783980645239355 58.016922671347857 93.504063278436661 0.30280174314975727 2.7277851216495028
leaf_count=13 13 567 267 132 51 17 108 25 32 100 303 5519 14 20
internal_value=-0.00105954 0.0424217 -0.0407251 0.0539865 0.0585467 0.0290492 -0.0441851 0.0439819 0.0120442 0.0545108 0.068107 -0.0476878 -0.0114909 0.0694278
internal_weight=205.949 98.2159 107.733 86.8642 82.6239 21.2126 104.803 17.4847 6.00264 15.7513 61.4113 98.8003 5.29624 60.7447
internal_count=7181 1228 5953 661 529 193 5940 142 140 117 336 5800 281 323
is_linear=0
shrinkage=0.05


Tree=24
num_leaves=15
num_cat=0
split_feature=37 112 54 126 66 22 9 63 7 69 121 73 31 4
split_gain=137.347 42.1311 18.7564 9.35174 8.54034 7.90611 7.8456 6.46791 6.35632 5.16641 4.92641 6.08035 4.76284 4.68121
threshold=0.22052631527185443 112.50000000000001 6.2843715568305938e-05 -1679.0372924804685 34.703720092773445 0.15533170849084857 0.66720432043075573 178.7834167480469 28.155234336853031 30.548342704772953 -10267.306640624998 213.878044128418 116.24733734130861 19.743314743041996
decision_type=8 2 8 2 2 10 8 2 8 2 2 2 10 10
left_child=4 2 6 5 -1 -4 12 10 -6 -3 11 -5 -2 -8
right_child=1 9 3 7 8 -7 13 -9 -10 -11 -12 -13 -14 -15
leaf_value=0.061713575399963971 0.07832210769673105 0.040373627714594462 -0.027548588132304375 -0.038351606758819309 0.051948703102034338 0.050163790090165396 0.033648893100391174 -0.029923569788317603 -0.048196606811959211 -0.047448433501323141 0.069404086081142041 0.053355448135130962 -0.026568381800609865 -0.046539650010048859
leaf_weight=1.0308734979480494 2.4310829136520602 1.1235371381044377 5.4131651837378723 2.1898474860936394 0.83658622205257316 5.8004774190485477 1.5330879092216489 1.2715692818164814 87.779141904786229 13.843200283125041 68.622256115078926 3.3258950524032116 0.98897727951407421 7.601580373942852
leaf_count=13 12 5 116 43 7 49 26 38 5364 838 375 20 30 267
internal_value=0.00127533 0.0375118 0.0492907 0.0574852 -0.0447685 0.0134656 -0.00731798 0.0637691 -0.046682 -0.03874 0.0657529 0.016648 0.0488423 -0.0310892
internal_weight=203.791 114.145 99.1779 86.6232 89.6466 11.2136 12.5547 75.4096 88.6157 14.9667 74.138 5.51574 3.42006 9.13467
internal_count=7203 1819 976 641 5384 165 335 476 5371 843 438 63 42 293
is_linear=0
shrinkage=0.05


Tree=25
num_leaves=15
num_cat=0
split_feature=37 11 34 27 75 66 6 113 17 127 95 134 32 118
split_gain=123.016 38.0046 25.4327 12.0612 12.5923 8.95567 6.0514 5.53309 4.38726 4.38656 3.76865 2.92565 2.41564 2.37543
threshold=0.2476155906915665 0.080209787935018553 28.865631103515629 525.26052856445324 0.70294117927551281 38.758869171142585 17.331782341003422 523.32711791992199 0.13361760228872302 -26.746062278747555 6.2234001234173788e-05 0.7222222387790681 28.371794700622562 0.049396457150578506
decision_type=8 8 10 10 2 2 10 2 10 10 8 2 8 2
left_child=5 2 7 4 11 13 -7 9 -6 -2 -3 -4 -12 -1
right_child=1 10 3 -5 8 6 -8 -9 -10 -11 12 -13 -14 -15
leaf_value=0.068857661536026002 0.042013698839358363 -0.01495812935818433 0.002361309447836934 -0.045556379048086938 -0.040223414310583488 0.046660337125307996 -0.048280495970274173 0.070801220248990923 0.036156687759051336 -0.028108979627082288 0.011986458690157655 0.08330626962563209 0.069671087526356396 -0.0075598087114578513
leaf_weight=1.2132556345313781 4.3221354819834241 1.0913655562326301 1.4966961573809374 19.18726431299001 7.0674671437591297 0.96139269508421321 84.516705069690943 11.539562512189148 1.603358833119273 2.9402548093348759 2.3615459799766554 4.2082946784794331 49.41758057102561 1.5543685890734193
leaf_count=18 35 21 15 999 231 20 5425 56 10 56 25 24 260 33
internal_value=-0.000473631 0.0358832 0.00544196 -0.0205494 0.0136192 -0.0437464 -0.0466855 0.0505335 -0.0238214 0.0136578 0.0653727 0.0655898 0.0673172 0.0353244
internal_weight=193.481 105.236 52.365 33.5631 14.3758 88.2457 85.4781 18.802 8.67083 7.26239 52.8705 5.70499 51.7791 2.76762
internal_count=7228 1732 1426 1279 280 5496 5445 147 241 91 306 39 285 51
is_linear=0
shrinkage=0.05


Tree=26
num_leaves=15
num_cat=0
split_feature=106 97 80 31 36 48 69 27 4 125 52 64 121 122
split_gain=110.872 30.2459 24.7487 11.3654 12.821 11.3351 8.36205 6.68881 7.00249 5.35271 5.13883 4.87017 3.91804 3.48475
threshold=999.26354980468761 0.18353549391031268 0.033491062000393874 92.371639251708999 100.79172134399415 2.5381999876117337e-05 34.752981185913093 81.431587219238295 19.743314743041996 82.500000000000014 1.4852941036224367 16.358708381652836 -84132.402343749985 -79.634696960449205
decision_type=2 10 2 10 10 10 2 8 8 2 8 2 2 8
left_child=1 3 11 4 7 -4 -7 8 -1 -8 -3 -2 -9 -10
right_child=2 10 5 -5 -6 6 9 12 13 -11 -12 -13 -14 -15
leaf_value=0.068167155995805695 0.028956258663628477 -0.041108918326918722 -0.039780283954845765 0.063417888263565966 -0.036169720866561589 0.10348730296025216 -0.036670356884679421 -0.024320640674319303 0.027977573136474101 0.054381693366257325 0.03201089794745194 -0.049333997872939239 0.067709752906027085 -0.045638673109287403
leaf_weight=1.8642855584621472 1.4213591152802099 11.769809468649324 3.5624957354739299 52.288510333746672 6.281202131882309 3.8130424311384541 2.4608636358752847 0.77261243388056655 1.5250117145478723 2.0425358787178993 2.1761257648468026 82.303836019709706 12.598802890628575 4.2825505565851945
leaf_count=9 32 603 192 305 158 25 103 11 11 14 11 5580 63 80
internal_value=-0.000469019 0.0380215 -0.0381398 0.0498499 0.0225638 0.0275751 0.057601 0.0409407 0.00286044 0.00700424 -0.0283209 -0.0476788 0.0610699 -0.0250376
internal_weight=189.163 93.5589 95.6041 79.613 27.3245 11.8789 8.31644 21.0433 7.67185 4.5034 13.9459 83.7252 13.3714 5.80756
internal_count=7197 1251 5946 637 332 334 142 174 100 117 614 5612 74 91
is_linear=0
shrinkage=0.05


Tree=27
num_leaves=15
num_cat=0
split_feature=37 11 34 34 134 108 7 22 113 122 121 49 42 116
split_gain=108.678 27.3073 20.9031 12.4006 11.61 8.1667 6.27974 5.2377 4.27571 7.2066 3.69172 3.34489 3.01319 2.95015
threshold=0.30220390856266027 0.080209787935018553 28.865631103515629 38.71052551269532 0.96897748112678539 0.015434966422617437 28.155234336853031 0.1639269217848778 523.32711791992199 -11.089653015136717 -1765.809631347656 0.11802396178245546 0.012307808734476568 1.469204366207123
decision_type=8 8 10 10 2 2 10 10 2 10 2 8 10 2
left_child=3 2 8 7 -4 11 -5 12 9 10 -2 -6 -1 -3
right_child=1 13 4 6 5 -7 -8 -9 -10 -11 -12 -13 -14 -15
leaf_value=-0.03782719463686423 -0.017939730719766098 0.065098292370748212 -0.040860748437363544 0.049929510533283789 0.07133643232430581 -0.031903476926671746 -0.048587625507658251 0.082284812910788416 0.067625084557331239 -0.045403203366045801 0.065629219337260861 -0.0050222684944178234 0.041725807592909156 0.025011129482351742
leaf_weight=2.2217034185305233 1.2907435931265352 43.688659092411399 19.091443499550223 0.88500375300645728 4.8802746683359164 3.628983011469245 78.108272964134812 1.6868599262088535 10.541418008506296 2.3062933310866374 4.1390138510614642 1.7312105204910038 0.920441374182701 7.0172130772843948
leaf_count=86 19 245 862 8 26 187 5504 9 52 50 25 44 16 57
internal_value=-0.000528909 0.034973 0.0074816 -0.0420905 -0.0185571 0.0229599 -0.0468735 0.0307688 0.0480637 0.016719 0.046063 0.053309 -0.0100759 0.0601416
internal_weight=182.138 98.3153 47.6094 83.8223 29.3319 10.2405 78.9933 4.829 18.2775 7.73605 5.42976 6.61149 3.14214 50.7059
internal_count=7190 1567 1265 5623 1119 257 5512 111 146 94 44 70 102 302
is_linear=0
shrinkage=0.05


Tree=28
num_leaves=15
num_cat=0
split_feature=37 27 27 69 8 46 12 16 48 122 66 126 128 63
split_gain=102.868 33.6066 16.2201 11.7064 10.658 22.9361 7.82512 7.18733 5.47825 5.44912 4.51083 3.09124 6.28168 2.73088
threshold=0.22052631527185443 1196.108581542969 81.431587219238295 28.155234336853031 34.703720092773445 1.6570999832765668e-05 0.072077922523021712 0.000229637764277868 6.4186398958554505e-05 -14.978042602539061 34.703720092773445 -1679.0372924804685 -147.62310791015622 168.48123168945315
decision_type=8 10 10 2 8 8 10 10 8 10 2 2 8 2
left_child=4 2 7 -3 5 -1 -5 9 -4 -2 -6 12 -10 -8
right_child=1 3 8 6 10 -7 13 -9 11 -11 -12 -13 -14 -15
leaf_value=-0.039877575967891439 0.054045435070737273 0.05994496613136846 -0.011559581010172459 -0.049113548251170792 0.031322672667981354 0.16036905490486597 0.056901828995216688 -0.040561309503304506 0.052275173587345805 -0.035549190487104407 -0.049678354958479949 0.063418280421552495 -0.034477398249533935 -0.023558772387098893
leaf_weight=3.7294010296463957 4.8350874651223421 2.8724455982446697 2.5090099181979886 16.067143186926845 1.1272061355411995 1.0769018363207576 1.9832417611032718 6.0208440013229847 5.2048870716243982 1.5947962757199983 68.824746903032064 60.506246572360396 2.3113321540877214 0.9444456361234187
leaf_count=262 30 13 37 1015 14 14 11 241 33 25 5077 360 31 30
internal_value=0.00148814 0.0333157 0.0477315 -0.0210848 -0.0430009 0.0248822 -0.0357235 -0.00458397 0.0569016 0.0300297 -0.04795 0.0595576 0.0246818 0.0315563
internal_weight=179.608 104.849 82.9822 21.8673 74.7583 4.8063 18.9948 12.4507 70.5315 6.42988 69.952 68.0225 7.51622 2.92769
internal_count=7193 1826 757 1069 5367 276 1056 296 461 55 5091 424 64 41
is_linear=0
shrinkage=0.05


Tree=29
num_leaves=15
num_cat=0
split_feature=37 11 111 137 71 46 49 4 66 61 94 93 20 18
split_gain=94.8711 30.4408 19.3106 14.3444 12.2521 23.3205 9.96744 7.42535 5.53588 4.14704 3.29595 2.66434 2.64082 2.58926
threshold=0.22052631527185443 0.13574938476085666 988.53652954101574 65.296279907226577 34.703720092773445 1.6570999832765668e-05 0.0011713272542692723 35.370967864990241 34.703720092773445 526.28472900390636 0.00015007475303718823 1.2222500117786696e-05 6.1639697378268479e-05 0.016677982173860077
decision_type=8 8 2 2 2 8 8 8 2 2 10 8 8 10
left_child=4 2 3 6 5 -1 -2 11 -6 -9 -8 -5 -3 -13
right_child=1 12 -4 7 8 -7 10 9 -10 -11 -12 13 -14 -15
leaf_value=-0.039587745562458171 0.04927504265242677 -0.014231909503457933 -0.043215120969712952 -0.012134357270062455 0.034414046617211667 0.15608403171718663 0.0046391026521928553 -0.035216506364750537 -0.048982196177733903 0.045150463282616994 -0.048325515291610735 0.077588077490025609 0.06294419896527885 0.0099123694171133203
leaf_weight=3.6187645113095632 4.2455994747579124 0.79281674977391858 13.396281018853186 0.75180085655302065 1.3820958863943804 1.3170929681509731 4.0288666635751715 3.04289123695344 65.846226873807609 1.6675012111663816 8.4296977585181576 13.741359107196329 47.989740064367652 1.9156479481607664
leaf_count=264 23 11 867 16 16 14 38 88 5083 8 324 73 294 47
internal_value=0.0021832 0.0335789 0.00638523 0.0246133 -0.041188 0.0301245 -0.00982189 0.0510624 -0.0467884 -0.0038417 -0.0321257 0.0661388 0.0614292 0.0704001
internal_weight=172.166 100.002 51.2196 37.8234 72.1642 4.93586 16.7042 21.1192 67.2283 4.71039 12.4586 16.4088 48.7826 15.657
internal_count=7166 1789 1484 617 5377 278 385 232 5099 96 362 136 305 120
is_linear=0
shrinkage=0.05


Tree=30
num_leaves=15
num_cat=0
split_feature=106 95 12 69 102 48 11 69 68 122 41 32 137 34
split_gain=82.6721 22.5321 20.5728 11.7248 10.2275 10.0101 8.97364 8.45632 5.34524 5.14169 5.09475 4.51462 3.93313 2.93253
threshold=999.26354980468761 0.096685566008090987 0.0098524559289217013 34.752981185913093 15.500000000000002 3.2918998840614229e-05 0.14434523880481723 38.665632247924812 192.35871124267581 -31.902875900268551 0.038350611925125129 7.6803960800170907 46.685977935791023 31.143082618713382
decision_type=2 10 10 2 2 10 8 2 2 10 10 10 2 8
left_child=1 4 -2 5 6 -4 7 9 -9 12 -5 -3 13 -1
right_child=2 11 3 10 -6 -7 -8 8 -10 -11 -12 -13 -14 -15
leaf_value=0.040839361019793331 -0.047128506493518525 0.043234522346008913 -0.026633333646901788 -0.042539366795602142 -0.03889732096329767 0.11386193210320601 0.062461780771479451 -0.040897634103425035 0.038424047736104562 -0.009318580072742921 0.034911754174049611 -0.046079404899616316 0.060755437096369859 -0.03607907309543467
leaf_weight=1.28319574333728 67.432337406091392 0.84733839705586333 1.3306198101490716 5.1585642583668232 2.888262595050036 3.3613883340731263 41.236871971748769 5.7701893262565127 2.1857956377789378 3.9335848409682539 2.3430566033348441 8.8140683295205218 15.570973459631203 1.7106736171990631
leaf_count=7 5452 8 86 332 128 22 251 83 22 47 38 583 104 26
internal_value=-0.000118247 0.0342132 -0.0364133 0.0219238 0.0435134 0.0763393 0.0473229 0.0254901 -0.0172481 0.0406941 -0.0170873 -0.0349258 0.0512257 -0.00114033
internal_weight=163.867 84.241 79.626 12.1936 74.5795 4.69201 71.6913 30.4544 7.95598 22.4984 7.50162 9.66141 18.5648 2.99387
internal_count=7189 1259 5930 478 668 108 540 289 105 184 370 591 137 33
is_linear=0
shrinkage=0.05


Tree=31
num_leaves=15
num_cat=0
split_feature=37 11 69 8 46 93 134 81 66 20 50 7 32 21
split_gain=78.8966 28.0937 17.0674 9.36254 16.3827 7.4235 6.43627 5.37864 4.32872 3.70799 3.67636 3.02069 2.66324 1.8835
threshold=0.2476155906915665 0.16430319845676425 37.743314743041999 34.703720092773445 1.6570999832765668e-05 1.2222500117786696e-05 0.90623369812965404 0.090097405016422286 38.758869171142585 0.020334569737315181 0.25795367360115057 39.930795669555671 19.97103309631348 0.00095741299446672212
decision_type=8 8 2 10 8 8 2 2 2 10 8 10 8 10
left_child=3 2 5 4 -1 -2 10 11 -5 -8 -7 13 -3 -4
right_child=1 12 7 8 -6 6 9 -9 -10 -11 -12 -13 -14 -15
leaf_value=-0.039095764305382204 -0.034284244901244848 -0.00088723513764531561 0.025188167560725436 0.012734521190989945 0.12361297819053832 0.031269799679946177 0.067996372054429668 0.026355187394064335 -0.049432405904998748 -0.0079334738337165974 -0.033083909187488873 -0.045951816916271891 0.060852538993607978 -0.032190498183382175
leaf_weight=3.4014404779300085 2.9808552786707905 1.7926614750176666 2.5101499017328091 2.5519880633801213 1.4223887324333189 3.7579440660774734 12.857572119683025 3.2640938870608798 60.010761964134872 1.5971923964098085 3.1608245382085443 16.071104700677097 41.043201035819948 1.4170413780957458
leaf_count=269 186 20 23 56 14 27 79 26 5087 40 80 930 263 36
internal_value=-0.000960172 0.0294229 0.00277361 -0.0415771 0.0218689 0.0314069 0.0416914 -0.0272627 -0.0467361 0.059636 0.00140472 -0.0368525 0.0583075 0.00215305
internal_weight=157.839 90.4526 47.6168 67.3866 4.82383 24.3544 21.3735 23.2624 62.5628 14.4548 6.91877 19.9983 42.8359 3.92719
internal_count=7136 1710 1427 5426 283 412 226 1015 5143 119 107 989 283 59
is_linear=0
shrinkage=0.05


Tree=32
num_leaves=15
num_cat=0
split_feature=37 27 9 40 18 7 67 121 81 20 125 46 1 122
split_gain=81.5792 27.4894 11.3412 10.9649 10.2413 6.72424 6.334 4.67307 4.05929 10.3581 3.81074 3.59776 3.56521 2.35815
threshold=0.22052631527185443 1196.108581542969 0.77497315406799328 0.028835494071245197 0.00010028200267697686 17.823994636535648 20.391719818115238 -1765.809631347656 0.0098524559289217013 4.7596800868632279e-05 -73.499999999999986 3.974399987782818e-05 5778.0180664062509 -11.089653015136717
decision_type=8 10 10 10 10 10 2 2 2 8 2 10 2 10
left_child=5 2 10 -3 7 -1 -6 -4 -7 11 -2 -10 -5 -9
right_child=1 3 4 12 6 8 -8 13 9 -11 -12 -13 -14 -15
leaf_value=0.042352996498468652 -0.0092660860892564059 -0.044094637868148524 -0.023624802340453346 -0.028825238497668378 0.040330264028744719 -0.04870975643744492 -0.043979028597524727 0.062750924644212724 -0.013841579440988431 -0.039697828927499283 0.060583215481028463 0.12746133071900773 0.05426301904356004 0.0018007491420293676
leaf_weight=1.5334853827953328 1.7763700298964966 13.862808021716775 1.7532928735017765 1.020759742707013 2.1500719450414163 56.978981357067823 7.4752133088186383 9.4360048845410329 0.37509887851774582 4.0557959694415331 48.240550810471177 0.64199961442500353 4.1487999483942986 1.9425422158092285
leaf_count=10 23 1025 22 30 26 5070 272 54 28 296 322 6 36 20
internal_value=0.000929339 0.0309529 0.0448241 -0.0216764 0.0147086 -0.0422276 -0.023123 0.0421121 -0.0449564 -0.00172014 0.0579695 0.0943226 0.0358438 0.0533316
internal_weight=155.392 91.8064 72.774 19.0324 22.7571 63.5854 9.62529 13.1318 62.0519 5.07289 50.0169 1.0171 5.16956 11.3785
internal_count=7240 1830 739 1091 394 5410 298 96 5400 330 345 34 66 74
is_linear=0
shrinkage=0.05


Tree=33
num_leaves=15
num_cat=0
split_feature=34 28 11 137 8 48 20 95 18 93 122 23 34 69
split_gain=70.4871 28.4472 12.1583 10.7503 8.35931 14.0435 6.17154 6.61908 4.9301 3.41156 3.1296 2.91444 2.73745 2.05494
threshold=77.320175170898452 54.500000000000007 0.22271825373172763 65.296279907226577 34.703720092773445 5.3452798965736299e-05 0.00017017859499901536 6.9817499024793519e-05 9.0097997599514215e-05 5.4045001434133164e-06 -192.66525268554685 12.500000000000002 28.865631103515629 62.375326156616218
decision_type=10 2 8 2 10 10 10 10 10 8 10 2 10 2
left_child=1 2 3 6 5 -2 7 -1 9 -5 -10 -4 -3 -11
right_child=4 12 11 8 -6 -7 -8 -9 10 13 -12 -13 -14 -15
leaf_value=-0.019659913992241908 -0.02978098841701441 0.027620391403924804 0.06155057702342831 -0.011544552495636446 -0.048592007472316692 0.13646509589373435 -0.041634940433709432 0.049765638754737204 0.034606261142949325 0.071421345701879649 -0.021845855072373448 -0.00086550716157090992 -0.046637913060768553 0.014677409437185776
leaf_weight=6.447915796190502 3.6001326721161595 0.72453741729259391 36.11252555437386 1.3827637415379292 51.86612649820745 0.77746805828064669 7.3319217888638368 5.4938487922772765 3.9879725947976112 11.960480336099861 3.8949525961652389 1.9405285082757462 11.781017427332698 2.506387504749001
leaf_count=179 266 4 236 56 4809 10 230 42 44 68 102 49 1053 23
internal_value=0.00076347 0.0272664 0.0381053 0.019205 -0.0430319 0.0196307 -0.00839285 0.013657 0.0410508 0.056358 0.00739403 0.058427 -0.040609 0.063175
internal_weight=149.809 93.5649 81.0593 43.0062 56.2437 4.3776 19.2737 11.9418 23.7326 15.8496 7.88293 38.0531 12.5056 14.4669
internal_count=7171 2086 1029 744 5085 276 451 221 293 147 146 285 1057 91
is_linear=0
shrinkage=0.05


Tree=34
num_leaves=15
num_cat=0
split_feature=37 11 32 72 8 46 62 69 66 32 78 137 118 78
split_gain=64.3326 25.0155 14.8579 9.30886 6.9927 12.9501 4.6875 4.49142 4.0192 3.72806 3.72505 3.47067 2.65953 1.86012
threshold=0.2149859964847565 0.15504211187362674 35.370967864990241 1381.197937011719 34.703720092773445 7.2740996984066455e-05 7.9239802360534677 38.665632247924812 34.703720092773445 19.97103309631348 0.49364584684371954 85.286026000976577 0.025734302587807182 0.075671594589948668
decision_type=8 8 10 2 8 10 2 2 2 8 2 2 2 2
left_child=4 2 3 6 5 13 11 -8 -6 -3 -4 -2 -9 -1
right_child=1 9 10 -5 8 -7 7 12 -10 -11 -12 -13 -14 -15
leaf_value=-0.039320417559258317 -0.026110649886852078 -0.011851934436290025 -0.045884742764115923 -0.041980787607406561 0.032014631148599114 0.13966240009910771 0.05941929077159163 0.035279970013829792 -0.049204786507075632 0.058391152607504354 0.035811285960281491 0.029630768601550783 -0.03135365989944227 0.037637719130159814
leaf_weight=3.3546924134716387 4.5595337152481132 1.6654912047088144 13.800768287852403 4.2294770646840325 0.92235172167420287 0.54917787387967099 13.146490165032448 1.8027799054980267 52.045576807111502 36.661359447054565 0.81069497764110643 4.6159623907878995 2.2155194720253348 0.13227819278836239
leaf_count=266 103 24 889 235 14 6 94 18 5067 261 4 58 106 3
internal_value=-0.00188851 0.0259568 0.000564226 0.0202834 -0.0424247 0.017424 0.031451 0.0461683 -0.0472235 0.055115 -0.0393484 0.00208759 -0.00038585 -0.0286634
internal_weight=140.512 83.5081 45.1812 30.5698 57.0041 4.03615 26.3403 17.1648 52.9679 38.3269 14.6115 9.1755 4.0183 3.48697
internal_count=7148 1792 1507 614 5356 275 379 218 5081 285 893 161 124 269
is_linear=0
shrinkage=0.05


Tree=35
num_leaves=15
num_cat=0
split_feature=37 11 64 8 46 110 34 72 22 65 6 128 51 65
split_gain=60.0079 17.927 12.3372 11.4385 17.5777 8.7771 7.25578 6.72136 3.76281 3.42116 3.43662 2.49137 2.61285 2.26806
threshold=0.30220390856266027 0.15504211187362674 23.684668540954593 34.703720092773445 1.6570999832765668e-05 1196.108581542969 39.016080856323249 243.849479675293 0.1639269217848778 36.914140701293952 32.696172714233406 -28.466289520263668 3.5000000000000004 19.399371147155765
decision_type=8 8 2 10 8 2 10 2 10 2 10 8 2 2
left_child=3 2 -2 4 -1 7 8 9 -5 10 13 12 -3 -4
right_child=1 11 5 6 -6 -7 -8 -9 -10 -11 -12 -13 -14 -15
leaf_value=-0.037932526420249905 0.050706941336462356 0.044001726160016283 0.032170390145043186 -0.017170976341186094 0.13045587107553289 -0.039926462058182455 -0.04904997730092097 0.04620474652457781 0.066166589481152324 -0.043703145917928621 0.032535950826446634 0.057912967095725666 -0.029083601175507998 -0.039192106030852776
leaf_weight=3.0649294620379797 10.776670455932615 1.3498489409685137 0.65608315914869475 2.615925556980073 1.5882688313722608 12.605118524283169 50.32770337536931 7.4893070552498093 1.2664183415472505 3.9932279968634239 4.929160407744348 33.164892216213048 1.5836840309202669 3.4264981709420681
leaf_count=281 104 7 4 95 14 848 5178 49 9 171 54 244 19 68
internal_value=0.000437946 0.028497 0.00670035 -0.0375237 0.0324527 -0.0086944 -0.0440092 0.0114789 0.017998 -0.0103903 0.00726187 0.0540951 0.007183 -0.0236508
internal_weight=138.838 79.9745 43.8761 58.8632 4.6532 33.0994 54.21 20.4943 3.88234 13.005 9.01174 36.0984 2.93353 4.08258
internal_count=7145 1568 1298 5577 295 1194 5282 346 104 297 126 270 26 72
is_linear=0
shrinkage=0.05


Tree=36
num_leaves=15
num_cat=0
split_feature=106 46 80 93 69 118 78 3 32 35 35 96 41 31
split_gain=58.2337 16.1341 15.796 8.77802 7.48311 7.10945 7.12431 6.06928 4.00762 3.91653 2.98999 3.11974 2.75312 2.52692
threshold=999.26354980468761 0.16695995628833774 0.011605459265410902 2.8504999818323999e-06 34.752981185913093 0.036381553858518607 0.35399228334426885 8.2689690589904803 18.550028800964359 61.214185714721687 49.445241928100593 0.11280087754130365 0.03678379766643048 181.58113861083987
decision_type=2 10 2 10 2 2 2 8 10 10 10 10 10 10
left_child=1 5 -2 -4 -5 6 7 8 -1 -7 -9 -12 -6 -11
right_child=2 -3 3 4 12 9 -8 10 -10 13 11 -13 -14 -15
leaf_value=0.017461661131850725 -0.047439437240988779 -0.038748390463955701 -0.036216999365428791 0.091119398800612927 -0.034627268047866804 0.036905420517523622 0.059832653936014848 0.056266345304205947 -0.041808049649041536 -0.045854051894679851 0.036919764888478819 -0.031669261626088907 0.031745469713466486 0.014554371285382501
leaf_weight=6.0847040656954068 49.300061016343534 6.7900148425251237 4.3848023340105993 3.4092823825776577 2.1088917888700962 2.9436274971812946 32.337771047838032 10.199052363634108 3.8108971975743771 3.8430243106558919 2.7113500423729411 2.0268971398472786 2.142521295696497 2.0923036970198154
leaf_count=39 5260 559 395 21 156 22 247 63 115 134 22 31 41 22
internal_value=0.000501776 0.0305416 -0.0350843 0.0152434 0.045479 0.0381364 0.0444993 0.0229889 -0.00710594 -0.00319108 0.0421208 0.00717337 -0.00150276 -0.025531
internal_weight=134.185 72.8396 61.3456 12.0455 7.6607 66.0496 57.1707 24.8329 9.8956 8.87896 14.9373 4.73825 4.25141 5.93533
internal_count=7127 1254 5873 613 218 695 517 270 154 178 116 53 197 156
is_linear=0
shrinkage=0.05


Tree=37
num_leaves=15
num_cat=0
split_feature=37 79 64 8 46 27 121 34 18 31 134 52 122 12
split_gain=53.8072 17.8283 15.4589 11.9218 13.5108 7.69591 5.79522 4.20914 3.5902 3.48766 2.71688 3.11849 2.53137 2.19807
threshold=0.2476155906915665 0.077206529676914229 23.684668540954593 34.703720092773445 1.6570999832765668e-05 530.60540771484386 233.40074157714847 34.703720092773445 4.4007500036968856e-05 90.913070678710952 0.90623369812965404 2.9750000238418584 -9.6722722053527814 0.17156863212585452
decision_type=8 2 2 10 8 10 2 10 10 8 2 10 8 10
left_child=3 2 10 4 -1 6 8 -5 12 -3 11 -2 -4 -7
right_child=1 9 5 7 -6 13 -8 -9 -10 -11 -12 -13 -14 -15
leaf_value=-0.036383842740785932 -0.032300972532583391 -0.0075346697683273921 0.037191056357474661 0.023463117976656268 0.11116463839598095 -0.046354343769632489 0.047382055957789798 -0.048871617262921004 -0.036012341396026069 0.055973516694159287 0.067717506696191657 0.041738858502348986 -0.014880494475317833 0.020272750333928721
leaf_weight=2.6334344800561658 1.4629810722544774 2.0716012176126233 3.7425424121320248 1.538678673096 1.8440059833228586 12.497961255721744 5.2030760562047353 46.297117985785007 6.1382270809262991 32.994010316208005 7.5952100744470954 2.5260807126760483 3.7935830224305409 0.80846915580332357
leaf_count=262 44 28 24 22 15 977 50 5206 235 257 46 22 39 9
internal_value=0.000107389 0.0260812 0.00452414 -0.038789 0.033584 -0.0134742 0.00713873 -0.0461121 -0.0103592 0.0521167 0.0516251 0.0135532 0.0123064 -0.0411721
internal_weight=131.147 78.8337 43.7681 52.3132 4.47744 32.1839 18.8774 47.8358 13.6744 35.0656 11.5843 3.98906 7.53613 13.3064
internal_count=7236 1731 1446 5505 277 1334 348 5228 298 285 112 66 63 986
is_linear=0
shrinkage=0.05


Tree=38
num_leaves=15
num_cat=0
split_feature=116 32 46 86 5 31 30 62 80 36 11 34 127 17
split_gain=49.6821 21.7943 19.0467 8.42095 7.97302 6.11215 6.04666 3.81718 3.64855 3.0593 3.02046 3.84397 3.44562 2.15278
threshold=1.9001342058181765 44.582815170288093 3.974399987782818e-05 0.1132478639483452 34.752981185913093 94.232173919677749 59.766878128051765 7.9239802360534677 0.064725596457719817 1367.4939575195315 0.12619426846504214 24.230171203613285 -18.788816452026364 0.21019626408815387
decision_type=2 10 10 2 10 10 10 2 2 10 8 10 10 10
left_child=1 2 3 10 -3 6 7 -4 13 -7 11 12 -1 -2
right_child=8 4 5 -5 -6 9 -8 -9 -10 -11 -12 -13 -14 -15
leaf_value=0.040335421643471363 -0.048444692847025315 0.060772204687458801 -0.022449295456372635 -0.04232980248413578 -0.046935645240294241 0.054856884750218528 -0.031417904349894742 0.054484976219284713 0.014566157988504953 0.12283922263070562 0.047642849084278058 -0.037630741192415745 -0.024544439075736994 0.016292059701493843
leaf_weight=5.453353114426136 38.991836849600077 1.1023211088031519 1.4415791565552334 7.9810071950778356 12.195818036794661 34.91538767889142 3.5163749093189827 6.7260512122884393 2.1462136963382354 1.618669882416724 4.6207022350281486 3.1336716320365667 2.202242711558938 0.87529422622173925
leaf_count=35 4486 18 81 733 1254 299 42 57 41 10 36 100 17 15
internal_value=0.000604249 0.0225628 0.0334655 -0.00353531 -0.0343815 0.0511221 0.0176795 0.0399386 -0.0432659 0.0610614 0.017912 0.00221798 0.0209924 -0.0466595
internal_weight=126.921 84.9072 71.609 23.391 13.2981 48.2181 11.684 8.16763 42.0133 36.5341 15.41 10.7893 7.6556 39.8671
internal_count=7224 2682 1410 921 1272 489 180 138 4542 309 188 152 52 4501
is_linear=0
shrinkage=0.05


Tree=39
num_leaves=15
num_cat=0
split_feature=37 11 7 8 4 18 35 46 102 65 12 81 121 116
split_gain=51.2399 17.9726 12.8244 7.59052 10.1537 6.59265 6.36105 4.24975 4.14642 3.90815 2.64435 2.44902 1.97556 1.85732
threshold=0.1465040594339371 0.16843971610069278 47.017620086669929 34.703720092773445 34.591592788696296 9.2927999503444894e-05 34.703720092773445 2.3519000023952689e-05 13.500000000000002 20.582816123962406 0.010811126790940763 0.48999999463558203 -4464.7336425781241 0.36663970351219183
decision_type=8 8 10 10 8 10 10 10 2 2 10 2 2 2
left_child=3 2 5 4 -1 7 10 12 -3 -7 -4 -8 -2 -14
right_child=1 8 6 -5 -6 9 11 -9 -10 -11 -12 -13 13 -15
leaf_value=-0.031496308922493936 -0.030295132719933417 0.055497563764791882 -0.022644362528867729 -0.048631095077784056 0.10323364813612482 0.027719993284014678 -0.048087876219264906 0.064483669537843707 -0.017246712589150694 -0.030977377190282426 0.039955520370032228 0.024848578380248659 0.036586471830750353 -0.021049138687005781
leaf_weight=3.0748438797891131 1.2290439321659512 32.582811160944402 1.8966815331950808 39.511463331058621 1.164633037522435 3.9605266340076906 13.26278916886076 9.6218029186129552 1.6410975521430362 5.682604968547821 3.4605236640200019 0.65163020789623338 4.9252841938287073 1.1101423213258383
leaf_count=274 34 265 81 4887 17 37 1216 66 39 160 26 4 34 45
internal_value=0.00105219 0.0247613 0.00401852 -0.0418985 0.0181546 0.0261636 -0.0262533 0.0441552 0.0516187 -0.00653039 0.0177168 -0.0432351 0.0126856 0.0245001
internal_weight=123.776 80.0249 45.801 43.7509 4.23948 26.5294 19.2716 16.8863 34.2239 9.64313 5.35721 13.9144 7.26447 6.03543
internal_count=7185 2007 1703 5178 291 376 1327 179 304 197 107 1220 113 79
is_linear=0
shrinkage=0.05


Tree=40
num_leaves=15
num_cat=0
split_feature=28 46 95 31 33 73 69 6 1 49 5 122 16 113
split_gain=46.4415 16.6614 12.556 6.99352 10.2111 6.40687 5.04677 2.56269 5.91287 2.49722 2.34505 1.93486 1.82054 1.74337
threshold=64.500000000000014 0.16695995628833774 1.3920800029154636e-05 81.350021362304702 99.687007904052749 611.74948120117199 28.155234336853031 20.10711765289307 133.89735412597659 0.20789377391338351 34.752981185913093 -79.634696960449205 inf 271.14743041992193
decision_type=2 10 8 10 10 2 2 10 2 10 10 8 8 2
left_child=1 2 -1 4 7 9 -2 -4 11 -5 -8 -9 -3 -6
right_child=6 12 3 5 13 -7 10 8 -10 -11 -12 -13 -14 -15
leaf_value=-0.038050264065649521 0.040678230161051654 -0.045708870961117386 0.064725364117969142 0.056251337636111856 0.02936606844962162 -0.022629683503479082 0.036148034776877724 0.018654097867581505 0.044003626481121501 0.002329461278668682 -0.048288275941167719 -0.033782798133201494 0.029162754379406942 -0.043073974532613253
leaf_weight=5.4201244362629941 0.9826446920633306 8.197628940455612 3.9800074473023477 37.56383951427415 0.24117304105311532 2.4529402214102438 0.15840578451752563 1.917713029310107 9.1645683571696264 2.3674182174727312 36.882485162932426 4.0345319043844929 0.22464121924713332 6.0870286813005805
leaf_count=583 5 880 20 343 8 103 13 14 68 24 4829 82 5 236
internal_value=0.0012295 0.0224451 0.0301744 0.0361014 0.0145748 0.048381 -0.0437366 0.0325403 0.0205763 0.0531895 -0.0469864 -0.0166354 -0.0408287 -0.0366827
internal_weight=119.675 81.6516 73.2293 67.8092 25.425 42.3842 38.0235 19.0968 15.1168 39.9313 37.0409 5.95224 8.42227 6.3282
internal_count=7213 2366 1481 898 428 470 4847 184 164 367 4842 96 885 244
is_linear=0
shrinkage=0.05


Tree=41
num_leaves=15
num_cat=0
split_feature=37 27 8 46 9 20 81 121 64 66 35 126 31 127
split_gain=42.7087 14.2051 9.78989 9.1687 8.83427 7.13267 6.31839 4.52842 3.66716 3.15538 2.76017 2.22966 2.46857 2.12305
threshold=0.2149859964847565 1196.108581542969 34.703720092773445 1.6570999832765668e-05 0.73861283063888561 0.0001451604985049926 0.043167702853679664 -4464.7336425781241 18.550028800964359 34.703720092773445 16.41551494598389 -852.49621582031239 205.97334289550784 -44.666765213012688
decision_type=8 10 10 8 10 10 2 2 2 2 8 2 8 10
left_child=2 4 3 -1 11 7 10 -6 -7 -4 -3 12 -2 -9
right_child=1 6 9 -5 5 8 -8 13 -10 -11 -12 -13 -14 -15
leaf_value=-0.035118629616203961 0.03596912349829233 0.028924812340639795 0.020613108738979192 0.085229725174529605 -0.034199363158929651 0.031767624243018884 0.037656787661503273 0.052334223496605853 -0.039811900463510144 -0.048546751182231035 -0.043511607368106116 0.05417469939153307 -0.025888142953211957 -0.0073865905671657572
leaf_weight=2.3629432981833807 3.4508386738598338 0.79387155920266828 1.1991077437996853 2.1481503173708916 1.4551092404872168 1.4969703573733548 2.9021612387150517 8.8283213973045331 6.9601151077076793 37.032508030533791 10.277945609297603 32.857181965373456 1.655391472391784 1.484767628833654
leaf_count=277 31 5 14 16 19 23 39 62 289 5018 1052 292 17 16
internal_value=0.0013572 0.0247137 -0.0377391 0.0272567 0.0354799 0.00821925 -0.0194932 0.0322708 -0.0251224 -0.0459075 -0.036352 0.0494195 0.0149601 0.0438433
internal_weight=114.905 72.1627 42.7427 4.51109 58.1887 20.2253 13.974 11.7682 8.45709 38.2316 11.0718 37.9634 5.10623 10.3131
internal_count=7170 1845 5325 293 749 409 1096 97 312 5032 1057 340 48 78
is_linear=0
shrinkage=0.05


Tree=42
num_leaves=15
num_cat=0
split_feature=37 11 111 48 134 72 122 102 8 46 130 6 120 39
split_gain=43.9663 15.0445 9.23769 6.00244 5.45001 5.24107 4.95041 4.44684 4.013 8.12519 2.27302 2.06304 1.92272 1.91094
threshold=0.15214646607637408 0.16430319845676425 1180.2222290039065 0.0012093271943740549 0.92711213231086742 1387.4155273437502 -34.626602172851555 15.500000000000002 34.703720092773445 4.951700066158083e-05 0.55648330226540577 17.331782341003422 -39.499999999999993 0.20060975849628451
decision_type=8 8 2 8 2 2 8 2 8 10 2 10 2 8
left_child=8 2 3 5 6 12 13 -3 9 -1 -6 -4 -2 -5
right_child=1 7 11 4 10 -7 -8 -9 -10 -11 -12 -13 -14 -15
leaf_value=-0.037351110072324584 -0.0047627756100617246 0.052815050446158279 0.02465882752436788 -0.015464782067005613 0.035375202517028415 -0.028337453074357206 -0.050492570723027576 -0.028496994655319192 -0.048378979978696016 0.093252177633910485 -0.028176368303311852 -0.045079129040393087 0.055151592031927245 0.046276679183514455
leaf_weight=2.6498374710790809 1.3301166859455396 28.669965790119026 0.55948843061923881 1.6846262780018153 6.7558790738694361 1.9227263247594226 6.5842733015306312 1.179182938300072 34.771346812602133 0.77212153375148762 0.93562134262174357 8.714391320012508 11.493318264372645 1.6214890256524084
leaf_count=267 14 260 3 38 101 35 339 37 4931 5 20 993 92 9
internal_value=-0.000762921 0.0223218 0.00263648 0.0153558 -0.00448425 0.0377937 -0.0278367 0.0487832 -0.0434169 0.00654206 0.0252922 -0.0388812 0.049042 0.018531
internal_weight=109.644 71.4511 41.6019 32.3281 17.5819 14.7462 9.89039 29.8491 38.1933 3.42196 7.6915 9.27388 12.8234 3.30612
internal_count=7144 1941 1644 648 507 141 386 297 5203 272 121 996 106 47
is_linear=0
shrinkage=0.05


Tree=43
num_leaves=15
num_cat=0
split_feature=95 32 2 68 51 66 122 126 33 124 39 72 121 131
split_gain=39.7167 25.1106 8.04732 6.47419 6.9021 4.89327 3.96239 3.83003 2.71566 2.26802 2.00305 1.90414 1.74607 1.74068
threshold=1.3920800029154636e-05 44.582815170288093 34.832815170288093 133.97103118896487 13.500000000000002 38.758869171142585 -34.626602172851555 -27300.896484374996 1109.0045166015627 0.20322173833847049 0.14235056191682818 1410.9696044921877 12996.444824218752 0.94282186031341564
decision_type=8 10 10 2 2 2 10 2 10 10 10 2 2 2
left_child=-1 3 -3 5 9 6 7 -2 13 11 -9 -5 -12 -8
right_child=1 2 -4 4 -6 -7 8 10 -10 -11 12 -13 -14 -15
leaf_value=-0.046320570068418554 -0.023466547921416944 0.061675736067116349 -0.047242400982346638 0.059061023803396243 -0.020012502457999744 -0.037516953945631037 -0.04028141290809497 0.0500068407700206 0.032440536770939866 -0.0020297756109518587 -0.030529925771158352 -0.0024410842237108537 0.033272070524346699 0.016092866605455895
leaf_weight=29.574341671541333 1.8542010271921832 1.0479846820235241 13.841905754525213 31.142643782310188 2.9673450705595306 2.9879386350512496 3.908013043459504 13.137777706608174 1.9564441125839946 1.6563083147630084 1.2533532585948717 1.2289334698580194 1.04605096578598 1.2726522311568258
leaf_count=4255 46 10 1844 302 169 118 133 129 17 15 31 40 6 19
internal_value=0.00219816 0.020644 -0.0361775 0.0341316 0.0475888 0.0149369 0.0225758 0.0349503 -0.00801508 0.0538869 0.0429677 0.056723 -0.000217723 -0.0260697
internal_weight=108.876 79.3016 14.8899 64.4117 36.9952 27.4164 24.4285 17.2914 7.13711 34.0279 15.4372 32.3716 2.2994 5.18067
internal_count=7134 2879 1854 1025 526 499 381 212 169 357 166 342 37 152
is_linear=0
shrinkage=0.05


Tree=44
num_leaves=15
num_cat=0
split_feature=37 111 31 35 71 46 40 54 3 125 31 113 71 122
split_gain=38.679 13.1241 7.53277 7.36048 7.27222 6.27456 5.10837 3.9734 3.79032 2.61675 1.82852 1.66979 1.66004 1.59594
threshold=0.1465040594339371 1193.793640136719 90.913070678710952 37.743314743041999 34.703720092773445 4.2335000216553462e-06 0.062114197760820396 6.2843715568305938e-05 10.16434955596924 -41.499999999999993 192.95540618896487 45.858495712280281 32.696172714233406 5.2598302364349374
decision_type=8 2 8 8 2 8 10 8 8 2 8 2 2 10
left_child=4 2 3 8 5 -1 -3 -4 11 10 -9 -2 -11 -10
right_child=1 6 7 -5 -6 -7 -8 9 13 12 -12 -13 -14 -15
leaf_value=-0.032711243150026888 0.029654458482644121 -0.045044485076564347 -0.017125487805330353 -0.03334498790089465 -0.048080560052968381 0.075318599639538575 0.02926926837392781 0.031795257084842952 0.054074471380284643 0.00011243764823174109 -0.03228278424905083 -0.028297977186889006 0.054415491310594949 -0.0036744534663369199
leaf_weight=1.9175186073407524 0.89904307574033859 7.8800421478226763 1.9670662209391583 6.6068776804022482 31.616241529583931 1.6164072826504705 2.3505788552574813 1.1964555270969861 7.0425064074806869 1.4729550182819355 1.258286948315799 2.8662374257110059 32.744984017685056 1.2620443049818275
leaf_count=259 6 1001 32 311 4930 12 34 10 56 13 17 182 310 10
internal_value=0.00129205 0.0233498 0.0326235 0.00609043 -0.0405691 0.0224151 -0.0268843 0.0449712 0.0285766 0.0486682 -0.000887743 -0.0111413 0.0521475 0.0458467
internal_weight=102.697 67.5471 57.3165 18.6767 35.1502 3.53393 10.2306 38.6397 12.0698 36.6727 2.45474 3.76528 34.2179 8.30455
internal_count=7183 1982 947 565 5201 271 1035 382 254 350 27 188 323 66
is_linear=0
shrinkage=0.05


Tree=45
num_leaves=15
num_cat=0
split_feature=37 79 69 71 46 3 110 72 122 72 102 113 49 78
split_gain=32.9723 12.5384 11.8801 6.18146 8.95347 5.01531 4.84285 4.74164 4.32444 3.75461 3.54718 1.82118 1.05987 1.02223
threshold=0.1465040594339371 0.095811817795038237 37.743314743041999 34.703720092773445 4.3415999243734411e-05 10.16434955596924 685.33877563476574 244.99747467041018 -31.902875900268551 1381.197937011719 15.500000000000002 123.7387046813965 0.25379791855812078 0.99509802460670482
decision_type=8 2 2 2 10 8 2 2 8 2 2 2 10 2
left_child=3 2 5 4 -1 8 7 -4 -2 -7 12 -5 -3 -10
right_child=1 10 6 11 -6 9 -8 -9 13 -11 -12 -13 -14 -15
leaf_value=-0.035903696333193728 0.038791815232974841 0.053429931487556474 -0.02925331173567779 0.027251718531684812 0.095089438616355548 0.051595101244820911 -0.045314849348963626 0.039326284044665066 -0.03731306732397028 -0.027277900485004905 -0.026075106451927694 -0.047962998534811542 1.1716734675422978e-07 0.020347655178262786
leaf_weight=2.3723071138374503 2.5492163132876158 23.380850374698646 4.2252425272017735 0.22236692905426281 1.1727375388145445 13.179162547923623 10.907415330875663 3.8823668416589499 4.562525317072871 1.0678541297093023 0.98391212895512481 30.04911047546193 0.96490700542926688 0.24992498755455006
leaf_count=274 26 240 180 1 7 107 1072 28 208 87 33 4913 6 1
internal_value=0.000107772 0.0206297 0.00313029 -0.0393598 0.0188174 0.0278976 -0.0250029 0.00429857 -0.00531488 0.044282 0.0475105 -0.0465567 0.0513959 -0.0313331
internal_weight=99.7699 65.9534 40.6237 33.8165 3.54504 21.6087 19.015 8.10761 7.36167 14.247 25.3297 30.2715 24.3458 4.81245
internal_count=7183 1988 1709 5195 281 429 1280 208 235 194 279 4914 246 209
is_linear=0
shrinkage=0.05


Tree=46
num_leaves=15
num_cat=0
split_feature=95 32 62 2 34 72 121 65 46 34 122 7 41 123
split_gain=34.4454 22.4778 5.98278 5.9365 5.40592 4.98647 4.32473 3.84454 2.31224 1.90929 1.70063 2.15131 1.57318 1.55867
threshold=1.3920800029154636e-05 44.582815170288093 91.849716186523452 34.832815170288093 34.703720092773445 1412.5584106445315 -2314.5812988281245 13.826340198516847 3.974399987782818e-05 28.865631103515629 -5.3570137023925772 34.620903015136726 0.025882164016366008 -192.60169982910153
decision_type=8 10 2 10 10 2 2 2 8 10 10 10 10 8
left_child=9 2 4 -3 6 7 -2 -4 12 -1 -8 -12 -9 -6
right_child=1 3 5 -5 13 -7 10 8 -10 -11 11 -13 -14 -15
leaf_value=0.021341810506313275 -0.023306687711778289 0.041228678221207321 -0.0270341091955725 -0.046736307222419768 0.01715360167747771 -0.011265357454715234 0.045627433754392543 -0.015773323251122722 0.058028240741556242 -0.04763406950493116 -0.032312188814244011 0.033273424566719383 0.03645868209458894 -0.043436724164673798
leaf_weight=0.50448676943779247 3.0714613702148226 1.4474223759025324 0.97578560886904497 12.409427805803714 0.7745218020863831 3.241910266224294 10.227181956171989 1.8967172675766044 30.13849976612255 25.753804835490882 1.3932011779397737 1.6232580123469231 2.0979565219022334 3.8417417495511463
leaf_count=3 42 14 50 1897 19 101 90 75 313 4296 57 14 18 234
internal_value=0.00251343 0.0201598 0.0335162 -0.0353913 0.0112834 0.0450554 0.0246796 0.0504239 0.0533447 -0.0455745 0.0366636 0.0024786 0.0134657 -0.0320266
internal_weight=99.3974 73.1391 59.2822 13.8569 20.9314 38.3509 16.3151 35.109 34.1332 26.2583 13.2436 3.01646 3.99467 4.61626
internal_count=7223 2924 1013 1911 456 557 203 456 406 4299 161 71 93 253
is_linear=0
shrinkage=0.05


Tree=47
num_leaves=15
num_cat=0
split_feature=116 32 93 121 52 2 17 68 66 122 32 33 114 29
split_gain=31.3705 13.4819 8.85733 5.91589 4.4442 3.55306 3.12649 3.04922 5.23541 3.08945 2.81425 2.67611 1.75445 1.67998
threshold=1.9001342058181765 44.582815170288093 2.8504999818323999e-06 -104817.62109374999 1.4852941036224367 34.832815170288093 0.088924709707498564 133.97103118896487 19.731782913208011 -101.01298904418944 283.91680908203131 1412.5584106445315 0.28672814369201666 741.25491333007824
decision_type=2 10 8 2 10 10 10 2 2 8 10 10 2 2
left_child=1 2 13 -4 7 10 -2 8 -5 -10 -3 12 -6 -1
right_child=6 5 3 4 11 -7 -8 -9 9 -11 -12 -13 -14 -15
leaf_value=0.023424792556575518 -0.046291923105396184 0.0684891699761149 -0.033708398344549084 0.050559067141955641 -0.0097591099190197702 -0.045120439593309247 0.0083254305673810796 0.039532254897668005 0.025424338277528637 -0.039999430024125905 -0.025117408954795375 -0.0048045772840556306 0.052999579524206357 -0.039704950327051472
leaf_weight=0.60389650613069434 26.412957130931321 0.6156583004631091 2.2742025167681268 2.305642154067753 0.85610241815447707 8.129524333868174 2.5890921158716074 6.2709815977141252 1.6959342723712323 5.698175735771656 0.83510790951550007 2.0992146763019255 33.053708287421614 4.5489485221914947
leaf_count=4 4501 26 45 27 7 1235 63 52 16 149 43 48 375 677
internal_value=0.00148919 0.0198112 0.0287037 0.034688 0.0382602 -0.0328314 -0.0413011 0.0150369 -0.00301415 -0.0237525 0.0263436 0.0478756 0.051181 -0.0297017
internal_weight=97.9891 68.9871 59.4068 54.254 51.9798 9.58029 29.002 15.9707 9.69975 7.39411 1.45077 36.009 33.9098 5.15285
internal_count=7268 2704 1400 719 674 1304 4564 244 192 165 69 430 382 681
is_linear=0
shrinkage=0.05


Tree=48
num_leaves=15
num_cat=0
split_feature=116 48 46 17 120 46 11 137 35 101 68 11 27 16
split_gain=30.3714 10.5708 10.6672 6.99143 5.35384 4.33254 2.95368 3.59 2.3126 1.73488 1.71589 1.66156 1.53798 1.52633
threshold=1.7081700563430788 3.2918998840614229e-05 0.16695995628833774 0.077373079955577864 -103.49999999999999 3.974399987782818e-05 0.12619426846504214 85.286026000976577 16.41551494598389 0.20467609912157061 158.81378173828128 0.27664399147033697 88.681587219238295 inf
decision_type=2 8 10 10 2 10 8 2 10 10 2 10 10 8
left_child=1 10 4 8 9 6 7 -6 -2 -3 -1 -5 -7 -4
right_child=3 2 13 11 5 12 -8 -9 -10 -11 -12 -13 -14 -15
leaf_value=0.017959897914528528 0.022633092940541805 -0.035024406213645637 -0.042271163721298063 -0.01054719872215714 -0.023339076261036359 0.0085772486105918852 0.049433465320992298 0.032225191735254538 -0.04787697237219507 0.026864681208205989 -0.042640866714177106 0.035787340366140681 0.055036373819747679 0.026968840381649307
leaf_weight=0.83547746855765481 0.65748905204236763 2.665315436199307 4.6061183791607609 3.3801239305175832 5.6426849928684497 2.3216326516121617 3.6868213936686525 4.1701912954449654 26.880555091891438 0.7879645931534468 5.600079607218504 2.6603702176362276 30.0214175703004 0.23551459424197663
leaf_count=9 6 86 674 115 160 23 33 47 4730 11 843 27 379 3
internal_value=0.00245992 0.0234938 0.0307423 -0.0350658 0.0377508 0.042249 0.016777 0.0010706 -0.0454594 -0.0180412 -0.0334162 0.0120442 0.0520587 -0.034863
internal_weight=94.1518 60.5732 54.1377 33.5785 49.296 45.8427 13.4997 9.81288 27.538 3.45328 6.43556 6.04049 32.3431 4.84163
internal_count=7146 2268 1416 4878 739 642 240 207 4736 97 852 142 402 677
is_linear=0
shrinkage=0.05


Tree=49
num_leaves=15
num_cat=0
split_feature=95 32 5 97 9 116 69 120 48 115 74 65 66 125
split_gain=27.2211 16.9412 5.92667 5.52952 3.64907 6.55096 4.56619 3.37019 3.11222 2.86846 1.44419 1.41449 2.04288 1.32046
threshold=1.3920800029154636e-05 44.582815170288093 34.752981185913093 0.0021850749617442493 0.6864154338836671 1.7264931201934817 20.215397834777836 -106.49999999999999 3.2918998840614229e-05 0.41566656529903417 0.46899038553237921 32.696172714233406 36.850105285644538 -615.99999999999989
decision_type=8 10 10 8 10 2 2 2 10 2 2 2 2 2
left_child=-1 3 -3 7 5 -5 -6 -2 -9 -7 -10 -8 -13 -12
right_child=1 2 -4 4 6 9 11 8 10 -11 13 12 -14 -15
leaf_value=-0.045032808268705093 -0.027438766346017503 0.043482449766781693 -0.046336242240719278 0.049845036565495167 0.033751600630217135 0.025048081092222819 -0.043844077193077174 -0.014902770878604345 -0.0067800407205168131 -0.037813618813448253 -0.013609997171981662 0.022311124146309914 -0.035831499106187638 0.057584092370496602
leaf_weight=22.675752034876496 0.89340208657086151 1.3591008558869351 10.894037654157726 10.659976532682778 3.7146137021482017 2.1554242121055713 4.2803100510500354 1.3571818065829599 0.74044163385406392 3.5080071473494172 0.31650884263218415 2.4521227274090052 1.6978196771815417 22.105436219368123
leaf_count=4273 23 13 1863 97 39 44 115 44 72 224 8 38 40 274
internal_value=0.00107683 0.0173219 -0.0338445 0.0293623 0.013497 0.0282719 -0.00700127 0.0459512 0.0495956 -0.0137207 0.0538352 -0.0266331 -0.00381484 0.0560409
internal_weight=88.8101 66.1344 12.2531 53.8812 28.4683 16.3234 12.1449 25.413 24.5196 5.66343 23.1624 8.43025 4.14994 22.4219
internal_count=7167 2894 1876 1018 597 365 232 421 398 268 354 193 78 282
is_linear=0
shrinkage=0.05


Tree=50
num_leaves=15
num_cat=0
split_feature=106 40 97 102 11 134 122 27 48 72 105 64 116 124
split_gain=24.9738 7.7712 6.87095 3.71658 4.41445 3.86569 4.00697 3.81404 3.12146 2.8922 2.83427 2.75455 2.41799 1.74068
threshold=999.26354980468761 0.014185110572725536 0.22505108267068866 15.500000000000002 0.076982341706752791 0.92711213231086742 -79.634696960449205 1204.2881469726565 3.2918998840614229e-05 1360.7073364257815 2.418859720230103 16.358708381652836 0.80971974134445202 -0.26599924266338343
decision_type=2 10 10 2 8 2 8 10 10 2 2 2 2 8
left_child=2 11 3 4 5 6 -1 -6 -3 -10 -8 -2 -4 -13
right_child=1 8 12 -5 7 -7 10 -9 9 -11 -12 13 -14 -15
leaf_value=0.030697842809198586 0.022881711528976032 -0.030005866856308568 0.025580520820893765 -0.028370652549360255 0.051699118650903847 0.034498758357142945 -0.046114017136116243 -0.030004386299355385 -0.024436874777439676 0.05402685209480327 0.01489990228194117 0.021618591710532181 -0.037064679495043114 -0.048133891296092038
leaf_weight=3.7168788113631308 0.9362060609273638 1.7566819335333992 1.2503184447996307 1.9944655993022014 20.757939632516358 10.672044610604644 4.8495992561802268 0.89960277453064819 0.93117424333468068 3.5322477580048144 2.2347194887697697 0.38759899791330099 5.3937264108099043 27.251296449918303
leaf_count=36 32 263 54 122 259 104 109 9 113 38 25 57 540 5357
internal_value=-0.000470205 -0.0327024 0.0214029 0.0283756 0.0315831 0.0145025 -0.00650387 0.0471309 0.0159215 0.0361808 -0.0274051 -0.0434671 -0.0234715 -0.046435
internal_weight=86.5645 34.7952 51.7693 45.1253 43.1308 21.4732 10.8012 21.6575 6.2201 4.46342 7.08432 28.5751 6.64404 27.6389
internal_count=7118 5860 1258 664 542 274 170 268 414 151 134 5446 594 5414
is_linear=0
shrinkage=0.05


Tree=51
num_leaves=15
num_cat=0
split_feature=37 11 69 8 3 80 120 21 32 18 34 134 60 9
split_gain=27.2841 9.38884 7.53287 4.87657 5.94945 3.9845 3.02591 2.92654 2.71115 2.16705 1.58272 1.29795 1.00786 0.974589
threshold=0.22052631527185443 0.16843971610069278 37.743314743041999 34.703720092773445 38.919149398803718 0.44583334028720861 -39.499999999999993 0.21599281579256061 16.358708381652836 3.5115000400764988e-06 31.143082618713382 0.029018141329288486 143.88098907470706 0.73861283063888561
decision_type=8 8 2 10 8 2 2 10 8 8 8 2 2 10
left_child=3 2 6 4 -1 10 13 9 -3 -8 12 -11 -4 -2
right_child=1 8 5 -5 -6 -7 7 -9 -10 11 -12 -13 -14 -15
leaf_value=-0.03543267147983014 0.01474134986270585 -0.020346287237016557 0.030043717861899022 -0.04548171788409406 0.069517278231813528 0.031757371190904847 -0.022079604663001257 -0.024477833698568166 0.049859975889293612 -0.0016667586556025433 -0.039178932212800728 0.048050824282372631 -0.020136649801914742 -0.03577134577264296
leaf_weight=2.0596802262589367 0.78741871239617744 0.94614261575043201 0.98289466276764637 24.984053624328226 1.4635527716018257 2.1404499523341647 0.77865134878084141 1.3765865918248881 20.974493679590527 1.3771830648183829 10.663242933806032 12.888216455467044 1.0630907034501431 1.7314227791503072
leaf_count=266 42 19 7 5101 20 16 129 73 272 17 1004 125 64 34
internal_value=0.00108525 0.021362 0.00446644 -0.0379212 0.0138942 -0.0214005 0.0248038 0.0324863 0.0460742 0.0388995 -0.0320167 0.0434563 0.0059192 -0.0202787
internal_weight=84.2171 55.7098 33.7892 28.5073 3.52323 14.8497 18.9395 16.4206 21.9206 15.0441 12.7092 14.2654 2.04599 2.51884
internal_count=7189 1802 1511 5387 286 1091 420 344 291 271 1075 142 71 76
is_linear=0
shrinkage=0.05


Tree=52
num_leaves=15
num_cat=0
split_feature=116 46 31 17 134 60 30 121 49 35 111 137 126 8
split_gain=24.0862 8.03696 8.97883 6.98365 6.171 3.17414 2.8687 2.82358 2.29537 2.26802 2.06245 1.80654 1.39607 2.14416
threshold=1.4229232072830202 3.974399987782818e-05 80.422901153564467 0.077373079955577864 0.92711213231086742 238.18677520751956 48.781103134155281 -2314.5812988281245 0.20789377391338351 16.41551494598389 1130.7501220703127 65.296279907226577 -1003.4524841308593 36.083438873291023
decision_type=2 8 10 10 2 2 10 2 10 10 2 2 2 8
left_child=1 5 4 9 6 -1 12 -6 10 -2 -5 -9 -3 -14
right_child=3 2 -4 8 7 -7 -8 11 -10 -11 -12 -13 13 -15
leaf_value=0.019601985396313235 0.019565633154322609 -0.030244090109697416 0.055016115615528272 0.039589790292446046 -0.015978278573188301 -0.040222889687383356 -0.042541324657574014 -0.014648659788476948 -0.028180917377298137 -0.046444810335917547 -0.025007893752721458 0.054513880977820534 -0.027707068161270734 0.035468704901056088
leaf_weight=2.6493687201291305 0.84524118527770298 1.0136702433228491 20.020301874261349 4.4051206638105205 1.6743769771419463 5.3929377198219299 4.8597908625379205 0.65298408921807816 1.8062216145917771 24.786587505601346 0.85921417362987984 6.8877120772376657 1.0591501384042219 3.536423806566745
leaf_count=44 13 14 297 96 43 807 458 31 47 5097 46 99 44 45
internal_value=0.000668094 0.0231309 0.0322609 -0.0318416 0.0075762 -0.0205266 -0.0179908 0.03554 0.0109547 -0.0436151 0.0267375 0.0475109 0.00649794 0.018559
internal_weight=80.4491 47.7467 39.7044 32.7024 19.6841 8.04231 10.469 9.21507 7.07056 25.6318 5.26433 7.5407 5.60924 4.59557
internal_count=7181 1882 1031 5299 734 851 561 173 189 5110 142 130 103 89
is_linear=0
shrinkage=0.05


Tree=53
num_leaves=15
num_cat=0
split_feature=93 31 36 63 27 95 0 6 70 10 33 69 97 124
split_gain=21.3458 17.065 9.93808 4.66982 3.66935 2.97336 2.36034 2.04568 1.84388 1.76301 1.66263 1.37624 1.07691 1.05064
threshold=3.175999950144615e-06 80.422901153564467 99.929355621337905 178.7834167480469 81.431587219238295 0.00055649023852311086 5.5000000000000009 20.10711765289307 532.16061401367199 0.46410256624221807 1413.3459472656252 28.155234336853031 0.05390214920043946 0.16564821451902392
decision_type=8 10 10 2 8 10 2 10 2 10 10 2 10 10
left_child=8 2 4 5 7 10 -7 -2 -1 13 12 -5 -3 -6
right_child=1 3 -4 11 9 6 -8 -9 -10 -11 -12 -13 -14 -15
leaf_value=0.02014946986090559 0.023446910668858789 0.059783926549298039 -0.046835548907253395 0.024070794592431242 0.043387806863903727 0.031437429996561711 -0.025665862084692449 -0.026727051875209698 -0.046461316139103745 -0.022969731807554135 -0.0017378855316034563 -0.035248506370667503 0.013022544109390098 -0.0017341041924350605
leaf_weight=0.56083098147064703 1.9724893728271178 19.768053726293161 11.56148438900709 0.62104771286249105 7.450100958347317 3.8159842202439895 1.9829792534001169 6.0848583145998418 19.496592570561916 0.73562942864373404 1.2444248492829491 2.0125568159855902 1.9952618032693852 1.4340585917234419
leaf_count=9 29 273 1792 4 73 53 55 276 4367 75 41 149 23 18
internal_value=-0.000268137 0.0145744 -0.0127467 0.0395919 0.0108626 0.0453436 0.0110078 -0.0132116 -0.0437304 0.0303719 0.0531787 -0.0184853 0.0562573 0.0366658
internal_weight=80.7364 60.6789 29.2386 31.4403 17.6771 28.8067 5.79896 8.05735 20.0574 9.61979 23.0077 2.6336 21.7633 8.88416
internal_count=7237 2861 2263 598 471 445 108 305 4376 166 337 153 296 91
is_linear=0
shrinkage=0.05


Tree=54
num_leaves=15
num_cat=0
split_feature=93 32 68 8 102 21 66 100 122 32 9 29 121 46
split_gain=20.4091 12.6765 5.26169 5.04157 4.59132 3.25975 2.99587 2.10605 1.99448 2.17847 2.1525 1.94876 1.79547 1.22828
threshold=2.8504999818323999e-06 44.582815170288093 133.97103118896487 34.703720092773445 13.500000000000002 0.21599281579256061 38.758869171142585 0.19710198044776919 -27.982866287231442 19.97103309631348 0.66720432043075573 487.90463256835943 -10267.306640624998 3.974399987782818e-05
decision_type=8 10 2 10 2 10 2 10 10 10 10 2 2 8
left_child=11 2 5 -3 12 6 7 8 9 -2 -11 -1 -4 -14
right_child=1 3 4 -5 -6 -7 -8 -9 -10 10 -12 -13 13 -15
leaf_value=0.021954891667319999 0.043390513088137482 0.037345968342001414 0.00044513881316144538 -0.045502270394488162 -0.020846286785459901 -0.038352352268264174 -0.031118514091844685 0.039845481173073384 -0.029136800515398034 0.029126898941464082 -0.02997710866453316 -0.045677344271606871 -0.010345420783928482 0.053312453999633413
leaf_weight=0.56137039512396114 3.2059592241421395 1.4557373211719085 1.8726511034183264 8.9813141000922752 2.1395513368770471 2.2949363845400503 2.1479337783530346 8.0133301913738233 2.1315468112006819 1.6834340598434208 2.663584852591157 17.997473289258778 0.47664254950359719 21.865290897432715
leaf_count=4 22 17 37 1856 187 98 80 79 82 23 75 4261 30 286
internal_value=0.00175854 0.0162101 0.0269516 -0.0316918 0.0416595 0.00840098 0.0153879 0.0223947 0.0055774 0.0176354 -0.00592172 -0.0426137 0.0477901 0.0515693
internal_weight=77.4908 58.9319 48.4949 10.4371 26.3541 22.1407 19.8458 17.6979 9.68452 7.55298 4.34702 18.5588 24.2146 22.3419
internal_count=7137 2872 999 1873 540 459 361 281 202 120 98 4265 353 316
is_linear=0
shrinkage=0.05


Tree=55
num_leaves=15
num_cat=0
split_feature=116 3 48 81 120 47 63 122 107 126 122 127 32 128
split_gain=20.8986 9.08342 5.54916 5.19537 4.76289 4.02953 3.4785 2.64481 2.37943 2.07596 1.56463 1.55036 1.33485 1.14186
threshold=1.7081700563430788 11.259958267211916 2.5381999876117337e-05 0.028235450387001041 -143.49999999999997 0.019991798326373104 168.48123168945315 -101.01298904418944 210.17502593994143 -1508.6085205078123 16.389358520507816 -105.22142410278319 99.833332061767592 0.28636354207992559
decision_type=2 8 8 2 2 10 2 8 2 2 10 8 8 10
left_child=1 5 -3 -2 -4 7 10 -1 11 -10 12 -9 -6 -5
right_child=3 2 4 13 6 -7 -8 8 9 -11 -12 -13 -14 -15
leaf_value=0.045878115230731931 -0.04269494847363877 -0.026594598229704537 -0.029511284241984754 -0.017098521577557816 0.054016982562620088 -0.042901526969009667 -0.019546101347295335 0.017694638541806862 -0.031967146920966992 0.042871308452360438 0.009491920754867501 -0.038347443844669815 -0.013953208787195304 0.034707847347508251
leaf_weight=2.2163923680782318 22.763945233076814 2.7663209929596624 1.6498982934281254 0.83763460768386666 25.056316394824535 5.300455281045287 1.4774976272601623 0.98398501798510551 0.47094021434895728 2.2606476389337331 2.832951877731829 4.0129922777414304 0.36626707180404139 2.3553473302163184
leaf_count=24 4834 451 62 44 368 976 84 10 40 71 62 96 45 38
internal_value=0.00106542 0.0200599 0.0340835 -0.0344833 0.0400882 -0.0115171 0.0447849 0.00760158 -0.00737384 0.0248598 0.048702 -0.0262015 0.0525467 0.0202806
internal_weight=75.3516 49.3947 34.1493 25.9569 31.3829 15.2454 29.733 9.94496 7.72857 2.73159 28.2555 4.99698 25.4226 3.19298
internal_count=7205 2289 1072 4916 621 1217 559 241 217 111 475 106 413 82
is_linear=0
shrinkage=0.05


Tree=56
num_leaves=15
num_cat=0
split_feature=116 32 46 68 69 81 122 8 137 94 100 33 113 90
split_gain=22.2964 8.97943 7.26276 5.55031 3.75275 3.37959 2.24175 2.06061 1.86661 1.52512 1.46357 1.43728 1.24687 0.987157
threshold=1.9001342058181765 67.173957824707045 3.974399987782818e-05 133.97103118896487 38.665632247924812 0.078461539000272765 -11.089653015136717 62.288898468017585 46.685977935791023 0.00058911499218083929 0.062416039407253272 72.147354125976577 123.7387046813965 0.46387758851051336
decision_type=2 10 8 2 2 2 10 10 2 8 8 10 2 10
left_child=1 2 5 4 6 11 8 -8 -4 -6 -10 -1 -3 -2
right_child=13 12 3 -5 9 -7 7 -9 10 -11 -12 -13 -14 -15
leaf_value=0.021055367068523539 -0.044560021642806889 0.021529796979335269 -0.010129111073314899 0.052567390377740331 0.014737593152764678 0.032546380865655672 -0.036723561653939307 0.024138278661187073 -0.0079277700124211307 -0.040659362830654612 0.049036670418402123 -0.03772797521096212 -0.042759007339176369 0.0092889368300194172
leaf_weight=0.56189149152487328 18.783468948910016 0.2485835999250402 1.5399732617661364 20.173592919483781 1.2179203759878863 2.0016780588775873 1.7755266190506529 1.8348909541964529 0.98451547697186192 2.8237460965756327 8.9088091589510441 6.1262137684971094 5.2975432141683996 0.56238294113427301
leaf_count=6 4489 1 29 324 16 21 70 14 23 141 95 788 1128 9
internal_value=0.00207855 0.0187269 0.0258008 0.0348045 0.0143464 -0.0142705 0.0256136 -0.00726568 0.0357455 -0.0243539 0.0431606 -0.0306931 -0.0370288 -0.042615
internal_weight=72.8407 53.4949 47.9488 39.259 19.0854 8.68978 15.0437 3.61042 11.4333 4.04167 9.89332 6.68811 5.54613 19.3459
internal_count=7154 2656 1527 712 388 815 231 84 147 157 118 794 1129 4498
is_linear=0
shrinkage=0.05


Tree=57
num_leaves=15
num_cat=0
split_feature=37 11 64 8 27 8 123 32 122 68 27 134 49 48
split_gain=18.0717 7.98934 5.75559 4.27562 3.1507 3.50565 2.88305 2.54499 2.19918 2.07477 1.95878 1.6232 2.15269 1.42772
threshold=0.2149859964847565 0.22271825373172763 20.582816123962406 34.703720092773445 530.60540771484386 68.015514373779311 30.43475437164307 30.066038131713871 -31.902875900268551 50.118621826171882 38.805555343627937 0.92711213231086742 0.0046389712952077397 2.5381999876117337e-05
decision_type=8 8 2 8 10 10 8 8 8 2 10 2 8 8
left_child=3 2 -2 6 5 8 -1 -3 10 -6 -4 12 -7 -8
right_child=1 7 4 -5 9 11 13 -9 -10 -11 -12 -13 -14 -15
leaf_value=-0.029459715585478663 0.040128744993211819 -0.014258032772241015 0.034089765875463272 -0.045154248158599093 0.010662476455069089 0.030399495232720571 -0.013725899571768424 0.048280315657222184 -0.03728891009509528 -0.041804571742028146 -0.02788107836621756 0.04479942015216478 -0.04010358535531422 0.064722367329564115
leaf_weight=1.2842764370143438 6.2285667550750103 1.3619036101736126 2.2488991455174987 19.428827185416594 1.9573133522644619 1.2971062175929549 0.37602880597114574 15.809899989515545 4.4313397360965627 7.6948387965094298 1.1738924756646154 4.209477030672133 1.0558073553256688 1.2555760322138667
leaf_count=188 70 29 24 5109 38 12 84 259 220 1068 20 42 35 9
internal_value=-0.000822277 0.0165965 0.00084684 -0.0369524 -0.0105139 0.00443564 0.0152724 0.0428087 -0.0172106 -0.0311629 0.0113376 0.0291928 -0.00376221 0.0482971
internal_weight=69.8138 47.469 30.2972 22.3447 24.0687 14.4165 2.91588 17.1718 7.85413 9.65215 3.42279 6.56239 2.35291 1.6316
internal_count=7207 1817 1529 5390 1459 353 281 288 264 1106 44 89 47 93
is_linear=0
shrinkage=0.05


Tree=58
num_leaves=15
num_cat=0
split_feature=116 48 49 120 126 69 106 12 122 63 35 49 18 35
split_gain=18.8781 7.20107 8.56432 5.41009 3.81568 2.60888 2.29183 1.9039 1.69956 1.57414 1.48825 1.48549 1.36298 0.897764
threshold=1.9001342058181765 3.2918998840614229e-05 0.20789377391338351 -103.49999999999999 -1003.4524841308593 34.752981185913093 81.431587219238295 0.14119601994752887 -25.280444145202633 178.7834167480469 34.703720092773445 0.010853343177586796 9.89244981610682e-05 30.665631294250492
decision_type=2 8 10 2 2 2 2 10 10 2 10 8 10 10
left_child=1 -1 3 7 5 -5 8 -3 13 -8 -2 -7 -4 -6
right_child=10 2 12 4 6 11 9 -9 -10 -11 -12 -13 -14 -15
leaf_value=-0.035554301391543849 0.011076627896096444 -0.038293044458854175 0.019323595161336457 0.040375833326703095 0.039117710801557327 0.012694987245787555 0.053104995108386788 0.024923396866880582 -0.027197431472532951 -0.0064881886354084262 -0.044688881350499171 -0.03709395560200314 -0.03605445432974988 -0.0077782952964647253
leaf_weight=4.9811001841444513 0.90275061386637645 2.8698683073744173 0.68204618245363136 1.898278422653674 2.4852580837905411 1.8553661662153897 24.125462233321745 0.91728512058034528 1.2373419888317609 0.94481799658387799 17.011784557253122 2.6963068740442395 5.5455960009712726 1.0356486691161988
leaf_count=1019 52 87 28 20 16 40 438 15 25 40 4471 106 863 34
internal_value=0.00138307 0.016852 0.0231234 0.0315854 0.0374876 0.00216895 0.0448066 -0.0209736 0.0103593 0.0506964 -0.0414417 -0.0181678 -0.0281551 0.0266543
internal_weight=69.1889 51.2744 46.2933 40.0656 36.2785 6.44995 29.8285 3.78715 4.75825 25.0703 17.9145 4.55167 6.22764 3.52091
internal_count=7254 2731 1712 821 719 166 553 102 75 478 4523 146 891 50
is_linear=0
shrinkage=0.05


Tree=59
num_leaves=15
num_cat=0
split_feature=93 32 68 102 1 125 122 68 55 70 121 21 49 81
split_gain=16.2885 10.8808 4.46054 4.55515 3.79208 3.02327 2.61007 2.66965 2.03422 2.42258 1.4973 1.23059 1.14617 1.09746
threshold=2.8504999818323999e-06 44.582815170288093 133.97103118896487 13.500000000000002 30.934288024902347 8.5000000000000018 -50.79968070983886 39.074211120605476 117.37064361572267 55.718484878540046 -16310.685546874998 0.033103929832577712 0.25379791855812078 0.090097405016422286
decision_type=8 10 2 2 2 2 8 2 8 2 2 10 10 2
left_child=-1 2 5 10 -3 6 7 -2 9 -8 -4 -7 -12 -10
right_child=1 4 3 -5 -6 11 8 -9 13 -11 12 -13 -14 -15
leaf_value=-0.042645827517549514 0.048607047369939531 0.03698913540920911 -0.0024898138279669866 -0.018474648462392249 -0.045042464643163298 0.040127824082407122 -0.02475110556606136 -0.027724395947652442 -0.040845044296488643 0.036973685639826476 0.053705502550975108 -0.0094324112421568327 -0.0049400750038432525 0.012141347045038532
leaf_weight=15.074800852220504 2.6104281810112302 0.89755296707153132 1.2867988275829763 2.4192774260882279 7.813888743519783 6.1040587041061363 2.1804821980185816 0.9092057468369602 5.5601418709848085 2.2284738905727863 17.829168855445463 1.1155772609636185 0.7035383740440001 0.6873573251068591
leaf_count=4293 23 6 33 193 1880 78 114 13 175 20 294 36 8 10
internal_value=0.00149777 0.0147715 0.0249765 0.0401893 -0.0336521 0.00807573 -0.00555174 0.0271174 -0.0177425 0.00751497 0.0478936 0.0322539 0.0513403 -0.0341445
internal_weight=67.4208 52.346 43.6345 22.2388 8.71144 21.3957 14.1761 3.51963 10.6565 4.40896 19.8195 7.21964 18.5327 6.2475
internal_count=7176 2883 997 528 1886 469 355 36 319 134 335 114 302 185
is_linear=0
shrinkage=0.05


Tree=60
num_leaves=15
num_cat=0
split_feature=37 116 11 134 122 93 48 137 124 31 51 55 53 31
split_gain=15.4709 6.17812 3.75629 6.117 4.20584 3.79606 2.53196 2.47819 2.33555 2.22224 1.52217 1.34394 1.17711 1.05957
threshold=0.029459980316460136 1.9565731883049013 0.16843971610069278 0.92711213231086742 -34.626602172851555 1.2222500117786696e-05 0.00032237989944405859 65.296279907226577 -0.11075088754296301 103.9901809692383 3.5000000000000004 1015.4420471191407 301.21875000000006 18.476114273071293
decision_type=8 2 8 2 8 8 8 2 8 8 2 10 10 8
left_child=8 2 3 4 12 -5 11 -7 -1 10 -4 -6 13 -2
right_child=1 -3 9 5 6 7 -8 -9 -10 -11 -12 -13 -14 -15
leaf_value=0.017970556494131925 -0.010576515117881989 -0.03252794742790599 0.029833594096347477 -0.025086274291735405 0.019413104415571026 -0.017273370122971917 -0.050272210126207466 0.049918800059180202 -0.046561015144346851 0.047421875990699872 -0.029948438002182633 -0.025351746977355285 -0.019055334737597088 0.042778307922466119
leaf_weight=1.0302644937764851 0.74918631371110667 5.1168154638726255 0.94900461100041633 1.7567168741952599 2.6184733686968693 1.0598495020531125 5.302087387535722 10.725442627212031 13.89506576117128 13.569010806037113 1.3621788299642501 2.1280621625483036 0.68214993993751694 3.3555116048082709
leaf_count=145 26 1277 10 245 29 37 338 131 4271 246 68 253 45 27
internal_value=0.00172673 0.0152815 0.0214056 0.00988768 -0.0120052 0.033048 -0.0294947 0.0429978 -0.0412578 0.0401827 -0.00380461 -0.00157591 0.0234613 0.0328758
internal_weight=64.2998 49.3745 44.2577 28.3775 14.8355 13.542 10.0486 11.7853 14.9253 15.8802 2.31118 4.74654 4.78685 4.1047
internal_count=7148 2732 1455 1131 718 413 620 168 4416 324 78 282 98 53
is_linear=0
shrinkage=0.05


Tree=61
num_leaves=15
num_cat=0
split_feature=93 31 69 97 134 70 78 94 46 91 120 8 25 122
split_gain=15.1258 9.02367 7.2591 3.99459 2.86631 2.21055 2.18769 3.23369 2.13319 2.061 1.58649 1.3219 1.11754 1.66441
threshold=3.175999950144615e-06 80.422901153564467 34.752981185913093 0.0020567774772644047 0.92711213231086742 532.16061401367199 0.35399228334426885 0.0016799711738713088 3.974399987782818e-05 0.2501120418310166 -32.499999999999993 60.350028991699226 247.08718109130862 -79.634696960449205
decision_type=8 8 2 8 2 2 2 10 10 8 2 8 10 8
left_child=5 2 4 8 11 -1 7 12 -3 -4 -6 -2 13 -5
right_child=1 3 9 6 10 -7 -8 -9 -10 -11 -12 -13 -14 -15
leaf_value=0.023192753102154719 -0.029798516912094404 -0.008599805555654488 -0.044581542115864008 0.032542192824713066 -0.011429646371928021 -0.045237274101349638 0.03779191397367411 -0.032335215314795947 0.056629779017048035 0.012492478337387168 0.052021986093033247 0.02182198909419579 0.036077930226226275 -0.020102701365658265
leaf_weight=0.68478077324107189 2.3158273741137259 1.1109127404633934 9.3716471439693088 1.4628485571593044 0.81344310659915198 13.821468208683653 5.4721942762844256 3.6888971121516079 12.762393113924189 1.4195809126831598 4.5092960307374597 1.0965937715955076 3.6082801248412579 2.8463790079113114
leaf_count=10 90 64 1944 9 11 4318 88 134 280 65 49 14 52 36
internal_value=0.00261464 0.015617 -0.0106855 0.0320253 0.0218612 -0.0407196 0.0144957 0.00138537 0.0511795 -0.0366508 0.042051 -0.012024 0.0189606 0.000531882
internal_weight=64.9845 50.4783 19.5264 30.9519 8.73516 14.5062 17.0786 11.6064 13.8733 10.7912 5.32274 3.41242 7.91751 4.30923
internal_count=7164 2836 2173 663 164 4328 319 231 344 2009 60 104 97 45
is_linear=0
shrinkage=0.05


Tree=62
num_leaves=15
num_cat=0
split_feature=95 65 46 127 95 57 137 31 40 75 36 137 29 62
split_gain=14.4685 8.78923 4.50095 4.08366 3.34113 2.94442 2.73715 2.01435 1.68832 1.59007 1.43833 1.37087 1.20201 1.09042
threshold=4.8905001222010478e-06 39.342868804931648 3.974399987782818e-05 96.363636016845717 0.00055649023852311086 3.5000000000000004 74.259101867675795 80.422901153564467 0.096464019268751158 0.96428570151329052 85.862110137939467 95.292655944824233 365.91563415527349 7.9239802360534677
decision_type=8 2 10 8 10 2 2 10 8 2 10 2 2 2
left_child=9 2 6 -3 7 13 8 10 -2 -1 -4 -8 -5 -6
right_child=1 3 4 12 5 -7 11 -9 -10 -11 -12 -13 -14 -15
leaf_value=-0.044999102439395061 -0.038765687077152104 -0.0453619553849747 0.029445030086504776 0.036809643467731322 -0.013929447407029527 -0.022334997036229372 0.037810090155413228 0.05468129359874796 0.0079028093843866391 0.019844449023358888 -0.022010211569846345 -0.017445504810876762 -0.018943247039526229 0.039095918417473785
leaf_weight=12.641355233965438 3.7610455481335503 6.55315718986094 2.5625455440022118 1.9530987245962008 0.65111153619363715 3.5709751972462982 3.5858874970581383 16.028119852533564 2.7839583288878202 0.46964186429977495 1.2987797395326195 0.83500074315816153 0.6972538181580602 4.4019171921536326
leaf_count=4212 341 1642 39 34 53 178 70 313 39 3 77 24 140 63
internal_value=0.00330419 0.0159445 0.0261428 -0.0260768 0.0363063 0.0089465 -0.0011099 0.0471732 -0.0204985 -0.0414347 0.0111703 0.0260807 0.0209709 0.0310909
internal_weight=61.7938 48.6829 39.4793 9.20351 28.5134 8.624 10.9659 19.8894 6.545 13.111 3.86133 4.42089 2.65035 5.05303
internal_count=7228 3013 1197 1816 723 294 474 429 380 4215 116 94 174 116
is_linear=0
shrinkage=0.05


Tree=63
num_leaves=15
num_cat=0
split_feature=95 65 121 46 63 72 122 97 125 29 122 11 95 65
split_gain=12.0364 8.6598 5.08611 3.09097 2.98495 2.81513 2.54088 2.30098 1.95697 1.5617 1.38277 1.3108 1.22521 1.01758
threshold=1.3920800029154636e-05 39.342868804931648 -1765.809631347656 3.974399987782818e-05 62.849039077758796 38.200859069824226 -15.950769424438475 0.014433966018259527 -1.4999999999999998 487.90463256835943 298.85276794433599 0.12407253682613374 0.00073388349846936773 13.826340198516847
decision_type=8 2 2 8 2 2 8 10 2 2 8 10 10 2
left_child=9 2 4 11 -2 6 -5 13 -9 -1 -3 -4 -6 -7
right_child=1 10 3 5 12 7 -8 8 -10 -11 -12 -13 -14 -15
leaf_value=0.019605119910336387 -0.036629528765787525 -0.040927411797154374 -0.027200460355378403 0.037586068997154665 0.029514635674957032 -0.011111016595323587 -0.028602201081840035 -0.019667749644433605 0.031608433899697592 -0.044978440325046797 0.0036591257794047123 0.018639187784494901 -0.019092286895257608 0.057034178473378917
leaf_weight=0.46395762264728446 4.3385326224379224 6.6467670691199601 2.3452173862606314 1.491216688416898 3.3415028285235167 0.25962098268792289 2.4705641907639833 1.8524392552208153 5.3213939042761913 12.270455392077563 2.0505154586862755 1.9841092091519383 1.0523237960878757 14.533497150521724
leaf_count=3 183 1715 106 12 80 26 110 106 121 4279 113 70 21 269
internal_value=-3.13411e-05 0.0116304 0.0217067 0.0311808 -0.0109525 0.0375072 -0.00113482 0.0442224 0.0175815 -0.0413693 -0.0311221 -0.00663688 0.0164919 0.0552104
internal_weight=60.4221 47.6877 38.9904 30.2581 8.73236 25.9287 3.96178 21.967 7.17383 12.7344 8.69728 4.32933 4.39383 14.7931
internal_count=7214 2932 1104 820 284 644 122 522 227 4282 1828 176 101 295
is_linear=0
shrinkage=0.05


Tree=64
num_leaves=15
num_cat=0
split_feature=116 31 46 34 79 49 91 1 134 48 120 131 35 73
split_gain=11.6815 4.70665 5.95055 4.76796 3.65497 2.64508 2.55673 2.3864 1.49227 1.88307 1.32949 1.30402 1.03028 0.964683
threshold=1.9001342058181765 80.422901153564467 3.974399987782818e-05 34.703720092773445 0.077206529676914229 0.1043018586933613 0.082672525197267546 30.934288024902347 0.92711213231086742 0.00020443570247152823 -103.49999999999999 0.99619111418724071 16.41551494598389 235.26262664794925
decision_type=2 10 10 10 2 10 8 2 2 8 2 2 10 2
left_child=1 3 4 8 -3 10 12 -5 9 -1 -4 -11 -2 -7
right_child=6 2 5 7 -6 13 -8 -9 -10 11 -12 -13 -14 -15
leaf_value=0.026387617751209597 0.013257624139027783 -0.036752225958069616 -0.0016471177719419991 0.02844393132539377 0.03510023381713543 0.027389024919277256 0.015526193540252524 -0.042289374395551894 0.030447093812038972 -0.036676137557253227 0.056192281617491215 0.016951740864693348 -0.045666172049610182 -0.018184107157578743
leaf_weight=2.3455932114738989 0.36752945464104136 4.0191181714180884 1.0092541971243942 0.69349657371640105 1.7989072699565438 0.91983053600415532 1.6239967704750604 6.6652705473825336 6.2781568416394293 2.8180615273304288 12.972803942859171 0.9268870805390178 12.645918128313495 1.9387141987681387
leaf_count=36 5 748 26 6 30 10 46 1278 95 100 278 11 4477 59
internal_value=0.000982614 0.0143203 0.0293668 -0.00354489 -0.0126461 0.0437765 -0.0360856 -0.033018 0.0151483 -0.00269167 0.052186 -0.0226278 -0.0431747 -0.000221744
internal_weight=57.0235 42.3861 22.6586 19.7275 5.81803 16.8406 14.6374 7.35877 12.3687 6.09054 13.9821 3.74495 13.0134 2.85854
internal_count=7205 2677 1151 1526 778 373 4528 1284 242 147 304 111 4482 69
is_linear=0
shrinkage=0.05


Tree=65
num_leaves=15
num_cat=0
split_feature=116 3 46 40 121 122 4 35 40 19 137 129 3 137
split_gain=12.9209 4.90665 4.84345 3.48479 3.17509 5.02493 1.94154 1.66041 1.63287 1.59973 1.43554 1.23479 1.20597 1.27193
threshold=1.7081700563430788 22.005162239074711 3.974399987782818e-05 0.0372685194015503 -1149.557922363281 -6.3096354007720938 39.342868804931648 37.832799911499031 0.086716793477535262 1.0240182876586916 94.584484100341811 0.42796704173088079 163.17218017578128 69.28086090087892
decision_type=2 8 8 10 2 8 10 8 10 10 2 10 10 2
left_child=1 4 8 9 11 -6 12 -7 -3 -2 -9 -1 -4 -14
right_child=3 2 6 -5 5 7 -8 10 -10 -11 -12 -13 13 -15
leaf_value=-0.043989548993403585 -0.045713938592147979 -0.034647820131223618 0.05260640044385944 0.013989854798052448 0.054747311950416093 0.017876914152776827 -0.011943374803729005 -0.03395615680472247 0.018249534722804141 0.015084761705687703 0.016673916263758227 0.011224326147551754 -0.022278655749637343 0.031412609306247008
leaf_weight=3.8835331615991917 14.285624642390758 2.4732823395170298 14.321117273066198 2.8400038874242446 3.3699379449244589 2.8338598213158521 1.1214298212435085 4.9637676218990245 1.6899358651135115 0.70395585312508124 1.1619240366853771 0.83628625376150001 0.97568948217667584 1.6707248883321879
leaf_count=337 4750 443 271 106 68 88 78 809 38 34 52 9 62 24
internal_value=0.00132537 0.0172794 0.032224 -0.0328919 -0.00293043 0.0106021 0.0429846 -0.0098319 -0.0137998 -0.0420938 -0.0233604 -0.0339545 0.0470776 0.0109364
internal_weight=57.1311 39.3015 22.2522 17.8296 17.0493 12.3295 18.089 8.95955 4.16322 14.9896 6.12569 4.71982 16.9675 2.64641
internal_count=7169 2279 916 4890 1363 1017 435 949 481 4784 861 346 357 86
is_linear=0
shrinkage=0.05


Tree=66
num_leaves=15
num_cat=0
split_feature=116 121 34 65 46 68 128 122 86 137 101 129 124 7
split_gain=10.5296 5.49583 3.99631 3.54498 4.03069 2.63111 2.22906 1.89833 1.67316 1.54032 1.25345 1.03833 0.990384 0.936218
threshold=1.4229232072830202 -12685.899902343748 38.71052551269532 39.342868804931648 3.974399987782818e-05 133.97103118896487 3.1119711399078374 -11.089653015136717 0.060661764815449722 46.685977935791023 0.20467609912157061 0.60777598619461071 0.063749857246875777 126.66563034057619
decision_type=2 2 10 2 8 2 8 10 2 2 10 8 8 10
left_child=1 13 6 4 8 7 -2 9 -3 -6 -8 -5 -12 -1
right_child=2 3 -4 11 5 -7 10 -9 -10 -11 12 -13 -14 -15
leaf_value=-0.041725920063440218 -0.026704275253435186 0.021892426191699062 -0.045361506395836929 -0.030359744499474508 -0.012710515419329424 0.05682895660820475 -0.022254633327189115 -0.020851235769500383 -0.030144236354023208 0.037264690718069857 0.042423637684159139 0.015450385314872781 -0.0087063885078617845 0.0067578746910049092
leaf_weight=3.3318956722505382 3.4031876835506436 1.6956724748015464 12.313720476347951 2.7884921533986917 1.3907925607636551 10.492316336138172 0.62784732738509763 1.7055734731256986 2.79780318797566 6.8484819238074124 2.9428852233104408 1.097453323658556 0.85438981628976796 0.96756983408704389
leaf_count=268 453 23 4613 484 31 234 120 42 604 106 47 49 27 73
internal_value=-0.000983893 0.0162161 -0.0286924 0.0241707 0.0309787 0.0400596 -0.000304088 0.0187914 -0.0100969 0.0283662 0.0211791 -0.0169079 0.0315026 -0.0315986
internal_weight=53.2581 33.1161 20.142 28.8166 24.9306 20.4372 7.82831 9.94485 4.49348 8.23927 4.42512 3.88595 3.79728 4.29947
internal_count=7174 1914 5260 1573 1040 413 647 179 627 137 194 533 74 341
is_linear=0
shrinkage=0.05


Tree=67
num_leaves=15
num_cat=0
split_feature=116 11 137 34 34 34 97 116 92 38 137 69 5 69
split_gain=10.0056 4.1255 4.1629 3.87371 2.45655 2.30318 2.26019 2.1548 2.05133 1.52793 1.102 1.2807 1.00772 0.909419
threshold=1.4229232072830202 0.15504211187362674 65.296279907226577 38.71052551269532 100.58281707763673 31.143082618713382 0.090899635106325163 0.097664620727300658 3.8997499359538785e-05 0.11882352828979494 94.584484100341811 16.41551494598389 34.752981185913093 20.215397834777836
decision_type=2 8 2 10 10 10 8 2 10 10 2 2 10 2
left_child=1 2 5 9 -3 12 7 -4 -9 13 11 -8 -1 -2
right_child=3 4 6 -5 -6 -7 10 8 -10 -11 -12 -13 -14 -15
leaf_value=-0.021571123350407891 0.018302149843033758 0.047704467487939571 -0.009400111317978915 -0.044534323610130711 -0.023600179967813464 -0.032967977226626553 0.018887794845619157 -0.017950974884160979 0.05765082990099335 0.025813428823795361 0.01853326402656914 -0.041746540509103772 0.027516313610093619 -0.023482031101241939
leaf_weight=0.65154851740226361 0.89506639260798859 9.8385790586471522 1.6380454415921093 11.682583722053094 0.75769309350289482 7.0650329031050205 0.59432032704353499 0.56871947646141041 5.6539950063452125 2.6246136534027755 1.6576859420165417 1.6952628344297407 2.4276604787446558 4.5197119764052331
leaf_count=22 19 230 69 4585 118 969 11 171 111 70 36 135 32 556
internal_value=-5.74065e-06 0.0168672 0.00393444 -0.0273225 0.0410103 -0.0185923 0.0232277 0.0373163 0.0492126 -0.000151177 -0.00670049 -0.0250502 0.0143878 -0.0147987
internal_weight=52.2705 32.5485 21.9523 19.722 10.5963 10.1442 11.808 7.86076 6.22271 8.03939 3.94727 2.28958 3.07921 5.41478
internal_count=7134 1904 1556 5230 348 1023 533 351 282 645 182 146 54 575
is_linear=0
shrinkage=0.05


Tree=68
num_leaves=15
num_cat=0
split_feature=37 11 7 55 49 32 18 65 2 35 137 101 29 23
split_gain=10.7702 5.14492 4.64182 2.61005 2.49954 2.41846 2.18842 1.96481 1.65049 1.52107 1.50056 1.3771 1.26158 1.15261
threshold=0.029459980316460136 0.15504211187362674 37.743314743041999 938.23406982421886 0.012300566304475071 16.358708381652836 9.7256499429931878e-05 528.70733642578136 34.519290924072273 30.665631294250492 85.286026000976577 0.040211893618106849 105.11677169799806 15.500000000000002
decision_type=8 8 10 8 8 8 10 2 10 8 2 8 2 2
left_child=12 2 6 4 -4 -3 8 -5 10 -8 -2 -6 -1 -7
right_child=1 5 3 7 11 13 9 -9 -10 -11 -12 -13 -14 -15
leaf_value=0.01979602435391746 -0.028344792588265135 -0.022005282315692543 0.031241583131023366 -0.04385578480339393 0.018434699586598515 0.045430279932195672 0.022607221311321722 0.021031209400589761 0.048351415427327044 -0.025775406753730325 0.027053609817167774 -0.03740815420398564 -0.045574672304958513 -0.014583712601622577
leaf_weight=0.24997389316558738 1.2470455751754363 1.0213487786240856 3.2121676553506378 7.555217546178028 0.87659299559891257 11.631536755478006 1.8282814295962442 0.74676272645592678 5.4394404585473239 2.8994068924803287 1.687072869390249 2.6198530872352421 10.563239118782802 0.40533068473450917
leaf_count=1 25 50 71 1559 11 283 61 9 135 143 13 293 4387 68
internal_value=-0.000325755 0.0115007 -0.000820705 -0.0192174 0.00399257 0.036198 0.0201252 -0.0363857 0.0341769 -0.00638464 0.00228844 -0.0224216 -0.0425156 0.0424457
internal_weight=51.9833 41.1701 28.1118 15.0106 6.70861 13.0582 13.1012 8.30198 8.37356 4.72769 2.93412 3.49645 10.8132 12.0369
internal_count=7109 2721 2320 1943 375 401 377 1568 173 204 38 304 4388 351
is_linear=0
shrinkage=0.05


Tree=69
num_leaves=15
num_cat=0
split_feature=34 11 69 137 72 102 120 18 101 81 9 12 2 137
split_gain=10.474 5.01735 4.81144 2.22601 2.16303 1.97607 1.95483 1.63556 1.58212 1.50767 1.35249 1.19022 1.08739 1.03656
threshold=83.830169677734389 0.22271825373172763 40.658084869384773 89.115234375000014 1381.197937011719 11.500000000000002 -39.499999999999993 0.10274737700819971 0.00035426550311967736 0.013423423748463394 0.83105587959289562 0.11269841343164445 53.06120681762696 46.685977935791023
decision_type=10 8 2 2 2 2 2 10 8 2 10 10 10 2
left_child=1 2 4 8 6 -3 10 13 -4 -2 -1 -5 -11 -8
right_child=9 5 3 11 -6 -7 7 -9 -10 12 -12 -13 -14 -15
leaf_value=0.020419686701104979 -0.043108699599086094 0.046433709378890943 0.017525891142444069 -0.019837703051207908 -0.026387038464493657 -0.0095517325275604678 -0.0011243135704353498 -0.021707532047297695 -0.047414663166411471 0.035411819248880004 -0.032468288347662938 0.032779081251096166 -0.021829980289492401 0.040648834556758009
leaf_weight=1.2499592876993129 11.26655532279983 10.254025171510873 0.56149825453758051 1.0652149021625521 1.7865484254434694 1.4773256490007032 1.6508819954469824 0.73736180737614709 6.0725529596675187 0.5945549183525134 1.7796003543771803 1.388080154545605 0.78144379425793886 10.206506534246726
leaf_count=21 4740 250 7 223 282 56 29 78 1030 7 40 16 240 165
internal_value=0.000270323 0.0133889 0.000957768 -0.0268322 0.0161319 0.039187 0.0222886 0.0305145 -0.0403424 -0.0374723 -0.0109951 0.0108042 0.00739782 0.0351977
internal_weight=50.8721 38.2296 26.4982 9.08735 17.4109 11.7314 15.6243 12.5948 6.63405 12.6426 3.02956 2.4533 1.376 11.8574
internal_count=7184 2197 1891 1276 615 306 333 272 1037 4987 61 239 247 194
is_linear=0
shrinkage=0.05


Tree=70
num_leaves=15
num_cat=0
split_feature=95 49 34 74 124 120 126 122 127 46 47 134 129 62
split_gain=8.81093 6.13497 3.95326 2.30094 2.2656 2.13782 1.89549 1.42879 1.49289 1.33063 1.16031 1.15753 1.19346 1.1468
threshold=4.8905001222010478e-06 0.011953075882047417 39.016080856323249 0.45089559257030493 -0.59049183130264271 -106.49999999999999 213.83769226074222 -50.79968070983886 1.3308873772621157 3.974399987782818e-05 0.10454783216118814 0.92711213231086742 -1.0000000180025095e-35 447.68486022949224
decision_type=8 8 10 2 10 2 2 8 10 10 8 2 10 2
left_child=-1 3 6 -2 -4 -5 7 -3 11 -7 -8 -9 -13 -12
right_child=1 2 4 5 -6 9 10 8 -10 -11 13 12 -14 -15
leaf_value=-0.040148618695646489 -0.024117386203815077 0.026612895532001409 0.018767709321474608 -0.022044154469316072 -0.041365827229347917 0.0043252911316149978 -0.015189083379016078 -0.040428863895364563 0.017564598236908195 0.052045878530307926 0.041952421080982322 -0.027200633977354352 0.023224132706095829 -0.010538762143769082
leaf_weight=9.3018844298785535 0.83377552544698019 1.9758375594392417 1.3419775143265722 0.68016052967868645 6.70496634300798 1.8771955959964532 0.79780619731172819 3.4679308519698733 2.1139560868032277 11.18819556199014 5.5677345003932714 1.1368708179797979 1.6032523347530512 0.8204565867781638
leaf_count=4159 188 26 99 39 1887 118 36 157 41 246 73 39 28 15
internal_value=0.00122556 0.0115638 -0.00339745 0.0362998 -0.0303714 0.0413516 0.00998881 -0.00393069 -0.0132594 0.0459845 0.0279795 -0.0247361 0.000624053 0.0346969
internal_weight=49.412 40.1101 25.5308 14.5793 8.04694 13.7456 17.4838 10.2978 8.32201 13.0654 7.186 6.20805 2.74012 6.38819
internal_count=7151 2992 2401 591 1986 403 415 291 265 364 124 224 67 88
is_linear=0
shrinkage=0.05


Tree=71
num_leaves=15
num_cat=0
split_feature=95 4 121 134 54 8 127 10 40 29 19 137 137 137
split_gain=8.82428 5.36368 3.15847 2.61312 2.64582 2.45753 2.02921 1.91375 2.20594 1.34993 1.2811 1.00884 1.15089 0.931169
threshold=4.8905001222010478e-06 39.342868804931648 -2314.5812988281245 0.96897748112678539 6.2843715568305938e-05 68.015514373779311 41.939849853515632 0.0082690212875604647 0.080229885876178755 903.52023315429699 0.15187179297208789 89.334369659423842 65.296279907226577 94.584484100341811
decision_type=8 10 2 2 8 10 8 10 10 2 10 2 2 2
left_child=9 2 5 4 13 -2 -3 -6 -9 -1 -7 12 -5 -4
right_child=1 6 3 11 7 10 -8 8 -10 -11 -12 -13 -14 -15
leaf_value=0.018497456583787826 -0.03463129955655659 -0.040940413761525352 -0.0350003446304189 0.00071450528507008022 0.038917905683365402 -0.013196533216815538 0.0090381159706786479 -0.02716792089839631 0.030796829190761585 -0.042915008573839675 0.029103968248434916 -0.00084585492047742491 0.058445135107644201 0.01726921667907276
leaf_weight=0.43685965240001579 2.9805940871592593 4.5352801057742909 2.2175084464252008 0.97672963258810064 7.660379042616114 2.0831997222267091 2.7231011483818284 2.5899590062908828 2.0244697080925107 8.7047292269999144 3.9137372347759083 0.9090098083252095 8.5284974509850127 0.47681383602321137
leaf_count=3 97 1622 138 35 204 150 223 282 33 4173 80 30 146 6
internal_value=0.0035517 0.013462 0.0216823 0.0304069 0.0153763 -0.00356115 -0.0233662 0.0250592 -0.000781495 -0.0384457 0.0146238 0.0487717 0.0531456 -0.0235796
internal_weight=50.7609 41.6193 34.3609 25.3834 14.9691 8.97753 7.25838 12.2748 4.61443 9.14159 5.99694 10.4142 9.50523 2.69432
internal_count=7222 3046 1201 874 663 327 1845 519 315 4176 230 211 181 144
is_linear=0
shrinkage=0.05


Tree=72
num_leaves=15
num_cat=0
split_feature=95 95 46 29 62 65 137 11 134 29 34 32 45 137
split_gain=7.84363 5.51203 2.91905 2.89209 2.44168 1.73676 1.51021 2.31808 1.45959 1.33711 1.2528 1.17153 1.0988 1.01696
threshold=4.8905001222010478e-06 0.0004271568031981588 3.974399987782818e-05 302.98925781250006 80.575149536132827 13.826340198516847 74.259101867675795 0.14434523880481723 0.92711213231086742 741.25491333007824 35.603672027587898 34.591592788696296 0.10585541650652887 95.292655944824233
decision_type=8 10 10 2 2 2 2 8 2 2 10 8 10 2
left_child=9 2 6 8 10 -6 7 -2 -3 -1 -4 -9 -5 -8
right_child=1 3 4 12 5 -7 13 11 -10 -11 -12 -13 -14 -15
leaf_value=0.018284045514324939 -0.029379821455114998 -0.014830788706877714 0.020017839831690434 -0.042515893436148144 -0.018119350942526188 0.050274276649973651 0.034556246235845363 -0.01927270580279708 0.032808898646841077 -0.043234733122845974 -0.030258047023254991 0.039743298302998081 -0.0021774253432226306 -0.015245229559059973
leaf_weight=0.43166416883468528 4.4979488011449593 1.9911149971885587 1.84076007339172 5.551090624416247 0.51313610491342743 12.063786263577638 3.3417988221626729 0.51189080439507961 2.8406070242635906 8.3186098736477998 1.2035416908329351 1.7209231123561042 2.4256703440332785 0.7114612649893387
leaf_count=3 334 225 30 1555 53 301 81 38 68 4166 164 50 68 21
internal_value=0.00163206 0.0113549 0.0241181 -0.0147981 0.0372744 0.0463548 0.0035146 -0.0106753 0.0140002 -0.0386359 -0.00242538 0.024437 -0.0318583 0.0245277
internal_weight=47.964 39.2137 26.4052 12.8085 15.6212 12.5769 10.784 6.73076 4.83172 8.75027 3.0443 2.23281 7.97676 4.05326
internal_count=7157 2988 1072 1916 548 354 524 422 293 4169 194 88 1623 102
is_linear=0
shrinkage=0.05


Tree=73
num_leaves=15
num_cat=0
split_feature=95 49 17 46 120 78 36 44 115 34 27 11 30 130
split_gain=8.2639 4.62087 3.55627 2.38689 2.36111 1.46708 1.90563 1.45151 1.32401 1.50417 1.03247 0.888555 0.852595 0.789715
threshold=4.8905001222010478e-06 0.0097866458818316477 0.068995632231235518 3.974399987782818e-05 -106.49999999999999 0.35399228334426885 99.929355621337905 0.10559887066483499 0.49652765691280371 24.230171203613285 81.431587219238295 0.13574938476085666 53.704200744628913 0.10882714390754701
decision_type=8 8 8 10 2 2 10 8 2 10 8 10 10 2
left_child=-1 3 8 -2 -5 6 10 -8 11 -10 13 12 -3 -4
right_child=1 2 5 4 -6 -7 7 -9 9 -11 -12 -13 -14 -15
leaf_value=-0.040619274272603957 -0.0075637174764470565 0.018642476853928364 0.013003895243237487 -0.019022413980933763 0.051436455015382646 0.039998044356434885 0.021850842195411817 -0.035102990516045998 0.0096996162993432927 -0.042193423210639402 0.034967050032651402 0.024727131286268342 -0.030312075182854198 -0.026570383362584483
leaf_weight=8.0615821965038759 2.356089844251982 0.5595940060447927 2.7022161125205444 0.82516998471692105 9.7929551275446993 3.3771840718109152 0.7950101895257834 2.8915521195158362 1.3477084308397023 5.7683445053407922 3.6073400871828198 1.5180295776808632 1.5239480356685815 0.91189102735370386
leaf_count=4157 209 13 36 24 295 61 21 122 51 1849 46 75 145 20
internal_value=0.00244782 0.0123975 -0.000454978 0.0354258 0.0447949 0.0154493 0.00512815 -0.0207791 -0.0211626 -0.0323812 0.0192726 0.0032233 -0.0153821 -0.000575723
internal_weight=46.0386 37.977 25.0028 12.9742 10.6181 14.2852 10.908 3.68656 10.7176 7.11605 7.22145 3.60157 2.08354 3.61411
internal_count=7124 2967 2439 528 319 306 245 143 2133 1900 102 233 158 56
is_linear=0
shrinkage=0.05


Tree=74
num_leaves=15
num_cat=0
split_feature=116 121 34 126 49 11 122 40 134 90 90 38 63 123
split_gain=6.98082 4.13468 3.3847 2.63322 2.2504 1.71391 2.25905 1.58124 1.43102 1.28079 1.2275 1.13823 1.27218 0.816619
threshold=1.4229232072830202 -12685.899902343748 38.71052551269532 213.83769226074222 6.4725998527137576e-05 0.080209787935018553 -15.950769424438475 0.0090225767344236391 0.92711213231086742 0.08281551301479341 0.46387758851051336 0.18286311626434329 168.48123168945315 9.0584750175476092
decision_type=2 2 10 2 8 8 8 10 2 10 10 10 2 8
left_child=1 9 7 5 -5 6 13 10 -8 -1 -2 12 -6 -3
right_child=2 3 -4 4 11 -7 8 -9 -10 -11 -12 -13 -14 -15
leaf_value=-0.037108969466964646 -0.025988765873936504 -0.011734171086448702 -0.042937825921373331 -0.021568845415650174 0.053062501393090093 0.032695624927559945 -0.038594004912946241 0.027000269553968993 0.0035763805644694474 0.016718474209547599 0.024441186829432124 -0.002954364408500935 -0.010952821202212006 0.038630093308804486
leaf_weight=3.4525393565418225 3.9281471803551566 0.56335113232489675 8.9352237196871993 0.8313366200309219 10.050582246156406 3.4091862243367368 3.3638241674052551 2.6747554307803512 3.4446289809420705 0.82459778082557011 0.73485856875777233 1.023924631415867 0.50245777145028192 2.1627668212167923
leaf_count=322 599 40 4543 398 315 150 448 58 146 23 12 33 41 22
internal_value=0.00153793 0.0158406 -0.0239132 0.0235241 0.0391128 0.00684698 -0.00462178 0.00162453 -0.0195329 -0.0255299 -0.0151288 0.0448388 0.0493303 0.0278664
internal_weight=45.9022 29.6292 16.273 25.3521 12.4083 12.9438 9.53457 7.33776 6.80845 4.27714 4.66301 11.577 10.553 2.72612
internal_count=7150 1938 5212 1593 787 806 656 669 594 345 611 389 356 62
is_linear=0
shrinkage=0.05


Tree=75
num_leaves=15
num_cat=0
split_feature=95 32 126 1 120 63 45 69 101 4 45 122 31 124
split_gain=6.88365 3.92557 2.57938 2.13689 2.11714 2.31644 1.64382 1.46574 1.22782 0.950405 0.826418 0.719527 0.655746 0.614737
threshold=1.0188800388277743e-05 44.582815170288093 213.83769226074222 30.934288024902347 -39.499999999999993 157.89137268066409 1.0000000180025095e-35 20.215397834777836 0.10459996387362482 133.3161315917969 0.16294912248849872 -1.0000000180025095e-35 7.99979591369629 0.50506445765495311
decision_type=8 10 2 2 2 2 8 2 8 8 10 10 10 10
left_child=-1 2 6 -3 8 -6 12 11 -4 10 13 -8 -2 -9
right_child=1 3 4 -5 5 -7 7 9 -10 -11 -12 -13 -14 -15
leaf_value=-0.039861609964037703 -0.010255275672656348 0.028519687268657432 -0.030642536001696277 -0.040869067590251475 0.044158441015733976 -0.01492323213761438 0.036054410733903607 -0.031618929889891144 0.019334339626708642 0.020902348418814554 0.010404269815797658 -0.011397385964551468 0.037263140311247979 0.0048989571522114264
leaf_weight=7.7603451590985051 0.45646231365390244 0.64550177380442519 1.4830096476944192 4.2588364720577374 11.879708551685324 1.4114109906367946 1.5056065227836373 6.7234937892062572 1.4954843770246951 0.75163209065794845 1.2593217510730026 0.6065872525796302 2.4568316033110023 1.0660079694353042
leaf_count=4287 23 5 39 1858 357 75 14 358 28 12 26 17 78 16
internal_value=-7.49842e-06 0.00942883 0.0161038 -0.0284527 0.0292377 0.0372792 0.000754188 -0.0078946 -0.00699691 -0.0161074 -0.0209558 0.0231436 0.0290998 -0.0266326
internal_weight=43.7602 35.9999 31.0956 4.90434 16.2696 13.2911 14.8259 11.9126 2.97849 9.80046 9.04882 2.11219 2.91329 7.7895
internal_count=7193 2906 1043 1863 499 432 544 443 67 412 400 31 101 374
is_linear=0
shrinkage=0.05


Tree=76
num_leaves=15
num_cat=0
split_feature=116 120 73 31 93 17 128 134 122 125 125 35 11 61
split_gain=7.02035 3.12969 2.89494 3.17633 2.18965 2.16743 2.06844 1.4803 1.40974 1.25708 1.19022 1.04395 0.988526 0.82508
threshold=1.7081700563430788 -91.499999999999986 545.45361328125011 80.422901153564467 1.2222500117786696e-05 0.077373079955577864 37.204080581665046 0.92711213231086742 -31.902875900268551 -8.4999999999999982 51.500000000000007 16.41551494598389 0.27664399147033697 195.00141143798831
decision_type=2 2 2 10 10 8 8 2 10 2 2 10 10 2
left_child=1 -1 3 6 -5 11 7 -3 9 -8 -4 -2 -7 -10
right_child=5 2 10 4 -6 12 8 -9 13 -11 -12 -13 -14 -15
leaf_value=-0.029407656950036221 0.013800132695677198 -0.031882767084223128 -0.035022145460473011 -0.0086550818955117622 0.054334598669824569 -0.01425113373584682 -0.017904703570052274 0.018067205901424948 -0.021623458338520949 0.041202061168059113 0.014331987867659641 -0.0440357069115144 0.028325222545050474 0.02124135707706851
leaf_weight=2.8326887486036894 0.39913772419094762 3.2524958217982203 2.3538772363681342 1.318582601379602 8.5616345719899964 2.4459370825206874 0.47286368580535043 1.4851714045507831 1.8752101886784713 5.4142583083594218 1.2286649413872508 8.9793674321845156 1.2686137296259401 0.88240645721089084
leaf_count=297 7 384 455 336 253 129 10 89 106 176 126 4789 24 35
internal_value=0.00048622 0.0138951 0.0193564 0.0257392 0.0459053 -0.0287368 0.00869403 -0.0158045 0.0223668 0.0345441 -0.0186619 -0.0404818 0.00321356 -0.00590457
internal_weight=42.7709 29.6779 26.8452 23.2626 9.88022 13.0931 13.3824 4.73767 8.64474 5.88712 3.58254 9.37851 3.71455 2.75762
internal_count=7216 2267 1970 1389 589 4949 800 473 327 186 581 4796 153 141
is_linear=0
shrinkage=0.05


Tree=77
num_leaves=15
num_cat=0
split_feature=95 31 36 63 95 6 27 39 34 46 35 122 133 134
split_gain=5.51468 4.46801 4.83152 3.08529 2.24731 1.44592 1.71671 1.32794 1.24869 1.24667 0.903828 0.893924 0.833926 0.716827
threshold=4.8905001222010478e-06 80.422901153564467 99.929355621337905 151.80011749267581 0.00055649023852311086 20.749483108520511 88.681587219238295 0.33114035427570349 28.865631103515629 3.974399987782818e-05 50.703720092773445 -79.634696960449205 0.99140444397926342 0.90623369812965404
decision_type=8 10 10 2 8 10 8 10 10 10 8 8 2 2
left_child=8 2 5 4 9 13 11 -6 -1 -3 -8 -7 -12 -2
right_child=1 3 -4 -5 7 6 10 -9 -10 -11 12 -13 -14 -15
leaf_value=0.017990271997077183 -0.0048676526284333922 0.0048066665920383708 -0.044338683697911392 -0.015416374403513186 -0.028075630146627298 0.0079810463610561263 0.032981531233824878 0.022360634876340647 -0.041838156323909137 0.052052876212772395 -0.024567610346801102 -0.034221807317158244 0.019060820045554761 0.043827727151187677
leaf_weight=0.4245646744966497 0.74080699682236018 1.8674525986425585 5.3830066972877821 3.1233702616300425 1.4350169058889162 1.3522084371652452 2.5402888529933998 1.8147776591358704 6.8701798022957519 9.2450437466613931 1.3205470541724937 3.0480213181581322 1.1096637742593882 2.2988940998911858
leaf_count=3 28 159 1814 221 46 36 47 58 4171 256 73 268 17 19
internal_value=0.00017747 0.00858286 -0.00886993 0.0258619 0.0352579 0.00867367 -0.00190842 -0.0012764 -0.036607 0.0451655 0.0167433 -0.0221764 -0.00489718 0.0336929
internal_weight=42.5738 35.2791 17.7934 17.4857 14.3623 12.4104 9.37073 3.24979 7.29474 11.1125 4.9705 4.40023 2.43021 3.0397
internal_count=7216 3042 2302 740 519 488 441 104 4174 415 137 304 90 47
is_linear=0
shrinkage=0.05


Tree=78
num_leaves=15
num_cat=0
split_feature=116 11 134 46 32 32 48 1 34 18 17 126 127 73
split_gain=6.14613 3.50744 5.1751 2.61469 2.00191 1.45654 2.12617 1.5105 1.44554 1.31032 1.26373 1.06523 0.544019 0.466596
threshold=1.9001342058181765 0.13574938476085666 0.92711213231086742 3.326200021547266e-05 245.89290618896487 30.95268535614014 0.00032237989944405859 60.486841201782234 113.12367630004884 0.00011281000115559438 0.10676366835832597 -735.42105102539051 -91.720874786376939 524.08663940429699
decision_type=2 8 2 8 8 8 8 2 10 10 8 2 8 2
left_child=1 2 5 -4 9 6 -1 12 11 -5 -2 -3 -7 -6
right_child=10 8 3 4 13 7 -8 -9 -10 -11 -12 -13 -14 -15
leaf_value=0.030015732366422684 -0.040470938874885842 -0.0027634568868425101 -0.024267838015056165 0.059149900045457109 -0.017613189818221665 0.02576757866609268 -0.029458180651145183 -0.042259604956125602 -0.018593110928290458 0.0058866312703540766 0.0080432602327083092 0.045664326996230825 -0.012466549353510631 0.016775276919123155
leaf_weight=2.2720249722478929 7.6398283377056915 1.1736279651522625 1.5210580559214566 4.7818956299452111 1.4816442059818657 0.67136490065604448 1.7872883630916474 6.3622047647368163 0.60323205695021975 1.7415161861572412 1.2376303084893159 7.9929289077408585 1.1801881869323532 0.68023539124988008
leaf_count=70 4496 24 457 74 43 6 67 1315 199 82 41 248 28 63
internal_value=0.00107952 0.0113428 9.79785e-05 0.0251137 0.0353746 -0.02103 0.003183 -0.032043 0.0348048 0.047603 -0.0335779 0.039802 0.00557156 -0.0049095
internal_weight=41.1267 32.2492 22.4794 10.2063 8.68529 12.2731 4.05931 8.21376 9.76979 6.52341 8.87746 9.16656 1.85155 2.16188
internal_count=7213 2676 2205 719 262 1486 137 1349 471 156 4537 272 34 106
is_linear=0
shrinkage=0.05


Tree=79
num_leaves=15
num_cat=0
split_feature=48 31 35 48 1 122 73 80 68 111 128 124 64 124
split_gain=5.01601 4.51549 3.92248 2.37117 2.033 1.8098 1.49636 1.49036 1.16322 0.814017 0.772039 0.79256 0.701027 0.615589
threshold=3.2918998840614229e-05 80.422901153564467 34.703720092773445 0.12674840539693835 30.934288024902347 -6.3096354007720938 611.74948120117199 0.19677419215440753 110.93428802490236 523.19812011718761 129.95314788818362 0.16750355809926989 38.377182006835945 -0.0785972625017166
decision_type=8 10 10 10 2 10 2 2 2 2 10 10 2 10
left_child=8 2 5 6 -4 12 7 10 -1 -7 11 -3 -2 -9
right_child=1 3 4 -5 -6 9 -8 13 -10 -11 -12 -13 -14 -15
leaf_value=0.013095224429838967 0.032938007281760988 0.047837252053940939 0.026580591249069769 -0.028777030216560109 -0.039115277587595233 -0.03045605150586635 -0.010151867346333021 0.017602296460215116 -0.041019195803576242 0.016280924946136636 -0.0031592438579910219 -0.006686728146059067 -0.0064001798461481175 -0.025427113536898513
leaf_weight=0.67075538821518321 5.3983368135523051 11.143838747520926 0.65170224756002237 0.99631020321976471 7.6781975461635739 1.9127103012288009 1.4633449302054948 0.61433892231434584 6.4085241255816072 0.62328502640593786 0.74484675063286054 0.46351068327203471 1.0230504698120055 0.79920885292813071
leaf_count=36 94 340 6 45 2335 109 186 15 3985 15 29 9 19 19
internal_value=0.000572254 0.00886092 -0.00875075 0.0270439 -0.0316774 0.01361 0.0322439 0.037133 -0.0349057 -0.0176134 0.0423623 0.0453023 0.0266528 -0.00718138
internal_weight=40.592 33.5127 17.2873 16.2254 8.3299 8.95738 15.2291 13.7657 7.07928 2.536 12.3522 11.6073 6.42139 1.41355
internal_count=7242 3221 2578 643 2341 237 598 412 4021 124 378 349 113 34
is_linear=0
shrinkage=0.05


Tree=80
num_leaves=15
num_cat=0
split_feature=116 121 49 17 46 3 70 127 128 25 69 130 127 21
split_gain=6.32261 2.27007 2.43973 2.15474 1.95436 1.59248 1.41315 1.28411 1.20395 0.910825 0.794148 0.680924 0.637591 0.547682
threshold=1.4229232072830202 -2314.5812988281245 0.092640854418277754 0.071340970695018782 4.3415999243734411e-05 21.391165733337406 577.03018188476574 -1.0000000180025095e-35 -2.3465639352798457 320.64303588867193 16.41551494598389 0.10882714390754701 96.363636016845717 0.21599281579256061
decision_type=2 2 10 8 10 10 2 10 8 10 2 2 10 10
left_child=1 5 4 10 6 -1 7 11 -5 -7 -2 -3 -9 -10
right_child=3 2 -4 8 -6 9 -8 12 13 -11 -12 -13 -14 -15
leaf_value=-0.031241604759676807 0.0092710522753338461 0.040250080324688076 -0.01697855740234273 -0.026315215553474533 0.046528287900212489 0.029640231756157532 -0.022940954736939915 -0.022598459664049872 0.027469946640455118 -0.019237570153029987 -0.042342597697726386 -0.0037885841223589145 0.018719795204819978 -0.0078697104508250945
leaf_weight=3.0326947850408059 0.46023751981556138 3.991734467446804 2.5467178096296257 1.5401568012312052 8.2403390239924175 1.8691028531175109 1.5066552789648993 1.5376894290093388 2.3134569256799309 0.61071681615430851 8.2987995438743365 0.8685984183102845 0.56914821220561851 1.0937930596992371
leaf_count=276 14 75 456 63 269 48 593 34 129 142 5029 27 12 39
internal_value=0.000852235 0.0157583 0.0235961 -0.025329 0.0303879 -0.0110454 0.0114378 0.0208185 0.00129437 0.0155337 -0.0389585 0.0330763 -0.00900393 0.0169137
internal_weight=38.4798 24.7734 19.2609 13.7064 16.7142 5.51251 8.47383 6.96717 4.94741 2.47982 8.75904 4.86033 2.10684 3.40725
internal_count=7206 1932 1466 5274 1010 466 741 148 231 190 5043 102 46 168
is_linear=0
shrinkage=0.05


Tree=81
num_leaves=15
num_cat=0
split_feature=116 54 46 48 86 16 126 40 76 72 79 7 19 60
split_gain=4.37608 3.06737 3.13693 1.78603 1.48909 1.39923 1.37928 1.34075 1.29615 1.14589 0.843743 0.791704 0.7405 0.707038
threshold=1.9001342058181765 6.2843715568305938e-05 3.974399987782818e-05 0.00056621897965669643 0.060661764815449722 0.10010905563831331 -1508.6085205078123 0.0090225767344236391 0.26794873178005224 234.06687927246097 0.086371447890996947 32.696172714233406 1.0240182876586916 49.116773605346687
decision_type=2 8 10 8 2 8 2 10 2 2 2 8 10 2
left_child=1 8 4 9 6 -5 -3 12 -1 13 -6 -8 -2 -4
right_child=7 2 3 5 10 -7 11 -9 -10 -11 -12 -13 -14 -15
leaf_value=-0.031210548991826004 -0.043095774404574141 -0.028434397552379212 0.023182241300624306 -0.021983491070915125 -0.036222298949923661 0.024466756140401523 -0.0094274867142899055 0.0075333713300894502 0.017567701575411453 0.048889847697965047 0.017083826935451882 0.028835858345428039 0.0085804457683309552 -0.020844731075031486
leaf_weight=4.8944525545230162 6.3693441982613859 1.0314538253005592 0.86593403108417699 2.021011281874963 2.9613809041911741 2.5224264524877071 1.3003817321732656 1.5597721432568503 1.0620529795996843 8.0084378146566433 0.29236333072185505 3.9862131867557764 0.43501605151686806 0.79066919721662998
leaf_count=879 4303 22 19 136 1079 50 16 197 153 256 10 65 15 9
internal_value=-0.000631514 0.00850115 0.0165067 0.0306488 -0.00539928 0.00356637 0.00879083 -0.0305411 -0.0212382 0.0418518 -0.0285423 0.0194215 -0.0391159 0.00223237
internal_weight=38.1009 29.7368 23.7803 14.2085 9.57179 4.54344 6.31805 8.36413 5.95651 9.66504 3.25374 5.28659 6.80436 1.6566
internal_count=7209 2694 1662 470 1192 186 103 4515 1032 284 1089 81 4318 28
is_linear=0
shrinkage=0.05


Tree=82
num_leaves=15
num_cat=0
split_feature=116 134 79 32 46 48 122 31 120 9 49 81 77 119
split_gain=4.66184 2.59909 3.10471 2.24141 2.11906 1.55947 1.3334 1.31226 1.2412 1.2738 1.05504 0.76532 0.722861 0.557545
threshold=1.9565731883049013 0.92711213231086742 0.13423423469066623 31.017621994018558 3.974399987782818e-05 0.00032237989944405859 -101.01298904418944 103.9901809692383 -3.4999999999999996 0.84668803215026867 0.25379791855812078 0.043167702853679664 0.00027260459319222724 0.063938438892364516
decision_type=2 2 2 10 8 8 8 8 2 10 10 2 2 2
left_child=1 2 3 5 11 12 -7 -4 9 -6 -10 -3 -1 -8
right_child=-2 4 7 -5 8 6 13 -9 10 -11 -12 -13 -14 -15
leaf_value=0.037531469021217886 -0.038604912940261006 -0.02708657123051968 -0.014440073074740529 -0.034774082912040497 0.0256852149035127 0.018708057748791491 0.0094564323948668899 0.04032659217349828 0.047133787404763566 -0.022705093021220327 -0.013530608549709697 0.015846484097632486 -0.012747713856788754 -0.041087348851045813
leaf_weight=2.256837170221845 5.3648081994615486 1.8146606989903387 0.89033568778540839 6.7874055551365018 2.2157517151208594 1.1339184828102586 0.27232800796628076 3.3448717118008062 7.2203312766505405 1.3962000994943085 0.3599906195886432 0.83121781540103246 0.38355697563383717 1.9305806338088585
leaf_count=53 3945 678 163 1605 89 16 4 137 184 26 129 19 53 86
internal_value=0.000472239 0.00826941 -0.00481907 -0.017048 0.0235895 0.00517972 -0.015785 0.0282543 0.0325817 0.00611267 0.0430117 -0.0129519 0.0287322 -0.0338374
internal_weight=36.2028 30.838 16.9998 12.7646 13.8382 5.97722 3.33683 4.23521 11.1923 3.61195 7.58032 2.64588 2.64039 2.20291
internal_count=7187 3242 2117 1817 1125 212 106 300 428 115 313 697 106 90
is_linear=0
shrinkage=0.05


Tree=83
num_leaves=15
num_cat=0
split_feature=116 121 34 73 4 19 97 72 122 126 121 71 18 99
split_gain=4.92316 2.92807 2.3423 2.06039 1.59016 1.15792 1.07901 1.1893 1.0627 1.01201 0.892598 0.86201 0.771793 0.674511
threshold=1.4229232072830202 -12685.899902343748 38.71052551269532 545.45361328125011 39.342868804931648 0.19620516151189807 2.5768250452529177e-05 38.200859069824226 -15.950769424438475 495.19255065917974 12063.361816406252 201.40085601806643 3.9574999846081491e-06 0.10327965021133424
decision_type=2 2 10 2 10 10 8 2 8 2 2 2 10 10
left_child=1 5 9 4 6 -1 -3 8 -8 -2 -5 -6 -11 -9
right_child=2 3 -4 10 11 -7 7 13 -10 12 -12 -13 -14 -15
leaf_value=-0.03550571859909675 -0.019267355754401531 -0.016145994010744288 -0.040814536258296827 -0.030477128472918915 -0.028438031275678205 0.016987423967276313 0.032047111293041261 0.052721199638067533 -0.011979844072698094 -0.017983363696147326 0.013321135811404802 0.016101182227816448 0.026418136339437421 0.018367897362401294
leaf_weight=2.7443543314002485 2.4552727452246454 0.48945232585538612 6.5880977974738926 1.6917172621469938 1.1282308745430776 0.77517828939016897 1.5077984747476874 7.6388411497464386 2.1936525874771191 0.53345756302587721 1.2781544347526503 1.2972691080067305 2.8535148334922269 3.5148668203037232
leaf_count=296 327 321 4613 307 174 48 16 263 74 245 187 143 65 92
internal_value=0.00202636 0.0149815 -0.0224903 0.0221351 0.0283911 -0.0227436 0.0340441 0.0366119 0.00895643 0.00111834 -0.0130201 -0.00687022 0.0169196 0.0442975
internal_weight=36.6899 24.2595 12.4303 20.74 17.7701 3.51953 15.3446 14.8552 3.70145 5.84225 2.96987 2.4255 3.38697 11.1537
internal_count=7171 1921 5250 1577 1083 344 766 445 90 637 494 317 310 355
is_linear=0
shrinkage=0.05


Tree=84
num_leaves=15
num_cat=0
split_feature=95 31 33 35 21 6 27 2 35 103 122 133 121 126
split_gain=4.4126 3.04819 4.10855 2.18014 2.15316 1.65043 1.3062 1.27737 0.978333 0.793529 0.785948 0.77473 0.762667 0.42269
threshold=4.8905001222010478e-06 80.422901153564467 99.687007904052749 108.58281707763673 0.020374134182929996 20.10711765289307 88.681587219238295 186.66785430908206 37.743314743041999 1.5000000000000002 -79.634696960449205 0.99140444397926342 -41272.869140624993 -7138.3010253906241
decision_type=8 10 10 10 8 10 10 8 8 2 8 2 2 2
left_child=-1 2 5 4 9 -2 10 12 -8 -3 -7 -10 -5 -11
right_child=1 3 -4 7 -6 6 8 -9 11 13 -12 -13 -14 -15
leaf_value=-0.037748126308077279 0.039472519357166364 -0.0157105357109317 -0.041070836772753534 -0.0072642427701898431 -0.027459170696851116 0.0090398186753664674 0.034040990514666407 -0.0089757485306885508 -0.02451037816390321 -0.0054741801302370758 -0.035905350709685618 0.018489721035012032 0.049114572865904704 0.038150737111776717
leaf_weight=5.4028236105805254 2.4665477904491144 0.44018223753664587 4.8811448012711471 0.39171900763176282 2.7305340435123071 0.92567629960831255 1.9236219949088988 0.89542456087656397 1.4025137104326861 0.38591977348551232 2.1075504994951193 0.92263228876981873 6.8298659707652387 2.5836446956964205
leaf_count=4143 41 42 1837 40 124 29 35 144 53 23 267 17 317 45
internal_value=-8.16919e-05 0.00799049 -0.0078501 0.023694 0.000569796 0.0110572 -0.00217152 0.0392056 0.0145149 0.0241524 -0.0233485 -0.00701851 0.0455448 0.0325305
internal_weight=34.2898 28.887 14.6297 14.2573 6.14028 9.74854 7.28199 8.11701 4.24877 3.40975 3.03323 2.32515 7.22158 2.96956
internal_count=7157 3014 2279 735 234 442 401 501 105 110 296 70 357 68
is_linear=0
shrinkage=0.05


Tree=85
num_leaves=15
num_cat=0
split_feature=116 79 137 34 18 93 31 35 127 35 116 5 5 7
split_gain=4.15698 2.80022 2.98305 2.43282 2.1727 1.39981 1.34169 0.986059 0.87771 0.772767 0.757033 0.60457 0.445011 0.425885
threshold=1.9001342058181765 0.077206529676914229 65.296279907226577 24.230171203613285 6.0377999034244574e-05 5.4045001434133164e-06 103.9901809692383 34.703720092773445 -26.746062278747555 34.703720092773445 0.097664620727300658 61.582815170288093 238.91459655761722 30.548342704772953
decision_type=2 2 2 10 10 8 8 8 10 10 2 10 10 10
left_child=1 2 3 8 5 -4 12 11 -1 -2 13 -6 -3 -7
right_child=9 6 4 -5 7 10 -8 -9 -10 -11 -12 -13 -14 -15
leaf_value=0.025813835024963011 0.0087306013107830167 0.014739042220592814 -0.019396943325462084 -0.038798787165640836 -0.011881907705587802 0.029759463546225075 0.043182409765819052 -0.027515823173667166 -0.020864105204239945 -0.036804203372801589 0.050123479997646984 0.028501936447117283 -0.022353481804696075 -0.0024507572553140056
leaf_weight=2.2179573811590676 0.68010431760921974 0.57360629260074236 0.64202170108910461 5.6815629224292934 0.90637236833572377 0.79555103927850757 5.7083281129598618 2.5196265121921897 0.60005410551094041 6.3161672208225355 3.7210319866426289 1.0873507186770437 0.77263986901380122 2.0766664805123582
leaf_count=35 47 18 303 1362 46 5 248 358 27 4499 51 18 169 42
internal_value=-6.33586e-06 0.00898759 -0.000888396 -0.0220591 0.0149566 0.0304397 0.0339249 -0.0108833 0.0130131 -0.0318395 0.0372079 0.0123065 -0.0070032 0.0118522
internal_weight=34.299 27.3028 20.2482 8.49957 11.7486 7.23527 7.05457 4.51335 2.81801 6.99627 6.59325 1.99372 1.34625 2.87222
internal_count=7228 2682 2247 1424 823 401 435 422 62 4546 98 64 187 47
is_linear=0
shrinkage=0.05


Tree=86
num_leaves=15
num_cat=0
split_feature=116 81 31 33 62 72 19 3 95 34 69 126 5 33
split_gain=3.92417 2.48214 1.81066 2.32659 1.7123 1.41911 1.35264 1.14918 1.11962 1.10987 1.06113 0.651611 0.618417 0.545296
threshold=1.4229232072830202 0.0090499590151011961 79.427646636962905 99.687007904052749 331.23358154296881 209.71488952636722 1.0240182876586916 15.274584770202638 1.8177799574914392e-05 20.582816123962406 34.752981185913093 -1679.0372924804685 593.30627441406261 1380.250671386719
decision_type=2 2 8 10 2 2 10 8 8 10 2 2 10 8
left_child=2 6 3 7 5 -4 -2 9 -7 -1 13 -3 -10 -6
right_child=1 11 4 -5 10 8 -8 -9 12 -11 -12 -13 -14 -15
leaf_value=0.021849180284128977 -0.040896222996779225 -0.014774371339451012 -0.0036905801976844749 -0.037104098690839242 0.029579222921585636 -0.014711434097137972 0.014341906402080157 0.02996369071462196 0.046666907101977823 -0.028140533156090164 -0.02756263572215022 0.027329579419985907 -0.0026676200982681101 -0.014065468095419599
leaf_weight=0.92454612068832132 8.3155398858943919 0.6015967290150005 2.2642661947756997 2.9056857207324356 1.120333361439406 0.44277687475550642 0.75949477322865355 2.8183432649821043 7.3687805770896384 1.8033416662365196 1.873429406317882 1.869976206566206 0.57412002258934069 0.36505991907324653
leaf_count=16 5007 68 26 709 23 315 43 61 261 191 214 169 48 47
internal_value=-0.00145439 -0.0239876 0.0106582 -0.00712481 0.0211471 0.0303069 -0.0353087 0.0118502 0.0389019 -0.00988167 -0.00818608 0.0157775 0.0432014 0.0175093
internal_weight=34.0073 11.5466 22.4607 8.45192 14.0088 10.6499 9.07503 5.54623 8.38568 2.72789 3.35882 2.47157 7.9429 1.48539
internal_count=7198 5287 1911 977 934 650 5050 268 624 207 284 237 309 70
is_linear=0
shrinkage=0.05


Tree=87
num_leaves=15
num_cat=0
split_feature=48 97 34 37 130 32 11 30 31 137 9 75 130 48
split_gain=3.91557 2.54038 2.53765 2.07676 1.23849 0.989689 0.850049 1.45175 0.843217 0.801183 0.777921 0.675216 0.49972 0.588749
threshold=3.2918998840614229e-05 0.0020567774772644047 39.016080856323249 0.50052192807197582 1.0000000180025095e-35 247.68039703369143 0.12619426846504214 59.766878128051765 7.99979591369629 94.584484100341811 0.32449981570243841 0.47291788458824163 0.10882714390754701 0.00020443570247152823
decision_type=8 10 10 8 2 10 8 10 8 2 8 2 2 8
left_child=11 3 6 5 9 10 7 8 -3 -5 -2 -1 -6 -14
right_child=1 2 -4 4 12 -7 -8 -9 -10 -11 -12 -13 13 -15
leaf_value=-0.03843125123235229 -0.0054712298093695559 -0.010781184296082559 -0.031963647889171547 -0.022121990055525551 0.035523715195915066 -0.012713926907441449 0.026420706521887768 -0.026069622505198647 0.031558151507123891 0.016408715738497386 0.052862743911793179 0.009594669542592707 0.020240668060080229 -0.018443528509677353
leaf_weight=4.7828056507860301 0.43320683576166708 1.2384547049878141 4.5909467473975374 3.2648617657832801 2.2276811867486686 0.33023530221544195 3.4573897304944703 2.4786124920938164 2.1592208599904552 1.1250349980546159 5.4290240588597953 0.437507452093996 1.0533926080679517 0.89697533671278518
leaf_count=3935 86 158 1976 221 80 61 75 139 54 45 229 24 24 96
internal_value=0.00264573 0.010133 -0.00509626 0.0239117 0.00645449 0.04381 0.00993327 -0.00219888 0.0171832 -0.0110351 0.0483829 -0.0335109 0.0234131 0.00222858
internal_weight=33.9053 28.685 13.9246 14.7604 8.56795 6.19247 9.33368 5.87629 3.39768 4.3899 5.86223 5.22031 4.17805 1.95037
internal_count=7203 3244 2402 842 466 376 426 351 212 266 315 3959 200 120
is_linear=0
shrinkage=0.05


Tree=88
num_leaves=15
num_cat=0
split_feature=116 134 79 40 46 90 61 116 8 39 119 129 1 91
split_gain=4.26974 1.84759 2.42413 1.78151 1.64855 1.29595 1.24142 0.932603 0.831492 0.831857 0.778332 0.473043 0.455787 0.428597
threshold=1.4229232072830202 0.92711213231086742 0.069180883467197432 0.028835494071245197 3.7389499993878423e-05 0.46387758851051336 43.718763351440437 0.097664620727300658 60.350028991699226 0.0024380369577556853 0.12260104715824129 0.16974841803312304 198.45063781738284 0.09560041502118112
decision_type=2 2 2 10 8 10 2 2 8 8 2 8 2 10
left_child=1 2 6 5 -3 -2 8 11 9 -1 -9 -6 -13 -8
right_child=3 4 -4 -5 7 -7 13 10 -10 -11 -12 12 -14 -15
leaf_value=-0.027343476003962197 -0.036363898525224515 -0.012724948686364316 0.031400709501154866 0.01442982083593607 0.025170945994927526 0.01670147132905133 -0.039191676019464466 0.051029028195674134 0.029189894949969483 0.012880603222454615 -0.0027055166817951492 -0.01923701921871324 0.016904771474872776 0.0016724897190465609
leaf_weight=1.7092642347561198 8.2136759231798315 1.5315502405865107 3.2901378076057881 2.1434867639327413 1.1368892181199042 0.72988753172103393 2.858872018870898 5.7439915348077193 1.0852923983475191 1.6100805051391942 0.64034279214683909 1.29903231037315 0.47734585683792818 0.6743330864701419
leaf_count=292 5112 385 212 173 27 20 643 170 33 29 54 30 19 37
internal_value=0.00257483 0.0151237 0.000546794 -0.0215763 0.0289135 -0.0307891 -0.0143242 0.0363421 0.00377605 -0.00936746 0.046003 0.00882515 -0.00693433 -0.032744
internal_weight=33.1442 22.0571 11.228 11.0871 10.8292 8.94356 7.93784 9.2976 4.40464 3.31934 6.38433 2.91327 1.77638 3.53321
internal_count=7236 1931 1246 5305 685 5132 1034 300 354 321 224 76 49 680
is_linear=0
shrinkage=0.05


Tree=89
num_leaves=15
num_cat=0
split_feature=59 134 11 94 122 32 137 93 137 35 47 79 80 4
split_gain=2.75653 2.09373 2.79455 1.69887 1.4639 1.29053 1.25479 1.14273 1.06586 0.958541 0.821595 0.746021 0.703519 0.613168
threshold=7093.3081054687509 0.92711213231086742 0.16843971610069278 0.00019146259728586304 -72.464324951171861 30.95268535614014 95.292655944824233 1.2222500117786696e-05 65.296279907226577 16.41551494598389 0.33344298601150518 0.032002048566937454 0.059114735573530204 35.370967864990241
decision_type=2 2 8 8 8 8 2 8 2 10 10 2 2 10
left_child=1 2 3 5 9 -1 7 -3 -9 -5 -4 -8 -2 -10
right_child=12 6 10 4 -6 -7 11 8 13 -11 -12 -13 -14 -15
leaf_value=0.032483166299271692 -0.039751945625150838 -0.008679881358258635 0.031788257588881909 0.027955923375936456 -0.042920627782675115 -0.019558073225732692 -0.028621721382990652 -0.0092818026292071591 0.042414099647118342 -0.019269146679615864 -0.0076600391409970678 0.018669984234828303 0.012388709044155653 0.0030789325458969231
leaf_weight=1.5962420791620431 3.8565477229421949 1.649108300684017 3.6507620220072559 0.92164903506636653 5.7735491197672673 1.3051358078373598 1.2984397308900941 1.0144269863376401 7.0696679868269694 1.4442483541788531 1.3802711355965582 0.47070980723947276 0.28042936197016377 1.3168410506332291
leaf_count=30 3771 585 199 9 1534 182 279 112 150 100 150 21 27 123
internal_value=-0.000677594 0.00515663 -0.0067506 -0.0203351 -0.0310853 0.0100606 0.0194934 0.025536 0.0317956 0.00196765 0.02149 -0.0138408 -0.0344939 0.0372238
internal_weight=33.028 28.8911 16.0719 11.0408 8.13945 2.90138 12.8192 11.05 9.40094 2.3659 5.03103 1.76915 4.13698 8.38651
internal_count=7272 3474 2204 1855 1643 212 1270 970 385 109 349 300 3798 273
is_linear=0
shrinkage=0.05


Tree=90
num_leaves=15
num_cat=0
split_feature=116 134 54 60 120 137 46 125 123 17 137 132 62 64
split_gain=3.08861 1.81287 2.10932 1.64573 1.52434 1.14813 1.20327 0.926459 0.883434 0.8135 0.783946 0.919286 0.875625 0.712707
threshold=1.9001342058181765 0.92711213231086742 6.2843715568305938e-05 288.18437194824224 -76.499999999999986 95.292655944824233 3.974399987782818e-05 -14.499999999999998 0.12537773326039317 0.088924709707498564 65.296279907226577 1.0000000180025095e-35 15.049675941467287 16.358708381652836
decision_type=2 2 8 2 2 2 8 2 10 10 2 2 2 2
left_child=1 2 -1 4 -4 6 -3 -6 -9 -2 -8 -12 -13 -5
right_child=9 5 3 13 7 -7 10 8 -10 -11 11 12 -14 -15
leaf_value=-0.03735633496986341 -0.037319997714925376 -0.010538820765326338 -0.026224039891319346 0.013775579234807237 -0.013180748635689172 -0.012334263699838787 -0.0062459328300990789 0.034532946792765314 -0.010150936290067343 0.0048831336074049757 0.048013915362154942 -0.022567962790518023 0.023832324949809108 -0.036198621215408434
leaf_weight=2.7284901678795022 4.9146086153923525 1.3569989286479511 1.0540993440663431 0.36716191342566284 0.97522419900633295 1.6009309789515107 0.8363885823637246 6.2981299103703341 0.84443825157359231 1.1508764768950639 5.456006211345084 0.68601772887632284 1.7040464534657074 1.8350092358887193
leaf_count=812 4450 407 55 11 39 162 88 181 32 50 152 43 50 628
internal_value=-0.000363324 0.00741542 -0.00461321 0.00562559 0.0150809 0.0212004 0.0271809 0.0227323 0.0286523 -0.0297545 0.0335557 0.038025 0.00778561 -0.0261666
internal_weight=31.8084 25.7429 14.1026 11.3741 9.17189 11.6404 10.0395 8.11779 7.14257 6.06549 8.68246 7.84607 2.39006 2.20217
internal_count=7160 2660 1758 946 307 902 740 252 213 4500 333 245 93 639
is_linear=0
shrinkage=0.05


Tree=91
num_leaves=15
num_cat=0
split_feature=48 4 121 97 63 125 36 129 115 20 68 122 47 48
split_gain=3.39985 2.92329 1.56385 1.5258 1.00905 0.911864 0.835986 0.688007 0.597195 0.589855 0.571576 0.561537 0.557964 0.480904
threshold=3.2918998840614229e-05 39.342868804931648 -1765.809631347656 0.01203326089307666 21.259575843811039 -1.4999999999999998 56.075359344482429 -0.099906716495752321 0.4894006103277207 0.0017542048008181157 110.93428802490236 -3.3290690183639522 0.11033661663532258 5.3452798965736299e-05
decision_type=8 10 2 10 2 2 8 10 2 10 2 10 10 8
left_child=10 2 4 6 -2 -5 -4 -3 -7 12 -1 13 -6 -8
right_child=1 7 3 5 9 8 11 -9 -10 -11 -12 -13 -14 -15
leaf_value=0.008235152386244329 -0.025371614182347343 0.0076782158043360903 5.2373619476613338e-05 -0.020817795401689137 -0.011575817617480267 0.02851638527537061 0.0008763872366354614 -0.031415586560600457 -0.003572442616582008 -0.0087525172948649966 -0.03696399300736377 0.0063026218127853213 0.033639787518970982 0.049115735329387872
leaf_weight=0.43540868151467549 2.1556356837390949 1.0486452003824549 1.4166520696599079 1.5787170667317694 0.35809965652879405 2.3851086801150805 0.59107303526252764 3.5384071858134085 2.1889227253850549 1.62095696630422 4.2438863065326586 1.386518806393721 1.7257673825370146 7.1013530574855395
leaf_count=34 166 163 117 151 41 80 22 1757 167 99 3920 125 37 239
internal_value=0.00335713 0.0103946 0.0178185 0.0252671 -0.00394003 0.0043977 0.0360543 -0.0227037 0.0152742 0.0112721 -0.0320487 0.0411094 0.0246357 0.0459363
internal_weight=31.7752 27.0959 22.5088 16.6483 5.86046 6.15275 10.4956 4.58705 4.57403 3.70482 4.67929 9.07894 2.08387 7.69243
internal_count=7118 3164 1244 901 343 398 503 1920 247 177 3954 386 78 261
is_linear=0
shrinkage=0.05


Tree=92
num_leaves=15
num_cat=0
split_feature=66 79 69 127 32 90 64 7 18 32 129 68 19 121
split_gain=3.51274 1.4894 2.4585 1.19764 1.12241 0.996578 0.976771 1.40183 1.14333 0.93916 0.549127 0.501532 0.448864 0.415008
threshold=101.03229904174806 0.095811817795038237 38.665632247924812 96.363636016845717 30.665631294250492 1.0000000180025095e-35 20.582816123962406 32.696172714233406 9.0097997599514215e-05 36.358932495117195 -0.047887310385704034 98.33518218994142 0.21897831559181216 -12685.899902343748
decision_type=2 2 2 8 10 10 2 8 10 10 8 2 8 2
left_child=1 2 6 -2 -3 11 -1 -8 13 12 -6 -4 -5 -9
right_child=3 4 5 9 10 -7 7 8 -10 -11 -12 -13 -14 -15
leaf_value=0.032196513801616665 -0.039378808295103193 -0.018557861908235263 -0.016325337178155732 -0.012030700134169597 -0.0036589463312780659 -0.03560301534551067 -0.024483182020588436 -0.0052901490665883061 -0.013913185290285955 -0.0258415952657171 0.040255330912290999 0.024189831546270701 0.028239570387020924 0.034490493399867483
leaf_weight=3.5347285415046006 5.3908288491074892 0.50103719660546531 0.43581887771142536 0.32605458761099915 0.63287496299017221 3.8603796115494333 2.2485894082346931 0.4907925492152575 1.576943412190303 1.0229870292241683 4.7230322582181543 0.79403565265238285 1.4166365432320163 3.1716935359290801
leaf_count=63 4573 24 83 184 18 1133 105 29 80 475 232 14 55 85
internal_value=-0.00133564 0.00914567 0.000790244 -0.0274831 0.0286647 -0.0251365 0.0138579 0.00242789 0.0160501 3.77107e-06 0.035307 0.00895 0.0190657 0.0291684
internal_weight=30.1264 21.9699 16.113 8.15651 5.85694 5.09023 11.0227 7.48802 5.23943 2.76568 5.35591 1.22985 1.74269 3.66249
internal_count=7153 1866 1592 5287 274 1230 362 299 194 714 250 97 239 114
is_linear=0
shrinkage=0.05


Tree=93
num_leaves=15
num_cat=0
split_feature=93 134 31 21 55 71 116 31 30 121 29 46 121 125
split_gain=2.68029 2.5729 2.20563 1.44817 1.27905 1.09757 0.999502 0.899274 0.761532 1.0735 0.6112 0.483608 0.417778 0.390687
threshold=2.7655000849335924e-06 0.92711213231086742 82.384460449218764 0.020374134182929996 375.56864929199224 255.21601104736331 0.097664620727300658 335.50907897949224 44.227201461791999 -443.55865478515619 487.90463256835943 0.00017557249520905319 -28373.950195312496 1.0000000180025095e-35
decision_type=8 2 10 10 10 2 2 10 10 2 2 8 2 2
left_child=10 2 8 6 -5 7 13 -4 9 12 -1 -11 -2 -3
right_child=1 3 5 4 -6 -7 -8 -9 -10 11 -12 -13 -14 -15
leaf_value=0.011948836406762085 -0.012071114122008481 0.019902035337768399 0.032019721124125003 0.021268077713302483 -0.02165414353729422 -0.014114648795084292 0.050828289146711794 -0.013341777442087414 -0.038582275063950296 0.011126895395537037 -0.036483513376386022 -0.033030565703703003 0.026866345328074876 -0.010288899971812248
leaf_weight=0.26727470383048313 0.30558079236652691 1.5624911114573481 4.0771612285170704 2.8161512076039799 2.1899701017537154 2.0713212835835293 3.8633281086804345 0.79177099594380695 3.6608149606036022 0.26765589788556132 4.1881811962812208 1.7981189385754985 1.3895415473962205 1.027822876581922
leaf_count=3 24 32 221 152 603 156 72 67 1416 7 4275 108 29 42
internal_value=2.82425e-05 0.00652545 -0.00744641 0.023228 0.0020123 0.0120038 0.0372072 0.0236268 -0.0249005 -0.00627612 -0.0319205 -0.025546 0.0179726 0.00839334
internal_weight=30.2772 25.8217 14.362 11.4598 5.00612 6.94025 6.45364 4.86893 7.42171 3.7609 4.45546 2.06577 1.69512 2.59031
internal_count=7207 2929 2028 901 755 444 146 288 1584 168 4278 115 53 74
is_linear=0
shrinkage=0.05


Tree=94
num_leaves=15
num_cat=0
split_feature=46 49 17 81 134 134 11 125 115 122 106 129 30 29
split_gain=3.29979 2.2559 2.4945 1.84403 0.822688 0.817945 1.19722 0.631476 0.601091 0.5679 0.444147 0.405107 0.365486 0.350523
threshold=3.974399987782818e-05 0.0060725130606442699 0.088924709707498564 0.078461539000272765 0.96897748112678539 0.90623369812965404 0.14023724198341372 -394.99999999999994 0.48286572098732 -122.53968048095702 366.74160766601568 -0.015370687469840048 249.47641754150393 1275.8401489257815
decision_type=8 8 8 2 2 2 10 2 2 8 2 8 8 2
left_child=3 7 4 13 8 6 9 -2 11 -4 -6 -3 -7 -1
right_child=1 2 5 -5 10 12 -8 -9 -10 -11 -12 -13 -14 -15
leaf_value=0.007243864972945927 -0.010890927138118726 -0.018148971635528026 0.010775545403521488 0.020724094257991037 0.018441077294957611 0.038133906598436108 0.028246983737473471 0.040911680997475636 -0.036979841719158822 -0.030848450886659225 -0.014195284194023695 0.016622063286283306 0.0086836181400640616 -0.037824037784134026
leaf_weight=0.15017193183303135 0.24331881036050607 0.57413661113241687 0.59275933040771633 1.1324310190975664 1.3913680727127942 3.3538353622425348 1.1487449852284042 5.3282225852599394 3.5208886960754171 1.64448188926326 0.90906450588954602 0.79115134570747858 2.3712292516138405 5.5813295474508777
leaf_count=2 6 54 18 26 66 57 26 324 1718 112 320 35 51 4359
internal_value=0.0030792 0.0125917 0.00246305 -0.0249758 -0.0181978 0.0189479 -0.0008481 0.0373363 -0.0281979 -0.0198982 0.00515075 0.00050889 0.0290411 -0.0357425
internal_weight=28.7331 21.8692 16.2977 6.86393 7.18661 9.11105 3.38599 5.57154 4.88618 2.23724 2.30043 1.36529 5.72506 5.7315
internal_count=7174 2787 2457 4387 2193 264 156 330 1807 130 386 89 108 4361
is_linear=0
shrinkage=0.05


Tree=95
num_leaves=15
num_cat=0
split_feature=116 49 79 69 25 90 4 95 55 35 34 70 4 45
split_gain=2.38848 1.78311 1.72039 2.02784 1.28361 1.15707 1.08538 1.04375 0.832604 0.719671 0.654963 0.634114 0.603271 0.459815
threshold=1.9001342058181765 0.20789377391338351 0.082576889544725432 37.743314743041999 157.55923461914065 0.00033043645089492207 528.70733642578136 1.3920800029154636e-05 146.26812744140628 34.703720092773445 92.147354125976577 34.703720092773445 20.458659172058109 0.19994306564331057
decision_type=2 10 2 2 8 8 10 8 10 10 10 2 10 10
left_child=1 2 3 4 8 -5 13 -6 11 -2 -4 12 -1 -7
right_child=9 -3 10 5 7 6 -8 -9 -10 -11 -12 -13 -14 -15
leaf_value=0.020618385022473866 0.011051315334216251 -0.027247074221706774 0.038520050479536772 0.015836585741299723 -0.01494589847055907 -0.0402798904685625 0.016841068831095582 0.041550581334454106 -0.023360091220177848 -0.033643522185786284 -0.011491097514405446 0.028065692797130205 -0.020271136635223456 0.0085006552685029622
leaf_weight=0.47002130001784204 0.57661132805514981 2.3654406389105125 4.9227116141701108 1.2496614200645115 0.45612648141104806 3.9190128385089338 0.54412619210779656 3.8584265852114186 1.6017586831585502 4.6312524477252737 0.29167848918586958 1.6879304046742616 1.4759339806623755 0.19104941189289082
leaf_count=3 49 869 239 81 347 736 35 73 92 4443 64 35 44 17
internal_value=-6.57416e-05 0.00707789 0.0120824 0.00294804 0.0165768 -0.0183059 -0.0286527 0.0338895 -0.000836998 -0.0277119 0.0343236 0.0119895 -0.00674842 -0.0367926
internal_weight=28.2417 23.0339 20.6684 15.454 9.5502 5.90385 4.65419 4.31455 5.23564 5.20786 5.21439 3.63389 1.94596 4.11006
internal_count=7127 2635 1766 1463 594 869 788 420 174 4492 303 82 47 753
is_linear=0
shrinkage=0.05


Tree=96
num_leaves=15
num_cat=0
split_feature=122 120 10 122 59 33 40 19 126 27 58 73 49 9
split_gain=2.39935 1.44577 1.50429 1.38469 1.37658 1.10389 0.832735 0.806999 0.855128 0.780872 0.682071 0.624229 0.621945 0.567249
threshold=-3.5950726270675655 -39.499999999999993 0.060773944482207305 6.2748279571533212 4888.0119628906259 60.582815170288093 0.080229885876178755 0.18668097257614139 -633.52023315429676 331.74688720703131 549.83453369140636 22.054366111755375 0.20789377391338351 0.77497315406799328
decision_type=10 2 10 8 2 8 10 8 2 10 2 2 10 8
left_child=1 13 4 -2 5 11 9 10 -9 -4 -5 -3 -10 -1
right_child=3 2 6 7 -6 -7 -8 8 12 -11 -12 -13 -14 -15
leaf_value=0.008872057888158499 -0.03350843859943916 0.019010314119783024 0.010282142588814231 0.016037255085912302 -0.017353346897677889 0.041118770645929829 0.018497493445486245 -0.013796313222566742 0.03525962119779532 -0.031672894777906156 -0.029895726394616663 -0.021971858976823189 -0.011239699268346923 -0.031320341540231118
leaf_weight=0.81910255900584461 4.5400414114701526 0.886151554994284 1.1555315545992919 0.41688852384686681 0.86294928455026898 8.0171965094632469 1.6856209338875485 1.24571920465678 2.2095900446292949 1.9607628299272617 1.7537779833655802 0.83592060988303274 0.41216037678532291 1.418292698508594
leaf_count=119 3990 13 56 23 720 523 57 111 92 470 645 60 61 246
internal_value=0.00251544 0.0135411 0.0190214 -0.0154538 0.0287846 0.0341079 -0.00378068 0.000953496 0.0136239 -0.0173973 -0.0187983 -0.00164663 0.0268645 -0.0184107
internal_weight=28.2197 17.6415 15.4041 10.5782 10.6022 9.73927 4.80192 6.03814 3.86747 3.11629 2.17067 1.72207 2.62175 2.2374
internal_count=7186 2264 1899 4922 1316 596 583 932 264 526 668 73 153 365
is_linear=0
shrinkage=0.05


Tree=97
num_leaves=15
num_cat=0
split_feature=127 121 10 127 40 73 68 40 17 114 34 53 75 39
split_gain=2.21464 1.81537 1.68568 1.40491 1.18376 1.03337 0.820108 0.81047 0.79698 0.698533 0.483937 0.479784 0.473202 0.445558
threshold=2.6938998699188237 -2314.5812988281245 1.0000000180025095e-35 -7.7319865226745597 0.0090225767344236391 213.878044128418 56.730962753295906 0.014185110572725536 0.042389297857880599 0.50040915608406078 36.35838699340821 80.164237976074233 0.49489796161651617 0.49875621497631079
decision_type=8 2 10 10 10 2 2 8 10 2 10 8 2 10
left_child=3 5 9 7 6 -2 -4 13 -5 -3 -7 -11 -6 -1
right_child=1 2 4 8 12 10 -8 -9 -10 11 -12 -13 -14 -15
leaf_value=-0.019579178861702948 -0.034438290459729327 0.043118298061926782 0.016803781066343927 -0.040780165544955622 0.026720986869074072 0.020280570960682504 -0.033169935879127095 0.020248702435286363 0.0058497287404214197 -0.01743531225103202 -0.014671784014748876 0.018081456624956548 -0.0099372502458068383 0.01233445890198772
leaf_weight=3.1351409656344935 1.9670946172555002 5.1795931484084594 0.42878248542547259 4.2243234696797991 2.1710611399612394 1.5084666653419847 2.0706184166483581 2.1590152140706778 0.83277015615021799 0.53398134408053044 0.74254830431891594 1.7085929039749315 0.62187651032581914 0.72376819670898829
leaf_count=628 468 384 8 3536 189 51 891 107 351 39 217 139 38 104
internal_value=0.00015581 0.0112969 0.0203767 -0.0164027 -0.00146629 -0.0147323 -0.0222447 0.000607736 -0.0334034 0.0342766 0.00778429 0.00685562 0.0180907 -0.0122869
internal_weight=28.0076 16.9326 12.7145 11.075 5.29234 4.21811 2.4994 6.01792 5.05709 7.42217 2.25101 2.24257 2.79294 3.85891
internal_count=7150 2424 1688 4726 1126 736 899 839 3887 562 268 178 227 732
is_linear=0
shrinkage=0.05


Tree=98
num_leaves=15
num_cat=0
split_feature=37 11 69 18 4 32 93 122 90 127 65 23 127 34
split_gain=3.34778 1.72347 2.61732 1.33419 1.1315 0.902146 0.737878 1.08585 0.680859 0.409898 0.339399 0.276366 0.25566 0.334046
threshold=0.028742556460201744 0.14434523880481723 38.665632247924812 9.538800077280031e-05 19.932810783386234 16.358708381652836 1.8488999558030631e-05 -14.978042602539061 1.0000000180025095e-35 -17.176360130310055 528.70733642578136 14.500000000000002 -0.17521171271800992 24.230171203613285
decision_type=8 8 2 10 10 8 10 8 8 8 2 2 8 8
left_child=-1 2 3 6 -5 -3 7 -2 -4 -7 -10 -11 -9 -14
right_child=1 5 8 4 -6 9 -8 12 10 11 -12 -13 13 -15
leaf_value=-0.036603920591306301 0.030141129155285957 -0.012843082379740947 0.010580073249883427 0.020029766225550145 -0.025888218223996978 -0.0026792687712747882 0.03690982812758252 0.0059769704648930493 -0.036045819436654185 0.041185231718306674 0.0073143811812091258 -0.0039177018425422252 0.0096792134807966619 -0.028748447780944059
leaf_weight=3.9215257345931631 1.4049283363856373 0.61866125627420754 0.56724483706056972 1.2598439985886218 2.5315954551915638 0.51418935868423432 3.895913309417665 0.68238877423573285 4.2195708064245991 4.7665639664046466 0.16279584541916836 0.18596308084670443 0.20617682486773126 1.3853843722026795
leaf_count=4457 55 49 67 32 250 38 78 59 1500 264 4 57 2 321
internal_value=0.000914538 0.00876599 -0.000165783 0.0129535 -0.00963438 0.029357 0.0240646 0.00548029 -0.0274063 0.0353803 -0.0333754 0.039118 -0.0143086 -0.0219564
internal_weight=26.3227 22.4012 16.3158 11.3662 3.79144 6.08538 7.57479 3.67888 4.94961 5.46672 4.38237 4.95253 2.27395 1.59156
internal_count=7233 2776 2368 797 282 408 515 437 1571 359 1504 321 382 323
is_linear=0
shrinkage=0.05


Tree=99
num_leaves=15
num_cat=0
split_feature=116 79 137 61 40 31 75 46 137 34 78 126 124 120
split_gain=2.21751 1.45249 1.79186 1.42484 1.35084 1.07343 1.06969 1.09648 0.749768 0.726714 0.654141 0.523174 0.497688 0.470805
threshold=1.7081700563430788 0.077206529676914229 65.296279907226577 101.18042755126955 0.01675959583371878 81.350021362304702 0.71921181678771984 3.326200021547266e-05 83.697570800781264 28.865631103515629 0.49364584684371954 1491.8476562500002 0.38315427303314215 -79.499999999999986
decision_type=2 2 2 2 10 8 2 8 2 8 2 2 10 2
left_child=1 2 9 6 -2 -3 7 -4 -8 -1 12 -6 -11 -9
right_child=4 5 3 -5 11 -7 8 13 -10 10 -12 -13 -14 -15
leaf_value=0.012079534010864909 -0.034076075117935638 -0.013816185555354021 -0.014517286630427968 -0.019732363910064537 -0.013014846018096535 0.039546372301174949 -0.020989971430249967 -0.0019381516509708282 0.017573068856385939 -0.037339851379720387 0.012116035541338041 0.025258831793055242 0.0047576010134893765 0.050763671072310938
leaf_weight=0.90635469544213876 5.2994751911028279 0.64495822926983137 0.41876166715519358 1.6943805911578236 0.75369474146282289 3.6832134168362245 1.3022778476006354 0.39227753190789405 1.7854467628058044 3.8820144647615962 0.45580799120943982 1.0591271618031894 0.57574226753786195 3.1299903486506082
leaf_count=40 4718 133 270 201 115 241 71 15 57 1140 16 100 30 60
internal_value=-0.000863921 0.00816068 -2.02266e-05 0.0137626 -0.0228634 0.030494 0.0232891 0.0377165 0.000152677 -0.0196675 -0.0265759 0.0103764 -0.0320273 0.0457635
internal_weight=25.9835 18.8712 14.5431 8.72313 7.1123 4.32817 7.02875 3.94103 3.08772 5.81992 4.91356 1.81282 4.45776 3.52227
internal_count=7207 2274 1900 674 4933 374 473 345 128 1226 1186 215 1170 75
is_linear=0
shrinkage=0.05


Tree=100
num_leaves=15
num_cat=0
split_feature=59 134 11 69 137 137 32 54 127 46 120 4 39 37
split_gain=2.07919 1.65162 1.78589 1.1593 1.09357 1.12947 0.824955 1.01849 0.729597 0.667061 0.658005 0.613408 0.527111 0.419352
threshold=8506.0527343750018 0.92711213231086742 0.18436703830957415 43.743314743041999 95.292655944824233 65.296279907226577 31.017621994018558 6.2843715568305938e-05 -17.176360130310055 3.974399987782818e-05 -157.49999999999997 34.752981185913093 0.49875621497631079 0.16749174892902377
decision_type=2 2 8 2 2 2 10 8 8 8 2 10 10 8
left_child=1 2 3 6 5 -3 7 -1 -4 -7 -11 -12 -8 -10
right_child=-2 4 8 -5 -6 9 12 -9 13 10 11 -13 -14 -15
leaf_value=-0.023241755276227096 -0.034200137768051204 -0.011602659932386222 -0.014217669317327243 -0.039412672628171712 -0.014570585023454744 -0.001969586031061594 -0.027057128570084688 0.023696885951962697 -0.0092915602153766531 -0.0043364388498088506 0.04677901069075871 0.0034062791028253597 0.014043764092052633 0.033880685172157102
leaf_weight=0.73957139847334685 2.5105703764711498 1.2477232900564548 0.60143260681070387 2.6259532258263789 1.3240363036748029 1.1705924688721978 2.5974144773208541 2.8939467646414414 0.22569588263286444 0.69355776364682231 5.6206790821743207 1.1180580217624081 0.32757085189223278 2.8813719532918185
leaf_count=55 3432 272 36 949 311 517 892 97 134 19 143 146 5 175
internal_value=0.00191782 0.00689943 -0.005212 -0.0166682 0.0201535 0.0257336 -0.00355201 0.0111888 0.0206746 0.031793 0.0367136 0.0409529 -0.0200489 0.0292459
internal_weight=26.5782 24.0676 12.893 9.18446 11.1746 9.85061 6.5585 3.63352 3.7085 8.60289 7.43229 6.73874 2.92499 3.10707
internal_count=7183 3751 2343 1998 1408 1097 1049 152 345 825 308 289 897 309
is_linear=0
shrinkage=0.05


Tree=101
num_leaves=15
num_cat=0
split_feature=55 40 122 51 74 75 32 10 29 134 80 127 128 79
split_gain=1.98066 2.54383 1.27862 0.858308 0.795824 0.736789 0.979447 0.621857 0.541042 0.456862 0.399336 0.393636 0.369552 0.360153
threshold=490.30131530761724 0.0090225767344236391 -2.863183736801147 3.5000000000000004 0.55507037043571483 0.70294117927551281 31.47038555145264 0.49239757657051092 1485.7686157226565 0.92711213231086742 0.15587044507265094 -1.7053025658242402e-13 -283.39140319824213 0.49489742517471319
decision_type=10 8 10 2 2 2 10 10 2 2 2 10 8 2
left_child=2 -2 5 -3 9 7 11 8 -1 13 12 -7 -5 -4
right_child=1 3 4 10 -6 6 -8 -9 -10 -11 -12 -13 -14 -15
leaf_value=0.04190359762687685 -0.0353822272306651 -0.015279389100063013 -0.024644970783798625 -0.0086129963330701161 -0.026735827366025214 0.024343945870597149 -0.019680628341554929 -0.0091963099858574648 -0.0089766923736534828 0.023679107210172967 -0.0076599317894217867 -0.0077175566212802265 0.033263241652448428 0.010743641739770767
leaf_weight=3.8038289248943311 6.4477906879037592 1.486303829879035 0.53833986871177619 0.20285488531226292 2.2874578796909191 3.1899907491169874 1.6880855885683557 0.4216831640806048 0.23422664095414791 1.1275394145050084 0.50039520807331417 0.72284545726142813 2.5006706608692193 0.55814376653870568
leaf_count=209 5477 402 118 22 312 57 92 32 20 83 34 19 219 136
internal_value=-0.00197151 -0.0170471 0.00990608 0.00994712 -0.0106481 0.0192525 0.00542372 0.0324455 0.0377563 0.00905888 0.0225006 0.0180557 0.0286439 -0.0100989
internal_weight=25.7102 11.138 14.5721 4.69022 4.51148 10.0607 5.60092 4.45974 4.03806 2.22402 3.20392 3.91284 2.70353 1.09648
internal_count=7232 6154 1078 677 649 429 168 261 229 337 275 76 241 254
is_linear=0
shrinkage=0.05


Tree=102
num_leaves=15
num_cat=0
split_feature=110 40 78 20 3 122 4 64 48 127 30 34 1 40
split_gain=1.70689 3.13837 1.48738 1.17911 0.992852 1.06114 0.849131 0.635167 0.632472 0.493596 0.465752 0.430453 0.364038 0.337788
threshold=546.86447143554699 0.011428944766521456 0.49364584684371954 0.00088735049939714383 10.16434955596924 -50.79968070983886 528.70733642578136 18.550028800964359 3.2918998840614229e-05 -105.22142410278319 50.749481201171882 20.582816123962406 678.24957275390636 0.13714733719825747
decision_type=2 10 2 8 8 8 10 2 10 8 10 10 2 10
left_child=2 7 4 8 5 11 9 -2 -3 -7 -6 -1 -4 -10
right_child=1 3 12 -5 10 6 -8 -9 13 -11 -12 -13 -14 -15
leaf_value=0.026563318556087026 0.0048314867978151814 -0.0094990786954879444 0.040855975296559655 -0.020115854588178234 0.029944311981328554 0.0023195754836073824 0.015752266502048928 -0.036707659304195998 0.038442204472075352 -0.040817183595177504 -0.0018509979022324581 -0.012750931770794767 -0.0018150594102325339 -0.0019210713028897587
leaf_weight=1.1493048295378683 0.80142992245964517 0.58990376588189963 2.949391594913322 1.0174170930404214 1.92746096616611 0.68640960013726726 0.4742530770599841 6.5992635380243883 2.9692476184573029 2.5969890655251238 1.7176881484920157 0.32166024908656243 0.47769816668005649 0.49028847087174643
leaf_count=10 69 245 242 204 40 49 25 5545 80 429 34 42 130 17
internal_value=-0.000556814 -0.0130839 0.0121692 0.0155004 0.000322699 -0.0127547 -0.0251562 -0.0321697 0.0266606 -0.033363 0.0177885 0.0162852 0.0358416 0.0335738
internal_weight=24.7684 12.4676 12.3009 5.06686 8.87377 5.22862 3.75765 7.40069 4.04944 3.2834 3.64515 1.47097 3.42709 3.45954
internal_count=7161 6160 1001 546 629 555 503 5614 342 478 74 52 372 97
is_linear=0
shrinkage=0.05


Tree=103
num_leaves=15
num_cat=0
split_feature=48 4 126 121 134 3 127 29 126 52 58 9 33 4
split_gain=2.11916 1.99564 1.39402 1.56025 1.13675 0.922095 0.828449 0.559412 0.587712 0.443513 0.367642 0.363622 0.356317 0.333451
threshold=3.2918998840614229e-05 39.342868804931648 213.83769226074222 -17637.401367187496 0.92711213231086742 163.17218017578128 96.363636016845717 1275.8401489257815 47.415632247924812 1.9761904478073122 570.99380493164074 0.24242902547121051 1415.1473388671877 17.599287986755375
decision_type=8 10 2 2 2 10 8 2 2 8 2 10 10 8
left_child=-1 2 4 13 9 11 -3 8 -6 -2 -8 -5 -13 -4
right_child=1 6 3 5 7 -7 10 -9 -10 -11 -12 12 -14 -15
leaf_value=-0.030415356754585971 -0.029083182212247007 -0.035389938782689617 0.010335111022773007 -0.0039151498645260676 0.033990494192820957 -0.003479777154013547 0.020283977636014212 -0.010917131435936405 -0.008741398713047915 3.9660087136306047e-05 -0.01431789920759154 0.047653071501654182 -0.0031276490716686534 -0.021856461157091306
leaf_weight=3.292763311474121 1.9365315041504851 2.3177242228412034 0.55909277684986569 0.2341734256478939 2.4623893643729398 1.0669532087049445 0.83431578258751249 0.7838910010177641 0.59487750800326455 2.3514137054444291 0.41920616524294019 5.7332713240175508 0.23901632789056737 1.0785468294052405
leaf_count=3985 163 1773 10 89 51 142 43 146 27 242 148 257 14 119
internal_value=0.00174884 0.00805683 0.0152242 0.0278119 -0.000109416 0.0368604 -0.0219911 0.0174074 0.0255706 -0.0161255 0.00749368 0.0433158 0.0454637 -0.0111146
internal_weight=23.9042 20.6114 17.0402 8.91105 8.1291 7.27341 3.57125 3.84116 3.05727 4.28795 1.25352 6.20646 5.97229 1.63764
internal_count=7209 3224 1260 631 629 502 1964 224 78 405 191 360 271 129
is_linear=0
shrinkage=0.05


Tree=104
num_leaves=15
num_cat=0
split_feature=122 121 46 39 4 33 126 35 101 70 68 82 129 79
split_gain=1.36315 1.22283 1.1358 0.839594 0.792029 0.742453 0.712853 0.664556 0.576484 0.516952 0.506768 0.535462 0.490542 0.445388
threshold=-3.5950726270675655 -2314.5812988281245 4.3415999243734411e-05 0.0090497941710054892 39.342868804931648 60.582815170288093 -172.6898498535156 16.41551494598389 0.0015830695047043266 219.22085571289065 55.718484878540046 0.038854395970702178 0.42796704173088079 0.094428792595863356
decision_type=10 2 8 8 10 8 2 8 10 2 2 2 10 2
left_child=1 7 10 8 5 -4 -5 -1 -2 -8 -3 -12 -7 -9
right_child=3 2 4 6 -6 12 9 13 -10 -11 11 -13 -14 -15
leaf_value=0.016761469005132174 0.005972743405495199 0.015347644546851223 -0.0050903068368612185 -0.020697064319817816 -0.010925952247624882 0.03704332229611762 -0.012574541675673574 -0.03204967232091889 -0.034830763044699641 0.022131007037019847 -0.02798480347502796 0.012843597183316888 -0.0066497721148815461 0.0090965522699784016
leaf_weight=0.48955640755593899 0.73653325007762482 0.7437570445472369 1.1509690784150706 1.5429369083140043 0.944670448254329 6.5493781134136961 0.79166042996803421 2.2349029176402841 3.7441557106212713 2.4759112476604059 1.8973445391748103 0.44580206897808228 0.39943726360797871 0.35762550157960493
leaf_count=8 69 22 55 426 251 339 274 478 3763 370 1066 42 5 45
internal_value=-0.000669084 0.00839064 0.0154136 -0.0148774 0.0237098 0.0285061 0.000303722 -0.0162566 -0.0282575 0.0127464 -0.00874739 -0.0186986 0.0340111 -0.0254216
internal_weight=24.5046 15.2134 12.1314 9.2912 9.04445 8.09978 4.81051 3.08208 4.48069 3.26757 3.0869 2.34315 6.94882 2.59253
internal_count=7213 2311 1780 4902 650 399 1070 531 3832 644 1130 1108 344 523
is_linear=0
shrinkage=0.05


Tree=105
num_leaves=15
num_cat=0
split_feature=37 125 2 48 69 111 71 27 40 108 113 124 38 33
split_gain=2.10369 1.12105 1.10517 1.14876 0.867893 0.819751 0.742038 0.715107 0.681671 0.476868 0.476762 0.461676 0.319349 0.318203
threshold=0.028742556460201744 -8.4999999999999982 36.183628082275398 0.0004497631016420201 34.703720092773445 1206.739685058594 21.367526054382328 577.66253662109386 0.011428944766521456 3.4695249269134372e-05 123.7387046813965 0.024406165815889839 0.15504807978868487 1380.250671386719
decision_type=8 2 8 10 2 2 2 10 10 2 2 10 10 10
left_child=10 4 6 5 -2 12 -3 9 -7 -5 -1 -11 13 -4
right_child=1 2 3 7 -6 8 -8 -9 -10 11 -12 -13 -14 -15
leaf_value=0.010235223706172704 0.013962362490235353 0.014165397888949447 0.040099028027410645 -0.016916771958032928 -0.028099275967169893 -0.023388933634854586 -0.026986058903647914 -0.024467445316712418 0.019028094589403414 0.027650468966113808 -0.037046981398561267 -0.0084988563115997121 0.0029474186149141359 -0.0018075585164118756
leaf_weight=0.18358282744884791 1.076230578997641 0.95439675659872891 5.6056181752937828 0.45323199540143777 2.837779154011514 0.86141705937916391 1.9775819683563893 1.3846851311391217 0.93813108885660768 1.9046818584902214 3.1988886641920544 0.71994796430226404 0.93986757326638315 0.39613374863984052
leaf_count=1 105 36 321 129 556 633 104 520 142 89 4429 19 44 60
internal_value=-0.00125972 0.00535229 0.0111763 0.0171914 -0.0160459 0.0268361 -0.0133949 -0.00315474 -0.0023781 0.0100823 -0.0327308 0.0181255 0.0337554 0.0374699
internal_weight=23.4322 20.0497 16.1357 13.2037 3.91401 8.74117 2.93198 4.46255 1.79955 3.07786 3.38247 2.62463 6.94162 6.00175
internal_count=7188 2758 2097 1957 661 1200 140 757 775 237 4430 108 425 381
is_linear=0
shrinkage=0.05


Tree=106
num_leaves=15
num_cat=0
split_feature=37 11 137 17 32 52 122 122 122 46 32 131 113 46
split_gain=1.61668 1.22401 1.66773 1.10891 1.04067 0.902766 0.736982 0.73001 0.603755 0.535784 0.490937 0.483105 0.444148 0.411755
threshold=0.012592193204909565 0.14434523880481723 65.296279907226577 0.026559825055301193 30.066038131713871 1.3452380895614626 -62.786842346191399 -25.280444145202633 -224.60557556152341 3.974399987782818e-05 30.95268535614014 0.94282186031341564 123.7387046813965 0.0012693840544670822
decision_type=8 8 2 8 8 10 8 10 10 10 8 2 2 10
left_child=12 2 6 11 -3 7 8 -5 -2 -7 -8 -4 -1 -6
right_child=1 4 3 5 13 9 10 -9 -10 -11 -12 -13 -14 -15
leaf_value=0.01016438090697221 -0.01912743186169711 -0.013404965867655603 -0.022795186110822031 0.019390755147279639 0.036719742322849094 -0.0056030939480315074 0.0019577768300221335 -0.021792974683665048 0.021656698302223439 0.040757366741431905 -0.035079010291534707 0.012907438852718346 -0.035450927214550128 -0.0054714733550131935
leaf_weight=0.18261337280273737 0.61044811649480824 0.96847606834489763 1.8880364760116184 1.1050897315144541 4.1139185490610544 0.46972801492665928 0.97635803898447215 1.2104451082414023 1.1569736007659228 3.2673672884702682 3.7637899428664263 0.63895456539466966 2.4719883358629886 0.38366245315410186
leaf_count=1 49 80 912 18 400 212 136 26 80 90 1513 124 3559 16
internal_value=0.00037544 0.00557472 -0.002093 0.0118648 0.0237894 0.022451 -0.0196243 -0.00221771 0.00574874 0.0349775 -0.0284383 -0.0126676 -0.0303904 0.0327801
internal_weight=23.2078 20.5532 15.0872 8.57962 5.46606 6.05263 6.50757 2.31553 1.76742 3.7371 4.74015 2.52699 2.6546 4.49758
internal_count=7216 3656 3160 1382 496 346 1778 44 129 302 1649 1036 3560 416
is_linear=0
shrinkage=0.05


Tree=107
num_leaves=15
num_cat=0
split_feature=116 134 79 61 81 46 70 5 34 6 3 31 62 95
split_gain=2.07034 1.36205 1.55608 0.963103 0.921032 0.80617 0.604699 0.595714 0.582355 0.48531 0.537943 0.467055 0.370924 0.350412
threshold=1.7735509872436526 0.92711213231086742 0.089096426963806166 43.718763351440437 0.0090499590151011961 3.7389499993878423e-05 227.73469543457034 34.752981185913093 24.230171203613285 17.331782341003422 15.020658493041994 77.711997985839858 366.26119995117193 0.096685566008090987
decision_type=2 2 2 2 2 8 2 8 10 10 10 8 2 10
left_child=1 2 3 7 -2 -3 9 -1 -9 -7 -11 -4 -6 -8
right_child=4 5 11 -5 12 6 13 8 -10 10 -12 -13 -14 -15
leaf_value=-0.022265438770128074 -0.032912868428166139 -0.0096627631898128438 -0.0087445141259528177 -0.032687258352944192 -0.013710894249336265 0.029376098987069627 0.044873298253857247 0.026227580053772084 -0.010449773904322973 -0.018878218189857673 0.015535307837904919 0.032316665096649953 0.020409651239358294 -0.0037275674038077427
leaf_weight=0.73474573867861748 3.9869454738509367 1.0677773701027007 0.43002714059548486 2.941905329702422 0.46644712059060089 0.8906364659778786 3.5018143686465923 1.7434454327449205 1.0820956983952781 1.3754425761289897 1.1974962990498168 2.0718945319531485 0.94891276385169476 0.24519293889170501
leaf_count=76 4598 421 109 933 96 10 118 28 320 80 66 161 71 95
internal_value=0.00199492 0.0104862 -0.00304974 -0.0156326 -0.0225644 0.0239507 0.029499 0.00253748 0.0131214 0.0100445 -0.00299623 0.0247774 0.00814385 0.0415777
internal_weight=22.6848 17.2825 9.00411 6.50219 5.40231 8.27836 7.21058 3.56029 2.82554 3.46358 2.57294 2.50192 1.41536 3.74701
internal_count=7182 2417 1627 1357 4765 790 369 424 348 156 146 270 167 213
is_linear=0
shrinkage=0.05


Tree=108
num_leaves=15
num_cat=0
split_feature=134 46 79 31 35 137 18 96 32 122 39 79 8 46
split_gain=1.82542 1.93568 1.58088 1.16342 0.960704 0.931758 0.726416 0.571245 0.493643 0.440572 0.39978 0.337731 0.330428 0.262163
threshold=0.92711213231086742 3.974399987782818e-05 0.089096426963806166 103.9901809692383 30.665631294250492 95.292655944824233 6.0377999034244574e-05 0.2086504325270653 35.370967864990241 -101.01298904418944 0.20060975849628451 0.0065792321693152198 276.85243225097662 0.00010846250006579795
decision_type=2 8 2 8 8 2 10 8 10 8 8 2 10 8
left_child=2 11 4 -4 7 6 -3 -1 13 10 -6 -2 -5 -8
right_child=1 5 3 12 9 -7 8 -9 -10 -11 -12 -13 -14 -15
leaf_value=0.02462001977233649 -0.029257332200994818 0.042779196284024774 -0.020553056760044663 0.034961562457782314 -0.017535418364578934 -0.011880748228671561 -0.0087479108073289149 -0.017398199654218197 -0.017795279266143414 -0.035747557460232109 0.017968790540772876 0.0037569088149318457 -0.00253548509255541 0.022765761586442321
leaf_weight=0.91474627703428324 1.5170002530794566 4.1444220966077419 1.029800123360473 1.9206195856677371 0.70954257051926073 0.93111360433977086 0.27835314703406844 0.49537955096457165 0.53661171172279853 5.9555115796683831 0.48303138720802974 0.82254137186100695 0.57498827856034029 1.9236321334028614
leaf_count=22 1745 113 426 236 141 183 12 50 431 3354 9 329 21 106
internal_value=-0.000692044 0.0141988 -0.0133335 0.0124624 -0.0241518 0.0255456 0.0314734 0.00876476 0.00749783 -0.0309241 -0.00151843 -0.0200008 0.0280684 0.0172942
internal_weight=22.2373 10.1537 12.0836 3.52541 8.55821 7.81413 6.88302 1.41013 2.7386 7.14809 1.19257 2.33954 2.49561 2.20199
internal_count=7178 2919 4259 683 3576 845 662 72 549 3504 150 2074 257 118
is_linear=0
shrinkage=0.05


Tree=109
num_leaves=15
num_cat=0
split_feature=122 55 40 127 63 19 121 127 76 54 31 125 20 48
split_gain=1.44234 1.16892 1.34874 0.942396 0.576229 0.569756 0.544186 0.542807 0.436303 0.431668 0.412081 0.369632 0.248483 0.243305
threshold=-4.9998769760131827 503.92436218261724 0.011428944766521456 11.639018535614015 22.030667304992679 0.19999497383832934 -2074.918090820312 -1.0000000180025095e-35 0.28801843523979193 0.0047783539630472669 19.854426383972172 -5.4999999999999991 0.00015330409951275217 2.5381999876117337e-05
decision_type=10 10 10 10 2 8 2 10 2 10 10 2 10 10
left_child=1 6 -3 4 -2 -5 8 11 -1 -4 -9 -8 13 -11
right_child=3 2 9 5 -6 -7 7 10 -10 12 -12 -13 -14 -15
leaf_value=-0.017501274783668124 -0.036467217297959563 -0.027817888105733931 -0.013046304700863088 -0.015548219742543208 -0.0043239464111421121 0.023831684576605228 -0.00041338826750553334 -0.013805300577562192 0.017857045865061882 -0.0058618406042878907 0.018404332605008573 0.03741757149891705 -0.0034445270973574972 0.033186526500163828
leaf_weight=1.1625451576546764 3.428572898003039 2.8850247252848922 0.42287616227986324 0.65886364510515671 2.4748036478122231 1.3087458106165286 0.71308078180299972 1.126256844552701 0.49182597751496349 0.15569083462469313 0.87041101604700077 4.1674998600501576 0.51579050393775094 1.5572926882887257
leaf_count=63 3730 1389 35 324 851 122 24 70 13 136 54 190 125 43
internal_value=-0.000634224 0.00880956 -0.00822505 -0.016604 -0.0255705 0.00984932 0.0195674 0.0250998 -0.00422235 0.0148724 0.0016919 0.0327599 0.0225696 0.028785
internal_weight=21.9393 14.0683 5.53667 7.87099 5.90338 1.96761 8.53162 6.87725 1.65437 2.65165 1.99667 4.88058 2.22877 1.71298
internal_count=7169 2142 1728 5027 4581 446 414 338 76 339 124 214 304 179
is_linear=0
shrinkage=0.05


Tree=110
num_leaves=15
num_cat=0
split_feature=31 36 46 95 79 65 62 63 137 2 6 126 79 97
split_gain=1.4488 1.9652 1.52188 1.30659 1.17962 0.84655 0.774405 0.605851 0.39005 0.356098 0.348517 0.340768 0.319875 0.308059
threshold=80.422901153564467 81.071826934814467 3.974399987782818e-05 0.00055649023852311086 0.0087351235561072844 32.696172714233406 7.9239802360534677 140.01151275634768 46.685977935791023 20.802987098693851 126.93428802490236 1637.150085449219 0.29909639060497289 0.00017889399896375838
decision_type=8 10 8 8 2 2 2 2 2 10 10 2 2 10
left_child=1 6 4 7 -2 12 9 -4 -7 -1 -8 -6 -5 -13
right_child=2 -3 3 5 11 8 10 -9 -10 -11 -12 13 -14 -15
leaf_value=0.0084504023882878386 -0.033642602407992744 -0.038595558669858768 0.040700055399076937 -0.027087575075947196 -0.011112791830913349 -0.011738852565224906 0.026054389035596148 -0.0015965232963099135 0.023559426884385073 -0.026012675441767566 -0.010246251776208321 -0.0076738239613253966 0.0079934813594932149 0.032130994268813842
leaf_weight=0.57852846756577747 2.115379727038087 3.6502936869219411 4.3366298910696051 1.6485716835013602 0.32850360454176541 0.37574133620364625 2.4325743354856972 0.91884997161105264 2.02228704263689 1.0386994676373431 0.25449333025608201 0.22083081211894728 0.36132987611927081 0.83632812640280463
leaf_count=21 2503 2922 249 57 206 14 61 92 78 371 260 134 29 161
internal_value=-0.000189983 -0.0159241 0.00977034 0.0195369 -0.0155382 -0.00107396 0.00695416 0.034232 0.0162017 -0.015166 0.0207698 0.014617 -0.0202205 0.0241277
internal_weight=21.119 7.95459 13.1645 9.66341 3.50104 4.40793 4.3043 5.25548 2.39803 1.61723 2.68707 1.38566 2.0099 1.05716
internal_count=7158 3635 3523 519 3004 178 713 341 92 392 321 501 86 295
is_linear=0
shrinkage=0.05


Tree=111
num_leaves=15
num_cat=0
split_feature=128 120 46 123 11 3 35 34 69 124 31 33 4 7
split_gain=1.52225 1.23753 0.938988 0.88404 0.833623 0.785495 0.656492 0.645663 0.37265 0.43044 0.393667 0.440129 0.35893 0.340129
threshold=15.458685874938967 -24.499999999999996 3.974399987782818e-05 -15.659729957580565 0.12619426846504214 163.17218017578128 21.367526054382328 24.230171203613285 34.703720092773445 -0.0090215923264622671 94.232173919677749 833.96542358398449 39.342868804931648 110.93428802490236
decision_type=8 2 10 10 8 10 8 10 2 10 10 10 10 10
left_child=3 6 4 8 7 12 -2 -3 9 -1 -10 -12 -4 -8
right_child=1 2 5 -5 -6 -7 13 -9 10 -11 11 -13 -14 -15
leaf_value=0.024699202455488845 0.017318438865816174 0.0078971543136010271 0.04198960925990064 -0.031135058289520675 0.027907398575662046 -0.0074546464153408751 -0.032515075551971438 -0.02464907450053903 -0.026007863707576153 -0.0108647560409584 0.020006690952433646 -0.014276913905105867 -0.0046490789503814238 0.0045370737077796838
leaf_weight=1.3073208752030039 0.45940023660659735 2.4844861850142497 4.1058120174566284 3.4113573923241329 1.3100022105791138 0.75172472599660967 1.7371392341447065 1.8774606629449406 0.9781100565742239 0.63234112973441359 0.93714384781196691 0.85724373432458378 0.24534945693449106 0.51410134055186052
leaf_count=97 6 37 227 4149 101 73 431 974 290 102 51 444 107 92
internal_value=0.000992766 0.011028 0.0183951 -0.015049 0.00315604 0.032041 -0.0153219 -0.00809579 8.35234e-06 0.0133532 -0.0103927 0.00438025 0.0389824 -0.0252607
internal_weight=21.609 13.4855 10.7748 8.12352 5.67195 5.10289 2.71064 4.36195 4.71216 1.93966 2.7725 1.79439 4.35116 2.25124
internal_count=7181 2048 1519 5133 1112 407 529 1011 984 199 785 495 334 523
is_linear=0
shrinkage=0.05


Tree=112
num_leaves=15
num_cat=0
split_feature=69 79 18 31 18 4 3 7 65 90 54 17 37 120
split_gain=1.39528 2.34745 1.20066 1.1107 1.05596 0.948218 0.708636 0.66758 0.751765 0.60875 0.368456 0.346306 0.329279 0.300177
threshold=37.743314743041999 0.069180883467197432 0.00010416949953651057 102.65913009643556 1.1647000064840542e-05 528.70733642578136 163.17218017578128 21.316130638122562 32.696172714233406 0.00020673018298111859 6.2843715568305938e-05 0.13361760228872302 0.080726619809865965 -264.49999999999994
decision_type=2 2 8 8 10 8 10 10 2 8 8 8 8 2
left_child=2 5 4 -3 -1 9 10 -4 -9 -2 -5 -10 -12 -6
right_child=1 3 7 6 13 -7 -8 8 11 -11 12 -13 -14 -15
leaf_value=-0.015938578553534023 0.0021790867653030755 -0.017978316585777979 0.018537112871599242 -0.0080838801702585086 -0.0055527249238851925 0.010955571311741564 -0.013688981382876195 -0.028117503179473036 -0.011948490771478032 -0.040266724878696737 -0.006520246673943764 0.020744678130360437 0.039135113976730397 0.042521945424602664
leaf_weight=0.46640291134826917 0.86615920561598425 1.275365324312588 1.5920103804674006 0.16892978060059327 0.11913357206503894 0.87709268476464775 0.43609383748844255 2.0850381499330983 0.50488660839619082 5.0630366318800952 0.14980515060597133 1.0870636608451605 3.108662549755536 3.4327465481183026
leaf_count=535 201 730 51 3 15 407 44 506 187 3859 259 20 235 180
internal_value=0.000418067 -0.0105234 0.0141458 0.0135661 0.0316647 -0.0281193 0.0255347 -0.00213445 -0.0131344 -0.0346465 0.0324901 0.00976652 0.0359979 0.0400438
internal_weight=21.2324 11.9451 9.28728 5.13886 4.01828 6.80629 3.86349 5.269 3.67699 5.9292 3.4274 1.59195 3.25847 3.55188
internal_count=7232 5738 1494 1271 730 4467 541 764 713 4060 497 207 494 195
is_linear=0
shrinkage=0.05


Tree=113
num_leaves=15
num_cat=0
split_feature=127 40 120 3 110 46 53 49 20 101 75 127 60 137
split_gain=1.32853 1.37479 1.1725 0.959475 0.830824 0.577978 0.567122 0.457812 0.440656 0.395103 0.378587 0.346875 0.418629 0.344585
threshold=117.4331398010254 0.014185110572725536 -37.499999999999993 150.95085906982425 364.57250976562506 0.16695995628833774 38.323677062988288 6.4725998527137576e-05 0.0016649427125230434 0.4311408549547196 0.70294117927551281 -26.746062278747555 38.548343658447273 97.085403442382827
decision_type=8 10 2 10 2 8 8 8 8 10 2 10 2 2
left_child=1 4 -2 6 5 10 -4 -8 -3 -6 -1 12 -7 -9
right_child=2 8 3 -5 9 11 7 13 -10 -11 -12 -13 -14 -15
leaf_value=0.024889894874641796 -0.015853885236586079 0.025328613317347776 -0.0063080763465645359 -0.012024126902054519 -0.036035994313707492 0.018888968330666302 -0.0082750930154908177 0.040820907058096892 -0.011458219147711442 0.0021818982049301196 -0.010067993344501449 -0.026764601144666136 -0.017403796767957263 -0.0063655753913622257
leaf_weight=1.3456140228081475 1.7097564533469265 2.1825834475166626 0.61763581458944994 1.0495260465831959 4.0561483469209634 0.77447493153158553 0.22543348479666736 4.8192779506207444 0.44639415983692732 0.65386323127313506 0.49931324855424453 1.2935125185176732 0.46148023495334201 0.14877990575041611
leaf_count=93 296 187 37 171 4715 17 318 343 219 348 21 384 50 12
internal_value=0.000832286 -0.00979855 0.0148674 0.0235664 -0.0187031 -0.00186351 0.0308159 0.0355365 0.0176461 -0.0312775 0.0152155 -0.0151021 0.00361487 0.038578
internal_weight=20.2838 11.7134 8.57041 6.86065 9.08441 4.37439 5.81113 5.19349 2.62898 4.71001 1.84493 2.52947 1.23596 4.96806
internal_count=7211 6034 1177 881 5628 565 710 673 406 5063 114 451 67 355
is_linear=0
shrinkage=0.05


Tree=114
num_leaves=15
num_cat=0
split_feature=107 18 69 34 40 120 67 75 68 4 70 129 133 125
split_gain=1.52829 0.954111 1.18593 0.816195 0.669032 0.656277 0.566509 0.504539 0.424241 0.603732 0.45252 0.398475 0.387463 0.280091
threshold=452.79356384277349 9.538800077280031e-05 113.79822540283205 20.582816123962406 0.011428944766521456 -143.49999999999997 38.959489822387702 0.1505304351449013 32.714891433715827 20.458659172058109 1380.250671386719 1.0000000180025095e-35 0.99140444397926342 28.500000000000004
decision_type=2 10 2 8 8 2 2 2 2 10 2 8 2 2
left_child=1 5 3 11 -2 -1 8 -4 9 -7 -10 -3 13 -6
right_child=4 2 7 -5 12 6 -8 -9 10 -11 -12 -13 -14 -15
leaf_value=-0.014936473377878682 -0.035077165014314314 -0.012113010604362621 -0.010159777257797204 -0.026126397514951823 -0.025472292041788115 0.021404845544744533 -0.0062654720019740071 0.031040517422522864 0.037646163770821396 -0.020495521408009296 -0.0073475910533003994 0.02400338569580536 0.015369619618578285 0.0070527029756335948
leaf_weight=0.61112045354093414 2.6240320518554645 0.49737756187096127 0.48209011874860164 4.0881770272389986 0.70753207828965969 0.8287042491137997 1.0409156319219617 1.6159486115211621 4.6165964535612147 0.63028313696850091 0.29431245359592129 0.87800548225641251 1.0569440030376427 0.51776285850792192
leaf_count=48 4533 20 256 1135 194 15 105 193 196 15 207 15 174 147
internal_value=0.000123875 0.00789692 -0.00465477 -0.0163989 -0.0217221 0.0189329 0.0231696 0.0213499 0.0281772 0.00233008 0.0341628 0.0113416 -0.000358285 -0.0147353
internal_weight=20.4898 15.5835 7.5616 5.46356 4.90627 8.02193 7.41081 2.09804 6.3699 1.45899 4.91091 1.37538 2.28224 1.22529
internal_count=7253 2205 1619 1170 5048 586 538 449 433 30 403 35 515 341
is_linear=0
shrinkage=0.05


Tree=115
num_leaves=15
num_cat=0
split_feature=134 95 21 122 137 127 110 127 73 120 137 63 98 126
split_gain=1.46322 0.98354 0.892251 0.810633 0.652757 0.596299 0.485671 0.480334 0.520242 0.430642 0.424412 0.420596 0.396595 0.352599
threshold=0.92711213231086742 1.0188800388277743e-05 0.020374134182929996 -4.9998769760131827 65.296279907226577 28.163084030151371 546.86447143554699 -50.571344375610344 207.4160079956055 -39.499999999999993 95.292655944824233 147.34780883789065 0.0040158054325729617 -1679.0372924804685
decision_type=2 8 10 10 2 10 2 10 2 2 2 2 8 2
left_child=3 -2 4 7 -3 -5 -4 9 -9 -1 12 -11 -6 -10
right_child=1 2 6 5 10 -7 -8 8 13 11 -12 -13 -14 -15
leaf_value=-0.014775814272754007 -0.017638735509149749 -0.0095764386818167017 0.014057070048150306 -0.032324245898427077 -0.0008567462375970368 0.0080014529190010741 -0.016954671771364244 -0.026009084691153303 -0.013325836457928132 0.025414460711774084 -0.0037438137516156537 -0.011541304753026803 0.046273613011417407 0.017785820790148062
leaf_weight=0.40342640521703321 1.079671006940768 0.4146492484724148 1.8515004096552732 3.2534521205234364 0.45227888226509083 0.73335890917223867 1.2660165810375472 1.4520710028882606 0.6212163449381477 2.6929558693082076 0.38761490798788134 0.35191354271955777 3.8244190571131185 1.2495710904186124
leaf_count=63 1969 33 193 2887 47 167 565 372 158 315 14 61 81 233
internal_value=0.00269862 0.0163717 0.0222825 -0.00948081 0.0334361 -0.0247894 0.000404169 0.00156285 -0.0104953 0.0129296 0.0382754 0.0193459 0.0420716 0.00641162
internal_weight=20.0341 9.27615 8.19648 10.758 5.07896 3.98681 3.11752 6.77115 3.32286 3.4483 4.66431 3.04487 4.2767 1.87079
internal_count=7158 2902 933 4256 175 3054 758 1202 763 439 142 376 128 391
is_linear=0
shrinkage=0.05


Tree=116
num_leaves=15
num_cat=0
split_feature=116 78 20 66 98 2 69 17 48 79 122 5 38 1
split_gain=1.1347 1.1709 1.00223 1.09846 0.716369 0.707207 0.646286 0.526535 0.386827 0.337533 0.336926 0.331167 0.326828 0.326621
threshold=1.4229232072830202 0.42463037371635443 0.00014730769908055666 19.731782913208011 0.0041964799165725717 515.28369140625011 16.41551494598389 0.071340970695018782 3.2918998840614229e-05 0.076340328902006163 79.553733825683608 1344.7073364257815 0.13363095372915271 678.24957275390636
decision_type=2 2 8 2 10 8 2 10 10 2 8 10 10 2
left_child=1 2 4 -4 -1 9 -2 -8 -6 -5 -9 12 -10 -3
right_child=6 13 3 5 8 -7 7 10 11 -11 -12 -13 -14 -15
leaf_value=-0.012761447103872395 0.015705640635209014 0.037554243921206772 0.022864114639462682 -0.027959783732854928 -0.0082576683517062155 0.012949885161991538 -0.033689087687976238 0.0088000068423020605 0.039636660172815044 0.0092022315872264358 -0.018567649963408754 -0.0064179832822237525 -0.0019903524666947522 -0.0025248507598987727
leaf_weight=0.97988279408309686 0.61525369249284168 2.2044471154804337 1.0608592294156558 5.3145349505066406 0.33396718729636665 0.82786381093319494 3.0037970103730913 1.6949841980240306 2.4221300682984301 0.20906154310796399 0.96816477648098986 0.24735510867321853 0.43973989551886905 0.46129571535857383
leaf_count=502 22 246 23 549 141 261 5060 149 56 9 68 53 12 72
internal_value=-0.000543557 0.00712873 -0.000478952 -0.0112498 0.0163171 -0.0192827 -0.0168004 -0.022156 0.0256021 -0.0253582 -0.00350199 0.0303636 0.0343813 0.0318219
internal_weight=20.7833 14.5011 11.8354 7.41232 4.42308 6.35146 6.2822 5.66695 3.44319 5.5236 2.66315 3.10923 2.86187 2.66574
internal_count=7223 1924 1606 842 764 819 5299 5277 262 558 217 121 68 318
is_linear=0
shrinkage=0.05


Tree=117
num_leaves=15
num_cat=0
split_feature=19 54 17 137 11 117 48 68 64 134 65 134 97 122
split_gain=1.24633 0.952709 0.926223 0.800467 0.721645 0.732075 0.509541 0.449377 0.355685 0.285691 0.252865 0.230529 0.203868 0.195645
threshold=0.17958631366491321 6.2843715568305938e-05 1.0995500360877488e-05 94.584484100341811 0.50249999761581432 1.2500000000000002 3.2918998840614229e-05 50.118621826171882 38.377182006835945 0.94481638073921215 15.143082618713381 0.99585920572280895 0.22505108267068866 -15.950769424438475
decision_type=8 10 10 2 8 2 10 2 2 2 2 2 10 8
left_child=2 3 -1 4 5 13 -3 -4 10 -5 -8 -7 -12 -2
right_child=1 6 7 9 -6 11 8 -9 -10 -11 12 -13 -14 -15
leaf_value=0.012728781111616608 0.01708198823597526 -0.010265679626016721 0.0021263348208426926 0.026891170691913907 0.014666969957187317 -0.039506951546304868 -0.0036798577360555884 -0.03214516203796728 -0.0086308121638293944 -0.0091620536407409948 0.031772998963775896 0.0047322471373886735 -0.00095548707538100621 -0.0094098037112399988
leaf_weight=1.2494558849139163 0.53755043860292062 0.79547544548404392 1.0029356657760216 0.90034812875092007 0.69985334106604558 2.48940223819227 0.4257062975084408 4.8017965093313251 0.35470048218849104 0.20651939802337438 4.3302278057672083 0.10441332426853467 0.45953282620757807 0.41911029070615624
leaf_count=143 8 625 43 15 149 827 23 4995 119 42 213 3 11 35
internal_value=-0.0038304 0.00611924 -0.0190718 -0.00861045 -0.0180535 -0.026309 0.0180015 -0.0267815 0.0229864 0.0190085 0.0261793 -0.0369049 0.0290103 0.00659842
internal_weight=18.777 11.7228 7.05419 5.3572 4.25033 3.55048 6.36564 5.80473 5.57017 1.10687 5.21547 2.59382 4.78976 0.956661
internal_count=7251 2070 5181 1079 1022 873 991 5038 366 57 247 830 224 43
is_linear=0
shrinkage=0.05


Tree=118
num_leaves=15
num_cat=0
split_feature=129 121 40 127 72 100 101 123 49 53 7 137 5 73
split_gain=1.18698 1.14115 0.833199 0.643687 0.60139 0.584864 0.536716 0.335707 0.32374 0.360839 0.282348 0.274484 0.255462 0.273665
threshold=0.013021695427596571 -2074.918090820312 0.016261236742138866 -1.3607296347618101 1413.9710083007815 0.19710198044776919 0.0015830695047043266 1157.5614013671877 6.4725998527137576e-05 38.323677062988288 17.823994636535648 97.085403442382827 212.94191741943362 611.74948120117199
decision_type=8 2 8 10 2 10 8 8 8 8 10 2 10 2
left_child=2 5 6 4 8 -2 -1 -8 -3 10 -10 -11 -5 -14
right_child=1 3 -4 12 -6 -7 7 -9 9 11 -12 -13 13 -15
leaf_value=0.013359207727487011 -0.022997930643094487 -0.007121943590148401 0.014161357634211719 -0.014781010118528483 -0.010601482973969845 0.011173256643467492 -0.033126692379678399 -0.0027076034840109366 0.016714451972735581 0.040171858909656792 -0.015208225313938126 -0.0048938602754999491 0.017310159213987094 -0.011737059736422133
leaf_weight=0.3786858100502285 2.1536646658496461 0.17670189018826832 1.4401065468555314 0.84429580956930594 0.45541189171490248 1.2987973447889087 3.345279686618595 1.3867559210048068 0.36911824718117703 4.904956116923131 0.40387790440581739 0.14294831088045601 1.4333612963382618 0.38871074261260208
leaf_count=70 580 249 302 245 191 191 4363 250 3 348 38 14 176 172
internal_value=0.00316204 0.0118674 -0.0129037 0.0205452 0.0280884 -0.0105206 -0.0215996 -0.0262397 0.0321214 0.0341822 0.000864959 0.0382975 -0.000392231 0.00915019
internal_weight=19.1227 12.5718 6.55083 9.11938 6.45301 3.45246 5.11072 4.73204 5.9976 5.8209 0.772996 5.0479 2.66637 1.82207
internal_count=7192 2207 4985 1436 843 771 4683 4613 652 403 41 362 593 348
is_linear=0
shrinkage=0.05


Tree=119
num_leaves=15
num_cat=0
split_feature=134 11 100 124 101 69 95 32 32 54 120 32 48 40
split_gain=1.09664 1.03418 0.962222 1.00457 0.68006 0.592159 0.588048 0.644681 0.553722 0.614156 0.464895 0.363511 0.36342 0.209437
threshold=0.92711213231086742 0.14023724198341372 0.19710198044776919 0.16750355809926989 0.017553288489580158 40.658084869384773 0.00055649023852311086 16.358708381652836 27.263514518737797 6.2843715568305938e-05 -39.499999999999993 257.30628204345709 0.00011086000085924753 0.020942983217537407
decision_type=2 8 8 10 10 2 10 8 10 8 2 10 10 10
left_child=1 5 4 11 12 8 7 -3 9 -1 -11 -4 -2 -6
right_child=2 6 3 -5 13 -7 -8 -9 -10 10 -12 -13 -14 -15
leaf_value=-0.019488406576547507 -0.0089035745779850357 -0.014083942706738798 0.03624970921249681 -0.01019471489107418 -0.027997614708689628 -0.036694359473265964 -0.012911822155425572 0.032775627983956029 -0.021327952645007458 -0.011276761317137222 0.02888495760864996 -0.0076049867852116919 0.027483649826331613 0.0021970436573260049
leaf_weight=0.56638666614890221 0.51030281119164767 0.35946625546785205 4.3855631178303165 1.2129899130377451 1.4383630848606119 2.1657750875747297 0.96684955025557417 1.8376348059682643 2.0958409194718115 0.38875936210388329 1.5814826374407853 0.17796286646625947 0.73730919742956758 0.57225332770030934
leaf_count=52 335 29 407 26 1781 2097 433 236 1354 18 38 206 46 110
internal_value=0.00139223 -0.00961049 0.0132731 0.0241578 -0.00716578 -0.0197243 0.0116387 0.0231017 -0.00668428 0.00802429 0.0198318 0.03348 0.0152609 -0.0215285
internal_weight=18.9969 9.9622 9.03474 5.77652 3.25823 6.79824 3.16395 2.1971 4.63247 2.53663 1.97024 4.56353 1.24761 2.01062
internal_count=7168 4257 2911 639 2272 3559 698 265 1462 108 56 613 381 1891
is_linear=0
shrinkage=0.05


Tree=120
num_leaves=15
num_cat=0
split_feature=126 95 46 120 70 79 123 61 40 45 75 51 35 108
split_gain=1.03874 1.28747 1.41226 0.686084 0.695561 0.493197 0.422895 0.373595 0.372062 0.41737 0.32921 0.305707 0.281516 0.257685
threshold=-1679.0372924804685 0.00055649023852311086 3.974399987782818e-05 -39.499999999999993 34.703720092773445 0.0093898782506585139 -1118.336975097656 70.168914794921889 0.096464019268751158 0.16294912248849872 0.96428570151329052 7.5000000000000009 16.41551494598389 0.01619599107652903
decision_type=2 10 8 2 2 2 10 2 10 10 2 2 8 2
left_child=8 2 5 7 -5 10 -3 -4 9 12 -2 -6 -1 -7
right_child=1 6 3 4 11 13 -8 -9 -10 -11 -12 -13 -14 -15
leaf_value=0.005189799365553251 -0.029977532261895586 0.0057920056962229606 -0.0203178399972243 -0.0042784577103350645 0.042693824309560917 -0.010169556654638423 -0.024208120784122086 0.013720450502891246 0.0091895229849930111 0.0081559503384697439 0.0065634821678751606 0.0056267101922151163 -0.032147149983075343 0.02054355456340843
leaf_weight=0.28770347312093125 1.4925425860274093 1.2654744764440695 0.62280115223256849 0.92782512912526804 4.4975901762663852 0.35539428511401616 2.5734169311763244 0.65130806065280922 0.51943614578340191 0.48280087905004609 0.4087141379714011 0.99156013978063118 3.0966774218832143 0.73880392682622187
leaf_count=6 2314 131 61 19 303 34 1495 42 31 27 5 257 2171 316
internal_value=0.000576434 0.00711317 0.0157291 0.0261597 0.0320442 -0.0108966 -0.0151655 -0.0045359 -0.0183709 -0.0232003 -0.0225675 0.037897 -0.0285134 0.0104753
internal_weight=18.912 14.5254 10.6865 7.69108 6.41698 2.99545 3.83889 1.27411 4.38662 3.86718 1.90126 5.48915 3.38438 1.0942
internal_count=7212 4977 3351 682 579 2669 1626 103 2235 2204 2319 560 2177 350
is_linear=0
shrinkage=0.05


Tree=121
num_leaves=15
num_cat=0
split_feature=6 11 69 69 34 32 137 34 16 34 39 39 127 16
split_gain=1.12438 1.01963 0.932385 1.42695 0.850713 0.754327 0.582227 0.537842 0.422925 0.377899 0.352357 0.231506 0.200187 0.192604
threshold=17.331782341003422 0.22271825373172763 34.703720092773445 34.620903015136726 92.147354125976577 30.066038131713871 94.584484100341811 24.230171203613285 0.15057660639286044 20.968513488769535 0.49875621497631079 0.073656264692544951 -17.176360130310055 7.4214742198819308e-05
decision_type=10 8 2 2 10 8 2 8 10 8 10 8 8 8
left_child=8 2 3 9 5 -3 7 -4 -1 -2 13 -8 -7 -9
right_child=1 4 6 -5 -6 12 11 10 -10 -11 -12 -13 -14 -15
leaf_value=0.030216959595961324 0.0086567960023674027 -0.016359157113364046 0.0098100046909768042 0.031754378587210648 -0.02168228808684379 -0.002466098642097491 -0.012272760729529203 0.0025790178887714009 -0.0092888530701948271 -0.024001079586494219 0.0048652420545833193 0.016289269472780595 0.032835611989830905 -0.039743002013959791
leaf_weight=1.8801315809832915 0.6161612063879115 0.471149394114037 0.30363370571285475 1.3821825701161286 0.7280836043646558 0.30273378395941108 0.33771914042881679 0.15824409210472357 0.37780148023739446 2.4659591262752656 0.28421076457016159 0.60582761766272597 2.555883289023769 5.1794008992146701
leaf_count=38 29 31 9 52 851 20 483 43 34 977 18 27 246 4281
internal_value=-0.00435051 -0.00947849 -0.0168142 0.00118016 0.0102833 0.0206663 -0.0271728 -0.0322814 0.0227846 -0.016951 -0.0356928 0.00501159 0.0294268 -0.0382793
internal_weight=17.6491 15.3912 11.3333 4.4643 4.05785 3.32977 6.86904 5.92549 2.25793 3.08212 5.62186 0.943547 2.85862 5.33764
internal_count=7139 7067 5919 1058 1148 297 4861 4351 72 1006 4342 510 266 4324
is_linear=0
shrinkage=0.05


Tree=122
num_leaves=15
num_cat=0
split_feature=123 34 101 5 70 49 127 46 124 95 113 76 82 12
split_gain=1.03667 0.794178 0.710933 0.670503 0.572023 0.620303 0.475743 0.427173 0.412767 0.283001 0.276147 0.256861 0.202748 0.195126
threshold=67.288635253906264 38.71052551269532 0.00035426550311967736 593.30627441406261 67.769710540771499 0.092640854418277754 1.0561754703521731 3.974399987782818e-05 0.089081835001707091 6.9817499024793519e-05 45.858495712280281 0.14121989160776141 0.019834765233099464 0.012861869297921659
decision_type=8 10 8 10 2 10 8 8 10 8 2 2 2 8
left_child=1 6 -3 4 10 7 11 12 9 13 -2 -1 -6 -8
right_child=3 2 -4 -5 5 -7 8 -9 -10 -11 -12 -13 -14 -15
leaf_value=-0.020809322836775671 0.0089253350810652929 0.014850487203788516 -0.031086647915033679 -0.014012521551075088 -0.0073825395582698284 -0.0094532078812459043 -0.014729311218886154 0.038182936159648448 -0.011055285472814813 0.027134841584630389 -0.016469286460906583 0.0089787360889018002 0.016844599469569947 0.011961094259376715
leaf_weight=1.3697151635424214 1.6329663572832962 0.41525467991596121 3.3254424060869496 1.1719414568215132 0.98576322075678013 0.66629256101441559 0.45227398743736635 3.7991266794851981 0.71969246375374485 2.1082888073287904 0.81581440474838007 0.38100983572076064 0.62127250654157251 0.32702440745197237
leaf_count=349 23 67 4885 509 617 72 181 198 52 82 63 47 69 16
internal_value=0.00266561 -0.00896609 -0.0239303 0.0134014 0.0182474 0.025471 0.00360183 0.0305791 0.0129823 0.020276 -0.0018572 -0.0134192 0.00485214 -0.00310141
internal_weight=18.7919 9.0987 3.7407 9.69318 8.52124 6.07245 5.358 5.40616 3.60728 2.88759 2.44878 1.75072 1.60704 0.779298
internal_count=7230 5679 4952 1551 1042 956 727 884 331 279 86 396 686 197
is_linear=0
shrinkage=0.05


Tree=123
num_leaves=15
num_cat=0
split_feature=126 6 46 120 4 3 101 81 73 124 90 75 127 11
split_gain=1.1933 0.85606 0.797693 0.713774 0.638682 0.590206 0.460856 0.433077 0.413005 0.411656 0.365539 0.301719 0.24262 0.22252
threshold=213.83769226074222 17.331782341003422 3.974399987782818e-05 -39.499999999999993 39.342868804931648 154.84339141845706 0.00035426550311967736 0.043167702853679664 210.78704833984378 0.50506445765495311 0.2441067844629288 0.96428570151329052 96.363636016845717 0.12407253682613374
decision_type=2 10 8 2 10 10 8 2 2 10 10 2 10 10
left_child=1 -1 7 8 5 -5 -3 11 -4 10 12 -2 -8 -9
right_child=2 6 3 4 -6 -7 9 13 -10 -11 -12 -13 -14 -15
leaf_value=0.016828618145818496 -0.025898502368808685 0.009746557733680751 -0.022350674501828201 0.041576428394646543 -0.0090713389195283128 -0.0028220236622275279 -0.032472394401775871 -0.0090089665921645381 0.013435428901801475 0.0077994188303920188 0.0044890953706083984 0.0073729762219225522 0.00031913992151583464 0.0225873144999299
leaf_weight=1.2659855783567779 1.5431403848051535 0.70616029179655004 0.73209133307682328 3.4723640700976839 0.56742527583264735 0.75306844382430416 5.1442719624028541 0.20822130213491608 0.6128261205740273 0.57242566903005343 0.62097223071032193 0.43017444200813759 0.59980349577381264 0.53097139613237232
leaf_count=35 2480 83 74 257 606 76 3290 29 65 17 39 6 92 17
internal_value=-0.000351487 -0.0125843 0.0119907 0.0209778 0.0287905 0.0346378 -0.0188392 -0.00851801 -0.00726866 -0.0226102 -0.0260327 -0.0186051 -0.0295087 0.0136245
internal_weight=17.7599 8.90962 8.85028 6.13778 4.79286 4.22543 7.64363 2.71251 1.34492 6.93747 6.36505 1.97331 5.74408 0.739193
internal_count=7166 3556 3610 1078 939 333 3521 2532 139 3438 3421 2486 3382 46
is_linear=0
shrinkage=0.05


Tree=124
num_leaves=15
num_cat=0
split_feature=116 121 125 69 72 48 3 25 46 2 123 3 68 19
split_gain=0.947352 0.917766 0.696439 0.684291 0.55936 0.646021 0.483595 0.477676 0.468556 0.404581 0.392666 0.318777 0.281982 0.176851
threshold=1.4229232072830202 -2314.5812988281245 -6.4999999999999991 16.41551494598389 38.200859069824226 6.4186398958554505e-05 21.391165733337406 320.64303588867193 0.16695995628833774 20.802987098693851 154.77207183837893 167.50858306884768 524.08663940429699 0.03096355497837067
decision_type=2 2 2 2 2 8 10 10 10 10 10 10 2 10
left_child=1 6 12 -2 9 13 -1 -8 11 -4 -5 -7 -3 -6
right_child=3 2 4 10 5 8 7 -9 -10 -11 -12 -13 -14 -15
leaf_value=-0.026556111873527029 0.017213147520961775 -0.016452861125812811 0.016967815690403978 -0.025593519321658972 0.013228972375952306 0.043266318841347656 0.01964871782616983 -0.01748936273128416 -0.0084869356907653817 -0.016005520859324877 0.008557241461793345 -0.0014840091972338381 0.012472098384136862 -0.010879095190390863
leaf_weight=1.3546105127607 0.68671223614364763 1.3874038171488781 0.71241454035043972 4.015588632930303 0.26304513428476617 4.0610188601713162 1.1438164096616672 0.50580678833648551 0.20424158414243709 1.042468700208701 0.50736852033878665 0.36144795280415554 0.42869903380051244 0.94321107055293396
leaf_count=251 24 104 15 4902 59 272 59 138 363 63 267 40 123 419
internal_value=0.00236483 0.00973003 0.0170324 -0.0139193 0.0231332 0.0296064 -0.0116731 0.00595845 0.036741 -0.00131942 -0.0209069 0.0400097 -0.00762073 -0.00200865
internal_weight=17.6179 12.4082 9.40395 5.20967 7.58785 5.83296 3.00423 1.64962 4.62671 1.75488 4.52296 4.42247 1.8161 1.20626
internal_count=7099 1906 1458 5193 1231 1153 448 197 675 78 5169 312 227 478
is_linear=0
shrinkage=0.05


Tree=125
num_leaves=15
num_cat=0
split_feature=69 79 31 137 17 55 113 48 93 75 8 121 122 128
split_gain=0.929165 1.58964 0.91518 0.771924 0.533832 0.457836 0.430877 0.363203 0.326209 0.296336 0.26903 0.244359 0.243306 0.209669
threshold=37.743314743041999 0.095811817795038237 102.65913009643556 58.770200729370124 0.018800960853695873 459.08020019531256 509.82620239257818 0.0004497631016420201 1.2222500117786696e-05 0.71921181678771984 276.85243225097662 -737.83163452148426 -169.35871124267575 -20.938091278076168
decision_type=2 2 8 2 8 10 2 10 8 2 10 2 8 8
left_child=3 5 -3 -1 13 6 12 -8 -6 -10 -4 -11 -2 -5
right_child=1 2 10 4 8 -7 7 -9 9 11 -12 -13 -14 -15
leaf_value=-0.011910650375384057 0.0057855856049576528 -0.016631209105178027 0.033238597389549991 0.010626726127385572 -0.0063286205116784462 -0.034859757509063859 0.022010357260850367 -0.011377395408983325 0.038530842051210608 -0.0077367396141599411 -0.0012865569715276924 0.018111554402665955 -0.027860169573636351 -0.016143686900541961
leaf_weight=1.8385674835008119 0.33176255918806419 0.98253418461536091 2.019233821658418 0.36861605243757367 0.36861007072729979 3.1568534441175871 0.93013401434291132 0.59730428789043799 2.6105907747987658 0.8090059147216383 0.60488886054372404 1.2336878711357711 1.0006259501387815 0.77404570323415078
leaf_count=471 15 709 433 42 533 4186 35 205 62 11 31 33 160 310
internal_value=0.000306071 -0.00972496 0.0141791 0.0121083 0.0199345 -0.0240327 -0.00614612 0.00961835 0.0260578 0.029289 0.0271211 0.00869616 -0.0205938 -0.00657861
internal_weight=17.6265 9.62334 3.60666 8.00312 6.16456 6.01668 2.85983 1.52744 5.02189 4.65328 2.62412 2.04269 1.33239 1.14266
internal_count=7236 5774 1173 1462 991 4601 415 240 639 106 464 44 175 352
is_linear=0
shrinkage=0.05


Tree=126
num_leaves=15
num_cat=0
split_feature=3 58 40 122 20 127 69 46 120 121 48 137 134 27
split_gain=1.29849 0.91866 1.12592 0.72603 0.697858 0.659544 0.489276 0.453136 0.37116 0.342617 0.3094 0.204729 0.189641 0.178291
threshold=11.259958267211916 636.91967773437511 0.0090225767344236391 -31.902875900268551 0.00088735049939714383 96.363636016845717 37.025253295898445 0.16695995628833774 -103.49999999999999 -1765.809631347656 3.2918998840614229e-05 94.584484100341811 0.99585920572280895 331.74688720703131
decision_type=8 2 10 8 10 10 2 10 2 2 10 2 2 10
left_child=3 7 6 9 10 11 -3 8 -2 -1 -4 12 -5 -8
right_child=1 2 4 5 -6 -7 13 -9 -10 -11 -12 -13 -14 -15
leaf_value=-0.013068365384597347 -0.004065550733766252 0.0068328021048191774 -0.005045780670368049 -0.039544361570077458 -0.013616735017052455 0.01249335612149503 -5.2540401086497675e-05 -0.010704369542106391 0.036726566084211397 0.021524325153603113 0.031621585581050486 -0.0025960516409252463 0.0011955027849588206 -0.030021280607640505
leaf_weight=0.3330435702810064 0.43266770639456886 1.1507660930801646 0.39047156029846597 2.8786227897799144 0.78087690914981056 0.42909785514348175 0.5864195461617786 0.23897769430186588 2.965451803756876 0.86280014083604306 2.5127488202997483 0.66737946198554698 0.24623215734027315 2.3597703455743613
leaf_count=65 7 400 223 3110 219 80 36 6 241 74 108 395 87 2125
internal_value=0.000248034 0.00967222 -0.000733313 -0.0180278 0.0170391 -0.0264994 -0.0169223 0.0272909 0.0317892 0.0103262 0.0266607 -0.0325978 -0.0368226 -0.0255811
internal_weight=16.8353 11.4182 7.78105 5.41718 3.6841 4.22133 4.09696 3.6371 3.39812 1.19584 2.90322 3.79223 3.12485 2.94619
internal_count=7176 3365 3111 3811 550 3672 2561 254 248 139 331 3592 3197 2161
is_linear=0
shrinkage=0.05


Tree=127
num_leaves=15
num_cat=0
split_feature=69 27 18 137 79 82 35 127 18 4 11 52 23 101
split_gain=1.10332 1.07406 0.949077 0.729393 0.671821 0.578228 0.50068 0.374373 0.329908 0.300916 0.266132 0.259868 0.251607 0.246971
threshold=37.743314743041999 557.16253662109386 7.9738500062376274e-05 65.296279907226577 0.021054964512586597 0.02312215976417065 30.665631294250492 117.4331398010254 1.1647000064840542e-05 34.752981185913093 0.15983193367719653 1.0500000119209292 13.500000000000002 0.040211893618106849
decision_type=2 10 10 2 2 2 8 8 8 8 10 8 2 8
left_child=2 4 3 9 7 -3 -4 13 -5 -1 -7 -6 -13 -2
right_child=1 5 6 8 11 10 -8 -9 -10 -11 -12 12 -14 -15
leaf_value=-0.016441913082912912 0.0074320446282040631 -0.034138159824205587 0.014908657102837328 -0.0065044750541542046 -0.007620938069449034 -0.012734170497416198 -0.017813640990640856 0.0089859171918004795 0.039277617693106087 0.013214589342613334 0.018368250562030296 0.031905264023201325 -0.0065651274009434647 -0.025469717228784345
leaf_weight=0.77827647968661307 0.25170749446260576 3.2857666755589889 0.94105586339719627 0.14909530189470421 0.19819455847027678 0.34745345648843784 2.1595849475997966 1.1394884488836394 3.1846881888341159 0.67357273753441382 0.49517458991613239 1.632294793758774 0.14973082393407833 1.5266351586178644
leaf_count=227 14 4507 66 175 125 191 683 94 107 197 28 212 64 519
internal_value=0.000999245 -0.0104248 0.0137766 0.0258861 0.00533734 -0.0265196 -0.00666851 -0.00914401 0.0362017 -0.00290503 0.00559258 0.0225838 0.0274749 -0.0198139
internal_weight=16.9127 9.02645 7.88627 4.78563 4.89805 4.12839 3.10064 2.91783 3.33378 1.45185 0.842628 1.98022 1.78203 1.77834
internal_count=7209 5754 1455 706 1028 4726 749 627 282 424 219 401 276 533
is_linear=0
shrinkage=0.05


Tree=128
num_leaves=15
num_cat=0
split_feature=37 11 69 91 73 137 131 32 125 78 30 121 49 46
split_gain=0.806803 0.76899 0.785454 0.584524 0.578404 0.514833 0.510258 0.506799 0.423079 0.413322 0.364139 0.185062 0.188725 0.179208
threshold=0.016701534390449527 0.14434523880481723 37.743314743041999 0.0002785723918350414 62.797708511352546 89.115234375000014 0.94282186031341564 30.066038131713871 -13.499999999999998 0.12619426846504214 21.367526054382328 -63089.470703124993 0.00010680924970074558 0.16695995628833774
decision_type=8 10 2 8 2 2 2 8 2 2 8 2 10 10
left_child=-1 2 4 -4 6 -5 10 -3 -9 11 -2 -6 -13 -10
right_child=1 7 3 5 9 -7 -8 8 13 -11 -12 12 -14 -15
leaf_value=-0.029830528212556003 0.0079663077519201205 -0.012970676758790899 0.010049638318997247 -0.036146823481409039 -0.0027559801028542688 0.0036660868507062076 0.014037214269952825 -0.0073943515869495163 0.033973285629258013 -0.0089675797611250743 -0.028770217429182478 -0.0029573024785175908 0.031595949959715999 -0.0045904699745283285
leaf_weight=1.6355900232738338 0.42464147112332185 0.45170209283242091 0.73828835212043475 2.6904898305801912 0.38070481212344098 0.82118562338291656 0.75811793001776084 0.45942444104002866 2.3510784692771272 0.69388386030914251 1.5840811016969381 0.26935729544493403 2.0435824863961898 0.090062372386455425
leaf_count=3841 36 77 139 1690 51 362 80 47 316 19 161 71 274 1
internal_value=-0.00448708 0.000343433 -0.00650229 -0.0208104 0.00490601 -0.0280878 -0.010172 0.0182025 0.0251378 0.0167328 -0.0209376 0.0239887 0.027894 0.03163
internal_weight=15.3922 13.7566 10.4043 4.24996 6.15437 3.51168 2.76684 3.35227 2.90057 3.38753 2.00872 2.69364 2.31294 2.44114
internal_count=7165 3324 2883 2191 692 2052 277 441 364 415 197 396 345 317
is_linear=0
shrinkage=0.05


Tree=129
num_leaves=15
num_cat=0
split_feature=69 11 18 34 128 18 106 55 35 122 55 120 42 65
split_gain=0.820192 0.965112 0.742779 0.726517 0.548227 0.518263 0.709989 0.492552 0.426078 0.424345 0.328717 0.44588 0.203053 0.193138
threshold=37.743314743041999 0.15983193367719653 0.00010416949953651057 100.58281707763673 -3.91676914691925 1.1647000064840542e-05 56.13667297363282 459.08020019531256 30.665631294250492 -38.342811584472649 281.71716308593756 -4.4999999999999991 0.10363247990608217 19.796726226806644
decision_type=2 8 10 10 8 8 2 10 8 10 10 2 10 2
left_child=2 7 5 4 -3 -1 9 10 -4 -7 11 -2 13 -6
right_child=1 3 8 -5 12 6 -8 -9 -10 -11 -12 -13 -14 -15
leaf_value=-0.012490534382685476 0.011373221963293122 -0.0079761165125444514 0.013000055064889765 -0.020506811964734962 -0.0046184165195338597 0.01672793296497832 0.039123662284606092 -0.03305915012192244 -0.018887753286790265 -0.017015495133732773 0.013797909407069998 -0.026080574307461468 -0.0053426712583725944 0.035348969676376928
leaf_weight=0.36662236438133078 0.56887713324977096 0.8870895755244419 0.85298299347050521 0.66359480087703548 0.099462226266043952 0.91303572990000248 2.8973315853800159 2.5126554998278152 1.6431510122638426 0.81670291535556294 0.88509359845193092 1.0622230292647119 0.11098213493823994 1.9935739049687979
leaf_count=522 45 84 64 872 8 12 196 4128 639 19 48 310 2 204
internal_value=0.00175106 -0.00821952 0.0130348 0.00959885 0.0194947 0.0227735 0.0272907 -0.0209088 -0.00738939 0.000398952 -0.0028242 -0.01366 0.0295898 0.0325706
internal_weight=16.2734 8.78355 7.48983 3.7547 3.09111 4.99369 4.62707 5.02885 2.49613 1.72974 2.51619 1.6311 2.20402 2.09304
internal_count=7153 5701 1452 1170 298 749 227 4531 703 31 403 355 214 212
is_linear=0
shrinkage=0.05


Tree=130
num_leaves=15
num_cat=0
split_feature=121 122 79 10 35 120 35 127 53 63 137 129 114 12
split_gain=0.886475 0.85977 0.778784 0.687289 0.519536 0.420035 0.365382 0.36338 0.39005 0.338256 0.254357 0.220939 0.204107 0.174948
threshold=-2314.5812988281245 -3.5950726270675655 0.0093898782506585139 1.0000000180025095e-35 48.780223846435554 50.500000000000007 16.41551494598389 13.868290424346926 38.323677062988288 80.211017608642592 49.289484024047859 0.60777598619461071 0.47136361896991735 0.87500000000000011
decision_type=2 10 2 10 8 2 8 8 8 2 2 8 2 10
left_child=2 3 6 7 -5 -6 -1 10 -9 11 -2 -3 -7 -8
right_child=1 9 -4 4 5 12 13 8 -10 -11 -12 -13 -14 -15
leaf_value=0.0052913734731467451 -0.012558223768732314 -0.02736837601350068 0.0095115710519568433 0.017898151706783591 -0.025831536252073368 -0.010224933832457565 -0.037220931524928461 -0.0032066496059029331 0.037691865591195757 0.0060707113622430735 0.013396107716081147 0.0029572747483442292 0.016883104087926395 0.0039063583102815656
leaf_weight=0.37932493537664713 0.61841374538198568 1.7657511698926076 1.2496755935280814 0.96758934203535352 1.4954164922528437 0.33832476510724507 2.5187907562940386 0.51547667547129128 2.7251206312212162 1.1274114407424347 1.3593141981546066 0.53697992018715046 0.66115331334003713 0.086798628530232125
leaf_count=9 59 2849 319 77 366 527 1932 26 243 246 222 104 215 6
internal_value=-0.00140206 0.00562212 -0.0187275 0.0136296 -0.00333516 -0.014335 -0.0299702 0.0236122 0.0319642 -0.0131449 0.00378853 -0.0215424 0.00718245 -0.0351474
internal_weight=16.3455 12.111 4.23459 8.68081 3.46248 2.49489 2.98491 5.21833 3.2406 3.43014 1.97773 2.30273 0.999478 2.60559
internal_count=7200 4934 2266 1735 1185 1108 1947 550 269 3199 281 2953 742 1938
is_linear=0
shrinkage=0.05


Tree=131
num_leaves=15
num_cat=0
split_feature=111 5 48 40 134 53 72 39 94 124 121 1 119 116
split_gain=0.768445 0.712461 0.927382 0.530963 0.448678 0.606886 0.324114 0.249121 0.203212 0.218022 0.20192 0.192442 0.188358 0.180931
threshold=1193.793640136719 209.71488952636722 0.00042974614189006394 0.086716793477535262 0.92711213231086742 247.68039703369143 1385.7977294921877 0.53804799914360057 0.00019146259728586304 0.38315427303314215 -737.83163452148426 599.13333129882824 0.080658152699470534 0.097664620727300658
decision_type=2 8 10 10 2 8 2 10 8 10 2 2 2 2
left_child=1 4 6 -2 8 13 7 -3 -1 12 -7 -4 -10 -6
right_child=3 2 11 -5 5 10 -8 -9 9 -11 -12 -13 -14 -15
leaf_value=0.0044104908545018551 -0.027696949409721051 0.037032727463923658 0.00779925441837356 0.012470420077801789 -0.0034994343474602212 -0.021779099864215636 -0.0024087621460846444 -0.0051883946600320826 0.0031313540370100988 0.0048863780809192204 0.0048854163757517423 -0.015484637885186012 -0.02940434595810458 0.028787159497136977
leaf_weight=0.64954952299012569 2.2143520462268511 3.1649415934225562 0.66606436489382748 0.4595977590070105 0.29231972806155715 0.70434228544763755 0.54520570726890571 0.13405977835645888 0.31419303751317862 0.38639476604294021 0.70392131721018791 1.3129357743455328 1.8898692054935962 1.2391613186919128
leaf_count=47 4674 288 75 37 20 237 104 62 44 15 208 556 693 72
internal_value=0.000977144 0.006625 0.0178526 -0.0192779 -0.00496782 0.00790458 0.0298569 0.0345092 -0.015757 -0.0206339 -0.0119566 -0.00766059 -0.0252366 0.0236765
internal_weight=14.6769 12.003 5.82321 2.67395 6.17975 2.93974 3.84421 3.299 3.24001 2.59046 1.40826 1.979 2.20406 1.53148
internal_count=7132 2421 1085 4711 1336 537 454 350 799 752 445 631 737 92
is_linear=0
shrinkage=0.05


Tree=132
num_leaves=15
num_cat=0
split_feature=126 46 48 70 120 3 19 17 102 71 126 40 71 35
split_gain=0.714244 0.700092 0.72142 0.756409 0.710814 0.486599 0.422581 0.404364 0.334467 0.305726 0.271205 0.229574 0.227083 0.195614
threshold=-1003.4524841308593 0.0004973235190846027 6.4186398958554505e-05 34.703720092773445 -39.499999999999993 163.17218017578128 0.0030505879549309616 0.088924709707498564 15.500000000000002 77.486618041992202 -134.47262573242185 0.096464019268751158 34.703720092773445 48.780223846435554
decision_type=2 10 8 2 2 10 10 10 2 2 2 10 2 8
left_child=7 2 -2 10 9 8 -3 11 -6 -5 -4 12 -1 -9
right_child=1 6 3 4 5 -7 -8 13 -10 -11 -12 -13 -14 -15
leaf_value=0.0025966952918162352 -0.012617531176785216 0.012458962057147664 0.0099779194462167337 -0.019870176472541398 0.037509792480242755 -0.0033534456219447917 -0.025892242378863152 0.015946832980472354 -0.0068421961327036597 0.010428025528593416 -0.02209336527727759 0.0045459514415634164 -0.032412112519614053 -0.0098637557896130591
leaf_weight=0.37882636973518158 1.7296561016264576 0.32954727741889556 0.32266252860426903 0.60808493853255619 4.7720500897121383 0.75989247989491548 1.4251589085470184 0.6889006179408167 0.15663958749792062 0.82327514988719486 0.80348756280727662 0.34607534544193175 2.1308949779486284 0.42240589839639153
leaf_count=113 2385 12 3 73 691 120 1318 27 74 65 40 47 2113 84
internal_value=0.00021313 0.00647547 0.0117226 0.0176405 0.0233688 0.0303043 -0.0167815 -0.0158799 0.0351839 -0.00532203 -0.0125333 -0.0238029 -0.0278935 0.00611107
internal_weight=15.6976 11.7305 9.97575 8.24609 7.11994 5.68858 1.75471 3.9671 4.92869 1.43136 1.12615 2.8558 2.50972 1.11131
internal_count=7165 4781 3451 1066 1023 885 1330 2384 765 138 43 2273 2226 111
is_linear=0
shrinkage=0.05


Tree=133
num_leaves=15
num_cat=0
split_feature=20 93 27 110 3 40 118 51 129 119 69 77 60 34
split_gain=0.850006 0.75778 0.561948 0.503941 0.645759 0.371245 0.345733 0.339067 0.325915 0.207537 0.190694 0.211978 0.165666 0.239531
threshold=0.0006367606983985753 2.4886499886633832e-05 1191.6126708984377 620.68972778320324 19.189607620239261 0.080229885876178755 0.0077656120993196973 3.5000000000000004 0.54387021064758312 0.087680689990520491 158.81378173828128 0.12617041170597079 33.975358963012702 251.70513153076175
decision_type=10 10 10 2 10 10 2 2 10 2 2 2 2 10
left_child=1 2 8 4 -2 -4 -3 -6 9 -1 11 -8 -11 -14
right_child=3 6 5 -5 7 -7 10 -9 -10 12 -12 -13 13 -15
leaf_value=-0.0082728830716282137 -0.021080890810478911 -0.0070075919026497072 -0.026950475878655306 -0.027911917800162528 0.023062280062933042 0.011042835906014041 0.036320363412468186 -0.0085452575498421758 -0.012698829810160669 -0.0012230389894725782 -0.0039249059771448011 -0.0024329602295222012 0.025532806171386088 -0.0076909303420603665
leaf_weight=0.35024991477257428 1.1729261011641949 0.34104877512436393 1.5093998684897085 2.0952618620794965 1.5889898294408342 0.25320243375608686 2.5277358985622422 0.63520619127666567 0.68715571239590634 0.86112775467336211 0.1667754680966026 0.25851367128780101 2.4928778923640498 0.17900696329888877
leaf_count=36 589 47 2713 3115 183 26 97 67 16 22 81 16 89 89
internal_value=0.000997283 0.00964919 -0.00116554 -0.0133182 -1.64806e-05 -0.019471 0.0258705 0.0141849 0.00812214 0.0136525 0.0304798 0.0330318 0.0171716 0.0218186
internal_weight=15.1195 9.62709 6.33302 5.49238 3.39712 1.7626 3.29407 2.2242 4.57042 3.88326 2.95303 2.78625 3.53301 2.67188
internal_count=7186 3232 2991 3954 839 2739 241 250 252 236 194 113 200 178
is_linear=0
shrinkage=0.05


Tree=134
num_leaves=15
num_cat=0
split_feature=127 121 10 110 127 73 21 5 64 79 7 122 63 76
split_gain=0.748286 0.664014 0.860538 0.495326 0.484485 0.450436 0.369646 0.313385 0.291103 0.268023 0.450978 0.254664 0.246867 0.240511
threshold=1.5296177268028261 -2314.5812988281245 1.0000000180025095e-35 83.962734222412124 -7.7319865226745597 213.878044128418 0.016627957113087181 529.41552734375011 38.377182006835945 0.095811817795038237 34.703720092773445 -31.902875900268551 67.230163574218764 0.33192090690135961
decision_type=8 2 10 2 8 2 10 10 2 2 10 8 2 2
left_child=4 5 3 11 6 13 8 -5 -1 10 -4 -3 -6 -2
right_child=1 2 9 7 12 -7 -8 -9 -10 -11 -12 -13 -14 -15
leaf_value=0.019420589249958178 -0.028772399026908105 0.014282213539434525 0.012415605262126126 0.040666924755218686 -0.031578338042469983 0.009126776439294099 -0.013752801447475716 -0.002757809202383095 -0.011495420633385234 0.011908094160401174 -0.0238487059153339 -0.015779002130204587 0.0063420230967548182 0.0065346313692050337
leaf_weight=1.6134208126022715 1.2157036839635114 0.33471500128507614 0.5722313999285692 2.7814256322017177 1.8182064091524806 1.2298514021822482 1.6010297326138241 0.33018941180489481 0.31858873336750537 0.83553774454048824 1.3894155714369842 0.51431277531082598 0.15827991311380163 0.21111581938748702
leaf_count=380 558 4 184 388 3442 288 371 173 104 119 985 51 83 59
internal_value=0.000776398 0.00904382 0.016715 0.0292863 -0.0125698 -0.00970434 -3.86067e-05 0.0365089 0.0121406 -0.00411002 -0.0126498 -0.00261308 -0.0274311 -0.0230083
internal_weight=14.924 9.4145 6.75783 3.96064 5.50953 2.65667 3.53304 3.11162 1.93201 2.79718 1.96165 0.849028 1.97649 1.42682
internal_count=7189 2809 1904 616 4380 905 855 561 484 1288 1169 55 3525 617
is_linear=0
shrinkage=0.05


Tree=135
num_leaves=15
num_cat=0
split_feature=122 121 63 17 127 127 53 19 49 101 45 64 2 65
split_gain=0.836183 0.624604 0.556626 0.441263 0.383315 0.345239 0.318381 0.301327 0.298486 0.282769 0.226849 0.199297 0.191063 0.150042
threshold=-3.4781818389892574 -1765.809631347656 151.80011749267581 0.088924709707498564 5.1399669647216806 -381.46115112304682 38.323677062988288 0.21897831559181216 6.4725998527137576e-05 0.0015830695047043266 0.16294912248849872 39.684669494628913 38.177085876464851 15.143082618713381
decision_type=10 2 2 10 10 10 8 8 8 8 10 2 10 2
left_child=1 3 5 -1 9 6 -3 -6 -8 -2 -11 12 -7 -14
right_child=4 2 -4 -5 7 11 8 -9 -10 10 -12 -13 13 -15
leaf_value=-0.023876152058440368 0.008313901734854889 -0.0029685931478897888 -0.01205592512783682 0.01123509792540413 -0.013210777941331717 -0.0056660676374178653 -0.0061761258918582003 0.016870878216914503 0.038170807723003242 -0.028858344250485155 0.0022769578201848567 -0.01068185561989593 -0.0064402018272306577 0.020500026148485156
leaf_weight=1.2685120127280241 0.26698449403920799 0.4750749124214052 0.90746078838128585 0.71804298926144827 0.51300709904171493 0.73203061636013389 0.14080801754607852 0.96419890211836912 2.6830546466226224 2.9049886325228731 0.52481789715238836 0.53047531293123018 0.14304316080233581 1.9519073617848333
leaf_count=559 47 29 201 41 577 70 279 151 177 4035 49 395 22 535
internal_value=0.000811334 0.0093166 0.0155485 -0.0116726 -0.0138543 0.0203949 0.0300447 0.0053083 0.0349226 -0.0210114 -0.0246556 0.00619413 0.0113246 0.017174
internal_weight=14.7244 9.55041 7.56385 1.98656 5.174 6.65639 3.29894 1.47721 2.82386 3.69679 3.42981 3.35746 2.82698 2.09495
internal_count=7167 2308 1708 600 4859 1507 485 728 456 4131 4084 1022 627 557
is_linear=0
shrinkage=0.05


Tree=136
num_leaves=15
num_cat=0
split_feature=69 18 79 31 4 101 18 119 3 117 17 101 116 116
split_gain=0.979414 0.970498 0.804581 0.605783 0.483277 0.446284 0.446217 0.357445 0.266431 0.18287 0.146715 0.146419 0.136165 0.133299
threshold=37.743314743041999 0.00010416949953651057 0.094428792595863356 102.65913009643556 528.70733642578136 0.0015830695047043266 1.1647000064840542e-05 0.081613685935735716 163.17218017578128 40.250000000000007 0.14908906817436221 0.76799866557121288 1.9141166210174563 0.0028546504909172658
decision_type=2 10 2 8 8 8 8 2 10 2 10 10 2 2
left_child=1 6 4 -4 5 -2 -1 -3 12 13 -9 -7 -5 -8
right_child=2 7 3 8 -6 11 9 10 -10 -11 -12 -13 -14 -15
leaf_value=-0.010971887059013382 0.0047711301248472013 0.011866431669566711 -0.01685261440592634 0.029843248512096261 0.0086480053793283763 -0.036111304331061009 0.0071216295578200271 -0.025408978699672593 -0.007325265057532478 0.0010625492405253664 0.00052714607217301511 0.0014697067716936433 -0.0013549556980334491 0.037030962284361257
leaf_weight=0.30864843554445531 0.60884653781249642 0.56702104854048263 0.88825093921332188 1.3626920895185319 0.57001324600423675 3.3603904212068305 1.05050157540245 1.2229155829554654 0.31165692672948342 0.62538498749199778 0.66957703628577281 0.19447184557793651 0.31199791810649902 2.4989385981170926
leaf_count=516 44 64 700 218 415 3843 27 630 23 60 16 199 238 153
internal_value=-0.00081113 0.0119015 -0.012447 0.00704654 -0.0234491 -0.028667 0.0239886 -0.0106972 0.0197983 0.028194 -0.0192228 -0.0341841 0.0256974 0.03169
internal_weight=14.5513 6.94299 7.60832 2.8746 4.73372 4.16371 4.48347 2.45951 1.98635 4.17483 1.89249 3.55486 1.67469 3.54944
internal_count=7146 1466 5680 1179 4501 4086 756 710 479 240 646 4042 456 180
is_linear=0
shrinkage=0.05


Tree=137
num_leaves=15
num_cat=0
split_feature=17 69 25 17 137 122 75 4 33 31 41 92 120 60
split_gain=0.756393 0.664741 0.682825 0.61716 0.387914 0.241783 0.414198 0.313379 0.373937 0.226866 0.215918 0.2068 0.129064 0.126983
threshold=0.088924709707498564 34.703720092773445 157.55923461914065 1.0000000180025095e-35 46.685977935791023 -4.9998769760131827 0.71921181678771984 39.342868804931648 837.97103881835949 31.755665779113773 0.021622253581881527 2.347850022488274e-05 -39.499999999999993 238.18677520751956
decision_type=8 2 8 10 2 10 2 10 10 8 10 10 2 2
left_child=1 2 -1 9 -2 7 -7 8 12 -3 -5 -4 -6 -12
right_child=4 3 11 10 5 6 -8 -9 -10 -11 13 -13 -14 -15
leaf_value=-0.01460344426285011 -0.010775485661545311 -0.011067802279017398 -0.0060378861784711434 -0.033102166087587044 6.3378240979930389e-05 0.015314012936843978 -0.017742262657842092 -0.0085830136364890251 -0.0052683909529533494 0.017809734212344094 0.0099890885888693007 0.029581215753994746 0.032383509600533177 -0.011497827798663249
leaf_weight=1.1473128368088503 1.0657095346250578 0.27969578922784388 0.13722885362221848 3.047989601414884 0.33976134797558177 1.0017919933015944 0.80001678003463883 0.33733601559652004 0.59790020191576321 0.72530864321743149 0.33775961375795294 1.2136636768409514 2.8946662616799594 0.43304770997201558
leaf_count=400 81 328 248 5063 11 152 22 33 66 167 22 333 101 168
internal_value=-0.000684791 -0.0112099 0.00779206 -0.0206991 0.0102985 0.0150657 -0.00045717 0.0205644 0.0243753 0.00826126 -0.0284534 0.0249337 0.0298052 -0.00175848
internal_weight=14.3592 7.32201 2.49821 4.8238 7.03718 5.97147 1.80181 4.16966 3.83233 1.005 3.8188 1.35089 3.23443 0.770807
internal_count=7195 6729 981 5748 466 385 174 211 178 495 5253 581 112 190
is_linear=0
shrinkage=0.05


Tree=138
num_leaves=15
num_cat=0
split_feature=126 31 69 48 8 44 121 72 113 19 40 76 124 119
split_gain=0.758257 0.66058 0.666987 0.354755 0.371691 0.426195 0.332645 0.303534 0.242656 0.231638 0.217081 0.146887 0.140431 0.119059
threshold=-1679.0372924804685 92.371639251708999 38.665632247924812 3.2918998840614229e-05 32.696172714233406 0.16758426278829577 -737.83163452148426 58.370647430419929 45.858495712280281 0.16658879071474078 0.23611111193895343 0.26794873178005224 0.14789073914289477 0.18698407709598544
decision_type=2 8 2 8 10 10 2 2 2 10 10 2 8 2
left_child=9 2 6 -3 -5 10 11 8 -8 -1 13 -2 -11 -6
right_child=1 3 -4 4 5 -7 7 -9 -10 12 -12 -13 -14 -15
leaf_value=-0.028705647777608589 -0.017619858582381107 -0.0093437526473806997 -0.027904600682164139 -0.011110905942501229 0.033535966449551251 -0.0062240810861409349 0.01281890065279909 0.023463266968470401 -0.016692683726222259 -0.012447196816137061 -0.0037498538691468236 0.0076621548527348012 0.0079505662164155635 -0.00061781565533710996
leaf_weight=1.5327934951201325 0.8693962405814093 0.59330021908681452 1.3376770409959133 0.28019074536859978 3.5299997170805004 0.64976777345873404 0.29132872866466408 1.5139760923484571 0.62475269491551444 0.57030346378451191 0.25693637179210771 0.16993866057600826 0.85518917703302577 0.23250168308732089
leaf_count=1680 251 1569 2164 10 311 65 4 328 101 447 21 6 107 52
internal_value=-0.000784618 0.00583934 -0.00702388 0.0163638 0.020498 0.0240201 0.00546915 0.0141158 -0.00551546 -0.0195796 0.0291752 -0.0117559 -0.00197736 0.0317389
internal_weight=13.3081 10.3498 4.80707 5.5427 4.9494 4.66921 3.46939 2.43006 0.916081 2.95829 4.01944 1.03933 1.42549 3.7625
internal_count=7116 4882 2854 2028 459 449 690 433 105 2234 384 257 554 363
is_linear=0
shrinkage=0.05


Tree=139
num_leaves=15
num_cat=0
split_feature=134 11 122 18 124 18 4 34 96 32 137 29 137 4
split_gain=0.662558 0.668911 0.651548 0.467478 0.568969 0.473016 0.396468 0.380074 0.317115 0.291101 0.279335 0.25046 0.184944 0.173863
threshold=0.92711213231086742 0.14023724198341372 -34.626602172851555 1.1647000064840542e-05 0.16750355809926989 7.4539500928949578e-05 24.805038452148441 20.968513488769535 0.00020384500385262075 46.934288024902351 95.292655944824233 741.25491333007824 35.676322937011726 34.703720092773445
decision_type=2 8 8 8 10 10 8 10 8 10 2 2 2 10
left_child=1 2 7 -2 5 10 -3 -1 -4 12 13 -7 -8 -5
right_child=3 6 8 4 -6 11 9 -9 -10 -11 -12 -13 -14 -15
leaf_value=0.020351696835822025 -0.016251783939996916 -0.014232152423988674 0.0046444642099872611 0.038478361109506747 -0.010980496339797684 0.013656798334360202 -0.0049763604873165404 -0.01202438949826419 -0.031455428056807816 -0.0094572323520933504 -0.0063301866298397513 -0.010171605911127198 0.028809488997244011 -7.270426605204628e-05
leaf_weight=0.8704881193116305 0.57058125564071804 0.45663826842792332 0.4332014257233826 2.4488937486748918 1.0775065272464415 1.3113137826148888 0.16912009450607035 0.84995471489673946 3.3773295501741813 0.22945159263326775 0.14559860824374471 1.1487525785487376 1.5398636833560884 0.31544912296521932
leaf_count=23 1252 57 407 197 55 160 4 231 2897 376 34 1230 257 44
internal_value=0.000408738 -0.00898666 -0.0176408 0.0108171 0.0150731 0.0212039 0.0103078 0.00581634 -0.0272391 0.0189649 0.0320619 0.00280598 0.0248633 0.0352285
internal_weight=14.9441 7.92605 5.53097 7.0181 6.44751 5.37001 2.39507 1.72044 3.81053 1.93844 2.90994 2.46007 1.70898 2.76434
internal_count=7224 4252 3558 2972 1720 1665 694 254 3304 637 275 1390 261 241
is_linear=0
shrinkage=0.05


Tree=140
num_leaves=15
num_cat=0
split_feature=134 119 48 55 137 46 124 27 25 120 79 127 39 31
split_gain=0.698661 0.456875 0.428729 0.42472 0.375044 0.342247 0.328003 0.297755 0.355008 0.283064 0.243904 0.237412 0.189648 0.134368
threshold=0.92711213231086742 0.13403256982564929 0.0003381444985279814 1166.096618652344 95.292655944824233 3.974399987782818e-05 0.50506445765495311 69.505962371826186 21.345170974731449 81.500000000000014 0.0065792321693152198 41.939849853515632 0.49875621497631079 81.350021362304702
decision_type=2 2 8 10 2 8 10 8 10 2 2 10 10 10
left_child=2 4 3 -1 5 -2 11 8 -7 -5 -6 12 -4 -14
right_child=1 -3 6 9 10 7 -8 -9 -10 -11 -12 -13 13 -15
leaf_value=0.016004465904485145 -0.0057148891662829864 -0.011417948784617141 -0.032983274304746499 -0.022824097767039385 -0.018530559551133068 0.01860318879722966 0.0089749305913821124 0.033483477875870492 -0.014748061361757703 0.0078324869761459432 0.012241687689276514 0.0020772628275182964 -0.01245838073668697 0.0099838198527070626
leaf_weight=1.6883757026662354 0.6424423635326092 1.1932201773161066 2.5009743961709328 0.94380169409851056 0.58704100556496985 0.58190767467021964 0.36340323544573028 2.5451221387047553 0.62544381801853888 0.58862816706823651 0.21490330618689768 0.60857246417435806 0.31360716141352885 0.3682546314666979
leaf_count=160 999 1308 1141 1538 331 7 10 235 47 852 34 142 373 37
internal_value=-0.00110409 0.0101751 -0.0109242 0.00263064 0.0161754 0.0212743 -0.0199039 0.0261252 0.00247191 -0.0126055 -0.008067 -0.0239673 -0.0282532 -0.00160834
internal_weight=13.7657 6.39008 7.37562 3.22081 5.19686 4.39492 4.15481 3.75247 1.20735 1.53243 0.801944 3.79141 3.18284 0.681862
internal_count=7214 2961 4253 2550 1653 1288 1703 289 54 2390 365 1693 1551 410
is_linear=0
shrinkage=0.05


Tree=141
num_leaves=15
num_cat=0
split_feature=69 79 18 31 121 18 68 76 3 4 27 90 54 65
split_gain=0.675055 1.00675 0.646431 0.54761 0.419492 0.380482 0.4619 0.358602 0.339399 0.293524 0.260131 0.278419 0.219403 0.190622
threshold=37.743314743041999 0.069180883467197432 7.9738500062376274e-05 102.65913009643556 -55689.806640624993 1.1647000064840542e-05 32.714891433715827 0.26794873178005224 163.17218017578128 20.886837959289554 38.805555343627937 1.0000000180025095e-35 6.2843715568305938e-05 528.70733642578136
decision_type=2 2 10 8 2 8 2 2 10 10 10 8 8 2
left_child=2 10 4 -3 -1 -6 9 -4 12 -7 -2 -12 -5 -13
right_child=1 3 7 8 5 6 -8 -9 -10 -11 11 13 -14 -15
leaf_value=-0.0091668964621160511 0.0044882497790969473 -0.014488668224524812 -0.014328318778740743 -0.0061561249482332686 -0.0095082972688299208 0.015098784518918846 0.038664360255352137 0.015849228349486384 -0.0093046554309351593 -0.016178012174768462 0.0036250703658594259 -0.034304687486437696 0.03063566419300805 0.0029171523135716939
leaf_weight=0.50864707435539447 0.42738572668167751 0.84209763194667209 2.4746960561606106 0.1286622224142776 0.23428903328022022 0.55907011334784351 2.4558925351011567 0.45386418385896821 0.29441165344906028 0.44575333665125072 0.41973735280043944 3.0515894708369165 1.7817498584190616 0.21331396572350048
leaf_count=133 15 706 760 3 408 15 138 16 39 13 289 3915 484 209
internal_value=-0.000189391 -0.0103392 0.0100171 0.00977014 0.020794 0.0259924 0.0299886 -0.00680756 0.0206653 7.51431e-05 -0.0242362 -0.0278148 0.026894 -0.031759
internal_weight=14.2912 7.15895 7.13221 3.04692 4.20365 3.69501 3.46072 2.92856 2.20482 1.00482 4.11203 3.68464 1.91041 3.2649
internal_count=7143 5660 1483 1232 707 574 166 776 526 28 4428 4413 487 4124
is_linear=0
shrinkage=0.05


Tree=142
num_leaves=15
num_cat=0
split_feature=134 11 46 121 122 94 115 137 137 4 89 67 79 34
split_gain=0.682522 0.545066 0.464051 0.499214 0.451733 0.389479 0.371155 0.295906 0.339003 0.297581 0.288805 0.2874 0.246339 0.196923
threshold=0.92711213231086742 0.14023724198341372 3.974399987782818e-05 -2314.5812988281245 -79.634696960449205 0.00019146259728586304 0.48517580330371862 95.292655944824233 65.296279907226577 35.370967864990241 0.0012763413251377644 31.017621994018558 0.0087351235561072844 24.230171203613285
decision_type=2 8 8 2 8 8 2 2 2 10 10 2 2 10
left_child=1 4 12 -4 13 11 -3 8 -5 -10 -8 -6 -2 -1
right_child=2 6 3 7 5 -7 10 -9 9 -11 -12 -13 -14 -15
leaf_value=0.017693360171152639 -0.020529737985361302 0.020782285635185457 -0.0057394242694949514 -0.0053963054219447401 0.01369342882449405 -0.033324452816727183 0.012339972302837281 -0.0069011278643599022 0.037550942662327808 -0.00090159223308943545 -0.019923949078461539 -0.014910035093766212 0.0083899281333690446 -0.0088110362530920121
leaf_weight=0.5341199126560241 0.78655329078901537 1.2367607816995589 1.4049415029876398 0.38445255254919253 0.67807966159307376 2.528513965968159 0.29746406781487145 0.29411750739382103 2.7129228293197234 0.52867149803205382 0.78017265012022108 0.85561858664732426 0.53151941533724312 0.46373769381898455
leaf_count=16 1733 244 156 133 82 2231 30 155 145 278 423 1078 324 147
internal_value=0.000200592 -0.00967228 0.0109918 0.0170496 -0.0178262 -0.0241544 0.00815461 0.0247235 0.028226 0.0325457 -0.00936516 -0.00185053 -0.0102793 0.00713098
internal_weight=14.0176 7.37447 6.64318 5.32511 5.06007 4.06221 2.3144 3.92016 3.62605 3.24159 1.07764 1.5337 1.31807 0.997858
internal_count=7175 4251 2924 867 3554 3391 697 711 556 423 453 1160 2057 163
is_linear=0
shrinkage=0.05


Tree=143
num_leaves=15
num_cat=0
split_feature=21 78 134 122 18 75 12 127 114 11 31 70 41 121
split_gain=0.609977 0.636877 0.580829 0.493745 0.491728 0.391451 0.385421 0.305214 0.279189 0.277532 0.227892 0.217467 0.149967 0.126914
threshold=0.020374134182929996 0.35399228334426885 0.92711213231086742 -79.634696960449205 2.9205000373622174e-06 0.19807364791631701 0.13484849035739901 -3.1498749256134029 0.61561915278434765 0.99509802460670482 1.0000000180025095e-35 1413.9710083007815 0.046536797657608993 -28373.950195312496
decision_type=10 2 2 10 8 2 10 10 2 10 8 2 10 2
left_child=2 6 3 7 -4 -3 -2 10 12 -5 -1 13 -6 -12
right_child=1 5 4 9 8 -7 -8 -9 -10 -11 11 -13 -14 -15
leaf_value=-0.0079904548376493398 -0.029148309831246007 -0.012554654588103021 -0.013077762673197886 -0.025992982796645161 0.034299580281326618 0.020928263440258832 0.0060364166714405856 -0.009446364500738812 0.0016186918423024719 0.0087201806400577005 -0.0038185181431048877 -0.0066793628907676639 -0.0033810762286876649 0.029991109734477835
leaf_weight=0.23905705040670011 2.6331550968607202 0.61003499953949347 0.35364263107476279 1.4306562403216947 2.5158665354392733 1.1904537872178478 0.60790147339866951 0.89400778721028373 1.0712675086106171 0.22036606492474664 0.079430868107010499 0.16483532372512866 0.10290452148183238 1.3893759012426015
leaf_count=18 1798 717 1112 1865 796 180 139 182 39 7 13 139 13 149
internal_value=0.000784392 -0.01168 0.00866059 -0.00379725 0.0203252 0.0091516 -0.0226817 0.00848639 0.0256323 -0.0198181 0.0173555 0.0226902 0.0322938 0.0273566
internal_weight=13.503 5.04155 8.46141 4.41773 4.04368 1.80049 3.24106 2.76671 3.69004 1.65102 1.8727 1.63364 2.61877 1.46881
internal_count=7167 2834 4333 2373 1960 897 1937 501 848 1872 319 301 809 162
is_linear=0
shrinkage=0.05


Tree=144
num_leaves=15
num_cat=0
split_feature=116 130 65 121 5 81 19 125 48 126 38 4 97 70
split_gain=0.575442 0.44044 0.382921 0.49116 0.282705 0.270855 0.293842 0.220627 0.18822 0.179931 0.178384 0.167832 0.159968 0.162525
threshold=1.4229232072830202 0.55648330226540577 39.342868804931648 -17637.401367187496 593.30627441406261 0.010811126790940763 1.0240182876586916 -615.99999999999989 0.00056621897965669643 1491.8476562500002 0.18286311626434329 528.70733642578136 2.388250049989438e-05 38.200859069824226
decision_type=2 2 2 2 10 2 10 2 8 2 10 10 8 2
left_child=1 2 3 -1 7 6 -2 -5 -3 -7 12 -4 -9 -14
right_child=5 8 11 4 -6 9 -8 10 -10 -11 -12 -13 13 -15
leaf_value=-0.010567788160364976 -0.024389591444211906 0.0040637136424247133 -0.016576122673687382 -0.0068289706923811439 -0.0077585664253059881 -0.0096001301147880594 0.0081421084758969333 -0.0045879425813017214 -0.018659723778013625 0.016073791620263896 -0.0045533881926251192 0.0083621193725123451 0.0080259716741681274 0.035110402119754858
leaf_weight=0.77961214919923794 2.6397119692555879 1.0881793714943344 0.78980222232348729 0.14720811854931426 0.2941207445837789 0.36406733978947148 0.34518971298530221 0.10096918290946533 1.106028380236239 0.51617312463349663 0.17199771702871647 0.32002235042455141 1.4732396855833938 3.3251659047382418
leaf_count=197 5005 309 259 23 144 119 44 235 202 102 12 185 61 281
internal_value=0.000598449 0.00709654 0.012617 0.0170919 0.0220256 -0.0136775 -0.0195283 0.0246819 -0.00964626 0.0059968 0.0265707 -0.00883002 0.02825 0.029613
internal_weight=13.4615 9.59635 7.40214 6.29231 5.5127 3.86514 2.9849 5.21858 2.19421 0.88024 5.07137 1.10982 4.89937 4.79841
internal_count=7178 1908 1397 953 756 5270 5049 612 511 221 589 444 577 342
is_linear=0
shrinkage=0.05


Tree=145
num_leaves=15
num_cat=0
split_feature=134 11 18 64 127 48 137 137 128 4 120 39 79 37
split_gain=0.733621 0.419755 0.376167 0.371302 0.50761 0.501923 0.36648 0.329537 0.280448 0.269904 0.325558 0.215239 0.159216 0.158747
threshold=0.92711213231086742 0.16843971610069278 1.1647000064840542e-05 31.017621994018558 -30.542482376098629 0.00020443570247152823 65.296279907226577 95.292655944824233 3.9999969005584721 35.370967864990241 -91.499999999999986 0.33974359929561621 0.0065792321693152198 0.16749174892902377
decision_type=2 8 8 2 8 8 2 2 8 10 2 8 2 8
left_child=1 3 -2 5 11 -1 -4 9 -3 10 -8 -5 -9 -10
right_child=2 8 6 4 -6 -7 7 12 13 -11 -12 -13 -14 -15
leaf_value=0.018935409753062901 -0.012491486556683667 -0.0085250920673587052 -0.0096621541313901722 -0.010449115505409529 -0.032716759739298294 -0.017255040531689705 -0.0020964177460343412 -0.015161137545512259 -0.0060493883692031465 -0.0023188797176260639 0.034264754388036132 0.016921165733453297 0.01008269011141949 0.023812368412807136
leaf_weight=0.98787062388146263 0.57018402902758669 0.89620569959515684 0.57213368428347156 0.50109113956568763 2.4826239576505036 0.8574840289365967 0.59343862032983441 0.42929481843020756 0.13637726995511879 0.62754686558037054 3.1255313611909519 0.4446573454188183 0.2147693266015267 0.9358823368093
leaf_count=203 1232 438 338 215 3124 80 91 297 97 359 598 10 51 136
internal_value=0.000938321 -0.00928534 0.0126204 -0.0158741 -0.0237514 0.00196467 0.0167056 0.0208367 0.00776773 0.025109 0.0292479 0.00450223 -0.00573067 0.0189279
internal_weight=13.3751 7.24219 6.1329 5.27373 3.42837 1.84535 5.56271 4.99058 1.96847 4.34652 3.71897 0.945748 0.644064 1.07226
internal_count=7269 4303 2966 3632 3349 283 1734 1396 671 1048 689 225 348 233
is_linear=0
shrinkage=0.05


Tree=146
num_leaves=15
num_cat=0
split_feature=35 110 126 7 81 120 35 1 120 4 92 45 29 68
split_gain=0.508744 0.487432 0.580513 0.570711 0.470447 0.378569 0.363724 0.35417 0.249405 0.19702 0.160981 0.150505 0.105759 0.103629
threshold=21.367526054382328 529.41552734375011 213.83769226074222 34.703720092773445 0.061862245202064521 -4.4999999999999991 61.214185714721687 1517.2825927734377 -157.49999999999997 32.696172714233406 2.347850022488274e-05 0.11776823550462724 1485.7686157226565 174.96810150146487
decision_type=8 2 2 8 2 2 10 2 2 8 10 10 2 2
left_child=-1 2 5 7 11 9 -7 -3 -4 -2 -9 -5 -10 -6
right_child=1 3 8 4 13 6 -8 10 12 -11 -12 -13 -14 -15
leaf_value=0.02308584934735259 -0.0070693110204630401 -0.012672894176537492 -0.0073472104741544577 -0.033001849256670691 0.01157334863371101 -0.0235947602390978 0.0084801161854299988 -0.0054851663605772517 0.028358633708656236 0.018459774609164811 0.026665758266148677 -0.00094161302532583886 -0.0033937534924249322 -0.0082512018329159807
leaf_weight=1.0963895714958187 0.54181064694421344 0.41717443661764242 0.21784784272313151 2.5308012578752832 0.73597205034457136 1.9282685787184166 0.66566808758943796 0.12286097771720961 1.8886699050635796 1.0049460814043412 0.76461858247057535 0.47530491492943827 0.070541033273911924 0.19173622137168422
leaf_count=68 29 248 14 5216 46 162 369 210 273 52 378 63 41 43
internal_value=0.000304779 -0.00352303 0.00553208 -0.01358 -0.0218197 -0.00561314 -0.0152943 0.00995208 0.0218245 0.0102528 0.0216669 -0.0294331 0.0264549 0.00532122
internal_weight=12.6526 11.5562 6.31775 5.23847 3.93381 4.14069 2.59394 1.30465 2.17706 1.54676 0.88748 3.00611 1.95921 0.927708
internal_count=7212 7144 940 6204 5368 612 531 836 328 81 588 5279 314 89
is_linear=0
shrinkage=0.05


Tree=147
num_leaves=15
num_cat=0
split_feature=19 134 11 48 17 41 29 122 137 10 137 59 35 8
split_gain=0.610674 0.872441 0.493568 0.512022 0.40551 0.325592 0.282531 0.246157 0.232555 0.224888 0.203898 0.191161 0.160056 0.124949
threshold=0.17958631366491321 0.92711213231086742 0.33389075100421911 0.00037531230191234505 0.00025961975916288799 0.016809141263365749 2129.011352539063 -122.53968048095702 95.292655944824233 0.43969696760177618 65.296279907226577 4888.0119628906259 30.665631294250492 68.832298278808608
decision_type=8 2 8 8 10 10 2 8 2 10 2 2 8 10
left_child=4 2 3 6 13 12 -2 -5 9 10 -3 -7 -6 -1
right_child=1 8 -4 7 5 11 -8 -9 -10 -11 -12 -13 -14 -15
leaf_value=-0.0057879149171900634 0.016759827093139848 -0.0010635070879553524 0.015940210422517906 0.0036208413628253363 0.0043901819348158722 -0.011232656821932132 -0.011830176278529905 -0.031925285632710285 -0.0039779143165813921 -0.0064381932444021453 0.03298513867527391 0.015801498530650732 -0.030268439949907546 0.01561489289105812
leaf_weight=0.5053485266980704 0.97363731963560007 0.43106656217423855 0.8929898950154892 0.36210509864031337 0.11188899260014373 0.29567834807676252 0.6195170633145608 1.7845044235582466 0.46251021466741793 0.14053918560966838 2.61179912694206 0.38949007241171785 2.4290495499735698 0.56169569527264684
leaf_count=97 35 160 192 46 10 77 405 799 145 15 332 125 4639 122
internal_value=-0.000829176 0.00696028 -0.00707839 -0.0147783 -0.0143271 -0.0216531 0.00536746 -0.026684 0.0224828 0.0263591 0.0290917 0.00439251 -0.0279334 0.00758227
internal_weight=12.5718 8.27867 4.63275 3.73976 4.29315 3.22611 1.59315 2.14661 3.64592 3.1834 3.04287 0.685168 2.54094 1.06704
internal_count=7199 2129 1477 1285 5070 4851 440 845 652 507 492 202 4649 219
is_linear=0
shrinkage=0.05


Tree=148
num_leaves=15
num_cat=0
split_feature=69 79 18 31 6 90 32 121 18 60 73 37 29 53
split_gain=0.466619 0.772624 0.632668 0.583228 0.462434 0.424674 0.393331 0.388751 0.292299 0.373425 0.253475 0.146241 0.0989371 0.0903471
threshold=38.665632247924812 0.094428792595863356 9.538800077280031e-05 94.232173919677749 528.70733642578136 1.0000000180025095e-35 20.748447418212894 -55689.806640624993 2.3994999764909157e-06 36.650272369384773 549.83282470703136 0.098724823445081725 487.90463256835943 30.832298278808597
decision_type=2 2 10 8 8 8 8 2 8 2 2 8 2 8
left_child=2 4 7 -3 5 -2 -4 -1 -9 -10 13 -5 -6 -11
right_child=1 3 6 11 12 -7 -8 8 9 10 -12 -13 -14 -15
leaf_value=-0.0096950192961817797 0.0071184141980827403 -0.015106964085887589 0.012729796577135783 -0.0046736443002842543 0.015290141866766506 -0.034373900170550482 -0.018698220663149721 -0.0085488288860707876 0.0017626784826198342 -0.0015318567212870343 -0.0019449306693141355 0.027880331280887422 -0.0064249636174163131 0.039339041290251064
leaf_weight=0.51437605325918401 0.38482280036259986 0.63830583808885455 0.68957807007245719 0.10287291990243796 0.39911721646785725 2.3981900628423318 1.8339723605749898 0.21762043386115681 1.3216860340908168 0.064674832858146014 0.33942826656857494 1.385258499183692 0.14736582046316471 2.3960134294684394
leaf_count=331 145 698 30 187 10 3085 909 556 26 3 70 222 549 323
internal_value=0.00148526 -0.00872575 0.00917699 0.0117058 -0.0214645 -0.0282715 -0.00893481 0.0185113 0.0230443 0.0260557 0.034041 0.024656 0.00906632 0.0381326
internal_weight=12.8333 5.45593 7.37735 2.12644 3.3295 2.78301 2.52355 4.8538 4.33942 4.1218 2.80012 1.48813 0.546483 2.46069
internal_count=7144 4896 2248 1107 3789 3230 939 1309 978 422 396 409 559 326
is_linear=0
shrinkage=0.05


Tree=149
num_leaves=15
num_cat=0
split_feature=121 127 73 127 62 76 122 111 55 1 1 20 3 10
split_gain=0.476051 0.660832 0.383051 0.380962 0.343227 0.29347 0.262095 0.237453 0.226394 0.182563 0.181411 0.166946 0.161338 0.159066
threshold=-2314.5812988281245 -63.970371246337884 207.4160079956055 1.7087574005126955 299.53491210937506 0.33192090690135961 -1.0470939874649046 1193.793640136719 65.975505828857436 37.42260932922364 4935.4318847656259 4.4113099647802308e-05 86.994087219238295 0.26846846938133245
decision_type=2 10 2 10 2 2 10 2 8 2 2 10 10 8
left_child=2 4 5 12 6 -1 8 13 9 -2 -10 -6 -3 -5
right_child=1 3 -4 7 11 -7 -8 -9 10 -11 -12 -13 -14 -15
leaf_value=-0.030087134205336166 0.013866290291171108 -0.024566502809194469 0.0044299068850901799 0.017972653951449855 0.0098359752158282566 0.0073301692752338887 -0.0032460348749755764 -0.010356186324118588 0.036222585376690666 -0.012192294985656842 -0.0031776234366218473 -0.015365253318221851 0.0029315274447778181 -0.0076796788109891132
leaf_weight=1.503352742533026 0.32038598135113749 1.3555177727685066 1.5889359265202072 1.6594390549144009 0.28560157914762374 0.23981211468344543 0.54625967786705532 0.72836658456071735 2.3646950511611071 0.37233728810679168 0.15285623214731447 0.49403902069025207 0.43760812663822424 0.17439863583422277
leaf_count=1567 4 2606 546 309 96 118 185 914 189 37 238 129 191 30
internal_value=0.00127996 0.00724739 -0.012641 -0.0061198 0.0188688 -0.0241439 0.0241294 0.00586123 0.0284522 0.000931584 0.0336071 -0.00579395 -0.0192087 0.013684
internal_weight=12.2236 8.89151 3.3321 4.35533 4.53617 1.74316 3.75653 2.5622 3.21027 0.692723 2.51755 0.779641 1.79313 1.83384
internal_count=7159 4928 2231 4050 878 1685 653 1253 468 41 427 225 2797 339
is_linear=0
shrinkage=0.05


Tree=150
num_leaves=15
num_cat=0
split_feature=31 134 125 53 63 8 54 95 35 137 64 17 3 45
split_gain=0.469136 0.648027 0.475643 0.374295 0.360991 0.308039 0.334458 0.337655 0.27563 0.17287 0.149164 0.140802 0.140688 0.129019
threshold=80.422901153564467 0.96897748112678539 -30.499999999999996 247.68039703369143 168.48123168945315 32.696172714233406 6.2843715568305938e-05 4.8905001222010478e-06 30.832298278808597 97.085403442382827 18.550028800964359 0.31383256614208227 8.8817841970012539e-15 0.45253874361515051
decision_type=8 2 2 10 2 10 8 8 10 2 2 10 8 10
left_child=1 8 -2 9 5 10 -7 -8 12 -3 -4 -9 -1 -10
right_child=2 3 4 -5 -6 6 7 11 13 -11 -12 -13 -14 -15
leaf_value=-0.0098769027215137722 -0.012317195980574319 0.024866812253884943 0.0091278701955380265 -0.013168314035534191 -0.01274141469989735 -0.0083952795068359242 -0.0066272825236119385 0.03077252183670174 -0.031022418428273336 -0.0060243298168418079 -0.01574773764230477 0.00047359254304478991 0.013237295141093286 0.0037395545281557817
leaf_weight=0.3303495005529834 1.4247862787451593 1.1749512618989681 0.19947262480855066 0.47399106768716581 0.42230245658720367 0.38969870682922181 0.4112353606178657 3.8840573426132323 2.0547140718990708 0.15287761605577532 0.43678629255737178 0.45037238160148252 0.33814365766011178 0.073864944279193767
leaf_count=54 1042 52 3 624 325 23 1605 418 2814 40 84 25 16 1
internal_value=0.000896494 -0.0104389 0.00815619 0.00989671 0.0139232 0.0174677 0.0211825 0.0246497 -0.0226952 0.0202501 -0.00713671 0.0283032 0.0027412 -0.0290064
internal_weight=12.2176 4.59889 7.61871 1.80182 6.19393 5.77162 5.13536 4.74567 2.79707 1.32783 0.636259 4.33443 0.668493 2.12858
internal_count=7126 3601 3525 716 2483 2158 2071 2048 2885 92 87 443 70 2815
is_linear=0
shrinkage=0.05


Tree=151
num_leaves=15
num_cat=0
split_feature=137 8 58 81 134 137 120 122 95 49 114 137 79 77
split_gain=0.462427 0.384906 0.626224 0.390074 0.369836 0.416584 0.233819 0.230981 0.196903 0.163069 0.146462 0.142491 0.141178 0.139071
threshold=76.767814636230483 68.015514373779311 636.91967773437511 0.010811126790940763 0.92711213231086742 95.292655944824233 -69.499999999999986 -79.634696960449205 0.00023068599693942818 7.7607499406440197e-05 0.48536787927150732 36.712121963500984 0.0065792321693152198 0.16912442445755008
decision_type=2 8 2 2 2 2 2 8 10 8 2 2 2 2
left_child=1 7 11 -4 -2 6 -6 -1 10 -8 -5 -3 -7 -11
right_child=4 2 3 8 5 12 9 -9 -10 13 -12 -13 -14 -15
leaf_value=0.002823964916368439 -0.014222403817812774 -0.0024981008940697502 -0.020665558418271723 -0.0057067523137407736 -0.00076418234493580818 -0.016124396968187085 -0.0042291814046561075 -0.025005962335953247 -0.010089903766822172 0.035179870410357861 0.019900927492546943 0.025008740810230825 0.0082736514749975967 -0.0034497019820410473
leaf_weight=0.74885052893660031 0.31767808273434761 0.37480366381350982 2.0004851339544989 0.27047642739489652 0.66505385386699423 0.49218115124676831 0.091366468652268273 1.9416435169696318 0.44621942056983233 1.9976622599933764 0.97995132865617052 1.4269466037658274 0.20312604510399979 0.070704054392990545
leaf_count=94 216 35 2235 82 225 556 200 2317 165 515 86 309 92 44
internal_value=0.000554469 -0.00607286 0.00197174 -0.00946244 0.0130285 0.0180902 0.025067 -0.0185937 0.00651192 0.0307457 0.0142873 0.0204374 -0.00832078 0.0331655
internal_weight=12.0271 8.18938 5.49888 3.69713 3.83777 3.52009 2.82479 2.69049 1.69665 2.15973 1.25043 1.80175 0.695307 2.06837
internal_count=7171 5323 2912 2568 1848 1632 984 2411 333 759 168 344 648 559
is_linear=0
shrinkage=0.05


Tree=152
num_leaves=15
num_cat=0
split_feature=123 66 8 101 111 113 40 5 122 122 1 130 5 35
split_gain=0.448933 0.379497 0.278131 0.274043 0.264089 0.406682 0.354012 0.294644 0.306478 0.237892 0.162581 0.125786 0.117107 0.0784801
threshold=100.70596313476564 38.054365158081062 58.890342712402351 0.00035426550311967736 529.55053710937511 242.19736480712893 0.011428944766521456 14.713973999023439 -79.634696960449205 12.812003135681154 2027.9073486328127 0.55648330226540577 1106.8005371093752 30.665631294250492
decision_type=8 2 8 8 2 2 10 10 8 10 2 2 10 10
left_child=1 2 -1 -3 5 7 -6 -2 -9 -4 -8 -7 -12 -5
right_child=4 3 9 13 6 11 10 8 -10 -11 12 -13 -14 -15
leaf_value=-0.014639991441648606 0.016101672671899603 0.0081643774724750786 0.018858880077448972 0.0025891809156182301 -0.02076739207842564 0.028948809551168759 -0.0089608945625678973 0.010882448065274192 -0.021029141480811996 -0.0071874646553635501 0.020434978771753168 0.00067215935842875063 -0.0042619498741952059 -0.027961258272940083
leaf_weight=0.78512505802791599 0.42339237034320865 0.20090559357777271 1.3183693588798635 0.05341733340173993 0.91680453282606356 1.5308435623155676 0.25665766905876797 0.38696030154824257 1.2586448717047458 0.73637911035621062 0.80228976845683042 0.52301524129870802 0.25261243944987655 2.4042048202973092
leaf_count=92 6 62 148 3 803 212 36 6 72 91 142 60 103 5347
internal_value=-0.00251518 -0.0119331 0.00133011 -0.0225921 0.00615233 0.0126499 -0.00606395 -0.00309053 -0.0122482 0.0102273 0.00875184 0.0243261 0.0153249 -0.0267404
internal_weight=11.8496 5.4984 2.83987 2.65853 6.35122 4.12286 2.22836 2.069 1.64561 2.05475 1.31156 2.05386 1.0549 2.45762
internal_count=7183 5743 331 5412 1440 356 1084 84 78 239 281 272 245 5350
is_linear=0
shrinkage=0.05


Tree=153
num_leaves=15
num_cat=0
split_feature=122 73 121 29 40 113 122 4 127 99 5 65 34 45
split_gain=0.497402 0.350357 0.289335 0.28081 0.362327 0.264853 0.347593 0.30628 0.216648 0.179225 0.174149 0.159139 0.128874 0.122086
threshold=-2.6852539777755733 524.08663940429699 -49399.621093749993 1275.8401489257815 0.015228819102048876 242.19736480712893 -31.902875900268551 15.143082618713381 75.929698944091811 0.0014330531121231618 550.37716674804699 24.805038452148441 16.41551494598389 0.16294912248849872
decision_type=10 2 2 2 10 2 8 10 10 8 10 2 8 10
left_child=2 8 12 5 -5 6 -4 -8 9 -2 -3 -6 -1 -11
right_child=1 10 3 4 11 -7 7 -9 -10 13 -12 -13 -14 -15
leaf_value=0.006321918938003779 0.0038708643853430946 0.016349437382296557 0.016715499982401565 -0.01665993829594456 -0.0057294832982920218 0.024411895621631426 0.011426182706471059 -0.022488301553363267 0.0053828748235432676 -0.031107096263363273 -0.009190421400191634 0.018001133472916223 -0.01951532748117521 0.0024023598008156436
leaf_weight=0.13565325178205956 0.23020993933460099 0.57155582995619614 0.83537547185551375 1.3114917709463045 0.50481794265215263 2.3062997938686749 0.28111993428319715 0.8925916129082907 0.30693217100633763 2.1356152509324606 0.32390175124601228 0.9933247878216207 0.61732525440311292 0.14830776269081969
leaf_count=3 238 98 28 1430 76 276 5 62 79 3593 652 224 370 29
internal_value=-0.00171663 -0.0147264 0.00538829 0.00888864 -0.00295279 0.0157034 0.000916011 -0.0128457 -0.0217176 -0.0256164 0.00713645 0.0109122 -0.0139095 -0.0288622
internal_weight=11.5945 3.71652 7.878 7.12502 2.80963 4.31539 2.00909 1.17371 2.82107 2.51413 0.895458 1.49814 0.752979 2.28392
internal_count=7163 4689 2474 2101 1730 371 95 67 3939 3860 750 300 373 3622
is_linear=0
shrinkage=0.05


Tree=154
num_leaves=15
num_cat=0
split_feature=134 122 11 18 18 34 116 77 94 137 120 123 36 133
split_gain=0.555061 0.368209 0.586885 0.3393 0.514762 0.26476 0.229304 0.211927 0.193288 0.187477 0.153427 0.147556 0.111053 0.107584
threshold=0.92711213231086742 -11.764369010925291 0.15983193367719653 7.4539500928949578e-05 1.1647000064840542e-05 32.575269699096687 1.4977928996086123 0.026599037460982803 0.00014491855108644816 65.296279907226577 -157.49999999999997 -214.62625885009763 300.52368164062506 0.99621212482452404
decision_type=2 8 8 10 8 10 2 2 8 2 2 8 8 2
left_child=1 7 8 4 -2 -5 -4 11 12 -6 -11 -1 -3 -13
right_child=3 2 6 5 9 -7 -8 -9 -10 10 -12 13 -14 -15
leaf_value=-0.007052946188668547 -0.011343312940293155 0.0073790046302866924 0.017066655716070304 0.011900903789701378 -0.0042577819767118793 -0.012796358951369949 -0.0091370823632060689 -0.011064681169607392 -0.032811172606125302 -0.0026843481745954557 0.034427529208275659 0.021581074913241214 -0.012286333013502355 -0.0043666081447043719
leaf_weight=0.15962584089720622 0.43369715490553096 0.5473497244092872 0.93521764432080068 1.0535231092944743 0.15807704582402982 1.3147039474497431 0.63649465059279464 0.34034887544839865 1.7431456304038873 0.15434078597172707 2.2087364654289554 1.3731905316453774 0.39101510772889014 0.12584337410225988
leaf_count=38 1256 114 190 52 77 1388 393 109 2200 28 198 250 864 77
internal_value=0.00212182 -0.00748913 -0.0147725 0.0128095 0.0217901 -0.0015382 0.00702835 0.00776609 -0.0259889 0.0290926 0.0319262 0.0143385 -0.00292647 0.0185271
internal_weight=11.5753 6.25223 4.25322 5.32308 2.95485 2.36823 1.57171 1.99901 2.68151 2.52115 2.36308 1.65866 0.938365 1.49903
internal_count=7234 4235 3761 2999 1559 1440 583 474 3178 303 226 365 978 327
is_linear=0
shrinkage=0.05


Tree=155
num_leaves=15
num_cat=0
split_feature=66 49 49 123 38 126 5 31 84 76 62 122 45 59
split_gain=0.529517 0.569207 0.410754 0.391401 0.345476 0.215612 0.379568 0.204554 0.178402 0.159986 0.153939 0.141353 0.129322 0.109266
threshold=19.731782913208011 0.0010788535000756385 7.7607499406440197e-05 154.77207183837893 0.10978548973798753 -1003.4524841308593 38.200859069824226 434.69915771484381 0.063301283866167082 0.28801843523979193 15.796093463897707 -79.634696960449205 0.16294912248849872 9895.2504882812518
decision_type=2 8 10 8 10 2 8 10 2 2 2 8 10 2
left_child=-1 2 -2 9 8 -5 11 -8 10 12 -4 -7 -3 -12
right_child=1 3 4 5 -6 6 7 -9 -10 -11 13 -13 -14 -15
leaf_value=0.023890984902061631 -0.010352288642112214 -0.028682693818764156 -0.0018871205359438808 -0.01264779087845852 -0.0089077175138684312 0.0076764895503719484 0.02411643671591289 -0.0063563745750394281 -0.0051083214106135196 0.0006819479918962713 0.035621570276641389 -0.017042639784683494 0.0018742955948314499 -0.0026904014027595178
leaf_weight=1.0380851156078286 0.86607750214898027 2.3195015530218397 0.22836976701364653 1.0521587594848827 0.33974886427313311 0.17156261578202248 1.3765698539791626 0.26047164539340872 0.11252559642889526 0.60842684884119069 1.521204234610195 0.80012949602678363 0.25540211633779097 0.05685203343455203
leaf_count=48 2066 2530 274 165 108 4 205 57 74 744 555 56 32 269
internal_value=0.000524981 -0.00386438 0.0115673 -0.0114863 0.0205697 0.000356503 0.00765279 0.0186961 0.0270524 -0.0219352 0.0301621 -0.0109984 -0.0259753 0.0337331
internal_weight=11.0071 9.969 3.12478 6.84422 2.2587 3.66089 2.60873 1.63704 1.91895 3.18333 1.80643 0.971692 2.5749 1.57806
internal_count=7187 7139 3346 3793 1280 487 322 262 1172 3306 1098 60 2562 824
is_linear=0
shrinkage=0.05


Tree=156
num_leaves=15
num_cat=0
split_feature=20 121 3 118 5 55 97 128 121 7 69 41 137 134
split_gain=0.432828 0.40772 0.372222 0.445672 0.31585 0.380869 0.228467 0.201645 0.195454 0.188469 0.17426 0.154061 0.140156 0.124699
threshold=0.0001766408022376709 -12685.899902343748 21.391165733337406 0.036381553858518607 1376.7454223632815 877852.21875000012 0.22505108267068866 -484.29939270019526 -52.849462509155266 32.575269699096687 179.39937591552737 0.095454547554254546 36.712121963500984 0.94481638073921215
decision_type=10 2 10 2 10 8 10 8 2 10 2 10 2 2
left_child=1 -1 -2 6 5 7 11 -3 13 -5 12 -4 -9 -7
right_child=2 4 3 9 -6 8 -8 10 -10 -11 -12 -13 -14 -15
leaf_value=-0.014649478185060363 -0.022811632481904459 -0.0048209267160548375 0.022481784365517225 0.0068409694167291136 -0.011754848137799164 0.016934031452155093 -0.0076816368664046151 -0.00031508529279668945 -0.014646587864004185 -0.022877329682148468 -0.0050710550524684546 -0.0057934343637964436 0.031915865395305644 -0.0056142036677913724
leaf_weight=0.70076517367124314 1.7344676126158445 0.24747816263698041 1.6878397795298958 0.22092709495336726 0.38644857559120271 0.47519919959449863 0.50388756443862792 0.3476956003578392 0.64211526772123784 0.92517699202289805 0.11190735566196952 0.16091371976654034 2.9319451631818083 0.40421054649777943
leaf_count=859 3063 22 396 31 473 13 55 31 782 943 103 8 427 10
internal_value=0.00074744 0.00900244 -0.00897111 0.0014357 0.0137716 0.017281 0.012572 0.0244479 -0.00275779 -0.0166304 0.027195 0.018851 0.0292237 0.0090973
internal_weight=11.481 6.24777 5.23321 3.49875 5.547 5.16055 2.35264 3.63903 1.52153 1.1461 3.39155 1.84875 3.27964 0.87941
internal_count=7216 2720 4496 1433 1861 1388 459 583 805 974 561 404 458 23
is_linear=0
shrinkage=0.05


Tree=157
num_leaves=15
num_cat=0
split_feature=134 100 11 96 122 95 65 128 124 21 119 34 3 37
split_gain=0.388046 0.441196 0.408086 0.250256 0.263232 0.242367 0.254823 0.232743 0.219178 0.188343 0.164151 0.126049 0.118429 0.125772
threshold=0.92711213231086742 0.18584401160478595 0.088497307151556029 0.00069842825178056966 -101.01298904418944 0.00055649023852311086 18.719136238098148 -14.972244739532469 0.16750355809926989 0.23078151792287829 0.068694751709699645 16.41551494598389 163.17218017578128 0.2149859964847565
decision_type=2 8 8 8 8 10 2 8 10 10 2 10 10 8
left_child=2 7 3 -1 11 6 -4 -2 9 -3 -6 -5 13 -8
right_child=1 8 5 4 10 -7 12 -9 -10 -11 -12 -13 -14 -15
leaf_value=0.0052962551189801414 0.0097624142991783666 0.027273494980868437 -0.0096091108476082307 0.012981109712115066 0.0030460043173379256 -0.009648137779866707 -0.0039506387384666726 -0.016410898258211914 -0.0030398655790235944 -0.0027637016498063532 -0.030461709606577583 -0.0089055449150486875 -0.0043461352896744078 0.028312351734853105
leaf_weight=0.68796871611994026 0.53899600887234556 2.3457594379797237 0.22641866581398096 0.3208293691277504 0.22135440125566752 0.681173541190219 0.092895000852876941 1.2663156276030347 0.73822485029813822 0.41457322302449018 2.0958427149234922 0.35836978277075104 0.090798289689700939 1.1444156661164016
leaf_count=593 372 486 40 6 69 431 126 1825 24 195 2679 108 14 151
internal_value=0.000568029 0.00950038 -0.00765103 -0.0163513 -0.0214032 0.0073091 0.0156077 -0.00790214 0.0182408 0.023227 -0.0273075 0.00300668 0.0221876 0.025207
internal_weight=11.2239 5.30387 5.92007 3.68436 2.9964 2.2357 1.55453 1.80531 3.49856 2.76033 2.3172 0.679199 1.32811 1.23731
internal_count=7119 2902 4217 3455 2862 762 331 2197 705 681 2748 114 291 277
is_linear=0
shrinkage=0.05


Tree=158
num_leaves=15
num_cat=0
split_feature=11 7 2 35 137 122 37 39 116 12 22 92 137 137
split_gain=0.358544 0.459105 0.366705 0.352565 0.311638 0.345808 0.30901 0.205343 0.192195 0.14688 0.138136 0.133287 0.13306 0.124099
threshold=0.13574938476085666 36.358932495117195 36.183628082275398 36.358932495117195 85.286026000976577 -27.982866287231442 0.2149859964847565 0.13315603137016299 1.6640779972076418 0.010811126790940763 5.9447998864925473e-05 2.347850022488274e-05 35.676322937011726 54.879550933837898
decision_type=8 10 10 10 2 10 8 10 2 10 10 8 2 2
left_child=1 2 4 9 -1 -6 -2 11 12 13 -5 -4 -8 -3
right_child=6 3 7 10 5 -7 8 -9 -10 -11 -12 -13 -14 -15
leaf_value=-0.018087847195894142 -0.011028006552799639 0.0080782730106194276 -0.0042156431464616152 0.0029864185579247717 0.021074935371723745 -0.013397060365980137 -0.0036746045714124384 -0.0071062994365069495 -0.00069610751622522604 0.014845008926109508 -0.026775423904108503 0.028548008026044982 0.027108125724918372 -0.013957110758559394
leaf_weight=1.2141921394941162 0.53443157866422675 0.23589395734597907 0.091794472129549498 0.22785613790620152 0.7973403854703065 0.36251524226099696 0.1533504938706759 0.16066795715596516 1.0132395801483651 0.42121903484803624 2.5384863375657005 1.1014322777919006 1.6228272513835689 0.61850243872322608
leaf_count=361 909 40 172 104 31 98 4 11 59 27 4652 362 241 90
internal_value=-0.000606134 -0.00637055 0.0056507 -0.0163796 -0.00605351 0.00908632 0.0112258 0.0200268 0.0172745 0.00373186 -0.024182 0.0252546 0.0240841 -0.00679775
internal_weight=11.0937 7.7699 3.72794 4.04196 2.37405 1.15986 3.32385 1.35389 2.78942 1.27562 2.76634 1.19323 1.77618 0.854396
internal_count=7161 5948 1035 4913 490 129 1213 545 304 157 4756 534 245 130
is_linear=0
shrinkage=0.05


Tree=159
num_leaves=15
num_cat=0
split_feature=32 81 29 78 4 127 46 122 40 73 113 40 8 31
split_gain=0.411439 0.347406 0.426462 0.327539 0.428528 0.228669 0.202604 0.177897 0.157001 0.138477 0.136752 0.109508 0.115757 0.0957921
threshold=38.054365158081062 0.0090499590151011961 1485.7686157226565 0.49364584684371954 20.748447418212894 -1.0000000180025095e-35 0.00075085897697135817 -11.089653015136717 0.1702898591756821 836.74948120117199 104.11116027832033 0.01675959583371878 46.865633010864265 103.9901809692383
decision_type=10 2 2 2 10 8 8 10 10 2 2 10 10 8
left_child=1 2 3 4 7 13 -7 -1 9 -3 -2 12 -4 -6
right_child=10 8 11 -5 5 6 -8 -9 -10 -11 -12 -13 -14 -15
leaf_value=0.022281342828950931 0.0060119956295311442 0.025779541345720643 0.0031487930199594915 0.022846861901585261 -0.005458238513164862 0.0025390605551609668 -0.025711365170969627 -0.0050733910172607926 -0.0053785577118213874 -0.0034789022619408725 -0.020606298301234484 0.0042950066530585322 -0.023955375444636356 0.012776774767487781
leaf_weight=0.98692634934559464 0.12483515217900354 1.5715762553445531 0.21655113256565517 0.94858275022124861 0.60642645350890201 0.64671915816143166 1.3062438622000627 0.40249439160106504 0.22140871500596393 0.22243855131091539 1.7336110535179612 0.16789436437829852 1.4526194240897892 0.46905292058363568
leaf_count=32 2 132 505 183 49 34 144 28 14 80 3163 78 2736 8
internal_value=-0.000616104 0.00412237 -0.00162683 0.00574275 -0.00146886 -0.0111989 -0.0186645 0.0155502 0.0183961 0.0222051 -0.0173406 -0.0175909 -0.0205767 0.00481889
internal_weight=11.0774 9.21893 7.20351 5.36645 4.41786 3.02844 1.95296 1.38942 2.01542 1.79401 1.85845 1.83706 1.66917 1.07548
internal_count=7188 4023 3797 478 295 235 178 60 226 212 3165 3319 3241 57
is_linear=0
shrinkage=0.05


Tree=160
num_leaves=15
num_cat=0
split_feature=134 79 122 18 137 137 32 32 34 79 10 34 41 63
split_gain=0.499793 0.415999 0.431698 0.255064 0.247408 0.279684 0.245421 0.178141 0.177718 0.176421 0.152723 0.151017 0.12029 0.116666
threshold=0.92711213231086742 0.089096426963806166 -79.634696960449205 1.1647000064840542e-05 65.296279907226577 95.292655944824233 23.930794715881351 265.71488952636724 20.968513488769535 0.032002048566937454 0.5012953281402589 100.58281707763673 0.050423728302121169 151.80011749267581
decision_type=2 2 8 8 2 2 8 10 10 2 10 10 10 2
left_child=1 2 8 -2 -5 7 -3 10 -1 -7 12 13 -6 -8
right_child=3 6 -4 4 5 9 11 -9 -10 -11 -12 -13 -14 -15
leaf_value=0.01680539447422652 -0.010698920087640024 -0.012261510942869275 -0.025474975052199551 -0.0084108219735190247 0.028496409300432332 -0.015546043930072709 0.024141168658125538 -0.0060936962770942911 -0.0083569885891201876 0.011167874741401539 -0.0049923726486381893 -0.0067177292852364668 -0.0022718980108123055 -0.0031916336118373713
leaf_weight=0.50843030191026628 0.48321582190692414 0.30815343529684447 2.7309428812586707 0.46317261449439673 3.1462109800922931 0.45905667741317291 1.0522936143679542 0.13689822147716757 0.47850294352974743 0.16748840257059783 0.10706157221284218 0.15482454137236334 0.19168809938128095 0.22057094227056939
leaf_count=17 1232 49 3392 324 688 315 157 178 172 44 150 482 14 13
internal_value=0.000428146 -0.00932801 -0.0173917 0.0105886 0.0142887 0.0179221 0.00798709 0.0224778 0.00653969 -0.00592925 0.0247286 0.015608 0.0266131 0.0200844
internal_weight=10.6085 5.45372 3.71788 5.15479 4.67158 4.2084 1.73584 3.58186 0.986933 0.626545 3.44496 1.42769 3.3379 1.27286
internal_count=7227 4282 3581 2945 1713 1389 701 1030 189 359 852 652 702 170
is_linear=0
shrinkage=0.05


Tree=161
num_leaves=15
num_cat=0
split_feature=69 27 68 116 21 95 25 81 31 131 68 68 45 4
split_gain=0.521277 0.510433 0.41287 0.315172 0.308847 0.271276 0.242136 0.240926 0.227009 0.219854 0.189215 0.177546 0.126954 0.095878
threshold=36.358932495117195 557.16253662109386 133.97103118896487 0.097664620727300658 0.077482432126998915 1.0188800388277743e-05 196.5334396362305 0.072077922523021712 78.418392181396499 0.94282186031341564 324.23016357421881 524.08663940429699 0.19994306564331057 32.696172714233406
decision_type=2 10 2 2 10 8 8 2 8 2 2 2 10 8
left_child=3 2 6 9 5 -5 -2 -3 -4 13 -10 -12 -7 -1
right_child=1 7 8 4 -6 12 -8 -9 10 -11 11 -13 -14 -15
leaf_value=-0.01992727048837873 -0.02209736042159131 -0.029344415461684162 -0.0094323261279028667 -0.0056674684662275862 -0.0031021256410144853 0.03309727952040889 0.0085724325720550904 0.0020251902878010266 0.026070566098445144 0.011066906042785563 -0.014282244285273919 0.011935909277782195 -0.00047389593570982825 0.0028793767242601344
leaf_weight=0.750812125916127 0.91876366845099267 1.8788326320500348 0.23142436725902404 0.30870454152318494 1.1013499850814694 1.7869256005214995 0.32596736913546931 0.62164465937530611 1.3127826023846862 0.43372248034575012 0.31801196641754348 0.28262933890800923 0.28218630864284922 0.32069337400025677
leaf_count=52 328 4804 427 882 112 85 15 65 235 18 10 95 7 33
internal_value=-0.000386018 -0.00973299 0.0032196 0.01044 0.0173462 0.0249318 -0.0138248 -0.023195 0.0143618 -0.006075 0.0194893 -0.00219588 0.0298562 -0.0150065
internal_weight=10.8745 5.89006 3.38958 4.98439 3.47917 2.37782 1.24473 2.50048 2.14485 1.50523 1.91342 0.600641 2.06911 1.07151
internal_count=7168 5979 1110 1189 1086 974 343 4869 767 103 340 105 92 85
is_linear=0
shrinkage=0.05


Tree=162
num_leaves=15
num_cat=0
split_feature=121 69 21 27 18 127 63 63 129 45 47 95 129 129
split_gain=0.350522 0.475624 0.321275 0.291954 0.246629 0.231628 0.191604 0.167175 0.158848 0.14687 0.139247 0.125291 0.122646 0.119513
threshold=-2074.918090820312 48.250652313232429 0.020391511730849746 557.16253662109386 2.3994999764909157e-06 96.363636016845717 21.259575843811039 87.383178710937514 -0.19444236159324643 0.23942773044109347 0.11033661663532258 0.00030590876122005289 0.12430620193481447 0.42796704173088079
decision_type=2 2 10 10 8 8 2 2 8 8 10 8 10 10
left_child=6 2 4 5 -2 7 13 -3 -6 -4 -8 -12 -10 -1
right_child=1 3 9 -5 8 -7 10 -9 12 -11 11 -13 -14 -15
leaf_value=-0.026439147694962219 -0.0084379567789840456 -0.017879792663620712 -0.013479385266781656 -0.021810339962643598 -0.0041771287947392583 0.016206546031068719 -0.012432152174476499 0.007358768285881361 0.028363425041286174 0.0086476625655601842 0.016742102572218715 -0.0043456842149455577 0.00073022567408214539 0.0025024512492027333
leaf_weight=1.0581912046836808 0.21447432906279607 0.56872119864419823 0.82504446056554992 1.1523569016862891 0.22574542991060298 0.75979033260955475 0.36943443135533005 0.40220319485524669 2.7420250521172429 0.40509936289163317 0.48801002906839097 0.72921567350567795 0.51011247753922351 0.23677840779419046
leaf_count=1558 826 482 344 2221 26 178 486 87 667 33 171 38 22 14
internal_value=-0.000657177 0.00491376 0.0134102 -0.00931052 0.019579 0.00395142 -0.0131257 -0.00899574 0.0228053 -0.00558244 0.000144114 0.00784665 0.0252201 -0.0223628
internal_weight=10.6872 7.80557 4.9225 2.88307 3.69236 1.73071 2.88163 0.970924 3.47788 1.23014 1.58666 1.21723 3.25214 1.29497
internal_count=7153 4886 1918 2968 1541 747 2267 569 715 377 695 209 689 1572
is_linear=0
shrinkage=0.05


Tree=163
num_leaves=15
num_cat=0
split_feature=19 5 73 49 119 122 56 18 81 44 65 121 49 4
split_gain=0.346977 0.434401 0.445112 0.363912 0.338554 0.30152 0.279214 0.192514 0.145737 0.149996 0.142228 0.138703 0.137776 0.112314
threshold=0.17958631366491321 209.71488952636722 549.66198730468761 0.20789377391338351 0.068694751709699645 -50.79968070983886 2.5000000000000004 4.6527000449714258e-05 0.078461539000272765 0.00019182188407285142 15.143082618713381 -1307.589416503906 0.00014945674774935472 14.713973999023439
decision_type=8 8 2 10 2 8 2 8 2 8 2 2 10 10
left_child=4 5 3 10 12 11 -6 -7 9 -8 -3 -2 -1 -9
right_child=1 2 -4 -5 6 7 8 13 -10 -11 -12 -13 -14 -15
leaf_value=-0.0072431083268740112 -0.0065613005578221504 -0.0026559716652002777 -0.0092788224147282005 -0.0066225809184831137 0.0066875281830441518 0.0079833109296770285 0.0045517155018252936 0.0037888844379103288 0.0026245414928309421 -0.027800124323753152 0.032576985862714444 0.017782491733424013 0.017895691441001584 -0.022392564442181538
leaf_weight=0.17357151146279592 0.26807785640994553 0.15689961044700007 0.72268703503505083 0.44186365421046492 0.61559858222608488 0.23484435030695916 0.11715208479290673 0.17814012453891326 0.34323787054745469 2.1313310044351965 2.3133986860484583 0.66697299497900531 0.5769555624210625 1.6388113336070089
leaf_count=511 37 16 571 257 126 115 35 19 35 4346 393 52 82 603
internal_value=0.000688553 0.00733294 0.017117 0.0243648 -0.00966474 -0.00588061 -0.016076 -0.0146693 -0.0218394 -0.0252322 0.0302187 0.0110192 0.0112654 -0.0193919
internal_weight=10.5795 6.6217 3.63485 2.91216 3.95785 2.98685 3.20732 2.0518 2.59172 2.24848 2.4703 0.935051 0.750527 1.81695
internal_count=7198 2063 1237 666 5135 826 4542 737 4416 4381 409 89 593 622
is_linear=0
shrinkage=0.05


Tree=164
num_leaves=15
num_cat=0
split_feature=116 121 122 9 69 34 16 32 125 4 19 19 82 90
split_gain=0.358461 0.322667 0.264198 0.408678 0.239562 0.230179 0.227239 0.214357 0.195183 0.177963 0.153498 0.138237 0.119826 0.123927
threshold=1.5756110548973086 -12685.899902343748 -5.764554262161254 0.6864154338836671 16.41551494598389 113.12367630004884 0.15057660639286044 30.95268535614014 -76.499999999999986 39.342868804931648 0.20565385371446612 0.19620516151189807 0.016950383782386783 0.46387758851051336
decision_type=2 2 8 10 2 10 10 8 2 8 10 10 2 10
left_child=1 11 6 5 -2 8 9 -5 -4 -3 -9 -1 13 -6
right_child=4 2 3 7 12 -7 -8 10 -10 -11 -12 -13 -14 -15
leaf_value=-0.01771373748187478 0.010666344724325183 0.030057583466032774 -0.0051847463090330774 0.0064743069117007739 -0.023099992315086013 -0.0091150870994739872 -0.0063373905845666937 -0.023016685811698731 0.025455987160303308 -0.0050632293078913468 0.002850323288170158 0.0065443974050288156 0.0031136078903648023 0.0044252713979925674
leaf_weight=0.87607537709845906 0.2806792787741873 1.7002257920685224 0.2807768197817494 0.8618415485980222 1.9332253687462078 0.22194224796112383 0.22964064861298528 1.1615225634013771 1.578035082362476 0.11743407847825449 0.50874074868625019 0.24576672694820445 0.36798605968215259 0.1432769417297094
leaf_count=313 13 137 35 107 4896 492 55 435 306 14 165 59 163 14
internal_value=0.00106932 0.00650005 0.010726 0.00257467 -0.0120206 0.0155312 0.0222202 -0.00945514 0.020633 0.0267969 -0.0170211 -0.0118197 -0.0169659 -0.0203797
internal_weight=10.5072 7.782 6.66016 4.61286 2.72517 2.08075 2.0473 2.5321 1.85881 1.81766 1.67026 1.12184 2.44449 2.0765
internal_count=7204 2118 1746 1540 5086 833 206 707 341 151 600 372 5073 4910
is_linear=0
shrinkage=0.05


Tree=165
num_leaves=15
num_cat=0
split_feature=126 48 121 6 99 63 4 79 35 122 122 123 120 129
split_gain=0.358256 0.353717 0.428123 0.309492 0.23454 0.198871 0.201185 0.15853 0.197111 0.103243 0.100252 0.134301 0.126666 0.13676
threshold=213.83769226074222 5.3452798965736299e-05 -1765.809631347656 17.331782341003422 0.0003923869517166168 157.89137268066409 39.342868804931648 0.058910289779305465 21.367526054382328 -11.089653015136717 -79.634696960449205 -974.30767822265614 27.500000000000004 0.60777598619461071
decision_type=2 8 2 10 8 2 8 2 10 10 8 8 2 10
left_child=3 -2 7 9 -5 6 -4 8 -3 -1 -6 -12 13 -13
right_child=1 2 5 4 10 -7 -8 -9 -10 -11 11 12 -14 -15
leaf_value=0.015539639908418171 -0.013825399231165087 0.0079693992354730302 0.029347209890933521 0.0063663974071384126 -0.00015406396403052291 -0.0051155529274954821 -0.0043047425302688283 0.0086756523271189073 -0.022374662223898986 -0.0061357202602059322 0.00085128871172674651 -0.030836163998808369 -0.00075881476833955649 0.0039094734855599769
leaf_weight=0.46899764472618699 1.0443449300582868 0.17968790978193305 1.8408853137443655 0.46480017904104887 0.54147663637559162 0.29480019006587088 0.25112688944500483 0.26970465935301036 0.76136443785799202 0.20631680074438907 0.45649402031995123 2.6961862482494339 0.50265196101099707 0.080714664421975502
leaf_count=13 2325 5 341 264 125 64 533 70 240 27 41 2454 635 4
internal_value=-0.00551846 0.00427262 0.0113907 -0.0132662 -0.0175127 0.0210707 0.0252219 -0.00859118 -0.0154599 0.00920787 -0.0208221 -0.0231525 -0.0259119 -0.0290585
internal_weight=10.0596 4.64191 3.59757 5.41764 4.74232 2.38681 2.09201 1.21076 0.941052 0.675314 4.27752 3.73605 3.27955 2.7769
internal_count=7141 3578 1253 3563 3523 938 874 315 245 40 3259 3134 3093 2458
is_linear=0
shrinkage=0.05


Tree=166
num_leaves=15
num_cat=0
split_feature=134 11 34 54 21 96 127 72 30 111 10 32 110 35
split_gain=0.442074 0.25813 0.2741 0.279879 0.215996 0.278764 0.144718 0.131916 0.127671 0.120642 0.120921 0.113031 0.109585 0.0867683
threshold=0.92711213231086742 0.16843971610069278 31.143082618713382 6.2843715568305938e-05 0.020374134182929996 0.0012617135071195664 2.7809134721755986 58.370647430419929 143.13189697265628 4990.3161621093759 0.81094059348106395 257.30628204345709 546.86447143554699 174.96810150146487
decision_type=2 8 8 10 10 8 8 2 10 2 10 10 2 10
left_child=1 2 3 -1 5 -2 -3 -7 -5 10 11 -9 -6 -8
right_child=4 6 -4 8 12 7 13 9 -10 -11 -12 -13 -14 -15
leaf_value=-0.01546988382490018 -0.0069196160173126756 -0.0085144655160464197 -0.023952557248160068 0.019299423156433241 0.0049760475116092514 -0.00065074685329696218 0.017511400849752841 0.032187942026394613 -0.0062727720750106672 -0.0038780313165383642 -0.0036101279860137232 -0.0031288356304429751 -0.012599726445175423 -0.0037217204661219578
leaf_weight=0.41900742720463335 0.63289974317740449 0.47716863881942095 2.4266414983503637 0.72462136563262902 1.0418678640126016 0.51570290466770563 0.68155099559226073 1.618373488585348 0.13568762104841881 0.084054579572693799 0.074739302974194177 0.066136405373981577 0.69663225067051815 0.25816218412364833
leaf_count=55 896 444 3501 58 186 11 128 498 8 471 4 104 768 115
internal_value=-0.00150403 -0.0107274 -0.0165468 0.00184635 0.0086134 0.0151744 0.00504223 0.0213974 0.0140623 0.0256252 0.0279295 0.0301524 -0.00409592 0.0127667
internal_weight=9.85325 5.12284 3.70596 1.27932 4.73041 2.99191 1.41688 2.35901 0.860309 1.8433 1.75925 1.68451 1.7385 0.939713
internal_count=7247 4309 3622 121 2938 1984 687 1088 66 1077 606 602 954 243
is_linear=0
shrinkage=0.05


Tree=167
num_leaves=15
num_cat=0
split_feature=126 120 116 40 73 35 35 129 137 45 125 95 137 27
split_gain=0.407645 0.317244 0.379578 0.291204 0.169513 0.146293 0.12923 0.110967 0.107355 0.103825 0.109292 0.102505 0.0958355 0.0832269
threshold=-735.42105102539051 -32.499999999999993 0.40149745345115667 0.0088107436895370501 207.4160079956055 50.703720092773445 515.28369140625011 -0.002006792114116251 95.292655944824233 0.066133677959442153 3.5000000000000004 0.0004271568031981588 94.584484100341811 548.39172363281261
decision_type=2 2 2 8 2 8 10 10 2 8 2 10 2 10
left_child=5 4 6 9 -2 7 8 -1 -3 -4 -11 -6 -7 -12
right_child=1 2 3 -5 11 12 -8 -9 -10 10 13 -13 -14 -15
leaf_value=-0.010385701357046105 -0.019754693569706536 0.025092842838951732 -0.017863221802574169 0.013281549991837761 0.01253162562334177 -0.023737221080101539 -0.0048836716720511673 0.0088132045721284191 -0.0036494227932495206 -0.010640712090000136 0.01309158180149771 -0.0068111064446697281 0.0025623104360445112 -0.0061685471925360695
leaf_weight=0.32470395245036343 0.65479593851341611 2.7664324260113071 0.95331047899526389 1.1035837594390612 0.39405838204402244 1.2689542494335908 0.10812668173457485 0.749074620085594 0.10043199302162964 0.30636849106667774 0.69745602740294999 0.46129054504854139 0.19594847459666187 0.13684122473932803
leaf_count=94 692 270 2800 312 165 1945 266 131 7 44 80 50 263 41
internal_value=0.000456969 0.0062498 0.0110753 -0.00134472 -0.0100286 -0.0138858 0.0214045 0.000799011 0.0234026 -0.0108544 0.000611508 0.00405143 -0.020607 0.00829185
internal_weight=10.2214 7.6827 6.17255 3.19756 1.51014 2.53868 2.97499 1.07378 2.86686 2.09398 1.14067 0.855349 1.4649 0.834297
internal_count=7160 4727 3820 3277 907 2433 543 225 277 2965 165 215 2208 121
is_linear=0
shrinkage=0.05


Tree=168
num_leaves=15
num_cat=0
split_feature=111 48 9 102 122 66 104 3 40 128 34 76 123 24
split_gain=0.407046 0.330698 0.288349 0.255487 0.243716 0.290582 0.194092 0.182799 0.146274 0.133807 0.121905 0.117982 0.101863 0.0912082
threshold=1193.793640136719 0.12674840539693835 0.77497315406799328 15.500000000000002 -79.634696960449205 24.230171203613285 4.1937499046325692 15.496029376983644 0.011428944766521456 -484.29939270019526 113.12367630004884 0.66057851910591137 -132.70146942138669 1.613247871398926
decision_type=2 10 10 2 8 2 2 10 8 8 10 2 8 10
left_child=1 2 3 6 12 -6 9 -7 -2 -1 11 -11 -4 -3
right_child=8 13 4 -5 5 7 -8 -9 -10 10 -12 -13 -14 -15
leaf_value=-0.0010025370298344545 -0.023736431572259024 -0.019053977691022891 -0.0050770494920134822 -0.0083750120950148201 0.010562968196822937 -0.024285356509308974 -0.0046509874044705713 0.0012594549386474418 0.0011665722110154274 0.031861501716297917 -0.0036453260365793775 -0.0016140520228022767 0.018444722727052717 0.0046943632493300974
leaf_weight=0.37587840628111735 0.95808239001780715 0.64886671313433897 0.1445141788572073 0.30767965483391879 0.71288674825336862 1.1028046607825674 0.32054736921418214 0.90916426012699947 0.71558039262163231 2.2981465097836939 0.078111334383720421 0.18467523262370367 0.72827528390916996 0.098115522414445877
leaf_count=18 4367 645 9 199 23 777 97 209 386 315 41 8 51 3
internal_value=0.00052221 0.00561225 0.00934322 0.0176929 -0.000979389 -0.00820695 0.021544 -0.0161565 -0.0166351 0.0248583 0.0278696 0.029623 0.0139187 -0.0150331
internal_weight=9.58333 7.90967 7.16268 3.56504 3.59765 2.72486 3.25736 2.01197 1.67366 2.93681 2.56093 2.48282 0.872789 0.746982
internal_count=7148 2395 1747 678 1069 1009 479 986 4753 382 364 323 60 648
is_linear=0
shrinkage=0.05


Tree=169
num_leaves=15
num_cat=0
split_feature=137 76 49 72 137 132 34 11 79 73 134 41 93 37
split_gain=0.354272 0.418392 0.263543 0.373485 0.259582 0.26545 0.180302 0.176901 0.173931 0.156841 0.10471 0.103417 0.0868248 0.0831194
threshold=76.767814636230483 0.26794873178005224 0.0033288142876699571 1380.250671386719 95.292655944824233 1.0000000180025095e-35 40.874534606933601 0.99509802460670482 0.0065792321693152198 68.582817077636733 0.92711213231086742 0.025158228352665905 2.8504999818323999e-06 0.23801717907190326
decision_type=2 2 8 2 2 2 8 8 2 2 2 10 8 8
left_child=1 2 3 9 5 10 -3 11 -6 -1 -2 -4 -12 -7
right_child=4 6 7 -5 8 13 -8 -9 -10 -11 12 -13 -14 -15
leaf_value=-0.0047593560973341774 -0.0033949853316056159 0.019683575049933316 -0.025085630296648072 -0.016834091470591287 -0.016945574252247773 0.0073529017453200819 -0.0065956200417480147 0.0049764662003840381 0.0099447746322574391 0.020458456323058042 -0.0026439318915036781 0.0024140993972208468 0.030016865879278903 -0.0096250075976535895
leaf_weight=0.44392543689173203 0.071821409910627021 0.91730605410702959 2.8075410386591111 0.73645618262526102 0.519713794463314 0.37805341874627618 0.39345737302210193 0.28657546175963933 0.17200046531070257 0.92175182634673547 0.055799126319470482 0.19383636985003239 1.3840877283364534 0.58150204158300767
leaf_count=17 131 87 1589 2408 539 593 669 319 98 202 233 52 124 117
internal_value=-0.000784512 -0.00707311 -0.0129916 0.0010355 0.0110368 0.0172972 0.0123547 -0.0201098 -0.00833305 0.0137144 0.0259316 -0.0231502 0.0281863 -0.00259716
internal_weight=9.86383 6.70085 5.39009 2.10213 3.16298 2.47126 1.31076 3.28795 0.691714 1.36568 1.51171 3.00138 1.43989 0.959555
internal_count=7178 5343 4587 2627 1835 1198 756 1960 637 219 488 1641 357 710
is_linear=0
shrinkage=0.05


Tree=170
num_leaves=15
num_cat=0
split_feature=122 79 10 120 122 3 1 31 65 11 30 137 48 71
split_gain=0.476825 0.336928 0.299149 0.298764 0.234917 0.222915 0.207716 0.206457 0.184717 0.173665 0.195133 0.155306 0.154409 0.110611
threshold=-6.3096354007720938 0.0065792321693152198 0.096125788986682906 -39.499999999999993 -224.60557556152341 15.954650878906252 5160.3618164062509 103.9901809692383 528.70733642578136 0.14023724198341372 56.216087341308601 85.286026000976577 5.3452798965736299e-05 60.206493377685554
decision_type=10 2 10 2 10 8 2 8 2 10 8 2 8 2
left_child=2 8 3 -1 5 11 -6 -3 -2 10 -4 13 -7 -5
right_child=1 7 9 4 6 12 -8 -9 -10 -11 -12 -13 -14 -15
leaf_value=-0.010794024289090681 -0.02666416917338434 -0.0096874650692415753 0.0078688043826310346 -0.020253707678180115 0.031951495056377677 -0.006103118710612046 -0.0046616640172904506 0.015460946673134444 0.0046857052885118143 0.0066959884115079292 -0.02207127050077121 0.0084095995649966122 0.020438953040595887 0.0033580409450813366
leaf_weight=0.47504662378196361 1.9183651410057798 0.64964781383605408 0.18150341487489607 0.65806650448212145 1.4731647520602567 0.23842218373465551 0.18582353807869356 0.70109330445120588 0.24169537772831962 0.72389067756012071 0.92192109701863967 0.3748947240092092 1.0119599188765278 0.35429616781038931
leaf_count=225 3847 619 8 256 195 264 289 429 350 58 378 46 214 60
internal_value=-0.000863481 -0.0136734 0.00685418 0.012763 0.0169137 0.00442381 0.0276396 0.00438994 -0.0227836 -0.00763235 -0.0157468 -0.00731882 0.0149149 -0.0144279
internal_weight=10.1098 3.5108 6.59899 4.77167 4.29663 2.63764 1.65899 1.35074 2.16006 1.82732 1.10342 1.38726 1.25038 1.01236
internal_count=7238 5245 1993 1549 1324 840 484 1048 4197 444 386 362 478 316
is_linear=0
shrinkage=0.05


Tree=171
num_leaves=15
num_cat=0
split_feature=95 93 33 79 74 121 125 34 127 33 60 19 122 8
split_gain=0.425951 0.308165 0.380195 0.342747 0.211293 0.188941 0.138799 0.129443 0.123217 0.108962 0.103804 0.0918506 0.0853916 0.0623776
threshold=0.00055649023852311086 2.4886499886633832e-05 234.849479675293 0.0065792321693152198 0.49928367137908941 -2074.918090820312 2.5000000000000004 24.230171203613285 15.533768653869631 1413.3459472656252 38.548343658447273 0.020391181111335758 -16.577307701110836 34.150213241577156
decision_type=10 8 10 2 2 2 2 10 8 10 2 10 8 8
left_child=1 3 5 7 -4 -3 -5 -1 10 -6 -7 -2 -8 -10
right_child=11 2 4 6 9 8 12 -9 13 -11 -12 -13 -14 -15
leaf_value=0.0050723486405340433 0.0035212062414240681 -0.015504693902146038 -0.0037406945037533109 -0.007087873183298907 0.03035879006902811 0.0068955514620631046 -0.0040891377467372134 -0.023555391049112376 -0.0021512692968210278 -0.002333223491403893 -0.011719491468196563 -0.018401285018928341 0.020184373702078137 0.017463451247301736
leaf_weight=0.10842252278234843 0.22696473638643544 0.57101508795312872 0.37758728965127408 0.29219739948166523 1.7215233320021068 0.49049123097211078 0.094416249063215218 1.124345992640883 0.27071959106251653 0.13168149077682745 0.65645045547717018 2.1403864634557976 0.60595289052434964 0.71919311891542748
leaf_count=6 23 66 131 265 237 13 57 4007 13 27 186 1851 279 57
internal_value=-0.000994973 0.0052656 0.0115556 -0.00794847 0.0231611 -0.00167312 0.00942553 -0.0198935 0.00578745 0.0280322 -0.00425489 -0.015878 0.0164317 0.0137139
internal_weight=9.53135 7.164 4.93866 2.22534 2.23079 2.70787 0.992567 1.23277 2.13685 1.8532 1.14694 2.36735 0.700369 0.989913
internal_count=7218 5344 730 4614 395 335 601 4013 269 264 199 1874 336 70
is_linear=0
shrinkage=0.05


Tree=172
num_leaves=15
num_cat=0
split_feature=69 2 79 31 39 4 66 118 68 18 124 127 99 129
split_gain=0.364603 0.439003 0.399862 0.362463 0.290032 0.288313 0.261996 0.357162 0.173445 0.138487 0.127491 0.119165 0.117834 0.0982552
threshold=38.054365158081062 40.162574768066413 0.10035246983170511 102.65913009643556 0.12528026849031451 528.70733642578136 19.731782913208011 0.10893379524350168 39.074211120605476 2.3994999764909157e-06 0.089081835001707091 -69.104232788085923 0.0014330531121231618 1.0000000180025095e-35
decision_type=2 8 2 8 10 8 2 2 2 8 10 8 8 8
left_child=1 6 5 -4 9 8 13 11 -2 -3 -11 -8 -10 -1
right_child=2 4 3 -5 -6 -7 7 -9 12 10 -12 -13 -14 -15
leaf_value=-0.0051959617338697911 0.0027505012739522132 -0.0043246827063118838 -0.014708231430140929 0.017371302085298166 -0.0055624977726436639 0.0073169679842875314 0.0018017498249612634 0.012226263073930004 0.00070723787430392135 0.030215055859889262 -0.0033011700326906687 -0.026505559315284834 -0.032178347159669704 0.016691797110736917
leaf_weight=0.21825763443484936 0.30167628436174787 0.10514348819560848 0.5333866703076634 1.2023569306911668 0.62388554486824421 0.35533026923076239 0.29865195757156471 0.30472730740439136 0.2540343798536927 1.7151838907302588 0.11213656709151121 1.3206159994588231 1.8847818952417581 0.4567340447101742
leaf_count=21 22 364 722 424 58 374 30 103 317 497 28 905 3351 10
internal_value=-0.00219102 0.00638858 -0.011342 0.00574045 0.0181523 -0.0206657 -0.00701085 -0.0147803 -0.0256825 0.0250945 0.0277181 -0.02259 -0.0292915 0.0107377
internal_weight=9.6869 5.15534 4.53157 1.73574 2.55635 2.79582 2.59899 1.924 2.44049 1.93246 1.82732 1.61927 2.13882 0.674992
internal_count=7226 2016 5210 1146 947 4064 1069 1038 3690 889 525 935 3668 31
is_linear=0
shrinkage=0.05


Tree=173
num_leaves=15
num_cat=0
split_feature=137 123 29 82 27 122 46 137 121 39 73 97 35 71
split_gain=0.403032 0.245881 0.177176 0.382793 0.316979 0.210523 0.207899 0.164764 0.134734 0.114266 0.0918595 0.0848647 0.0815015 0.080948
threshold=76.767814636230483 44.316513061523445 1926.4670410156252 0.012978795915842058 88.681587219238295 -34.626602172851555 0.00075085897697135817 95.292655944824233 -63089.470703124993 0.0064000163692981013 611.74948120117199 6.9344499934231876e-05 23.844532966613773 32.797708511352546
decision_type=2 8 2 2 8 8 10 2 2 10 2 8 10 2
left_child=2 9 4 13 5 -1 8 11 -6 12 -5 -3 -2 -4
right_child=1 7 3 10 6 -7 -8 -9 -10 -11 -12 -13 -14 -15
leaf_value=0.0055622350622822831 0.005173590093333888 -0.0025955474234189068 0.0024690522584638174 0.014378875890561818 -0.0047700573666534128 -0.022208007631189325 -0.0082446372099108274 -0.0041938193498579556 0.020211435362176761 0.0077819119179256303 -0.0062061690042375141 0.028459262164592897 -0.015887769697205959 -0.024684326345457318
leaf_weight=0.58746629013330676 0.10551824537105836 0.068787288022576942 0.11624357527034623 0.61545979792572314 0.26063502251054194 0.75013259472325466 0.47520605634781521 0.2266212903195991 1.813809458180913 0.60015641347854398 0.14160963360336609 1.5200597946241032 0.49335225794493454 1.6775537109897412
leaf_count=41 3 83 144 141 20 233 363 115 272 323 120 177 1125 3995
internal_value=0.00188571 0.014509 -0.00518087 -0.0132909 0.00177159 -0.0128496 0.0109012 0.0226608 0.0165421 -0.00252578 0.00918773 0.0266315 -0.011262 -0.0226708
internal_weight=9.45261 3.0145 6.43812 2.55087 3.88725 1.3376 2.54965 1.81547 2.07444 1.19903 0.757069 1.58885 0.598871 1.7938
internal_count=7155 1826 5329 4400 929 274 655 375 292 1451 261 260 1128 4139
is_linear=0
shrinkage=0.05


Tree=174
num_leaves=15
num_cat=0
split_feature=126 48 5 122 73 69 127 134 54 116 79 17 49 55
split_gain=0.263314 0.295776 0.265171 0.332476 0.193454 0.153306 0.152946 0.145544 0.162543 0.134287 0.128806 0.124476 0.1077 0.0716623
threshold=-633.52023315429676 0.0003381444985279814 209.71488952636722 -79.634696960449205 549.83282470703136 21.316130638122562 -9.828828811645506 0.96897748112678539 0.021658158861100677 0.40149745345115667 0.13423423469066623 0.00018870876374421644 0.00010680924970074558 341.66561889648443
decision_type=2 10 8 10 2 2 10 2 8 2 2 8 8 8
left_child=7 2 3 6 12 -5 11 -1 -9 13 -11 -2 -4 -3
right_child=1 9 4 5 -6 -7 -8 8 -10 10 -12 -13 -14 -15
leaf_value=-0.018550561697029577 -0.003409805411002333 0.011534149365541717 -0.0031300989752207128 0.0056417119266532209 -0.004253194756233156 -0.021510877175132077 -0.0061673999637058049 0.011920376621463186 -0.011279846614382825 -0.020934223023284806 0.0016263590856901437 0.022555324998263362 0.027255119150867729 -0.0062656652304777091
leaf_weight=1.5931319389310377 0.30285293434280869 0.42768712923862073 0.11273921731481107 0.24645668314769842 0.38599045797309361 0.8378375685933861 0.40893189134658348 0.653781235349015 0.40417214536137192 0.91540551501384448 0.7442483681224985 0.87199831637553882 1.7039148787007434 0.13949963776394725
leaf_count=1713 32 47 215 13 409 1657 61 131 632 1073 602 213 393 20
internal_value=-0.00104707 0.00407216 0.0103749 -0.000929571 0.0200827 -0.0155935 0.0112593 -0.012114 0.00188287 -0.00865655 -0.0140096 0.0173718 0.0249276 0.00595171
internal_weight=9.74865 7.09756 4.87072 2.66808 2.20264 1.08429 1.58378 2.65109 1.05795 2.22684 1.65965 1.17485 1.81665 0.567187
internal_count=7211 4735 2993 1976 1017 1670 306 2476 763 1742 1675 245 608 67
is_linear=0
shrinkage=0.05


Tree=175
num_leaves=15
num_cat=0
split_feature=31 64 73 124 11 49 36 73 76 61 67 116 12 96
split_gain=0.318434 0.283801 0.245091 0.223619 0.22087 0.207318 0.134725 0.130301 0.127923 0.0796106 0.0773312 0.0717562 0.0741483 0.0712794
threshold=80.422901153564467 23.684668540954593 611.74948120117199 0.024406165815889839 0.99509802460670482 0.00010680924970074558 1413.9710083007815 524.08663940429699 0.33192090690135961 59.975105285644538 17.331782341003422 1.9774324893951418 0.240384615957737 0.00013055375166004526
decision_type=10 2 2 10 8 10 10 2 2 2 2 2 10 8
left_child=1 -1 3 5 7 -2 11 8 13 -10 -4 12 -7 -3
right_child=2 4 10 -5 -6 6 -8 -9 9 -11 -12 -13 -14 -15
leaf_value=0.0091174140930892125 -0.0068233639545697156 0.0016867180489367067 0.0051665474576219703 -0.0049020674953372942 0.0077545843980452158 0.027872960414290378 -0.0043613960156065551 0.0034714551884282327 0.009706655944375267 -0.0084443599994469629 -0.015009386103958924 -0.0020186324864217837 -0.0014108728715128088 -0.026698171595728123
leaf_weight=0.93749005852441758 0.25603222321297003 0.11517634207848626 0.11110514681786288 0.89322826950228762 0.37646897106606036 2.1527748499647728 0.14199102563725308 0.30281065589952039 0.22665567602962244 0.20093810936668888 0.5181040208262857 0.094747786537482059 0.1320125308993737 2.1558305836151703
leaf_count=96 1090 227 6 307 382 509 304 505 9 696 694 566 17 1722
internal_value=-0.000369587 -0.00898279 0.00833834 0.0131109 -0.0149414 0.0186679 0.0224589 -0.0190147 -0.0217943 0.00123675 -0.0104623 0.0248762 0.0262666 -0.025183
internal_weight=8.61537 4.31537 4.3 3.67079 3.37788 2.77756 2.52153 3.00141 2.6986 0.427594 0.629209 2.37954 2.28479 2.27101
internal_count=7130 3637 3493 2793 3541 2486 1396 3159 2654 705 700 1092 526 1949
is_linear=0
shrinkage=0.05


Tree=176
num_leaves=15
num_cat=0
split_feature=69 27 27 129 68 121 70 4 46 46 102 33 68 129
split_gain=0.271852 0.449782 0.318331 0.248366 0.206804 0.200387 0.155677 0.186447 0.175488 0.130293 0.127399 0.127355 0.109447 0.080169
threshold=36.858585357666023 557.16253662109386 212.43416595458987 -0.0044663201551884404 50.118621826171882 -63089.470703124993 34.703720092773445 20.886837959289554 2.5662499865575231e-05 0.00065098400227725517 13.500000000000002 60.236841201782234 134.85755157470706 1.0000000180025095e-35
decision_type=2 10 8 8 2 2 2 10 8 10 2 8 2 8
left_child=3 2 12 -1 -3 -5 7 -7 -8 10 -4 -10 -2 -9
right_child=1 4 9 5 -6 6 8 13 11 -11 -12 -13 -14 -15
leaf_value=-0.0086718630818039717 -0.017899873468309013 0.0060481507249065527 0.023465262963647048 -0.0056794133817715123 -0.025034590119399833 0.013347394666399202 -0.0033053299284689572 0.0046634741828796289 -0.002352388495034738 -0.0044161774452452793 -0.0049516706836216628 0.030207330415121747 0.0054068087650071157 -0.016310802501948881
leaf_weight=0.93070876604906516 0.52942447052919339 0.24979027936933551 1.331386768746597 0.6449062483661695 1.7438313297716375 0.44095236458815656 0.32076942847197676 0.14503351831808686 0.18373478474677507 0.29413192809442978 0.10919338429812331 1.7048972964839777 0.20260704024258303 0.44852427780278958
leaf_count=509 310 17 281 150 4702 22 521 24 57 264 160 87 77 40
internal_value=0.00106148 -0.00705207 0.00652627 0.00849189 -0.0204207 0.0135333 0.0177911 0.000465075 0.023231 0.0159063 0.020165 0.027322 -0.0120519 -0.0114754
internal_weight=9.27989 4.46037 2.46674 4.81953 1.99362 3.88882 3.24391 1.03451 2.2094 1.73471 1.44058 1.88863 0.732032 0.593558
internal_count=7221 5811 1092 1410 4719 901 751 86 665 705 441 144 387 64
is_linear=0
shrinkage=0.05


Tree=177
num_leaves=15
num_cat=0
split_feature=122 129 121 127 6 124 97 123 31 91 21 48 3 66
split_gain=0.312804 0.235753 0.289987 0.221178 0.1922 0.194447 0.124159 0.122916 0.106881 0.0980928 0.0906299 0.084916 0.0808582 0.0600552
threshold=-2.6852539777755733 0.0053035113960504541 -63089.470703124993 9.6471753120422381 38.548343658447273 inf 0.090899635106325163 -7.0328931808471671 92.371639251708999 0.04169424623250962 0.17265942692756656 3.2918998840614229e-05 122.21793365478517 19.731782913208011
decision_type=10 8 2 10 10 8 8 8 8 8 10 8 10 2
left_child=1 8 13 7 5 10 11 -2 -1 -5 -4 -7 -10 -3
right_child=3 2 4 9 -6 6 -8 -9 12 -11 -12 -13 -14 -15
leaf_value=-0.013939858766483626 -0.00045068608984216588 0.0042545370098723712 0.030607761712683364 -0.0065440547542874152 -0.0039329280762528934 -0.0042151870068370739 -0.009877564544854724 -0.022391647306351695 0.011042012959195593 0.013501263032261845 -0.00096537511350393193 0.014341459629815227 -0.0065506185199702381 -0.014578792456241781
leaf_weight=0.77208338391574183 0.93662277920884662 0.089200831949710735 1.7341185489931379 0.246953207439219 0.64227469008619653 0.35816419156617429 0.2854534141952173 1.3313134647869453 0.48115452459751407 0.54989730090164812 0.18265990767395113 1.0147990000550635 0.30226582197064999 0.39967625155986752
leaf_count=533 747 3 287 396 290 315 29 3482 561 73 13 121 135 182
internal_value=0.00131684 0.00742343 0.0124048 -0.00991671 0.01659 0.0203306 0.0039396 -0.0162411 -0.00660469 0.00710434 0.0282996 0.00976427 0.00438723 -0.0105929
internal_weight=9.32664 6.26185 4.70635 3.06479 4.21747 3.5752 1.65842 2.26794 1.5555 0.796851 1.91678 1.37296 0.78342 0.488877
internal_count=7167 2469 1240 4698 1055 765 465 4229 1229 469 300 436 696 185
is_linear=0
shrinkage=0.05


Tree=178
num_leaves=15
num_cat=0
split_feature=126 121 103 116 40 17 40 70 127 49 90 60 68 48
split_gain=0.383837 0.248977 0.29197 0.277426 0.209592 0.196507 0.214912 0.134678 0.126964 0.120518 0.106849 0.1058 0.0757452 0.0665321
threshold=-1679.0372924804685 -2314.5812988281245 3.5000000000000004 0.54722779989242565 0.0090225767344236391 0.17145191133022311 0.096464019268751158 38.200859069824226 -69.104232788085923 6.4725998527137576e-05 0.17969912290573123 21.367526054382328 20.283439636230472 7.0674348535249023e-05
decision_type=2 2 2 2 8 10 10 2 8 8 8 2 2 8
left_child=5 2 8 7 10 6 -1 11 -2 -9 -5 -3 -10 -6
right_child=1 3 -4 4 13 -7 -8 9 12 -11 -12 -13 -14 -15
leaf_value=-0.024234725648076199 0.0035160810341588488 0.011799448007442264 0.012343925137132714 -0.016087021996629199 -0.0031865787786720858 0.0082558247387594357 0.0065765390217248339 -0.0040134547043006443 0.0029136827720730465 0.026998926163719544 0.0038196120801989026 -0.0073743229958707262 -0.023438233274248859 0.015558787025249344
leaf_weight=1.6609819388759208 0.36362374449527124 0.27421223372221026 0.54072497673769238 1.0402534956410818 0.25757950790284656 0.22886079101590429 0.2619400344119639 0.087223865411942492 0.081138725392520761 1.8401931456755847 0.52979593387135548 0.67110748460981995 1.0360537595333879 0.66043061869277153
leaf_count=2195 28 4 511 2697 149 35 39 277 3 255 75 45 737 166
internal_value=0.000292096 0.00586002 -0.00687007 0.0109859 -0.00147689 -0.0146088 -0.0192236 0.019374 -0.0160338 0.0247039 -0.0104972 0.00139397 -0.0210521 0.01138
internal_weight=9.53412 7.38234 2.02154 5.3608 2.48806 2.15178 1.92292 2.87274 1.48082 1.92742 1.57005 0.94532 1.11719 0.91801
internal_count=7216 4947 1279 3668 3087 2269 2234 581 768 532 2772 49 740 315
is_linear=0
shrinkage=0.05


Tree=179
num_leaves=15
num_cat=0
split_feature=127 121 20 79 30 39 18 5 97 47 127 3 46 121
split_gain=0.343465 0.316913 0.311642 0.307392 0.190421 0.154133 0.14703 0.146998 0.123809 0.111752 0.111231 0.108125 0.0957168 0.0798724
threshold=-11.35273504257202 -12685.899902343748 0.0001451604985049926 0.0065792321693152198 71.521446228027358 0.50125628709793102 0.0023281665053218607 82.104969024658217 2.5768250452529177e-05 0.13484505563974383 -523.65975952148426 163.17218017578128 0.16695995628833774 -1533.5912475585935
decision_type=10 2 10 2 8 10 8 10 8 10 8 10 10 2
left_child=1 9 8 4 7 11 13 -2 -3 -1 -10 -5 -8 -4
right_child=3 2 6 5 -6 -7 12 -9 10 -11 -12 -13 -14 -15
leaf_value=-0.017429864000628896 -0.010638207185443308 -0.0045406001431764955 0.0044390224125942157 0.018970245284543611 -0.025318034417724879 -0.0093451936963208845 0.013489516070041589 0.011462948226355796 -0.0038483148340395985 0.0037829096225691534 0.026289515509381675 -0.0045903566669981714 -0.0068187473211968322 -0.016222245630880826
leaf_weight=0.58112030828488037 0.5490219318962779 0.099836119508836751 0.16077474068151787 0.73227148643491069 1.5707740257021212 0.27579860601690598 0.68688304549868928 0.46296529070241377 0.08014722797088325 0.53835091387009015 2.2250317519792593 0.22549843259184854 0.14977433773310622 0.68235229367564865
leaf_count=298 155 348 59 368 3957 640 205 323 19 95 261 87 110 247
internal_value=-0.000280555 0.0075224 0.0134539 -0.0102739 -0.0180855 0.00685609 -0.00269559 0.000144672 0.0222125 -0.0102569 0.0243944 0.0139118 0.00812085 -0.0120116
internal_weight=9.0206 5.20427 4.0848 3.81633 2.58276 1.23357 1.67978 1.01199 2.40502 1.11947 2.30518 0.95777 0.836657 0.843127
internal_count=7172 1642 1249 5530 4435 1095 621 478 628 393 280 455 315 306
is_linear=0
shrinkage=0.05


Tree=180
num_leaves=15
num_cat=0
split_feature=31 33 27 125 44 8 49 65 120 1 35 124 121 75
split_gain=0.23622 0.424142 0.26954 0.243784 0.219403 0.18916 0.218878 0.220439 0.247411 0.127511 0.118003 0.115659 0.108533 0.0918069
threshold=80.422901153564467 99.687007904052749 81.431587219238295 -30.499999999999996 0.16758426278829577 32.696172714233406 0.00012796450027963149 22.200860023498539 -73.499999999999986 9977.6401367187518 49.445241928100593 -0.099962934851646409 9074.4160156250018 0.86607143282890331
decision_type=8 10 8 2 10 10 8 2 2 2 10 8 2 2
left_child=1 2 11 12 5 -5 -7 10 -9 -10 -8 -1 -2 -3
right_child=3 13 -4 4 -6 6 7 8 9 -11 -12 -13 -14 -15
leaf_value=0.0057100351123528384 -0.016435895477659151 -0.02702199749681309 0.014820070870749642 -0.0066590053277801198 -0.0090279636670151826 -0.0079908375139551898 0.0093694366289444626 -0.0047843903031236229 0.031823351378341545 -0.0035121742211961294 -0.011778951279272745 -0.016822654840686249 0.0050841124922446244 0.0031031710552260317
leaf_weight=0.26845119596691802 0.68858536665720727 1.2093885885660709 1.3389433031697988 0.42679585195583136 0.54586209323315404 0.23768294200635898 0.30294595574378069 0.30996277306258013 2.2848616421470074 0.075500033508433151 0.36748717538284836 0.65543873529531982 0.32623387098647072 0.070736334542743751
leaf_count=32 564 2990 373 76 92 937 21 236 672 388 125 248 496 4
internal_value=-0.000602345 -0.00931597 0.00430832 0.00551835 0.0103121 0.014225 0.0176263 0.0208698 0.0257445 0.0299843 -0.00233454 -0.0107106 -0.0104281 -0.0247265
internal_weight=9.10888 3.54296 2.26283 5.56592 4.5511 4.00524 3.57844 3.34076 2.67032 2.36036 0.670433 0.92389 1.01482 1.28012
internal_count=7254 3647 653 3607 2547 2455 2379 1442 1296 1060 146 280 1060 2994
is_linear=0
shrinkage=0.05


Tree=181
num_leaves=15
num_cat=0
split_feature=126 121 10 79 46 40 64 78 72 1 1 35 126 63
split_gain=0.338674 0.304687 0.360959 0.310768 0.212559 0.187304 0.182412 0.164669 0.0975879 0.110759 0.0964812 0.0878563 0.0950292 0.0778292
threshold=-633.52023315429676 -2314.5812988281245 1.0000000180025095e-35 0.0093898782506585139 0.16695995628833774 0.0090225767344236391 34.703720092773445 0.11771634593605997 55.718484878540046 37.42260932922364 4935.4318847656259 21.367526054382328 -570.85955810546864 14.835632324218752
decision_type=2 2 10 2 10 10 2 2 2 2 2 8 2 2
left_child=6 3 4 11 8 -4 7 13 9 -3 -10 -2 -13 -1
right_child=1 2 5 -5 -6 -7 -8 -9 10 -11 -12 12 -14 -15
leaf_value=-0.004358938035141962 0.0024606812296236978 0.010799123689271778 -0.015707924995106183 0.010629707260777346 -0.0061269996942011854 0.0077564925841865466 -0.02257380530441672 -0.011168191340939784 0.029027703479994955 -0.0095077429620081862 -0.0022592488809095395 0.0035792751507199546 -0.025294816220532135 0.01590043662429767
leaf_weight=0.18195095638293446 0.20629203063435819 0.54519838199485171 0.82763857418831299 0.63377745256002516 0.31612251608021313 0.75478104581998195 1.1374094642742418 0.58041360457718838 1.9850606579348098 0.22701523581054062 0.11897782046071359 0.071171268959005607 0.95740704566560475 0.53370802150675445
leaf_count=583 11 15 1650 183 554 241 1437 135 434 38 557 3 1047 322
internal_value=-0.000598189 0.00531663 0.0114256 -0.0088346 0.0193394 -0.00584625 -0.0135912 0.000689967 0.022997 0.00283298 0.0271006 -0.0191107 -0.0225174 0.0112112
internal_weight=9.07692 6.64344 4.77479 1.86865 3.19237 1.58242 2.43348 1.29607 2.87625 0.772214 2.10404 1.23487 1.02858 0.715659
internal_count=7210 4733 3489 1244 1598 1891 2477 1040 1044 53 991 1061 1050 905
is_linear=0
shrinkage=0.05


Tree=182
num_leaves=15
num_cat=0
split_feature=137 76 119 101 82 137 96 10 71 90 11 124 21 119
split_gain=0.542863 0.22282 0.170258 0.141219 0.145828 0.136546 0.120314 0.123533 0.117695 0.0810625 0.0798887 0.0744728 0.07031 0.0920839
threshold=76.767814636230483 0.28801843523979193 0.12260104715824129 0.0015830695047043266 0.012978795915842058 95.292655944824233 0.00087708150385878991 0.16089206933975223 99.437637329101577 0.46387758851051336 0.075330432504415526 -0.48011665046215052 0.00078519523958675574 0.059287901967763908
decision_type=2 2 2 8 2 2 8 8 2 10 10 8 8 2
left_child=1 3 5 -1 9 6 -2 -8 -3 11 -7 -5 -13 -14
right_child=2 8 -4 4 -6 10 7 -9 -10 -11 -12 12 13 -15
leaf_value=0.0047150715229966863 -0.0034592397051896591 0.015372171070576866 -0.004846546827711763 0.0030974355378265953 0.0032458107353125795 -0.010388136415008057 0.02742731350063354 -0.0039228837818538883 -0.0058503245156930209 0.0036924560036286618 0.0081161859087058273 -0.0027631439130051437 0.0022782249908577449 -0.025659228709904416
leaf_weight=0.48851118567108631 0.17499862768454533 0.46344873610360071 0.5949263254951801 0.084288450772874057 0.54906569267041039 0.28021657272620348 1.6629904911897027 0.097591795660264435 0.45822140614836826 0.080379576422274002 0.12359645603282843 0.74424720115712384 0.15207725498476099 2.8698420763139438
leaf_count=167 160 58 866 33 228 287 462 23 676 16 18 1000 46 3131
internal_value=-0.00156487 -0.0098885 0.0134099 -0.0137554 -0.0162624 0.0181136 0.0220291 0.024898 0.00726728 -0.019093 -0.00297742 -0.0202318 -0.0212943 -0.0240364
internal_weight=8.8244 5.89008 2.93432 4.96841 4.4799 2.33939 1.93558 1.76058 0.92167 3.93083 0.403813 3.85045 3.76617 3.02192
internal_count=7171 5355 1816 4621 4454 950 645 485 734 4226 305 4210 4177 3177
is_linear=0
shrinkage=0.05


Tree=183
num_leaves=15
num_cat=0
split_feature=119 11 131 60 136 75 67 127 65 134 116 116 97 67
split_gain=0.302602 0.230434 0.234811 0.261095 0.18445 0.167477 0.157672 0.157248 0.167064 0.133558 0.0999054 0.0956166 0.0781662 0.0641537
threshold=0.10000175982713701 0.16843971610069278 0.94282186031341564 66.15021133422853 1.0000000180025095e-35 0.22052631527185443 37.886302947998054 -40.367776870727532 528.70733642578136 0.96897748112678539 1.9267941713333132 0.097664620727300658 2.6962499759974893e-05 37.025253295898445
decision_type=2 8 2 2 2 2 2 8 2 2 2 2 8 2
left_child=4 2 7 -4 6 -3 10 13 -9 -6 11 -1 -13 -2
right_child=1 5 3 -5 9 -7 -8 8 -10 -11 -12 12 -14 -15
leaf_value=-0.0034703652971918931 -0.0067808445212205574 -0.0082236912314525325 0.014625576678269629 -0.014094580976619428 -0.011282432569353754 0.015092514244859365 -0.0062786799239886257 -0.027808582637141085 0.0046291867346720224 0.0091067788062190597 -0.003812287108965683 -0.0026490695345391963 0.02747270609602831 0.0083992428020691189
leaf_weight=0.07270942284958426 0.55717928909871262 0.50633851846214362 0.84654407148627775 0.41064440075933817 0.93707693910619128 0.82022220495855436 0.19253159482104831 1.9568415433750495 0.16157393829053024 0.44022890291671501 0.099632531168026506 0.055910174924065026 1.325468579576409 0.25852565076638712
leaf_count=17 95 847 61 834 754 187 269 2989 176 286 282 185 151 81
internal_value=-0.00183376 -0.00838132 -0.0134287 0.00315629 0.0089603 0.00648342 0.0166363 -0.0195309 -0.0246434 -0.00367605 0.0208225 0.0233761 0.0256531 6.42828e-06
internal_weight=8.64143 5.51787 4.19131 1.25719 3.12356 1.32656 1.74625 2.93412 2.11842 1.37731 1.55372 1.45409 1.38138 0.815705
internal_count=7214 5270 4236 895 1944 1034 904 3341 3165 1040 635 353 336 176
is_linear=0
shrinkage=0.05


Tree=184
num_leaves=15
num_cat=0
split_feature=69 58 18 18 113 121 117 41 39 35 130 119 129 91
split_gain=0.297511 0.406706 0.314885 0.203134 0.188257 0.166981 0.17926 0.140793 0.171342 0.127087 0.0930341 0.088496 0.086753 0.084491
threshold=37.743314743041999 636.91967773437511 7.9738500062376274e-05 3.69200006389292e-06 509.82620239257818 -104817.62109374999 44.250000000000007 0.021622253581881527 0.095811817795038237 21.367526054382328 1.0000000180025095e-35 0.07410385832190515 0.037917492911219604 0.069377839565277113
decision_type=2 2 10 8 2 2 2 8 8 8 2 2 10 10
left_child=2 4 3 -1 10 -5 -7 12 -9 -4 -2 -11 -3 -14
right_child=1 7 9 5 -6 6 -8 8 -10 11 -12 -13 13 -15
leaf_value=-0.007713595936600124 -0.012303919039069831 -0.026021603204055322 0.0085106865651755747 -0.005112994439109602 0.018538446040567893 0.029142790876030829 -0.0033779663946977311 -0.01259836286800744 0.012055160355931483 0.005409566844228178 0.0067974953698440093 -0.014230267982476372 -0.0098184474728925109 0.0082779423166062915
leaf_weight=0.18211332988721585 0.52450751063588519 1.4905975851434057 0.43055161755182747 0.18377073315059567 0.83745308194920653 1.8179347662662624 0.27266222008620378 0.33641020134382404 0.49304022520664148 0.18101989251590578 0.2715326025208924 1.3457519384937766 0.34281862399802765 0.26169421281520044
leaf_count=493 94 4606 41 27 358 150 39 187 52 31 100 673 323 32
internal_value=0.000541295 -0.00763539 0.00883586 0.0181261 0.00909414 0.021919 0.0251807 -0.0169158 0.000635305 -0.00501024 -0.00563138 -0.0106824 -0.0218246 -0.00170778
internal_weight=8.97186 4.55805 4.4138 2.45648 1.63349 2.27437 2.0906 2.92456 0.82945 1.95732 0.79604 1.52677 2.09511 0.604513
internal_count=7206 5752 1454 709 552 216 189 5200 239 745 194 704 4961 355
is_linear=0
shrinkage=0.05


Tree=185
num_leaves=15
num_cat=0
split_feature=126 4 4 127 3 39 65 121 48 66 40 114 124 79
split_gain=0.219216 0.266878 0.178244 0.173902 0.160622 0.181974 0.233838 0.160284 0.123874 0.119095 0.111312 0.119682 0.138358 0.0930199
threshold=213.83769226074222 17.599287986755375 13.826340198516847 1.5296177268028261 163.17218017578128 0.0041515410412102946 20.748447418212894 -2074.918090820312 5.3452798965736299e-05 210.55003356933597 0.10840187966823579 0.41188602149486547 0.50506445765495311 0.51041778922081005
decision_type=2 10 8 10 8 8 2 2 8 2 10 2 10 2
left_child=1 2 -1 10 5 7 -7 -2 -9 -5 11 -3 -13 -8
right_child=4 3 -4 9 -6 6 13 8 -10 -11 -12 12 -14 -15
leaf_value=-0.0090273445217263996 -0.01375403559946254 0.0035534337484764431 0.018024672451465055 -0.0069941068671038973 -0.0088771326398202639 -0.0057671277556281229 0.02721470851758977 -0.0060492529247064587 0.015354100380488303 0.012553244023325753 0.0037920017761687666 -0.027994339864322627 0.0022221403995207182 -0.0028217371326451491
leaf_weight=0.21496613863564551 0.50349124196509398 0.17269575431055395 0.64211592527863104 0.89477599625388371 0.54051732907100802 0.40697706060745975 1.318884191510733 0.45073356113789498 0.61703105965352745 0.33655801581335254 0.18417529528232979 1.707018290129781 0.27872812901478017 0.093223031988600158
leaf_count=58 825 305 34 391 370 52 501 1141 516 352 77 2295 18 209
internal_value=-0.000909979 -0.00775647 0.0100322 -0.0132831 0.00681555 0.0107695 0.0184133 -0.00179946 0.00776307 0.00158016 -0.0192311 -0.0217742 -0.0244293 0.024884
internal_weight=8.36189 4.43103 0.857082 3.57395 3.93086 3.39034 1.81908 1.57126 1.06776 1.23133 2.34262 2.15844 1.98575 1.41211
internal_count=7144 3530 92 3438 3614 3244 762 2482 1657 743 2695 2618 2313 710
is_linear=0
shrinkage=0.05


Tree=186
num_leaves=15
num_cat=0
split_feature=134 48 5 124 1 29 120 124 78 121 128 123 137 27
split_gain=0.343484 0.208173 0.20329 0.177834 0.195156 0.147847 0.116962 0.111134 0.118376 0.0896794 0.0927507 0.0754501 0.0722636 0.0705609
threshold=0.92711213231086742 0.0003381444985279814 545.45361328125011 0.16750355809926989 6720.1667480468759 1703.0242919921877 78.500000000000014 0.50506445765495311 0.3747659176588059 -209005.11718749997 186.45456695556643 -51.894737243652337 65.296279907226577 186.26428985595706
decision_type=2 8 10 10 2 2 2 10 2 2 10 10 2 8
left_child=1 5 3 4 9 13 -7 8 -3 -2 12 -10 -11 -1
right_child=2 7 -4 -5 -6 6 -8 -9 11 10 -12 -13 -14 -15
leaf_value=-0.0023771770148697177 -0.0036301206774886022 -0.025179181231094097 -0.0086732045679940323 -0.0040669813907076059 -0.0074599460880371733 -0.014982342874732518 0.0056308361708484753 0.003813945745376671 0.0078016464185092591 -0.0010266516947188998 -0.0034596438295422861 -0.0089779051846769261 0.026373677299273163 0.016460378570387568
leaf_weight=0.40200204262509975 0.07553229715995291 1.4479901395752683 0.66129143283615111 0.81080094375647593 0.19210140491486516 0.64805985873681471 0.48724681100429734 0.24233409576117981 0.37038971127185505 0.181396435051285 0.074804952047997975 0.31442320680798719 2.1682543799252016 0.57174076588125899
leaf_count=11 40 1223 567 56 1364 1529 860 13 78 150 28 392 739 133
internal_value=-0.00080135 -0.00944322 0.0085312 0.012984 0.01783 0.00200103 -0.00764169 -0.0171873 -0.0200293 0.0213495 0.0229605 -0.000658513 0.0245833 0.0114192
internal_weight=8.64837 4.48419 4.16418 3.50289 2.69209 2.10905 1.13531 2.37514 2.1328 2.49999 2.42446 0.684813 2.34965 0.973743
internal_count=7183 4239 2944 2377 2321 2533 2389 1706 1693 957 917 470 889 144
is_linear=0
shrinkage=0.05


Tree=187
num_leaves=15
num_cat=0
split_feature=134 100 48 46 124 124 11 21 0 6 123 74 23 32
split_gain=0.232692 0.307216 0.191153 0.185012 0.156613 0.143643 0.154903 0.130186 0.0970694 0.086709 0.0750845 0.0694479 0.0669371 0.059562
threshold=0.92711213231086742 0.18584401160478595 0.0003381444985279814 4.3415999243734411e-05 0.16750355809926989 0.50506445765495311 0.16843971610069278 0.23078151792287829 2.5000000000000004 35.603672027587898 -34.421222686767571 0.49928367137908941 12.500000000000002 264.14735412597662
decision_type=2 8 8 10 10 10 8 10 2 10 10 2 2 10
left_child=2 8 3 -1 7 6 -4 9 -2 13 -8 -5 -10 -3
right_child=1 4 5 11 -6 -7 10 -9 12 -11 -12 -13 -14 -15
leaf_value=-0.0084989780659064009 0.004786894713713419 0.027648125589294265 -0.0253541414657181 -0.0037828990943069548 -0.0032868441431019475 0.0054099696826456316 0.0078846199364755679 -0.0023574917453668201 -0.017625442069610673 -0.0010899220342527195 -0.0085108245653338806 0.016325446052181017 0.0033756815600619453 -0.00203092715118839
leaf_weight=1.1518611773281011 0.37958440437796503 1.3354283378284897 1.5210559679908335 0.14598616197690706 0.69718681907397684 0.26403066722559732 0.44873326175002148 0.39755782631254977 0.85413064401291194 0.24178700585616741 0.34810807844769431 0.79669696844939608 0.12504875038212049 0.042000407585874089
leaf_count=2235 59 283 1243 134 23 13 87 190 1899 104 386 163 262 111
internal_value=-0.0021001 0.00590398 -0.0088829 0.00216772 0.0140625 -0.01595 -0.0192803 0.0191615 -0.00944484 0.0233278 -2.82719e-05 0.0128671 -0.0145929 0.0262696
internal_weight=8.7492 4.07272 4.67647 2.09454 2.71396 2.58193 2.3179 2.01677 1.35876 1.61922 0.796841 0.942683 0.979179 1.37743
internal_count=7192 2931 4261 2532 711 1729 1716 688 2220 498 473 297 2161 394
is_linear=0
shrinkage=0.05


Tree=188
num_leaves=15
num_cat=0
split_feature=69 11 115 94 123 76 137 90 48 64 122 119 113 49
split_gain=0.275254 0.289891 0.224935 0.196108 0.205843 0.150474 0.142476 0.168471 0.118943 0.110318 0.111909 0.0928548 0.0869634 0.0816598
threshold=37.743314743041999 0.16843971610069278 0.48517580330371862 0.0022437168518081312 -192.60169982910153 0.26794873178005224 89.115234375000014 0.00033043645089492207 6.4186398958554505e-05 27.263514518737797 -62.786842346191399 0.082762472331523909 1034.354431152344 7.7607499406440197e-05
decision_type=2 8 2 10 10 2 2 8 8 2 8 2 2 8
left_child=3 6 8 4 9 11 7 -2 -3 -1 -11 -5 -4 -6
right_child=1 2 12 5 13 -7 -8 -9 -10 10 -12 -13 -14 -15
leaf_value=0.010553921017181346 0.0025893860882781998 -0.0053348231808974227 0.0049058923563465827 0.0048842721619943184 -0.0029295527654321376 0.010115635856522576 0.0020543901053617576 -0.027946120667953652 0.019710714451760526 0.0074672388618534265 -0.013666338683479703 -0.016179877028181452 -0.015144134848809943 0.026289272188893206
leaf_weight=0.33561107539571855 0.35590739758481515 0.16726931573066373 0.2402345659211278 0.19503477744001418 0.062140291440300977 0.26431914209388185 0.49452895570721001 1.5599464406768675 0.79043805922265165 0.19109259848482907 0.8319949111464664 1.0320662050253302 0.58375407114363043 0.89314925440703519
leaf_count=22 375 186 66 76 183 18 769 3420 245 9 237 709 658 151
internal_value=-0.0026048 -0.0103611 0.0040132 0.00631768 0.0134615 -0.00572056 -0.0190475 -0.0233309 0.0148458 -0.000867663 -0.00797914 -0.0121421 -0.00981373 0.0238624
internal_weight=7.99749 4.19208 1.7817 3.80541 2.31399 1.49142 2.41038 1.91585 0.957707 1.3587 1.02309 1.2271 0.823989 0.95529
internal_count=7124 5719 1155 1405 602 803 4564 3795 431 268 246 785 724 334
is_linear=0
shrinkage=0.05


Tree=189
num_leaves=15
num_cat=0
split_feature=31 17 30 68 49 49 0 67 32 84 22 106 55 127
split_gain=0.231562 0.270241 0.219423 0.209107 0.216553 0.211689 0.127223 0.156787 0.100869 0.0989986 0.0916653 0.0767573 0.103039 0.0659679
threshold=80.422901153564467 0.14908906817436221 46.709295272827156 114.74896621704103 0.00010680924970074558 0.001249623950570822 21.500000000000004 20.391719818115238 23.930794715881351 0.067424245178699507 0.1639269217848778 56.13667297363282 257.41667175292974 -8.0012965202331525
decision_type=8 8 10 2 8 10 2 2 10 2 8 2 10 8
left_child=1 2 8 6 -5 9 7 -2 -1 -6 -7 -3 -13 -9
right_child=3 11 -4 4 5 10 -8 13 -10 -11 -12 12 -14 -15
leaf_value=0.010267005747841557 0.0087144771811295454 -0.005544218694344241 -0.026340375865459995 -0.008882530122208139 0.028989652833815566 -0.008236151043161638 0.0088404034632276422 -0.00031923859718240282 -0.0086032202749523664 -0.0027780689695621635 0.0084060327074434536 0.017090470520183722 -0.0045849837029818766 -0.01970848393275576
leaf_weight=0.4690457829274236 0.20962571928976226 0.3357824938429983 1.1919721076737912 0.34737953106378006 1.1921418360725513 0.57225835167628214 0.40133688563219028 0.61048078614112455 0.38703715068550082 0.092105880627059267 0.75323065548582246 0.59483776014531031 0.31525151892856229 0.93542779333074555
leaf_count=76 8 21 3029 1448 792 942 147 36 355 62 95 42 71 91
internal_value=-0.000654825 -0.0094942 -0.017909 0.00566028 0.0127203 0.0172599 -0.00498241 -0.0102039 0.00169697 0.0264925 0.000769024 0.00615362 0.0111126 -0.0151845
internal_weight=8.40791 3.29393 2.04806 5.11399 2.95712 2.60974 2.15687 1.75553 0.856083 1.28425 1.32549 1.24587 0.910089 1.54591
internal_count=7215 3594 3460 3621 3339 1891 282 135 431 854 1037 134 113 127
is_linear=0
shrinkage=0.05


Tree=190
num_leaves=15
num_cat=0
split_feature=126 46 59 120 73 114 69 73 102 72 49 55 36 125
split_gain=0.348621 0.228342 0.168921 0.147476 0.145861 0.133797 0.131901 0.117247 0.123628 0.127708 0.0701752 0.0533966 0.0555667 0.056554
threshold=-1679.0372924804685 0.0004973235190846027 9895.2504882812518 -37.499999999999993 207.4160079956055 0.44434924423694616 20.215397834777836 877.57525634765636 16.500000000000004 34.703720092773445 6.4725998527137576e-05 73.039073944091811 1416.1473388671877 1.0000000180025095e-35
decision_type=2 10 2 2 2 2 2 2 2 2 8 8 10 2
left_child=6 2 3 4 -2 -3 -1 8 9 -5 -11 -8 13 -13
right_child=1 5 -4 7 -6 -7 11 -9 -10 10 -12 12 -14 -15
leaf_value=0.0059550504761097731 -0.013557213420794507 0.007715680732562207 -0.0089461993836579563 -0.00065514181145244076 0.0094795402001192196 -0.015658756730969236 0.0019186007047488378 -0.0053705744963693713 -0.0050944488645423176 -0.0022574606306365731 0.024926321635632562 -0.022347042878811157 0.0025434225030732988 0.0024965802343969281
leaf_weight=0.24119015014730383 0.38025313539037542 0.21125566078262625 0.25472783317309211 0.55471907684113997 0.4114472928995383 0.73905266094152466 0.14382749736250811 0.12896708229527565 0.13129656024830172 0.085221739962435428 2.9587364542567229 1.4317816194015902 0.059038336879894016 0.04695926648491866
leaf_count=12 305 41 1672 28 74 1347 28 110 224 225 848 1851 292 94
internal_value=0.0010809 0.00713839 0.0113158 0.0138125 -0.00297623 -0.00917072 -0.0134973 0.0171605 0.0189103 0.0207034 0.0237952 -0.0174676 -0.0193223 -0.0208692
internal_weight=7.77847 5.85568 4.90537 4.65064 0.7917 0.950308 1.9228 3.85894 3.72997 3.59868 3.04396 1.68161 1.53778 1.47874
internal_count=7151 4874 3486 1814 379 1388 2277 1435 1325 1101 1073 2265 2237 1945
is_linear=0
shrinkage=0.05


Tree=191
num_leaves=15
num_cat=0
split_feature=5 48 73 121 122 5 49 128 5 32 98 131 34 39
split_gain=0.195834 0.314562 0.254263 0.200441 0.32929 0.174279 0.138394 0.129676 0.118027 0.107045 0.105745 0.104275 0.0965275 0.0724265
threshold=209.71488952636722 0.00042974614189006394 549.83282470703136 -2074.918090820312 -6.3096354007720938 255.01761627197268 0.08206560462713243 -396.03181457519526 83.366256713867202 15.457726478576662 0.0080135269090533274 0.94282186031341564 34.703720092773445 0.55718955397605907
decision_type=8 10 2 2 8 10 10 8 10 8 8 2 8 10
left_child=3 2 7 6 8 -3 -1 -2 -5 -9 -11 -6 -13 -12
right_child=1 5 -4 4 11 -7 -8 9 -10 10 13 12 -14 -15
leaf_value=-0.022598084159668644 -0.0038469092287935699 0.0076589766492610447 -0.0059334334166732559 0.021133538326130227 -0.015452205435413908 -0.014734589766339418 0.0046790202525262793 -0.0034670438201003101 -0.0051753670166279553 -0.0024075553679184687 0.030862489789847597 0.011749793270416789 -0.0081841622109060704 -0.0021449898667781219
leaf_weight=0.8363685308795541 0.15956235809426289 0.69506852967606381 0.55792212338928937 0.93594648111320544 1.0364367376059811 1.0396863523783393 0.22905628362786956 0.081433496699902519 0.12049555592966499 0.12741968202317422 1.7790238260240583 0.34785403285059135 0.18803398831005325 0.044707350069075003
leaf_count=1532 31 121 755 92 2009 983 24 24 259 276 464 22 530 51
internal_value=0.0022116 0.0084391 0.0168953 -0.00553593 0.00268987 -0.00624241 -0.0173076 0.022744 0.0170753 0.0254117 0.0273833 -0.00985626 0.00398072 0.0295803
internal_weight=8.17902 4.48482 2.75007 3.69419 2.62877 1.73475 1.06542 2.19215 1.05644 2.03258 1.95115 1.57232 0.535888 1.82373
internal_count=7173 2705 1601 4468 2912 1104 1556 846 351 815 791 2561 552 515
is_linear=0
shrinkage=0.05


Tree=192
num_leaves=15
num_cat=0
split_feature=35 115 76 9 111 122 97 32 78 17 67 2 47 97
split_gain=0.232378 0.201996 0.21802 0.201591 0.196215 0.170335 0.167434 0.126852 0.10543 0.13772 0.159619 0.0987141 0.0707055 0.0674157
threshold=21.367526054382328 0.49911345541477209 0.08179993182420732 0.6864154338836671 5709.2016601562509 -79.634696960449205 0.0014151374925859275 268.08662414550787 0.99509802460670482 0.077373079955577864 528.70733642578136 20.802987098693851 0.32454200088977819 2.5768250452529177e-05
decision_type=8 2 2 10 2 8 10 10 2 10 2 10 10 8
left_child=-1 2 4 12 6 -3 7 13 9 10 11 -7 -4 -2
right_child=1 5 3 -5 -6 8 -8 -9 -10 -11 -12 -13 -14 -15
leaf_value=0.015218125565714866 -0.0022710751547576568 0.0067103795767010288 0.010339725940544862 -0.019555767897104673 -0.0097505789292125309 0.0032511995397481019 -0.0029456232329178509 -0.0045870743834767929 0.0042778813261691853 -0.00062901482713869023 0.0043007987352438239 -0.028097209934337449 -0.005812264907035845 0.026778540733711182
leaf_weight=0.80761660847929206 0.057243989209384005 0.50394483740819851 0.73471110814352847 0.64057606415735779 0.24218007550007303 0.064422562718393084 0.63021240464513528 0.10102283408559731 0.24820470361009928 0.98959854924760282 0.20544495572903532 1.7721131237558436 0.30291637952177553 1.3027429870890046
leaf_count=65 173 117 366 190 2127 1 644 381 370 110 320 1726 35 576
internal_value=-0.00124706 -0.0044892 0.00310866 -0.00810961 0.0111893 -0.0115106 0.0159841 0.0220286 -0.015224 -0.0174857 -0.0227627 -0.026239 0.00508608 0.0251116
internal_weight=8.60295 7.79533 4.01161 1.6782 2.3334 3.78373 2.09122 1.46101 3.27978 3.03158 2.04198 1.83654 1.03763 1.35999
internal_count=7201 7136 4492 591 3901 2644 1774 1130 2527 2157 2047 1727 401 749
is_linear=0
shrinkage=0.05


Tree=193
num_leaves=15
num_cat=0
split_feature=69 78 25 3 2 124 120 40 65 8 104 39 35 29
split_gain=0.261557 0.220652 0.294987 0.220977 0.326363 0.252532 0.172305 0.137401 0.111063 0.079822 0.0569917 0.04795 0.0453451 0.0429906
threshold=20.215397834777836 0.35399228334426885 257.73359680175787 12.862211704254152 63.888248443603523 0.50506445765495311 -69.499999999999986 0.09175084158778192 528.70733642578136 276.85243225097662 41.899999618530281 0.064721498638391509 35.687004089355476 206.58393096923831
decision_type=2 2 10 8 10 10 2 8 2 10 2 8 10 2
left_child=12 3 9 5 6 8 -5 13 -2 -3 -8 -9 -1 -6
right_child=1 2 -4 4 7 -7 10 11 -10 -11 -12 -13 -14 -15
leaf_value=0.016764903707319933 -0.028347508435267441 0.020485436418786317 -0.012127482317075521 -0.006191445638115369 0.0018237415213434524 0.0064796341059211813 0.021042474330891455 -0.0057863358572777645 0.0026465309720706924 -0.0030139134493006726 -0.002617726948336817 0.0079784777966024744 -0.0018021869516167599 -0.019993661866567654
leaf_weight=0.89467051799874731 1.5621289246846575 1.0244177739368749 0.5058352722408016 0.42021280887638557 0.077070845291018153 0.34509026224259276 1.0210127941318208 0.17711131786927592 0.14519053426920425 0.15913268196163688 0.059373294203396543 0.53540966007858515 0.18151138932444155 1.1725249736628027
leaf_count=58 3063 266 832 226 3 14 313 46 354 7 390 32 11 1598
internal_value=-0.00178929 -0.00563599 0.00733088 -0.0101235 -0.00113666 -0.019946 0.0123813 -0.0121647 -0.0257078 0.0173926 0.0191089 0.00317606 0.0142736 -0.0184355
internal_weight=8.28069 7.20451 1.68939 5.51513 3.46272 2.05241 1.5006 1.96212 1.70732 1.18355 1.08039 0.712521 1.07618 1.2496
internal_count=7213 7144 1105 6039 2608 3431 929 1679 3417 273 703 78 69 1601
is_linear=0
shrinkage=0.05


Tree=194
num_leaves=15
num_cat=0
split_feature=69 79 31 47 4 126 18 90 39 34 3 121 67 113
split_gain=0.320836 0.359216 0.234497 0.214548 0.19563 0.169766 0.124866 0.115468 0.0994781 0.0946452 0.0912982 0.0909428 0.084702 0.0831447
threshold=37.743314743041999 0.10035246983170511 103.9901809692383 0.48786574602127081 528.70733642578136 -91.303371429443345 1.1647000064840542e-05 1.0000000180025095e-35 0.15030121058225634 31.143082618713382 163.17218017578128 -461174.09374999994 34.798225402832038 619.29733276367199
decision_type=2 2 8 8 8 2 8 8 10 8 10 2 2 2
left_child=3 4 -3 6 7 13 -1 -2 11 -9 -4 -8 -13 -5
right_child=1 2 10 5 -6 -7 8 9 -10 -11 -12 12 -14 -15
leaf_value=-0.0057998516555649122 0.0025852068001690157 -0.010625467509347621 0.019989496851274949 0.013756631306862202 0.0056377225780863136 -0.012777414585382618 -0.0035651038560188027 6.8924297822223297e-05 -0.0029186276585429602 -0.029513261952370536 -0.0038776785909420911 0.025915180888301245 -0.0025550758635815869 -0.0059515646466734608
leaf_weight=0.14088511736554288 0.19854816179577106 0.50085644827413456 0.83984804400097357 0.58929258634452697 0.28594872400935889 1.0620784565107895 0.074566560433595774 0.29646574135404047 0.22405413788510475 1.6080565875745378 0.15170102842967026 1.5663586707050847 0.10384565370986809 0.13164579088333994
leaf_count=459 160 742 437 21 410 174 11 63 22 3915 19 629 116 27
internal_value=-0.0013361 -0.0102778 0.00656571 0.00785799 -0.0196324 -0.00403152 0.0159715 -0.0237779 0.0189583 -0.0264701 0.0162244 0.0218074 0.0238511 0.0087907
internal_weight=7.77415 3.88142 1.49241 3.89273 2.38902 1.78302 2.10971 2.10307 1.96883 1.90452 0.991549 1.74477 1.6702 0.720938
internal_count=7205 5746 1198 1459 4548 222 1237 4138 778 3978 456 756 745 48
is_linear=0
shrinkage=0.05


Tree=195
num_leaves=15
num_cat=0
split_feature=69 11 32 32 114 39 63 61 67 127 68 73 80 71
split_gain=0.371241 0.208692 0.192588 0.17414 0.139732 0.138011 0.113509 0.222508 0.113003 0.128242 0.0987018 0.0851811 0.0833232 0.0734337
threshold=20.215397834777836 0.014117725193500521 30.665631294250492 38.054365158081062 0.54097419977188121 0.49875621497631079 14.15983295440674 50.793199539184577 528.70733642578136 -12.860429286956785 156.55838012695315 550.80554199218761 0.1702898591756821 36.358932495117195
decision_type=2 8 8 10 2 10 2 2 2 8 2 2 2 2
left_child=-1 5 -3 4 11 6 8 -8 9 13 -5 -4 -9 -2
right_child=1 2 3 10 -6 -7 7 12 -10 -11 -12 -13 -14 -15
leaf_value=0.020074830740123877 0.0087262986400226204 -0.012157849097209909 0.025124910764681721 0.0068273531145139127 -0.0016719994525689836 0.0082560857034004367 0.012628914200868441 -0.016859129951220301 0.003851658178959716 -0.026576230478643895 -0.013198044230842882 -0.002475382511163702 0.0042622804474892048 -0.0085244179902529468
leaf_weight=0.94943184795556579 0.2754520564849372 0.39804262290999759 1.0487103987688904 0.27314677454705805 0.65840360370202677 0.17765287381189399 0.62138294952819684 0.7219703956398007 0.18578713960596349 1.4140825626418529 0.41440786337625468 0.13045725719712198 0.18110470235114917 0.1977462520080735
leaf_count=67 29 137 576 44 82 11 416 1251 341 3232 804 91 18 129
internal_value=0.000647211 -0.00435646 0.00482521 0.0101918 0.0161767 -0.0109876 -0.0135269 -0.00139452 -0.0190917 -0.021902 -0.00591104 0.0223367 -0.0126094 0.000624414
internal_weight=7.64778 6.69835 2.92317 2.52513 1.83757 3.77518 3.59753 1.52446 2.07307 1.88728 0.687555 1.17917 0.903075 0.473198
internal_count=7228 7161 1734 1597 749 5427 5416 1685 3731 3390 848 667 1269 158
is_linear=0
shrinkage=0.05


Tree=196
num_leaves=15
num_cat=0
split_feature=69 58 81 18 18 68 113 117 120 4 35 32 45 126
split_gain=0.287751 0.221769 0.19658 0.172648 0.158335 0.159391 0.135316 0.111932 0.107284 0.0992427 0.0944757 0.0912198 0.0871288 0.0715025
threshold=37.743314743041999 636.91967773437511 0.061862245202064521 0.00010416949953651057 1.1647000064840542e-05 32.714891433715827 509.82620239257818 50.250000000000007 -106.49999999999999 18.719136238098148 178.80246734619143 20.748447418212894 0.16294912248849872 -633.52023315429676
decision_type=2 2 2 10 8 2 2 2 2 10 10 8 10 2
left_child=3 6 12 4 -1 9 13 8 -7 -6 -4 -5 -3 -2
right_child=1 2 10 11 5 7 -8 -9 -10 -11 -12 -13 -14 -15
leaf_value=-0.0071700575507992253 -0.012815886821267223 -0.024923300042471012 0.010620299743258184 0.0070825117410950565 0.0086314343736879386 -0.0033072464753063184 0.014053222726097101 -0.0029453272310427264 0.029532854961013447 -0.01097773699481594 -0.008478780798108607 -0.0094059987889037189 0.001582869150587648 0.0044425883063522248
leaf_weight=0.17720829747850153 0.356830816155707 1.4928751511324665 0.50837501695787057 0.50815371226053663 0.31227783777285401 0.069654187427658942 0.65870751069815014 0.14604122696619004 1.3029535060341002 0.28876443058834411 0.19850284640415339 1.0484955765350603 0.22374182599742187 0.39385803604091074
leaf_count=531 35 4923 55 33 13 18 363 32 141 20 125 678 51 159
internal_value=-0.000111785 -0.0087365 -0.0158715 0.00849926 0.0151167 0.018681 0.00502762 0.0242589 0.0271748 -0.0017619 0.00343173 -0.00335855 -0.0221576 -0.00639557
internal_weight=7.68644 3.83289 2.42349 3.85355 2.2969 2.11969 1.4094 1.51865 1.37261 0.601042 0.706878 1.55665 1.71662 0.750689
internal_count=7177 5711 5154 1466 755 224 557 191 159 33 180 711 4974 194
is_linear=0
shrinkage=0.05


Tree=197
num_leaves=15
num_cat=0
split_feature=79 55 2 122 32 73 127 114 131 4 33 32 49 137
split_gain=0.214286 0.303557 0.229046 0.218754 0.182902 0.136938 0.133678 0.133413 0.12734 0.126761 0.111737 0.0927877 0.088458 0.0558678
threshold=0.0065792321693152198 665.09390258789074 157.74160766601565 -31.902875900268551 18.550028800964359 207.4160079956055 41.939849853515632 0.56993320584297191 0.94282186031341564 39.684669494628913 1412.5584106445315 31.47038555145264 0.00017726600344758483 65.296279907226577
decision_type=2 10 10 10 10 2 10 2 2 10 8 10 8 2
left_child=1 3 5 9 -3 -2 8 12 -5 11 -4 -1 -7 -13
right_child=2 4 10 6 -6 7 -8 -9 -10 -11 -12 13 -14 -15
leaf_value=0.019928854216573935 -0.0060721679629963977 0.0060047858172121542 -0.014009826498352064 -0.020542353488352868 -0.024380562392969284 -0.0013268046653878145 0.0074205145811004599 -0.0019533794525367584 0.0046628885187312841 -0.0067692630436714616 0.0073617269660919181 -0.0066505341806603188 0.028329575764208866 0.0071041442013162403
leaf_weight=1.0955395462515309 0.13374105452021501 0.20182509609003307 0.59679866201622633 0.86015347680222454 1.3406100341053386 0.18868220817239456 0.23702356300054805 0.39923685760004435 0.2579646966260043 0.30657736691500748 0.21307439289375907 0.44975661662465416 1.0158468517038273 0.5086197477648966
leaf_count=73 283 34 787 387 4827 131 38 9 148 69 35 56 333 41
internal_value=-0.000743824 -0.00623556 0.00915405 0.00229579 -0.0196067 0.016772 -0.0098367 0.0202774 -0.0152712 0.0101155 -0.00742624 0.0140271 0.0251895 0.000549331
internal_weight=7.80545 5.25807 2.54738 3.71564 1.54244 1.73751 1.35514 1.60377 1.11812 2.36049 0.809873 2.05392 1.20453 0.958376
internal_count=7251 5673 1578 812 4861 756 573 473 535 239 822 170 464 97
is_linear=0
shrinkage=0.05


Tree=198
num_leaves=15
num_cat=0
split_feature=125 6 31 35 133 49 107 4 122 91 90 61 123 31
split_gain=0.254678 0.223405 0.200325 0.169946 0.144271 0.134438 0.105442 0.0996295 0.0899053 0.0971998 0.10208 0.0777126 0.0719186 0.0676469
threshold=3.5000000000000004 17.331782341003422 80.422901153564467 34.703720092773445 0.99140444397926342 0.00010680924970074558 88.578151702880874 32.696172714233406 -122.53968048095702 1.0000000180025095e-35 0.37671308219432836 186.01194000244143 inf 529.94226074218761
decision_type=2 10 10 8 2 10 2 10 8 8 10 2 8 10
left_child=1 -1 3 -2 8 -4 -7 -6 12 -10 -11 13 -3 -8
right_child=2 4 5 -5 7 6 11 -9 9 10 -12 -13 -14 -15
leaf_value=0.01021494732002747 0.0092322131265224899 -0.0080745047514963232 -0.0062950018117913275 -0.014460247285430062 -0.0092137237125113 -0.0027048060787226796 0.025492618460651734 0.0088313493909831214 0.00017982090241154338 -0.027590223230280733 0.0027071616688266898 -0.0032582757604163537 0.0092868018320512707 0.00046895749066970202
leaf_weight=0.50438248376303807 0.41970770714397088 0.18679814526331029 0.20074544636008829 0.83674138056812819 0.37744957481481811 0.32392474237713065 1.4081474487320518 0.73669745960069122 0.43022086337441701 1.4591242180867992 0.12508897861698631 0.069230509718181454 0.21035198215395212 0.34702417040170974
leaf_count=37 76 85 863 1123 251 19 774 802 366 2496 7 133 7 175
internal_value=-0.00126553 -0.00892111 0.00737061 -0.00596189 -0.0133109 0.0141526 0.0174559 0.00125154 -0.0184335 -0.0214119 -0.0250761 0.0207257 0.00118634 0.022511
internal_weight=7.63564 4.03011 3.60552 1.25645 3.52573 2.34907 2.14833 1.11415 2.41158 2.01443 1.58421 1.8244 0.39715 1.75517
internal_count=7214 4051 3163 1199 4014 1964 1101 1053 2961 2869 2503 1082 92 949
is_linear=0
shrinkage=0.05


Tree=199
num_leaves=15
num_cat=0
split_feature=35 134 41 100 97 101 21 120 6 60 8 125 116 39
split_gain=0.279062 0.208609 0.175661 0.163931 0.139043 0.112222 0.114975 0.0937824 0.0778267 0.0639996 0.0583447 0.053137 0.0494909 0.0452688
threshold=21.367526054382328 0.96897748112678539 0.016809141263365749 0.10415453463792802 0.060941124334931381 0.0025062815984711055 0.00088209551176987599 -91.499999999999986 10.597628116607668 1344.1394042968752 68.832298278808608 -41.499999999999993 0.097664620727300658 0.058910289779305465
decision_type=10 2 10 8 10 10 10 2 8 2 8 2 2 10
left_child=8 2 5 -3 7 10 -7 -5 -1 12 -2 -10 -9 -4
right_child=1 3 13 4 -6 6 -8 9 11 -11 -12 -13 -14 -15
leaf_value=-0.0045660645582454194 -0.0074844467695554008 -0.0099698603711730841 -0.004323667937700117 -0.0021080494901258118 -0.0052568133564782193 -0.00013668605385268163 -0.024391587338685915 -0.001921135332799616 -0.0016574803415917866 -0.0026381219163464122 0.0074927165079750864 0.018449082286758092 0.025021046157048039 0.010416548303914497
leaf_weight=0.097481901873834098 0.18888985102239608 0.44618225662270594 0.14285701153858088 0.33240016609124712 0.461672918012482 0.61305516559878048 1.6474175007206211 0.039385816082358249 0.20223700813949097 0.055686218634946272 0.45553887566347839 1.3528975482331589 0.85675956908380613 0.4090439352003159
leaf_count=20 78 1204 138 100 104 1066 3547 3 11 333 155 81 298 70
internal_value=1.43393e-05 -0.00545744 -0.0119035 0.0052522 0.0113565 -0.0160791 -0.0198729 0.0170156 0.0137242 0.0213524 0.00122095 0.016209 0.0234482 0.00627362
internal_weight=7.30151 5.64889 3.4568 2.19209 1.7459 2.9049 2.26047 1.28423 1.65262 0.951832 0.644429 1.55513 0.896145 0.551901
internal_count=7208 7096 5054 2042 838 4846 4613 734 112 634 233 92 301 208
is_linear=0
shrinkage=0.05


Tree=200
num_leaves=15
num_cat=0
split_feature=134 54 130 122 137 137 132 79 116 137 95 37 23 111
split_gain=0.215722 0.214155 0.162562 0.161814 0.139799 0.162835 0.127427 0.121933 0.119884 0.0993338 0.0949123 0.0849496 0.0646059 0.0590175
threshold=0.92711213231086742 6.2843715568305938e-05 1.0000000180025095e-35 -72.464324951171861 95.292655944824233 65.296279907226577 1.0000000180025095e-35 0.076340328902006163 0.097664620727300658 36.712121963500984 6.8192498474672911e-06 0.22052631527185443 8.5000000000000018 1519.8240966796877
decision_type=2 10 2 8 2 2 2 2 2 2 8 10 2 2
left_child=1 3 -3 -1 5 -2 10 -6 -8 -4 -7 -11 -12 -10
right_child=4 2 9 -5 7 6 8 -9 13 11 12 -13 -14 -15
leaf_value=0.0053571723089524325 -0.0064723635229289936 -0.0085816176384089556 -0.0031421479568382229 -0.023499522413777788 -0.014391183916071651 -0.0036148504699473638 -0.010921774783736132 0.0085700815030056079 0.01256198768514241 -0.0033327904632768747 0.026355397478880323 0.020009005132281345 -0.0012654261941425324 -0.0045022809034602025
leaf_weight=0.22502401729434496 0.44297880180238358 1.1009547879439197 0.59830829818019993 0.99269862043365742 0.42419709376554227 0.077886562303319695 0.29609211141359992 0.13871918248332804 0.72619647736064508 0.17789123994589318 1.3803554140504273 0.75224926474038512 0.13520547332882427 0.13352776455940329
leaf_count=58 618 1942 664 840 594 422 42 57 261 536 256 240 43 643
internal_value=0.000879976 -0.00663928 0.00222719 -0.0181559 0.0083596 0.0120432 0.0159572 -0.00686983 0.00112504 0.0103277 0.0221336 0.016131 0.0243678 0.00891584
internal_weight=7.60229 3.84713 2.6294 1.21772 3.75516 3.19224 2.74926 0.562916 1.15582 1.52845 1.59345 0.930141 1.51556 0.859724
internal_count=7216 4280 3382 898 2936 2285 1667 651 946 1440 721 776 299 904
is_linear=0
shrinkage=0.05


Tree=201
num_leaves=15
num_cat=0
split_feature=31 33 73 66 59 27 66 76 121 1 122 126 64 27
split_gain=0.206829 0.345255 0.213117 0.177416 0.158981 0.124095 0.119686 0.113817 0.109965 0.0925193 0.0786374 0.0761485 0.0599201 0.058166
threshold=80.422901153564467 99.687007904052749 611.74948120117199 32.696172714233406 9895.2504882812518 81.431587219238295 19.731782913208011 0.091431558132171645 -84132.402343749985 1754.4339599609377 -296.15458679199213 1491.8476562500002 21.848215103149418 577.66253662109386
decision_type=8 10 2 2 2 8 2 2 2 2 8 2 2 10
left_child=1 5 3 9 7 6 -1 8 -5 12 -10 -9 -2 -7
right_child=2 -3 -4 4 -6 13 -8 11 10 -11 -12 -13 -14 -15
leaf_value=0.0073093738130675882 0.0047025900308864475 -0.022237378509447073 -0.010515717289498513 -0.0032919901254352679 -0.0066881819201234831 0.015126632801078069 -0.014234891831621715 -0.0077056350936415682 -0.0024904443581807616 0.0087113453882333835 0.029284280116653561 0.0088118871403518352 -0.01217769722104884 -0.003554653698441729
leaf_weight=0.33931955276057135 0.13163065025582932 0.99423846866920929 0.52876644943171403 0.10050069756835056 0.15412421604196413 1.0184842915405168 0.44472936289821519 0.30983746182755556 0.050441277970094234 0.29547657247167081 1.5683574914110066 0.53075119161803741 0.83714976767078042 0.11636759074463054
leaf_count=22 8 2984 718 180 1343 93 253 67 9 26 1092 102 59 275
internal_value=0.00169246 -0.00729799 0.00777349 0.0118284 0.0174071 0.00540909 -0.00604018 0.0203291 0.0253645 -0.00254623 0.0277213 0.00184489 -0.00866052 0.0124433
internal_weight=7.42018 2.91314 4.50704 3.97827 2.71401 1.9189 0.784049 2.55989 1.7193 1.26426 1.6188 0.840589 0.96878 1.13485
internal_count=7231 3627 3604 2886 2793 643 275 1450 1281 93 1101 169 67 368
is_linear=0
shrinkage=0.05


Tree=202
num_leaves=15
num_cat=0
split_feature=31 63 17 34 8 26 48 125 49 65 123 36 117 137
split_gain=0.171059 0.224884 0.197159 0.224363 0.166438 0.146154 0.137938 0.097065 0.117063 0.0767265 0.0917685 0.0757392 0.0735194 0.0484303
threshold=80.422901153564467 151.80011749267581 0.17145191133022311 24.230171203613285 32.696172714233406 0.33215372264385229 0.12674840539693835 -41.499999999999993 0.00012796450027963149 21.931548118591312 -214.62625885009763 85.862110137939467 44.250000000000007 50.151784896850593
decision_type=8 2 8 10 10 10 10 2 8 2 8 10 2 2
left_child=2 4 3 11 -2 6 7 -6 -9 -10 -11 -1 13 -4
right_child=1 -3 12 -5 5 -7 -8 8 9 10 -12 -13 -14 -15
leaf_value=0.011651830174105071 -0.0076214095627383854 -0.010055316326801039 -0.0030770081704610468 -0.021347233436649835 -0.00072091580560958396 -0.0067652252017625482 -0.0061210847279098285 -0.003860275077612742 0.00099441055836944881 0.00032628949119211975 0.029665376158320256 -0.0065205382238025002 -0.0051065914098324481 0.01520005433997678
leaf_weight=0.44905522318731561 0.35461083818518124 0.72392099960416079 0.094811891489371081 1.3159351741669523 0.45289713844249613 0.19171201198696497 0.13263111293781538 0.13320424765697714 0.40081480970548033 0.31806200685969088 1.9118055107610419 0.14228228922002017 0.25655724937678315 0.60557701369543793
leaf_count=66 104 511 15 3412 311 1450 13 432 54 22 698 5 49 72
internal_value=0.00173784 0.00714051 -0.00656887 -0.0137596 0.0117371 0.0149271 0.0174387 0.0196313 0.0222718 0.0242937 0.0268772 0.00592951 0.00747051 0.0123714
internal_weight=7.48388 4.61966 2.86422 1.90727 3.89574 3.54113 3.34941 3.21678 2.76389 2.63068 2.22987 0.591338 0.956946 0.700389
internal_count=7214 3595 3619 3483 3084 2980 1530 1517 1206 774 720 71 136 87
is_linear=0
shrinkage=0.05


Tree=203
num_leaves=15
num_cat=0
split_feature=126 123 31 116 63 57 17 5 71 40 128 102 32 17
split_gain=0.247419 0.216532 0.15215 0.179944 0.130998 0.120329 0.116108 0.0975408 0.0930758 0.101059 0.0714393 0.0753044 0.0508786 0.0465016
threshold=-633.52023315429676 -214.62625885009763 80.422901153564467 0.40149745345115667 151.80011749267581 152.50000000000003 0.17145191133022311 32.575269699096687 34.703720092773445 0.096464019268751158 -87.866664886474595 16.500000000000004 67.684989929199233 0.14908906817436221
decision_type=2 8 8 2 2 2 10 10 2 10 8 2 10 10
left_child=6 -2 3 -3 5 7 8 -4 -1 -10 -9 12 -12 -5
right_child=1 2 4 13 -6 -7 -8 10 9 -11 11 -13 -14 -15
leaf_value=0.0040927625687068999 -0.011317587564708373 0.0093733071563358063 -0.0023834677509514983 -0.015385570905067206 -0.003609685619290798 -0.0050229445158806035 0.0054350091247328978 -0.0026273611628372974 -0.022864359415411206 0.0029000654768367162 0.027633201062256169 -0.0023595849225190348 -0.0017344725019372573 0.0014858769951331006
leaf_weight=0.15161989822809108 0.63874917257271591 1.1459080485728921 0.20799428081954952 0.59042124668121676 0.42994687091413641 0.11164344958888239 0.29226606231532049 0.058134336941293441 1.0923354336700866 0.21453317198756838 1.9397368550235121 0.075189772600424365 0.035876985202776157 0.33170852532930439
leaf_count=127 199 221 12 2235 219 965 32 12 2251 56 718 69 73 36
internal_value=0.000840761 0.00602755 0.0098066 -0.000774609 0.0156785 0.0191501 -0.0118443 0.0214781 -0.0161092 -0.0192112 0.0238411 0.0252067 0.0266962 -0.011701
internal_weight=7.31606 5.56531 4.92656 2.06804 2.85852 2.42858 1.75075 2.31693 1.45849 1.30687 2.10894 2.0508 1.97561 0.92213
internal_count=7225 4759 4560 2492 2068 1849 2466 884 2434 2307 872 860 791 2271
is_linear=0
shrinkage=0.05


Tree=204
num_leaves=15
num_cat=0
split_feature=119 32 45 44 132 137 67 137 95 129 81 137 137 11
split_gain=0.16788 0.133489 0.137471 0.132667 0.114131 0.118954 0.102963 0.103426 0.0953054 0.0778068 0.0715365 0.0490775 0.0487927 0.0463732
threshold=0.10000175982713701 32.575269699096687 1.0000000180025095e-35 0.16758426278829577 0.99617826938629161 74.259101867675795 37.832799911499031 36.712121963500984 3.5379999872020566e-06 -0.19444236159324643 0.069805197417736067 51.057607650756843 97.085403442382827 0.0080972984433174151
decision_type=2 10 8 10 2 2 2 2 8 8 2 2 2 8
left_child=3 4 -3 6 5 11 7 -1 -9 -10 -4 -2 -7 -6
right_child=1 2 10 -5 13 12 -8 8 9 -11 -12 -13 -14 -15
leaf_value=-0.0037139568786477757 0.0044022766439519986 0.0049698614021373858 -0.021317927055125772 -0.0083453630821798946 -0.013791321105304663 0.018522617794548703 -0.0059324427118290675 -0.0029583025803563111 -0.0027470624926875884 0.022601997924987956 0.00099103439397006795 -0.0081315891919280566 -0.0016173823951095884 0.0020442654728721451
leaf_weight=0.33312188859781722 0.60569396288337951 0.37722393560397871 1.2737718000898892 0.34260788701431 0.35868619263783319 0.57836311802020635 0.20305882241518691 0.24387029513673009 0.11653234845289262 1.5721790111056178 0.3249789959008923 0.66207740998652298 0.1870548154329299 0.35995613261184189
leaf_count=201 422 378 3668 168 152 95 375 955 11 229 98 163 198 92
internal_value=-0.000855681 -0.00618098 -0.0135466 0.0073718 0.00130894 0.00688018 0.01133 0.01422 0.0175236 0.0204816 -0.0181468 -0.00284271 0.0154725 -0.00928522
internal_weight=7.53918 4.72781 1.97597 2.81137 2.75183 2.03319 2.46876 2.2657 1.93258 1.68871 1.59875 1.26777 0.765418 0.718642
internal_count=7205 5266 4144 1939 1122 878 1771 1396 1195 240 3766 585 293 244
is_linear=0
shrinkage=0.05


Tree=205
num_leaves=15
num_cat=0
split_feature=126 31 116 17 49 66 3 120 54 78 4 90 47 40
split_gain=0.23361 0.150948 0.193047 0.143836 0.139322 0.136755 0.179764 0.102885 0.0792692 0.0766473 0.0663884 0.0663669 0.0656365 0.0619854
threshold=-633.52023315429676 80.422901153564467 0.40149745345115667 0.071340970695018782 0.00010680924970074558 32.696172714233406 150.95085906982425 -18.499999999999996 1.4332414139062168e-05 0.11771634593605997 21.931548118591312 0.21270547807216647 0.144438311457634 0.096464019268751158
decision_type=2 8 2 10 8 2 10 2 8 2 10 8 10 10
left_child=3 2 7 13 -3 12 8 -2 -7 -5 -10 -4 -6 -1
right_child=1 4 11 9 5 6 -8 -9 10 -11 -12 -13 -14 -15
leaf_value=-0.020804032861019964 -0.0070238023924147049 -0.0078033370540362863 -0.017906053622391043 0.01117712102502825 -0.008188888389049331 -0.0027275821221009536 -0.003970603971379087 0.012967269227412993 -0.0013451516314171975 -0.0058815175477837916 0.028288836780814924 0.0018906278128392976 0.0064749484359423615 0.002316193133216501
leaf_weight=0.99753187554597367 0.20930701028191834 0.20887195929753977 0.72289522173014087 0.30296031514080812 0.43704853525559906 0.063770138833205814 0.37803328808513459 0.95926304466411261 0.109755342367862 0.44382401839538943 1.4284096677001796 0.32946932917548122 0.63201953771203989 0.12307784285803791
leaf_count=2247 53 897 2294 110 52 7 189 187 37 52 887 25 68 44
internal_value=0.000465932 0.00567582 -0.00354691 -0.0114682 0.0113194 0.0142331 0.0197421 0.00779885 0.0247134 0.0034758 0.0264774 -0.0138069 -0.000580255 -0.0183699
internal_weight=7.34624 5.47884 2.22093 1.86739 3.25791 3.04904 1.97997 1.16857 1.60194 0.746784 1.53817 1.05236 1.06907 1.12061
internal_count=7149 4696 2559 2453 2137 1240 1120 240 931 162 924 2319 120 2291
is_linear=0
shrinkage=0.05


Tree=206
num_leaves=15
num_cat=0
split_feature=19 134 122 11 21 68 0 84 68 31 32 10 69 63
split_gain=0.193148 0.189346 0.152047 0.166434 0.145473 0.140519 0.130625 0.125973 0.090967 0.0882952 0.075475 0.0630129 0.0546766 0.048657
threshold=0.17958631366491321 0.92711213231086742 -62.786842346191399 0.33389075100421911 0.00078519523958675574 32.714891433715827 2.5000000000000004 0.050043554976582534 50.118621826171882 61.333526611328132 257.30628204345709 0.66226166486740123 32.575269699096687 23.740802764892582
decision_type=8 2 8 8 8 2 2 2 2 8 10 10 2 2
left_child=6 2 9 4 -4 -3 -1 10 -8 -2 11 -7 13 -10
right_child=1 5 3 -5 -6 7 8 -9 12 -11 -12 -13 -14 -15
leaf_value=0.005749014094596893 -0.0056253631235780874 -0.0032802817538045261 0.0037396282137467096 0.0069140345207881378 -0.021559982368829639 0.02466092814515175 0.0018024738826888443 -0.0054041494239433965 -0.0066432202509764159 0.014530093530517025 -0.0030978733088111721 -0.0024446020350205721 -0.021595842470160168 0.0081863629659906807
leaf_weight=0.42000150779495049 0.19511357868032064 0.71832509088562835 0.42007697388544385 0.48517240805085737 1.1462699539624737 1.4151775637583339 0.45696267910534505 0.11869491633115092 0.15570898844816827 0.50786180275463266 0.06550592529674748 0.050161428393039276 1.1766231726505791 0.067854395456379279
leaf_count=156 65 29 167 172 953 377 50 72 278 73 155 15 4585 75
internal_value=-0.00102979 0.00432877 -0.00413052 -0.0100587 -0.0159616 0.0124739 -0.0107264 0.0179831 -0.0151604 0.00891758 0.0212152 0.0231178 -0.0191409 0.000869766
internal_weight=7.39951 5.12236 2.75449 2.05152 1.56635 2.36786 2.27715 1.64954 1.85715 0.702975 1.53084 1.46534 1.40019 0.223563
internal_count=7222 2078 1430 1292 1120 648 5144 619 4988 138 547 392 4938 353
is_linear=0
shrinkage=0.05


Tree=207
num_leaves=15
num_cat=0
split_feature=55 23 122 133 121 4 104 62 137 20 79 35 49 68
split_gain=0.246663 0.244145 0.138181 0.114911 0.112797 0.109656 0.103653 0.101888 0.0736207 0.0752888 0.0698274 0.0614075 0.0409025 0.034416
threshold=459.08020019531256 7.5000000000000009 -5.5325932502746573 0.99140444397926342 -45757.988281249993 38.377182006835945 1.6899038553237917 165.57096099853518 46.685977935791023 0.020862359553575519 0.0087351235561072844 21.367526054382328 0.0060725130606442699 141.878044128418
decision_type=10 2 10 2 2 10 2 2 2 10 2 10 8 2
left_child=2 11 4 6 -1 8 -4 -3 12 -10 -9 -2 -6 -7
right_child=1 7 3 -5 5 13 -8 10 9 -11 -12 -13 -14 -15
leaf_value=-0.0066859402485525653 0.0029141627898909769 -0.0076205244779524554 -0.017992548939546132 0.0083060507011903061 0.0058003126075403012 -0.0085449520142688428 0.0032335461025811171 -0.0024074274641154251 0.023230039209226234 -0.00016176383080081409 0.017938915880258519 -0.0203948899679148 -0.0068933027064328155 0.0039725228808964556
leaf_weight=0.22637917182873968 0.060254508629441594 0.1795567415683762 0.5669082263484595 0.30179735125784635 0.39018403281807046 0.19800363101967366 0.4990689730111626 0.31115259051148314 1.395153316640062 0.38561381402541872 0.33413670289883157 1.7747876893972714 0.16768442180182319 0.21677435355377384
leaf_count=29 3 704 347 130 26 58 171 664 110 123 139 4620 22 51
internal_value=-0.00155102 -0.0113976 0.00547808 -0.00529297 0.0105098 0.0133283 -0.0112999 0.00645951 0.0166025 0.0199281 0.0126278 -0.0188716 9.17907e-06 -0.00381913
internal_weight=7.00746 2.65989 4.34757 1.36777 2.97979 2.75341 1.06598 0.824846 2.33864 1.78077 0.645289 1.83504 0.557868 0.414778
internal_count=7197 6130 1067 648 419 390 518 1507 281 233 803 4623 48 109
is_linear=0
shrinkage=0.05


Tree=208
num_leaves=15
num_cat=0
split_feature=134 130 54 96 32 21 41 48 122 107 39 27 70 34
split_gain=0.182431 0.154171 0.135871 0.0964544 0.115588 0.155899 0.0941743 0.0847435 0.0806787 0.0774141 0.0692607 0.0679663 0.0554416 0.0654446
threshold=0.92711213231086742 1.0000000180025095e-35 6.2843715568305938e-05 0.0012617135071195664 245.89290618896487 0.020374134182929996 0.038350611925125129 5.3452798965736299e-05 7.7971417903900155 152.5314865112305 0.49875621497631079 5028.8271484375009 36.916666030883796 24.230171203613285
decision_type=2 2 8 8 8 10 10 8 8 2 10 10 2 8
left_child=1 6 -3 -2 5 11 10 -4 -6 -7 12 -5 -1 -14
right_child=3 2 7 4 8 9 -8 -9 -10 -11 -12 -13 13 -15
leaf_value=0.00067933016187301967 -0.0064891853259344094 -0.010374646705331635 -0.004584663243913616 0.024420348640550416 -0.010690246698091963 0.0068443318337382117 0.0031769368236369017 0.013245470431662514 0.0068136981651786867 -0.0086859654602609842 0.0019789887259881686 -0.0020210166734205954 0.0022436379128863804 -0.024864739393121293
leaf_weight=0.21809167225728776 0.42550276085239636 0.46284502242997438 0.37354627874810797 1.0319783701052077 0.46217132762103608 0.80838365810632218 0.33010795406153182 1.1878523453779053 0.3024427043274045 0.44251702167457552 0.20919871538717405 0.11268410205957469 0.07546763867139783 1.1004970922276698
leaf_count=22 899 427 915 434 307 174 96 538 53 552 393 538 6 1867
internal_value=-0.000427271 -0.00703239 0.00248174 0.00680674 0.00972648 0.0139065 -0.0144439 0.00885527 -0.00382889 -6.77396e-05 -0.0178987 0.0220887 -0.0204623 -0.0228935
internal_weight=7.54329 3.95761 2.02424 3.58568 3.16018 2.39556 1.93336 1.5614 0.764614 1.2509 1.60326 1.14466 1.39406 1.17596
internal_count=7221 4264 1880 2957 2058 1698 2384 1453 360 726 2288 972 1895 1873
is_linear=0
shrinkage=0.05


Tree=209
num_leaves=15
num_cat=0
split_feature=31 126 17 54 49 73 73 68 127 121 48 66 55 84
split_gain=0.202229 0.216832 0.173124 0.12305 0.135475 0.108662 0.11811 0.10498 0.0883963 0.0715613 0.0677227 0.0521549 0.0523705 0.0464846
threshold=80.422901153564467 -1679.0372924804685 0.17145191133022311 6.2843715568305938e-05 0.00010680924970074558 1005.5374145507814 32.658084869384773 20.283439636230472 3.4106051316484814e-13 -104817.62109374999 1.8430000068292431e-06 483.06686401367193 740.61395263671886 0.06881504133343698
decision_type=8 2 8 8 8 2 2 2 8 2 8 2 8 2
left_child=2 11 7 -3 -5 6 -6 -1 -4 -8 -9 12 -2 -11
right_child=1 3 8 4 5 -7 9 10 -10 13 -12 -13 -14 -15
leaf_value=0.0041970053458056742 0.0015603825131788986 -0.0068689160823246168 -0.0071165531272687002 -0.0067621724735356216 -0.0040647427977015625 -0.0051886030112327074 0.00041081674871259137 0.0027661735461216464 0.011287994672442771 0.024500875486383907 -0.022027545266129753 0.0037432499544793178 -0.015763985927200488 -0.0016746214247486712
leaf_weight=0.17311545973643694 0.36823003171593849 0.25319242593832347 0.25116242538933864 0.19013646839448517 0.20975926895334929 0.12485316722450068 0.41426171874263795 0.079365349902218107 0.57666298434924101 2.0845744400066901 1.4114594945367571 0.20308337837923307 0.65080030074386752 0.049889208894455694
leaf_count=22 20 49 69 893 14 205 108 234 54 914 3258 921 448 12
internal_value=-0.00108361 0.00497462 -0.0104004 0.0108601 0.0136483 0.016389 0.0184862 -0.0169708 0.00486556 0.0209646 -0.020127 -0.00872358 -0.0118315 0.02355
internal_weight=7.04055 4.54878 2.49177 3.32667 3.07347 2.88334 2.75848 1.66394 0.827825 2.54873 1.49082 1.22211 1.01903 2.13446
internal_count=7221 3584 3637 2195 2146 1253 1048 3514 123 1034 3492 1389 468 926
is_linear=0
shrinkage=0.05


Tree=210
num_leaves=15
num_cat=0
split_feature=137 48 48 65 137 67 79 132 31 129 76 91 120 131
split_gain=0.212029 0.145094 0.18891 0.165428 0.121934 0.110988 0.0958089 0.0701785 0.071427 0.0654833 0.056365 0.0482947 0.046552 0.0461048
threshold=76.767814636230483 0.0003381444985279814 3.2918998840614229e-05 34.636320114135749 95.292655944824233 39.620920181274421 0.032002048566937454 1.0000000180025095e-35 434.69915771484381 -0.0066189379431307307 0.33192090690135961 0.018910069949924949 -437.99999999999994 0.99135681986808788
decision_type=2 8 10 2 2 2 2 2 8 8 2 8 2 2
left_child=1 2 -1 10 7 -5 -6 13 11 -4 -3 -9 -11 -2
right_child=4 3 9 5 6 -7 -8 8 -10 12 -12 -13 -14 -15
leaf_value=-0.011934663851356562 0.021563332406882255 -0.023921975500094832 -0.0025329679688714498 0.0082462978295655201 -0.012415784776445268 -0.010237493790244993 0.0080605407363946481 -0.0041832708268039675 -0.0089537314951599316 -0.0029764559372707907 0.00069603883708992597 0.012114126288559016 0.015725577669241705 -0.0016428536103368888
leaf_weight=0.55239754693320753 0.86320909233836551 0.94381625648384238 0.46652143593382789 0.93034055751559186 0.33943773531427712 0.40466480273425987 0.11930905649933266 0.10247403720131842 0.20528666530299233 0.061655751243961165 0.20134076824251679 0.24992005016247276 1.165351980114792 0.090823356125838473
leaf_count=2782 298 277 118 275 555 1404 82 396 134 27 26 200 450 177
internal_value=-0.000644634 -0.00619557 0.00266471 -0.0126792 0.0102728 0.000658635 -0.00521539 0.015178 -0.000168245 0.0100897 -0.0212869 0.007786 0.0138713 0.019644
internal_weight=6.69655 4.72609 2.24593 2.48016 1.97046 1.33501 0.458747 1.51171 0.557681 1.69353 1.14516 0.352394 1.22701 0.954032
internal_count=7201 5359 3377 1982 1842 1679 637 1205 730 595 303 596 477 475
is_linear=0
shrinkage=0.05


Tree=211
num_leaves=15
num_cat=0
split_feature=6 79 2 78 119 127 89 67 36 62 17 46 67 32
split_gain=0.130095 0.193807 0.213577 0.18178 0.161138 0.146463 0.171842 0.129463 0.120706 0.135314 0.101915 0.088965 0.0675874 0.0672678
threshold=17.331782341003422 0.0065792321693152198 151.14937591552737 0.49364584684371954 0.072837743908166899 -105.22142410278319 0.00024042250151978808 528.70733642578136 217.048210144043 482.09410095214849 0.17145191133022311 2.5662499865575231e-05 14.548342704772951 20.748447418212894
decision_type=10 2 10 2 2 8 8 2 10 2 10 10 2 10
left_child=12 3 8 4 11 13 -7 10 -3 -10 -8 -2 -1 -6
right_child=1 2 -4 -5 5 6 7 -9 9 -11 -12 -13 -14 -15
leaf_value=-0.0047657361151146223 -0.0077052919814163505 -0.0033873018086574974 -0.0097743692405917789 0.0087599564165694831 0.010417278256584363 0.0054688040483888561 -0.028590796277429366 0.0035220274824876332 0.025523880531730703 -0.0023602632620539007 0.0021642499352194831 0.01134237575339847 0.014117102201751311 -0.0067473018420183386
leaf_weight=0.10277862267685112 0.18080386086876421 0.45867375227317131 0.68037774755794078 0.3832112580857937 0.24267219752073288 0.19490347564351473 2.1306161044576593 0.15983917676931003 0.67742159065528518 0.37648035704478389 0.14814032142021449 0.42624021879964857 0.70008819099166431 0.15247328178520547
leaf_count=31 685 27 864 30 5 55 4221 341 445 233 43 59 44 163
internal_value=-0.00188317 -0.00469198 0.00570001 -0.0103683 -0.0138393 -0.0176817 -0.0210272 -0.0241194 0.0137805 0.0192636 -0.0265411 0.00440468 0.0103972 0.00370512
internal_weight=7.01472 6.21185 2.19295 4.0189 3.63569 3.02864 2.6335 2.4386 1.51258 1.0539 2.27876 0.607044 0.802867 0.395145
internal_count=7246 7171 1569 5602 5572 4828 4660 4605 705 678 4264 744 75 168
is_linear=0
shrinkage=0.05


Tree=212
num_leaves=15
num_cat=0
split_feature=134 48 120 84 120 58 82 4 4 1 124 79 121 51
split_gain=0.148047 0.131813 0.116852 0.114465 0.127694 0.112723 0.111551 0.104497 0.102888 0.0752609 0.0516009 0.0508863 0.0461235 0.0415396
threshold=0.92711213231086742 0.0003381444985279814 -4.4999999999999991 1.0000000180025095e-35 -91.499999999999986 2426.826293945313 0.012978795915842058 36.17515945434571 35.370967864990241 6951.3500976562509 0.16750355809926989 0.43640227615833288 -10267.306640624998 14.500000000000002
decision_type=2 8 2 2 2 2 2 8 10 2 10 2 2 2
left_child=1 5 7 4 -2 -1 -7 -3 9 10 13 -4 -9 -6
right_child=3 2 11 -5 8 6 -8 12 -10 -11 -12 -13 -14 -15
leaf_value=0.012578532317934897 -0.0055859036848343244 -0.0091903681007712828 -0.021880995241679566 -0.0072707899969864766 0.022470405170725041 -0.01317088336444105 0.0068814358264142148 -0.0034967410179882804 -0.0036390455608116359 -0.0032556030863122583 -0.00084013800538403766 0.0011242172763252431 0.013097861475582541 -0.0017435779464221803
leaf_weight=0.61901881359517597 0.46688576365340928 0.41272667111843475 0.82912942029543024 0.42191363216988964 1.6445880201390544 0.56742515444057062 0.41485516200918937 0.10751197869467433 0.33475008909590531 0.11939967392390816 0.20666991028701875 0.16872552340282709 0.43112206340992998 0.043232867210463044
leaf_count=140 403 93 1073 612 472 2210 172 123 508 704 10 393 83 237
internal_value=0.00028176 -0.0060134 -0.0124849 0.00697553 0.0104564 0.00363539 -0.00550282 0.000967775 0.0143613 0.017568 0.0195517 -0.0193754 0.00966569 0.0214322
internal_weight=6.78795 3.55051 1.94922 3.23744 2.81553 1.6013 0.98228 0.951361 2.34864 2.01389 1.89449 0.997855 0.538634 1.68782
internal_count=7233 4287 1765 2946 2334 2522 2382 299 1931 1423 719 1466 206 709
is_linear=0
shrinkage=0.05


Tree=213
num_leaves=15
num_cat=0
split_feature=79 34 31 63 39 76 127 122 2 1 5 122 2 94
split_gain=0.189153 0.250182 0.209221 0.205185 0.138665 0.159218 0.113458 0.131418 0.0670692 0.0659728 0.0629113 0.0610458 0.0577903 0.0530651
threshold=0.0065792321693152198 24.230171203613285 103.9901809692383 151.80011749267581 0.26341618597507482 0.28801843523979193 -18.788816452026364 -38.342811584472649 266.78909301757818 10399.346191406252 55.926523208618171 -141.99552154541013 66.723316192626967 0.00014491855108644816
decision_type=2 10 8 2 10 2 10 10 10 2 10 8 10 8
left_child=1 6 -2 9 5 13 7 -1 -8 11 -9 -4 -7 -3
right_child=2 4 3 -5 -6 12 8 10 -10 -11 -12 -13 -14 -15
leaf_value=0.01995350027063689 -0.0082472174411420806 -0.0032925691604206728 -0.0020595454913496787 -0.0055761273515541124 0.0064708461248281033 0.0099181085929292787 -0.011621094704702059 -0.0096014040156603697 0.0059119044642936209 -0.0024247256829741637 0.0066632011304797864 0.027591027539878656 -0.0057250626900662268 -0.025315009156259519
leaf_weight=0.67550317605491716 0.49978443883082913 0.69475229924501092 0.04616563169111032 0.37598385052115202 0.23560087947407726 0.25484749102179183 0.36878799484111358 0.36394815534003999 0.13082795811351389 0.050950329215993295 0.14980924455448985 0.95825516147306167 0.23445632023867802 1.2828632211330842
leaf_count=37 763 1680 16 139 28 40 52 24 12 318 10 350 829 2881
internal_value=-0.000264265 -0.00579085 0.00999122 0.0171323 -0.0135035 -0.0167274 0.00698295 0.0127887 -0.00614922 0.0239993 -0.00359001 0.0258806 0.00361133 -0.0212824
internal_weight=6.32254 4.3914 1.93114 1.43135 2.70252 2.46692 1.68888 1.18926 0.499616 1.05537 0.513757 1.00442 0.489304 1.97762
internal_count=7179 5593 1586 823 5458 5430 135 71 64 684 34 366 869 4561
is_linear=0
shrinkage=0.05


Tree=214
num_leaves=15
num_cat=0
split_feature=29 82 121 46 129 137 127 137 79 124 68 76 49 36
split_gain=0.263321 0.167833 0.13474 0.140241 0.110056 0.0894365 0.0997978 0.0927207 0.0759299 0.0852816 0.0663211 0.0486566 0.0427566 0.0405993
threshold=1275.8401489257815 0.0016488057444803419 -2074.918090820312 0.16695995628833774 -0.076586093753576265 95.292655944824233 -683.20001220703114 36.712121963500984 0.095811817795038237 -0.11075088754296301 50.118621826171882 0.43007518351078039 0.00032472074963152414 1380.250671386719
decision_type=2 2 2 10 10 2 8 2 2 8 2 2 8 10
left_child=2 10 4 5 -1 6 -4 -8 9 -3 -2 -9 13 -12
right_child=1 8 3 -5 -6 -7 7 11 -10 -11 12 -13 -14 -15
leaf_value=-0.012463570811305551 0.0025087034866506778 0.0073504366885413855 -0.0044944897144476833 -0.0063843676279375624 0.0064342709407036874 -0.0042763285400667875 -0.00037048002521155058 0.024941217021919593 0.011107231475688331 -0.011366425449988105 0.006031347513198968 -0.0012121899813135528 -0.021860973178753546 -0.007020057311524411
leaf_weight=0.50517430523905205 0.17691397330781944 0.17198788455425529 0.094109755198587663 0.2643854938505682 0.68690752516704356 0.11684433300979424 0.42911092068243473 1.8240808386399292 0.49547572180745192 0.46671936357597565 0.17985235772539421 0.094042162425466702 0.9916053813412874 0.21871842970904254
leaf_count=78 25 49 8 449 87 19 34 351 87 739 687 14 3070 1454
internal_value=0.0012231 -0.00904322 0.00855668 0.0132933 -0.00360654 0.0165497 0.0184994 0.0204887 0.00400803 -0.00491652 -0.0163708 0.023683 -0.0188178 -0.00102917
internal_weight=6.71593 2.70127 4.01466 2.82257 1.19208 2.55819 2.44134 2.34723 1.13418 0.638707 1.56709 1.91812 1.39018 0.398571
internal_count=7151 6111 1040 875 165 426 407 399 875 788 5236 365 5211 2141
is_linear=0
shrinkage=0.05


Tree=215
num_leaves=15
num_cat=0
split_feature=3 27 69 124 61 78 68 124 65 27 41 9 41 49
split_gain=0.170711 0.216768 0.173596 0.131195 0.129932 0.141045 0.121375 0.121364 0.0834517 0.079265 0.07799 0.0683765 0.0618316 0.0555959
threshold=12.862211704254152 530.60540771484386 34.703720092773445 -0.11075088754296301 17.16912937164307 0.49364584684371954 55.718484878540046 0.50506445765495311 528.70733642578136 81.431587219238295 0.031398175284266479 0.24242902547121051 0.11805555596947671 7.7607499406440197e-05
decision_type=8 10 2 8 2 2 2 10 2 8 10 8 10 10
left_child=4 3 13 -2 -1 7 -4 8 -6 -5 -8 -11 -13 -3
right_child=1 2 6 9 5 -7 10 -9 -10 11 -12 12 -14 -15
leaf_value=0.0064374759883287702 -0.0058010135879259231 -0.0043074168757398709 0.0056290459396618735 -0.003780288520042187 -0.025866161853603471 0.0056396759714338832 -0.021495118370172244 0.003000232671262499 0.0023092673128859149 -0.00212653828863993 0.00077992342835392576 0.023193383558872217 -0.001920045755405839 0.013221355820618622
leaf_weight=0.31460161134600673 0.28599996385310078 0.10034547153918572 0.24337404022662656 0.10086974967271101 1.160353731971554 0.247595138469478 0.90257591162117001 0.28478814106347261 0.12420757415384276 0.16178414349269576 0.40967539380653761 1.4035472910654787 0.11217650023172621 0.41434615362231852
leaf_count=23 41 125 39 4 3019 546 2258 16 340 36 129 393 8 141
internal_value=-0.00182345 0.00402769 -0.00613543 0.0128962 -0.0108351 -0.0150494 -0.0128335 -0.0192381 -0.0233235 0.0169087 -0.0172112 0.0191 0.0213104 0.00921635
internal_weight=6.26624 4.13469 2.07032 2.06438 2.13155 1.81694 1.55563 1.56935 1.28456 1.77838 1.31225 1.67751 1.51572 0.514692
internal_count=7118 3174 2692 482 3944 3921 2426 3375 3359 441 2387 437 401 266
is_linear=0
shrinkage=0.05


Tree=216
num_leaves=15
num_cat=0
split_feature=79 122 34 65 37 36 127 17 127 3 131 127 10 104
split_gain=0.192488 0.215053 0.201172 0.173504 0.113465 0.105451 0.102937 0.102486 0.101364 0.0788589 0.0784855 0.0694274 0.0468285 0.0418665
threshold=0.0065792321693152198 -31.902875900268551 24.230171203613285 30.648148536682132 0.0093035832978785055 217.048210144043 41.939849853515632 0.17145191133022311 -5.34698462486267 158.36261749267581 0.94282186031341564 -105.22142410278319 0.31385928392410284 3.8786764144897465
decision_type=2 10 10 2 8 8 10 8 10 10 2 8 10 2
left_child=1 2 8 13 -5 -6 10 12 -1 11 -3 -7 -4 -2
right_child=3 6 7 4 5 9 -8 -9 -10 -11 -12 -13 -14 -15
leaf_value=0.018248521107109391 -0.011708206982659737 -0.023790661269290789 -0.014836181688421211 -0.0057182667939659924 -0.0019405469021330037 -0.0021929852755392539 0.0028528568115847846 0.0058161850374442688 -0.0038130081719287817 -0.001963761302511617 0.0010612274673687274 0.027395639545087232 0.002987197699898751 0.0032025169657341709
leaf_weight=0.81538295024074614 0.33612961180915624 1.1678173941181738 1.1174237043014721 0.12880882335957689 0.3695321561244781 0.065305686395731755 0.30796968720824214 0.41975110118801251 0.31764019999536708 0.14897328880033456 0.2755728308129618 0.92012036790401908 0.091896800888207619 0.19876095052313758
leaf_count=44 96 3440 894 757 47 12 198 50 25 62 927 463 57 129
internal_value=-0.0014564 -0.00694302 0.00218193 0.00855318 0.0147747 0.0181126 -0.0168966 -0.0075674 0.0131756 0.0224936 -0.0205535 0.0253179 -0.0127427 -0.00769086
internal_weight=6.68109 4.51345 2.76209 2.16763 1.63274 1.50393 1.75136 1.62907 1.13302 1.1344 1.44339 0.985426 1.20932 0.534891
internal_count=7201 5635 1070 1566 1341 584 4565 1001 69 537 4367 475 951 225
is_linear=0
shrinkage=0.05


Tree=217
num_leaves=15
num_cat=0
split_feature=3 61 124 64 115 98 129 31 48 18 134 125 110 124
split_gain=0.255397 0.224139 0.139143 0.141437 0.133339 0.0963482 0.0880187 0.0795205 0.080384 0.0769255 0.0699103 0.0544983 0.0507005 0.0488398
threshold=11.259958267211916 71.799072265625014 0.089081835001707091 34.703720092773445 0.83014479279518139 0.17855068296194079 -0.076586093753576265 446.08337402343756 0.12674840539693835 2.709999989747303e-06 0.94481638073921215 58.500000000000007 461.02275085449224 -0.1223074048757553
decision_type=8 2 10 2 2 8 8 10 10 8 2 2 2 8
left_child=4 2 3 6 -1 11 -2 8 -7 -8 -6 12 -3 -11
right_child=1 5 -4 -5 10 7 9 -9 -10 13 -12 -13 -14 -15
leaf_value=-0.020429827539957306 -9.766564268384748e-06 0.0028690032397443456 -0.0057323529044955796 -0.0049921092871661838 0.0067915420995746881 0.014344547293089134 -0.0024579497759755955 -0.0067901427365283365 -0.0054844753550347151 -0.00024870467907151921 -0.0081181386677588903 0.0022667881259342752 -0.016374404461848867 0.030993868778439515
leaf_weight=0.94175897117929719 0.3486136344690749 0.097793027642183228 0.21353319605259447 0.1674582369851122 0.80521708850210416 0.7351351176985188 0.051686876609892018 0.2614062826251029 0.11871930005145259 0.11691345721192192 0.39460877573583275 0.37355593300162582 0.83960705223762488 0.91307016536302399
leaf_count=3610 69 101 76 579 162 171 460 54 45 13 28 316 1223 286
internal_value=-0.0011883 0.00572081 0.0155207 0.0194744 -0.0123286 -0.00398992 0.0232144 0.00481691 0.0101163 0.0271084 0.000426661 -0.0103244 -0.0139222 0.029072
internal_weight=6.37908 4.23749 1.81128 1.59774 2.14158 2.42622 1.43028 1.11526 0.853854 1.08167 1.19983 1.31096 0.9374 1.02998
internal_count=7193 3393 1483 1407 3800 1910 828 270 216 759 190 1640 1324 299
is_linear=0
shrinkage=0.05


Tree=218
num_leaves=15
num_cat=0
split_feature=134 11 69 32 48 55 45 49 120 137 37 65 46 68
split_gain=0.172491 0.189903 0.111115 0.109097 0.099635 0.10282 0.0990054 0.0708162 0.0737502 0.0740396 0.0702472 0.0594074 0.0701251 0.0413482
threshold=0.92711213231086742 0.15504211187362674 34.703720092773445 245.89290618896487 0.00020443570247152823 1413.860046386719 0.10585541650652887 7.7607499406440197e-05 -79.499999999999986 95.292655944824233 0.2149859964847565 19.796726226806644 0.0012693840544670822 98.33518218994142
decision_type=2 8 2 8 8 10 8 8 2 2 8 2 10 2
left_child=1 4 3 7 5 -1 -4 -2 -9 -10 -3 -12 -13 -8
right_child=2 10 6 -5 -6 -7 13 8 9 -11 11 12 -14 -15
leaf_value=0.0079412909927456844 -0.0037765748763245437 -0.0068037256500514806 -0.011565875280570861 -0.0046796771397529932 -0.021139474080691341 -0.010359902881251021 -0.0041220645188892648 -0.0011322301949828928 0.023688026783325128 -0.0028811427375056179 -0.004530572002091021 0.016591484530432042 -0.0034038724854401174 0.010659530061367245
leaf_weight=0.59381953347474403 0.08809563952672772 0.15670012310147252 0.68801559825442349 0.39375568059040222 1.2598611427656576 0.49399956420529634 0.0873913077521139 0.32533845126454219 0.99548608805343997 0.073005736485356465 0.11548926841351204 0.69172336620977148 0.19916196685517207 0.33581354789203033
leaf_count=40 179 504 2152 207 1363 2149 11 40 198 73 20 161 13 56
internal_value=-0.0023009 -0.00876355 0.00558803 0.0111436 -0.0151128 -0.00135103 -0.00462601 0.0155395 0.0178279 0.0213574 0.00511436 0.00943623 0.0126853 0.00685555
internal_weight=6.49766 3.51075 2.9869 1.87568 2.34768 1.08782 1.11122 1.48193 1.39383 1.06849 1.16307 1.00637 0.890885 0.423205
internal_count=7166 4250 2916 697 3552 2189 2219 490 311 271 698 194 174 67
is_linear=0
shrinkage=0.05


Tree=219
num_leaves=15
num_cat=0
split_feature=18 69 117 79 35 120 18 31 111 68 61 70 127 18
split_gain=0.212301 0.160634 0.146224 0.130551 0.151074 0.121693 0.0968405 0.0949791 0.0920311 0.0879519 0.0610894 0.0610856 0.0442544 0.0280716
threshold=9.2927999503444894e-05 38.665632247924812 40.250000000000007 0.0087351235561072844 30.665631294250492 -106.49999999999999 2.709999989747303e-06 103.9901809692383 549.74331665039074 32.714891433715827 107.41144180297853 209.26688385009768 -30.542482376098629 6.2846997025189935e-05
decision_type=10 2 2 2 10 2 8 8 2 2 2 2 8 10
left_child=1 2 5 4 -2 -1 -7 -5 11 -8 -11 -3 -9 -10
right_child=3 8 -4 7 -6 6 9 12 13 10 -12 -13 -14 -15
leaf_value=-0.0049389970843345355 0.0046191790767646755 -0.005406355828381928 -0.0067334573816251091 -0.0068743734539261697 -0.020952472033428794 -0.0019845953794263736 -7.6099040889235375e-05 -0.0031503886115285904 -0.01389515632713333 0.028112504300306547 -0.001011906186458051 0.010731483774117865 0.014391809703062534 0.0016249118431388627
leaf_weight=0.18781054592727819 0.36913014085439533 0.20911989040905588 0.2593868026142444 0.46353395808910125 1.1454919391344445 0.2881350238494641 0.36147568468004454 0.076751856104237959 0.57219323565004743 1.2527288946548649 0.12213058565976087 0.43104601594313863 0.4114731689915061 0.12367335917952005
leaf_count=240 66 36 288 619 2417 533 18 13 2175 209 30 128 260 142
internal_value=0.000305125 0.0070695 0.0130161 -0.00916475 -0.0153618 0.016707 0.0196842 0.00351508 -0.00479432 0.0226912 0.0261886 0.0053777 0.0113702 -0.0118052
internal_weight=6.27408 3.8077 2.47167 2.46638 1.51462 2.21228 2.02447 0.951759 1.33603 1.73634 1.37486 0.640166 0.488225 0.695867
internal_count=7174 3799 1318 3375 2483 1030 790 892 2481 257 239 164 273 2317
is_linear=0
shrinkage=0.05


Tree=220
num_leaves=15
num_cat=0
split_feature=69 47 27 125 64 95 120 68 44 7 127 16 127 41
split_gain=0.188742 0.171981 0.124444 0.129393 0.116384 0.111077 0.078906 0.0777503 0.0591544 0.0579736 0.056007 0.0546569 0.0505548 0.0503501
threshold=37.743314743041999 0.48786574602127081 530.60540771484386 -3.4999999999999996 32.745433807373054 1.0188800388277743e-05 -437.99999999999994 50.118621826171882 0.38364507257938391 38.200859069824226 75.929698944091811 0.19235783070325854 -63.970371246337884 0.031398175284266479
decision_type=2 8 10 2 2 10 2 2 10 10 8 8 8 10
left_child=1 5 3 10 -3 -1 -7 -4 9 -5 -2 -6 -8 -9
right_child=2 4 7 8 11 6 12 13 -10 -11 -12 -13 -14 -15
leaf_value=-0.0041301907159352631 -0.013524421936124237 -0.012100118775096249 0.0032689870971985557 -0.0032594754869274679 -0.0048980405664823205 -0.0035849000136914341 -0.0010170061023482566 -0.021572005564032385 -0.0042044094713878507 0.016340935861802932 0.0028746943439940903 0.011342891016586773 0.023186855312212821 0.00029420467179751015
leaf_weight=0.2866525296303738 0.47621451419581717 0.83407524860376703 0.16550824385194562 0.11731887965834198 0.11917727380205179 0.075469451490789541 0.15001124126138166 0.98285797526659713 0.13643040553142782 0.67027692333431332 0.35370966567279538 0.44265030280075734 1.0793158299529748 0.27288402207341278
leaf_count=1118 153 125 17 68 63 5 22 4522 390 335 30 26 132 157
internal_value=-0.00128809 0.00666186 -0.00857184 0.00101692 -0.00472076 0.0146149 0.0187382 -0.0159379 0.00980964 0.0132312 -0.00878367 0.00696751 0.021102 -0.0187964
internal_weight=6.16255 2.98735 3.1752 1.75395 1.3959 1.59145 1.3048 1.42125 0.924026 0.787596 0.829924 0.561828 1.22933 1.25574
internal_count=7163 1491 5672 976 214 1277 159 4696 793 403 183 89 154 4679
is_linear=0
shrinkage=0.05


Tree=221
num_leaves=15
num_cat=0
split_feature=134 137 137 53 122 11 129 120 79 10 128 121 17 111
split_gain=0.170531 0.1048 0.114973 0.105054 0.102845 0.096928 0.0944861 0.0909644 0.0720241 0.0687014 0.0561269 0.0534741 0.051672 0.0510447
threshold=0.92711213231086742 76.767814636230483 95.292655944824233 227.63785552978518 -2.6852539777755733 0.15504211187362674 0.0089755160734057444 -32.499999999999993 0.076340328902006163 0.062604982405900969 0.90635144710540783 -1307.589416503906 0.13361760228872302 4990.3161621093759
decision_type=2 2 2 8 8 8 10 2 2 10 8 2 10 2
left_child=4 3 7 -2 6 12 11 -3 -4 13 -7 -1 -6 -9
right_child=1 2 8 -5 5 10 -8 9 -10 -11 -12 -13 -14 -15
leaf_value=-0.011122903542205395 0.0081258711161643141 -0.0013460384591003948 -0.010763163010023896 -0.010277770067472422 -0.01979273963939443 -0.0061864719313679227 0.012392620125658567 0.025070148782454102 0.0071438842502818158 -0.0018453772200329524 0.0077055325897598019 0.0041319646373163673 0.00040166305273690341 -0.0019656484159181562
leaf_weight=0.33052596243214794 0.42690378386760142 0.43738622908131208 0.30134209703828663 0.79397842088837944 1.0615567574513995 0.46872254561822035 0.38611148194286216 0.96084178163437151 0.10106761355564231 0.14942688907831314 0.45644136470218655 0.31427103676469392 0.32803652640723147 0.040911016127211042
leaf_count=318 67 277 588 1270 2803 399 166 272 57 90 177 329 63 317
internal_value=-3.34127e-05 0.00714001 0.0123425 -0.00308133 -0.00697827 -0.0115043 0.00384496 0.0166334 -0.00437865 0.0209148 0.00110975 -0.00569602 -0.0168524 0.0235356
internal_weight=6.55752 3.21186 1.99098 1.22088 3.34567 2.31476 1.03091 1.58857 0.40241 1.15118 0.925164 0.644797 1.38959 1.00175
internal_count=7193 2938 1601 1337 4255 3442 813 956 645 679 576 647 2866 589
is_linear=0
shrinkage=0.05


Tree=222
num_leaves=15
num_cat=0
split_feature=95 93 122 79 39 4 118 78 67 104 125 73 129 127
split_gain=0.176091 0.161896 0.114339 0.173812 0.139182 0.116502 0.0867697 0.0714506 0.0740328 0.0680345 0.0687415 0.0676 0.0528651 0.0435863
threshold=0.00033576200075913226 2.4886499886633832e-05 -79.634696960449205 0.0065792321693152198 0.17914438992738727 521.47454833984386 0.01779185421764851 0.99509802460670482 22.768656730651859 1.9486842155456545 -615.99999999999989 1038.8609619140627 0.12430620193481447 -381.46115112304682
decision_type=10 10 8 2 10 8 2 2 2 2 2 2 8 8
left_child=1 2 -1 5 11 7 -2 8 -4 -3 -11 -5 -8 -10
right_child=6 9 3 4 -6 -7 12 -9 13 10 -12 -13 -14 -15
leaf_value=0.010735504177198995 0.0031575660130519893 -0.0027303906149278127 0.0019934846467790281 0.018993139356976163 -0.007983988090151271 0.0055555322616246978 -0.018319189980788728 0.0035954184965201006 0.0011004653013960228 -0.0032708735109007701 0.020446981996883787 -0.0035694947226433587 -0.00064239019791113156 -0.023850373560748015
leaf_weight=0.42076187018028577 0.65163638855301576 0.18305719007912546 0.18974145167158019 0.45552374070030044 0.27330845248070545 0.21195086098305216 0.74064081092183154 0.071088083088397869 0.098163317055877997 0.067569325459771679 1.1700885610716794 0.076574209750106093 0.65814830508315947 1.0560380258175426
leaf_count=192 238 43 23 249 196 180 1610 1 54 6 482 105 176 3680
internal_value=0.000536319 0.00600419 -0.00155311 -0.00618722 0.0075529 -0.0132749 -0.00909288 -0.017228 -0.0193934 0.0155531 0.018269 0.0155357 -0.0137371 -0.0222026
internal_weight=6.32429 4.27387 2.85315 2.43239 0.805406 1.62698 2.05043 1.41503 1.34394 1.42072 1.23766 0.532098 1.39879 1.1542
internal_count=7235 5211 4680 4488 550 3938 2024 3758 3757 531 488 354 1786 3734
is_linear=0
shrinkage=0.05


Tree=223
num_leaves=15
num_cat=0
split_feature=125 122 1 59 31 67 127 101 127 90 120 129 95 12
split_gain=0.181618 0.115956 0.123327 0.0986302 0.0926021 0.0836784 0.0817029 0.075481 0.0895975 0.0606723 0.050132 0.0742464 0.0525862 0.0465905
threshold=5.5000000000000009 -50.79968070983886 60.486841201782234 7093.3081054687509 446.08337402343756 38.959489822387702 -44.666765213012688 0.0015830695047043266 41.939849853515632 0.37671308219432836 -106.49999999999999 -0.027790649794042107 0.042160311713814742 0.17156863212585452
decision_type=2 10 2 2 8 2 10 8 10 10 2 8 8 10
left_child=1 2 6 4 5 10 -1 -3 9 -9 -2 -12 -13 -4
right_child=3 7 13 -5 -6 -7 -8 8 -10 -11 11 12 -14 -15
leaf_value=0.015908626463708359 -0.001535027686246501 0.0039472125484915337 -0.010060001087047748 -0.0073996652843777849 -0.0049435494141968602 -0.00453661144780876 -0.0045857832694727995 -0.022594767316246874 0.0018142250002978273 0.0025798476472096207 -0.00095662061439098691 0.023284996501427437 -0.0020886729489915531 0.0042942444437247618
leaf_weight=0.50847747561056167 0.19314742017922992 0.12574082896753647 1.0209734443415071 0.21819924455849093 0.28820902202642162 0.13011622961494129 0.18938490032451261 1.1747354345989149 0.35801329992318653 0.056160292602726147 0.33273553907747555 1.1830200511176372 0.054731272073695547 0.14904574996762665
leaf_count=24 110 84 571 1770 112 120 13 3379 174 17 159 669 13 27
internal_value=-0.00162489 -0.00793422 0.00109727 0.00735633 0.0106937 0.0139595 0.0109217 -0.0145528 -0.0169759 -0.0208046 0.0164719 0.0184221 0.021731 -0.0070952
internal_weight=5.98269 3.58253 1.86788 2.40016 2.18196 1.89375 0.697862 1.71465 1.58891 1.2309 1.76363 1.57049 1.23775 1.17002
internal_count=7242 4289 635 2953 1183 1071 37 3654 3570 3396 951 841 682 598
is_linear=0
shrinkage=0.05


Tree=224
num_leaves=15
num_cat=0
split_feature=5 48 68 72 65 76 137 59 5 39 71 34 32 124
split_gain=0.189289 0.20873 0.16522 0.147631 0.0995237 0.0984208 0.0893258 0.078606 0.0682702 0.0676679 0.0490195 0.0482508 0.0461484 0.0445313
threshold=209.71488952636722 0.00056621897965669643 20.283439636230472 1380.250671386719 14.869351387023928 0.31441985070705419 51.057607650756843 3321.092407226563 255.01761627197268 0.52012881636619579 1055.5745849609377 24.230171203613285 34.703720092773445 -0.59049183130264271
decision_type=8 10 2 2 2 2 2 2 10 10 2 10 8 8
left_child=2 3 -1 4 -2 6 11 -5 -3 10 -6 -4 -7 -8
right_child=1 8 5 7 9 12 13 -9 -10 -11 -12 -13 -14 -15
leaf_value=0.0095783847828642375 -0.0035161137449656226 0.0037743195921970743 0.0061914875889640111 -0.009930417423305719 0.026998430552611821 0.009250526248435826 0.0019539522661035542 0.0068105315683868435 -0.011913127438118624 -0.0022378237016441051 -0.0017332962032519121 -0.0069511226225811686 -0.0053375540120714181 -0.022392513719696083
leaf_weight=0.30814389674924347 0.11903213446930827 0.5515409770523545 0.38708443088398858 0.34335456407279696 1.1142358209399388 0.22970264337345714 0.040286278424900956 0.49672856432880508 0.67899656214285642 0.073395016508584265 0.03572879938292306 0.41366050914075458 0.11791276384246885 1.1811346217218668
leaf_count=27 83 108 32 168 510 54 5 681 958 62 111 1090 745 2571
internal_value=0.00021831 0.00717344 -0.00818626 0.0143921 0.0208971 -0.0126532 -0.0158981 -0.00171001 -0.00634201 0.0237855 0.0257148 -0.000687722 0.00401337 -0.0210714
internal_weight=6.09094 3.41301 2.67793 2.18247 1.34239 2.36978 2.02217 0.840083 1.23054 1.22336 1.14996 0.800745 0.347615 1.22142
internal_count=7205 2681 4524 1615 766 4497 3698 849 1066 683 621 1122 799 2576
is_linear=0
shrinkage=0.05


Tree=225
num_leaves=15
num_cat=0
split_feature=134 134 46 121 79 130 47 119 9 10 58 96 113 120
split_gain=0.140063 0.130353 0.0880438 0.107547 0.101435 0.0713462 0.0606901 0.0605006 0.0533895 0.0410458 0.0409907 0.0369265 0.0325752 0.0371915
threshold=0.92711213231086742 0.061868688091635711 3.974399987782818e-05 -2314.5812988281245 0.0065792321693152198 1.0000000180025095e-35 0.054757539182901389 0.13824870437383655 0.90929660201072704 0.66226166486740123 5753.7663574218759 0.0020921215182170276 45.858495712280281 78.500000000000014
decision_type=2 2 8 2 2 2 8 2 10 10 2 8 2 2
left_child=1 5 4 8 -2 6 -1 9 -4 -5 -6 -7 -3 -14
right_child=2 12 3 7 10 11 -8 -9 -10 -11 -12 -13 13 -15
leaf_value=0.0044108726565453863 -0.012938361095270018 0.0013248987076239789 0.0043315797484798557 0.019627134412606797 -0.003978450923344797 -0.0023289806877646755 -0.011335033967036272 -0.0025298152602651908 -0.0095611574821818385 -0.0020940642086473928 0.011112336065872551 0.011227191613143376 -0.017552599470259361 0.0015115046594514061
leaf_weight=0.35742391893290948 0.36808645428391207 0.14590496686287213 0.68725945604455807 1.1555476534267652 0.084656827501021326 0.29587309312046239 0.43124043543502921 0.15386262219544722 0.22451102815830382 0.042785590798302908 0.22769780190355959 0.73656042313632508 1.2211635420990203 0.12060780304091157
leaf_count=525 1724 11 134 294 11 314 739 394 20 15 335 647 1771 259
internal_value=-0.000703206 -0.00685399 0.00619404 0.0100507 -0.00498289 0.00221293 -0.00572256 0.0158169 -0.00230114 0.0182518 0.00710733 0.00810783 -0.014381 -0.0159253
internal_weight=6.25318 3.30877 2.94441 2.26397 0.680441 1.8211 0.788664 1.3522 0.91177 1.19833 0.312355 1.03243 1.48768 1.34177
internal_count=7193 4266 2927 857 2070 2225 1264 703 154 309 346 961 2041 2030
is_linear=0
shrinkage=0.05


Tree=226
num_leaves=15
num_cat=0
split_feature=69 47 55 79 75 31 68 4 4 121 41 44 18 92
split_gain=0.139703 0.182672 0.168803 0.0952524 0.0877893 0.0823262 0.0799372 0.095308 0.0760511 0.0760506 0.0728516 0.0627006 0.0473967 0.045423
threshold=37.743314743041999 0.29566192626953131 459.08020019531256 0.094428792595863356 0.0016710765194147827 94.232173919677749 20.283439636230472 32.696172714233406 528.70733642578136 -129148.75390624999 0.020111223682761196 0.16758426278829577 1.1647000064840542e-05 9.2432499513961388e-05
decision_type=2 8 8 2 2 10 2 10 10 2 8 10 8 10
left_child=1 4 5 8 -1 13 -3 -8 -4 -6 -5 12 -11 -2
right_child=2 6 3 10 9 -7 7 -9 -10 11 -12 -13 -14 -15
leaf_value=-0.0044815966569809193 0.0046880145109133775 0.0074225621419741544 -0.020881122349886257 -0.0072541370519278716 -0.0034758646417432457 0.012515687447894192 -0.013218367534542292 0.0050785974269248147 0.0028920493388668971 -0.0018108506691865826 0.0093046676539064645 -0.0026503083732469209 0.024480058324455687 -0.0098191235706869846
leaf_weight=0.09838906931872804 0.15614471874141633 0.31038533220998932 1.2421002313385545 0.37348380459297903 0.073705177317606174 0.54613438258820679 1.1357592265048877 0.42764275199078827 0.13577653513129906 0.044764265625417132 0.30032180994749069 0.053991991080692858 0.98928286087175377 0.29372282751137391
leaf_count=622 37 26 3783 823 53 213 156 85 381 124 44 13 362 489
internal_value=-0.000727699 0.00583065 -0.00724599 -0.0135654 0.0156441 0.00604595 -0.00391623 -0.00818476 -0.0183074 0.0186333 0.00127591 0.0210784 0.0230112 -0.00502336
internal_weight=6.1816 3.13392 3.04768 2.05168 1.26013 0.996002 1.87379 1.5634 1.37788 1.16174 0.673806 1.08804 1.03405 0.449868
internal_count=7211 1441 5770 5031 1174 739 267 241 4164 552 867 499 486 526
is_linear=0
shrinkage=0.05


Tree=227
num_leaves=15
num_cat=0
split_feature=122 10 54 134 46 121 111 80 6 59 122 128 34 97
split_gain=0.126622 0.122675 0.132551 0.112741 0.0989566 0.0968665 0.0960739 0.093234 0.053626 0.0496944 0.0447734 0.0373493 0.0356028 0.030679
threshold=-2.6852539777755733 0.096125788986682906 6.2843715568305938e-05 0.92711213231086742 0.00010846250006579795 -49399.621093749993 5709.2016601562509 0.015268065501004459 14.713973999023439 5212.3798828125009 -296.15458679199213 -283.39140319824213 44.369388580322273 2.5768250452529177e-05
decision_type=10 10 8 2 10 2 2 2 10 2 8 8 10 8
left_child=1 2 8 -2 9 -4 10 -5 -1 -3 -7 -12 -6 -13
right_child=3 4 5 7 12 6 -8 -9 -10 -11 11 13 -14 -15
leaf_value=0.0048192021345780378 -0.016199266260990875 -0.016024212732460377 -0.0044913536096142887 -0.0060833824566014875 0.0092542497660886066 -0.001699733790844574 -0.0047759833851216283 0.011388633295989058 -0.011137786359460016 0.002668428232290142 -0.0011303034408663886 -0.00133904611675113 -0.0040743784073477276 0.02176253736606848
leaf_weight=0.15082392236217934 0.90378410979610668 0.54709994500444714 0.24279631080207842 0.80026692424326007 0.39139892299499479 0.10051921003469033 0.105416426064039 0.35532904654974118 0.34467731014228775 0.13685287791122391 0.099028431068290956 0.034210118192276817 0.087729256987586268 1.7388464918712998
leaf_count=7 2864 155 354 1713 43 14 632 142 158 153 22 121 212 551
internal_value=-0.000689691 0.00431813 0.00912256 -0.00861491 -0.00615461 0.0133236 0.016188 0.00208 -0.00630603 -0.0129205 0.0185381 0.0198383 0.00570913 0.0209947
internal_weight=6.03878 3.9794 2.81632 2.05938 1.16308 2.32082 2.07802 1.1556 0.495501 0.683953 1.9726 1.87209 0.479128 1.77306
internal_count=7141 2422 1859 4719 563 1694 1340 1855 165 308 708 694 255 672
is_linear=0
shrinkage=0.05


Tree=228
num_leaves=15
num_cat=0
split_feature=69 79 2 4 101 39 49 116 117 32 32 32 32 127
split_gain=0.144096 0.185562 0.123616 0.102119 0.106778 0.0984645 0.0976669 0.0960382 0.0640602 0.058266 0.0566111 0.0526277 0.0430964 0.0409402
threshold=37.743314743041999 0.069180883467197432 34.519290924072273 528.70733642578136 0.0015830695047043266 0.13315603137016299 7.7607499406440197e-05 1.8776222467422488 66.250000000000014 46.934288024902351 20.748447418212894 21.832798957824711 67.684989929199233 -381.46115112304682
decision_type=2 2 8 8 8 10 8 2 2 10 8 8 10 8
left_child=2 3 10 4 -2 6 -4 9 12 11 -1 -3 -8 -12
right_child=1 7 5 -5 -6 -7 8 -9 -10 -11 13 -13 -14 -15
leaf_value=0.0044288373310963714 0.0022669112254367833 -0.0033742084301253122 -0.0033273893498524266 0.0043279655524730799 -0.022579754716759853 -0.003952074338495236 0.022081540046252266 -0.0070663994644467034 -0.0025179009121835761 -0.0043286429998388113 0.0030803321559590121 0.015696726442727113 -0.0019131557606493937 -0.013588276388544674
leaf_weight=0.31245648977346752 0.32808971339181892 0.070331758615793438 0.29553701594886672 0.20598206516660855 1.1897142641573737 0.43614814878674213 1.2741851370883521 0.41347850871534308 0.10899725271156069 0.094181775682955049 0.077548402055981569 0.89332892029779032 0.040245122303531278 0.4649742125220655
leaf_count=30 43 5 316 418 4005 30 448 825 106 152 7 260 203 309
internal_value=-0.000715622 -0.00711068 0.00615295 -0.0151308 -0.0184417 0.0112353 0.015125 0.00460605 0.0187482 0.0103853 -0.00580848 0.0132953 0.0208377 -0.0107533
internal_weight=6.2052 3.19511 3.01009 1.72379 1.5178 2.15511 1.71896 1.47132 1.42343 1.05784 0.854979 0.963661 1.31443 0.542523
internal_count=7157 5708 1449 4466 4048 1103 1073 1242 757 417 346 265 651 316
is_linear=0
shrinkage=0.05


Tree=229
num_leaves=15
num_cat=0
split_feature=137 119 122 47 90 128 7 2 96 32 121 127 18 116
split_gain=0.216537 0.0887013 0.0754215 0.0779236 0.0683457 0.0852456 0.0643276 0.0720803 0.0588086 0.051393 0.0344432 0.0337046 0.0332461 0.0373764
threshold=76.767814636230483 0.12136521190404893 -2.6852539777755733 0.0027358535444363956 0.17969912290573123 15.458685874938967 39.930795669555671 36.183628082275398 0.00090895299217663716 268.08662414550787 -63089.470703124993 117.4331398010254 7.4990000484831407e-06 0.097664620727300658
decision_type=2 2 8 8 10 10 10 10 8 10 2 10 8 2
left_child=2 8 6 -4 5 11 7 -1 -2 12 -9 -5 -10 -14
right_child=1 -3 3 4 -6 -7 -8 10 9 -11 -12 -13 13 -15
leaf_value=-0.0042837538501030699 -0.0032710977693933816 -0.0034553575979387693 0.003915682444426998 -0.021245282789280645 0.0010904544990526716 0.0018257788000559151 -0.0067757985195767458 -0.0020378012043082367 -0.0016369756663666931 -0.0027660965177445304 0.015109646885048206 0.0011154724858996117 0.0011010603206728911 0.022423520896062244
leaf_weight=0.39358916961282353 0.097163701193494156 0.50869152158520581 0.33086304761673124 1.3470659620525114 0.53141854887508078 0.35353847826809204 0.46194632575497963 0.099554684175018338 0.043377896567107777 0.058134770926699386 0.47656794163231098 0.077982112255995051 0.35240086345584132 0.85749354612562456
leaf_count=92 170 890 154 3479 85 477 736 88 182 177 194 70 24 368
internal_value=-0.000774179 0.0101821 -0.0069226 -0.0107967 -0.0134503 -0.0166237 0.00172479 0.00715838 0.0144969 0.016659 0.0127336 -0.0200662 0.0183878 0.0195216
internal_weight=5.98979 1.91726 4.07253 2.64087 2.31001 1.77859 1.43166 0.969712 1.40857 1.31141 0.576123 1.42505 1.25327 1.20989
internal_count=7186 1811 5375 4265 4111 4026 1110 374 921 751 282 3549 574 392
is_linear=0
shrinkage=0.05


Tree=230
num_leaves=15
num_cat=0
split_feature=61 120 79 31 6 122 21 18 65 137 64 47 37 49
split_gain=0.148436 0.198188 0.149339 0.151409 0.0949347 0.0925126 0.0970154 0.0966954 0.0806194 0.0785049 0.0735345 0.0389 0.0379824 0.041925
threshold=59.975105285644538 -79.499999999999986 0.095811817795038237 103.9901809692383 17.331782341003422 -224.60557556152341 0.12787097692489627 1.1647000064840542e-05 528.70733642578136 95.292655944824233 34.703720092773445 0.001743184984661639 0.1055385433137417 0.25379791855812078
decision_type=2 2 2 8 10 10 10 8 2 2 2 8 8 10
left_child=1 -1 4 -4 -2 10 7 -7 11 -9 -3 -6 -5 -14
right_child=2 5 3 12 8 6 -8 9 -10 -11 -12 -13 13 -15
leaf_value=-0.0090758429038745921 0.0052601762839227968 0.0067216538901766825 -0.0093997427967301966 -0.0026112083932415277 0.00093170735911963685 -0.0035225230182238409 -0.0037835941827167128 0.02648348658801597 0.0036064173324565742 -0.0023058344616718614 -0.0090485163243953348 -0.020276244255506934 0.017115447346097892 -0.0020766991429612947
leaf_weight=0.56015235120685281 0.16009186777228057 0.85486920416588008 0.35082601404064884 0.055025058805768023 0.14546504602913013 0.097429523782920247 0.13248361998194025 1.1653835805009292 0.14967068496116542 0.09686621738728729 0.23195945578117971 1.2174260748888628 0.75197587217553519 0.10414617508649826
leaf_count=968 21 206 674 204 28 1315 104 874 354 149 291 1769 253 3
internal_value=0.00175621 0.00817266 -0.00544011 0.00541145 -0.0125887 0.0134081 0.0187256 0.0215928 -0.0158196 0.0242315 0.000632723 -0.0185763 0.0130487 0.0149197
internal_weight=6.07377 3.13914 2.93463 1.26197 1.67265 2.57899 1.49216 1.35968 1.51256 1.26225 1.08683 1.36289 0.911147 0.856122
internal_count=7213 3907 3306 1134 2172 2939 2442 2338 2151 1023 497 1797 460 256
is_linear=0
shrinkage=0.05


Tree=231
num_leaves=15
num_cat=0
split_feature=69 116 11 21 18 124 118 133 64 122 126 64 119 134
split_gain=0.153895 0.134981 0.119867 0.117924 0.137831 0.0965832 0.0922013 0.0637222 0.0609404 0.0611541 0.058816 0.0543851 0.052724 0.060039
threshold=47.017620086669929 0.097664620727300658 0.22271825373172763 0.23078151792287829 2.9205000373622174e-06 0.20322173833847049 0.041895315051078803 0.99621212482452404 27.263514518737797 -101.01298904418944 -116406.29296874999 264.14735412597662 0.20954865217208865 0.029018141329288486
decision_type=2 2 8 10 8 10 2 2 2 8 2 2 2 2
left_child=1 8 7 4 -3 10 -4 -2 -1 -10 -6 12 13 -12
right_child=2 3 6 -5 5 -7 -8 -9 9 -11 11 -13 -14 -15
leaf_value=0.0053939629229602729 -0.019080211085543544 -0.006919766016190986 0.010185358485336851 -0.0065362735178445645 -0.0022543122137436435 -0.0026068947814885269 -0.008185945056941769 0.0022172895044268752 0.0032295726856459935 -0.014465416972073637 0.0012200154079505809 -0.0023689018044001104 -0.0014707043681983839 0.026107290672120472
leaf_weight=0.22767013654811286 0.69438543393880503 0.17167435189549074 0.65665021487075148 0.2513705278688575 0.10069567942628133 0.32641622918163182 0.23549470970465336 0.20377220370937721 0.27013897251163144 0.53384071744221728 0.37891664125527436 0.050199725810671114 0.10746212847698178 1.6329547137302141
leaf_count=15 2174 1493 369 94 88 21 727 649 15 120 305 422 35 615
internal_value=0.00141998 0.00645675 -0.00820708 0.0109657 0.0138678 0.0167839 0.0035726 -0.0156257 -0.00564252 -0.0100254 0.0195166 0.0209195 0.0220537 0.0233813
internal_weight=5.84164 4.05134 1.7903 3.01969 2.76832 2.59665 0.892145 0.898158 1.03165 0.80398 2.27023 2.16953 2.11933 2.01187
internal_count=7142 3223 3919 3073 2979 1486 1096 2823 150 135 1465 1377 955 920
is_linear=0
shrinkage=0.05


Tree=232
num_leaves=15
num_cat=0
split_feature=48 78 131 59 10 119 137 120 48 118 82 97 134 32
split_gain=0.133976 0.120207 0.130309 0.109692 0.153065 0.0937896 0.122266 0.085206 0.0789701 0.0774063 0.0726057 0.0659761 0.0621941 0.0596064
threshold=0.00042974614189006394 0.3747659176588059 0.94282186031341564 9895.2504882812518 0.096125788986682906 0.068694751709699645 94.584484100341811 -88.499999999999986 0.00071489260881207894 0.027929207310080532 0.038350611925125129 0.11277645081281663 0.061868688091635711 30.665631294250492
decision_type=8 2 2 2 10 2 2 2 8 2 2 10 2 10
left_child=3 2 5 4 7 -2 8 -1 -7 -3 -6 12 -4 -8
right_child=1 9 11 -5 10 6 13 -9 -10 -11 -12 -13 -14 -15
leaf_value=-0.0028871606697955026 0.0042167587283351102 0.01250773491723231 -0.0049727673745643642 -0.0082579325386800077 -0.010780791279617903 0.00053534306026057949 0.0091280996427172065 0.019916867752991813 -0.026193549688459973 -0.0054390691316021263 0.0057750672985238906 -0.0071796402751213243 0.012591646721771519 -0.0068585058663993203
leaf_weight=0.21994537022874316 0.16515430935396658 0.45501115385559376 0.10655061561192258 0.22181816487864114 0.44412221037782718 0.27387352112782504 0.23078057263046492 1.3081805255660586 1.0486555883453548 0.2856402682227781 0.37297740110079758 0.16365325888546067 0.60649061929507297 0.15564866437853198
leaf_count=312 26 153 89 2492 339 31 16 1569 955 554 44 216 203 156
internal_value=-0.00034856 -0.00605158 -0.0102342 0.00693014 0.0104058 -0.0155727 -0.0183358 0.0167909 -0.0228112 0.00643794 -0.00420436 0.00339487 0.00859626 0.00238646
internal_weight=6.0585 3.49146 2.75081 2.56704 2.34523 1.87411 1.70896 1.52813 1.32253 0.740651 0.8171 0.876694 0.713041 0.386429
internal_count=7155 2399 1692 4756 2264 1184 1158 1881 986 707 383 508 292 172
is_linear=0
shrinkage=0.05


Tree=233
num_leaves=15
num_cat=0
split_feature=137 76 49 119 21 24 122 11 41 7 119 32 76 126
split_gain=0.155021 0.105413 0.113541 0.0735541 0.0665471 0.0582517 0.056466 0.0661836 0.0683255 0.0544593 0.0540654 0.049036 0.0435474 0.0421805
threshold=76.767814636230483 0.26794873178005224 0.0010788535000756385 0.13705638796091082 0.00081321698962710809 14.289473533630373 -79.634696960449205 0.99509802460670482 0.025158228352665905 69.743312835693374 0.059287901967763908 268.08662414550787 0.098105512559413924 -116406.29296874999
decision_type=2 2 8 2 8 10 8 8 10 10 2 10 2 2
left_child=1 2 5 4 -2 12 -4 8 10 -3 -8 13 -1 -6
right_child=3 9 6 -5 11 -7 7 -9 -10 -11 -12 -13 -14 -15
leaf_value=0.010834579937989308 -0.0035685872838994038 0.010966601374402779 0.0016337771280633354 -0.0035878156728188977 -0.0020179242153663449 -0.0066816817383008389 0.0018563816787635322 0.0027199146011019633 0.0026210395393010421 -0.0038310121347445631 -0.021980879104818905 -0.0027984619280480021 -0.0038008938631175098 0.01894571055539877
leaf_weight=0.71472387119683867 0.15983872699143797 0.51738066974576202 0.33256271047139307 0.42031456076438178 0.068710332572663568 0.21990220339830557 0.10068752553343063 0.16540787149278924 0.13186599713299085 0.39405513752171828 1.4494413706761404 0.059004177026508953 0.14397233522322495 1.1968234250962269
leaf_count=583 223 83 97 733 55 1692 32 321 56 672 1789 213 56 598
internal_value=0.000164033 -0.00504931 -0.00878343 0.00938668 0.0130259 0.00292466 -0.0136744 -0.0160361 -0.0182069 0.00591172 -0.0203117 0.0157021 0.00765601 0.0174192
internal_weight=6.07469 4.17 3.25856 1.90469 1.48438 1.0786 2.17997 1.8474 1.68199 0.911436 1.55013 1.32454 0.858696 1.26553
internal_count=7203 5381 4626 1822 1089 2331 2295 2198 1877 755 1821 866 639 653
is_linear=0
shrinkage=0.05


Tree=234
num_leaves=15
num_cat=0
split_feature=69 75 58 126 49 131 81 59 32 47 18 45 127 119
split_gain=0.1387 0.130872 0.125278 0.119983 0.10949 0.0984202 0.0970725 0.0630706 0.0627313 0.0707669 0.0501874 0.0424929 0.0389522 0.0394303
threshold=37.743314743041999 0.71921181678771984 636.91967773437511 -633.52023315429676 0.00010680924970074558 1.0000000180025095e-35 0.043167702853679664 305.63412475585943 283.91680908203131 0.64113470911979686 1.1647000064840542e-05 0.31930807232856756 -381.46115112304682 0.061860801652073867
decision_type=2 2 2 2 8 2 2 2 10 10 8 10 8 2
left_child=1 4 3 -2 -1 7 11 12 9 10 -6 -4 -3 -14
right_child=2 5 6 -5 8 -7 -8 -9 -10 -11 -12 -13 13 -15
leaf_value=-0.0057088428281471979 -0.0084533204302332243 0.0024015715528030723 -0.019976196154659686 0.011902681342482267 -0.002068124968107475 0.0081185880374889437 0.0014974233999444442 0.0022312185249126395 -0.0031284216741480492 -0.0026235287344836817 0.02362387568229252 0.0015123027126383536 0.0019567191577598451 -0.018231534031087598
leaf_weight=0.14236974739469577 0.35864206010955968 0.064236169113428332 1.090492323895887 0.68665033281286036 0.043086264984594558 0.42245026005548436 0.6731688373183714 0.56186441771569662 0.066978526607272326 0.11115411516220763 0.98809278743647166 0.10886817664140824 0.075744564179330842 0.55054673593986081
leaf_count=415 69 7 4874 485 166 33 207 20 312 17 369 18 5 118
internal_value=-0.00079597 0.00582626 -0.00739877 0.00420019 0.013622 -0.00320577 -0.0130817 -0.00893415 0.0174516 0.0195554 0.0220607 -0.0182249 -0.0139649 -0.0160881
internal_weight=5.94435 3.02652 2.91782 1.04529 1.35168 1.67484 1.87253 1.25239 1.20931 1.14233 1.03118 1.19936 0.690527 0.626291
internal_count=7115 1462 5653 554 1279 183 5099 150 864 552 535 4892 130 123
is_linear=0
shrinkage=0.05


Tree=235
num_leaves=15
num_cat=0
split_feature=69 49 81 21 78 127 38 37 21 34 32 121 114 62
split_gain=0.112658 0.112032 0.135859 0.107714 0.0863197 0.0793894 0.0689304 0.0587686 0.0517542 0.0500906 0.0422531 0.0407164 0.0406153 0.0285606
threshold=21.316130638122562 0.0010788535000756385 0.078461539000272765 0.0012002742732875051 0.35399228334426885 -8.0012965202331525 0.027717911638319496 0.31750674545764929 0.17265942692756656 39.016080856323249 67.684989929199233 1034.632263183594 0.60029882192611705 538.13586425781261
decision_type=2 8 2 8 2 8 10 8 10 10 10 2 2 2
left_child=8 3 4 -2 5 12 10 -6 -1 -4 13 -9 -3 -5
right_child=1 2 9 6 7 -7 -8 11 -10 -11 -12 -13 -14 -15
leaf_value=0.014043411258644582 -0.0040467457803774433 -0.0069531776271011042 0.011457960409752964 0.020832014877105204 -0.0075237974634683475 -0.020104810936953391 -0.0039883849124808966 0.011102738664143503 -0.0036218512143009127 -0.0045081150821161594 -0.0022006392555114739 -0.0032414712587295873 0.0053485842308396737 -0.0013894368403872606
leaf_weight=0.63524180691456411 1.0743921067787592 0.23456639162031934 0.37851265491917718 0.4562298493947311 0.21170466791591014 1.3647827527220227 0.084890774494851939 0.38059736206196249 0.10031825109035708 0.10941213533078553 0.046590389621997019 0.21633751608897001 0.47312283149949508 0.029106997593771666
leaf_count=50 1916 343 39 860 818 2274 131 64 34 145 384 21 22 48
internal_value=-0.000342131 -0.00351541 -0.00805347 0.00515815 -0.011847 -0.0157035 0.0137778 0.00125457 0.0109355 0.00725412 0.0173658 0.00712971 -0.000412861 0.0194611
internal_weight=5.79581 5.06025 3.36904 1.69121 2.88111 2.07247 0.616818 0.80864 0.73556 0.487925 0.531927 0.596935 0.707689 0.485337
internal_count=7149 7065 3726 3339 3542 2639 1423 903 84 184 1292 85 365 908
is_linear=0
shrinkage=0.05


Tree=236
num_leaves=15
num_cat=0
split_feature=126 18 5 127 121 72 33 102 123 32 23 25 73 2
split_gain=0.110316 0.0829364 0.0815642 0.157949 0.131207 0.111223 0.0852271 0.0763694 0.0576667 0.0633076 0.0502164 0.0417928 0.041598 0.0358851
threshold=-1679.0372924804685 5.639000119117555e-05 209.71488952636722 -69.104232788085923 -2074.918090820312 1385.7977294921877 58.203979492187507 16.500000000000004 -214.62625885009763 101.97103118896486 7.5000000000000009 421.46325683593756 83.366256713867202 20.802987098693851
decision_type=2 8 8 10 2 2 8 2 8 10 2 10 2 10
left_child=1 11 3 4 -2 7 13 8 -4 -10 -7 -1 -8 -6
right_child=2 -3 5 -5 6 10 12 -9 9 -11 -12 -13 -14 -15
leaf_value=0.0088340555870293023 -0.0084099593567362567 -0.014593004835417398 -0.00053339141934317447 -0.014042484368577477 0.0047220094416675004 -0.009995268440041831 0.018417144218403601 -0.0043603635919545686 0.021993068918625923 -0.0028017290281966423 0.004914378616876886 -0.004681174313958876 -0.001975242399120601 -0.0083081486588877946
leaf_weight=0.22501418195497502 0.3794050494179827 1.0245073015994421 0.3607341907445516 0.74241403089945412 0.098236262798308993 0.36399927702041157 0.7906666469971243 0.10757728068710992 0.90520556384217321 0.059330544028853183 0.18528991421408136 0.22331132002727827 0.083003678877503262 0.2010674766061129
leaf_count=58 164 984 43 2545 2 540 66 123 480 421 229 1242 243 49
internal_value=-0.00131862 -0.00988677 0.00294641 -0.00304163 0.00565992 0.00857423 0.0119868 0.0137198 0.0164314 0.0198181 -0.0050401 0.00351807 0.0164596 -0.00368872
internal_weight=5.74976 1.47283 4.27693 2.29479 1.55238 1.98214 1.17297 1.43285 1.32527 0.964536 0.549289 0.448326 0.87367 0.299304
internal_count=7189 2284 4905 3069 524 1836 360 1067 944 901 769 1300 309 51
is_linear=0
shrinkage=0.05


Tree=237
num_leaves=15
num_cat=0
split_feature=69 2 79 4 137 31 49 97 5 121 17 137 69 14
split_gain=0.135758 0.136702 0.135697 0.100741 0.0994957 0.0910312 0.0632238 0.0588603 0.0599528 0.0585712 0.0566147 0.0511999 0.0470432 0.0505219
threshold=38.054365158081062 40.162574768066413 0.069180883467197432 528.70733642578136 76.767814636230483 103.9901809692383 7.7607499406440197e-05 0.22505108267068866 1394.7037353515627 -1149.557922363281 1.0000000180025095e-35 95.292655944824233 38.200859069824226 0.00099982047686353348
decision_type=2 8 2 8 2 8 8 10 10 2 8 2 2 10
left_child=1 4 3 10 -1 -4 -3 8 -8 -6 -2 -11 -7 -14
right_child=2 6 5 -5 9 12 7 -9 -10 11 -12 -13 13 -15
leaf_value=-0.011658791724104556 0.0017701938339423748 -0.0023033618253105797 -0.0077583022386752748 0.004363401356166338 -0.005595403188569434 -0.003749898512607193 0.019780655494571378 -0.0032176375285957442 -0.0029608704436237141 0.013828400268196704 -0.021150022097322401 -0.0038330778219219357 0.01559132299994823 -0.0033052455596224192
leaf_weight=0.77020034633278578 0.14337356508258392 0.32780056727642626 0.29846749881107792 0.18765815095503047 0.13300731965136947 0.077549445773911541 1.1428565139794953 0.073117676191032044 0.063344168280309421 0.46269137709168717 1.0241483366153261 0.080893042548268568 0.62496976399415871 0.069826646336878184
leaf_count=709 174 310 697 372 123 5 466 6 203 130 3469 48 433 44
internal_value=-0.00093935 0.00538563 -0.0081494 -0.0151176 -0.00445256 0.003711 0.0125531 0.0157002 0.0177856 0.00581173 -0.0188172 0.0104196 0.0100199 0.0128625
internal_weight=5.4799 3.05391 2.42599 1.35518 1.44679 1.07081 1.60712 1.27932 1.2062 0.676592 1.16752 0.543584 0.772346 0.694796
internal_count=7189 1995 5194 4015 1010 1179 985 675 669 301 3643 178 482 477
is_linear=0
shrinkage=0.05


Tree=238
num_leaves=15
num_cat=0
split_feature=69 18 120 18 11 32 35 128 122 137 124 16 41 129
split_gain=0.115225 0.130958 0.107735 0.100065 0.0946985 0.0943293 0.0870199 0.0775884 0.0712919 0.0651686 0.0450488 0.0410219 0.0370112 0.0300278
threshold=48.250652313232429 9.538800077280031e-05 -143.49999999999997 2.709999989747303e-06 0.22271825373172763 31.017621994018558 158.81378173828128 -801.60604858398426 -581.33480834960926 94.584484100341811 0.089081835001707091 0.079108376055955901 0.057417582720518119 -0.49290780723094935
decision_type=2 10 2 8 8 8 10 8 8 2 10 10 10 8
left_child=1 2 -1 -4 9 10 -6 -5 -9 -2 -3 -8 13 -10
right_child=4 5 3 7 6 -7 11 8 12 -11 -12 -13 -14 -15
leaf_value=-0.0060417528834108662 -0.017601360020870621 0.010266112630756663 -0.0033267218161627762 -0.0036225698332817296 0.011652630705985668 -0.010521224909005806 -0.010574939852041058 -0.0030827757584552203 -0.00086240316619061019 0.0030763631098317699 -0.0035083121055621488 0.0033241339541890988 -0.0014847867389403946 0.023942096191272032
leaf_weight=0.18022542740618597 0.60259535280965759 0.4769735864283573 0.31936931295967985 0.076347066671587527 0.33568545065645605 0.8875489645943162 0.29189481156936381 0.063781051692785695 0.056938444104162045 0.15958205923016067 0.34820638282690197 0.28269574707519496 0.040098356897942611 1.5279371266678934
leaf_count=509 2518 240 1093 11 177 877 733 5 7 305 21 179 11 506
internal_value=0.00172474 0.00601585 0.0120593 0.0150757 -0.00691281 -0.00347491 0.00322801 0.0184043 0.020377 -0.013983 0.00571607 -0.00596845 0.0221215 0.0230621
internal_weight=5.64988 3.97743 2.2647 2.08447 1.67245 1.71273 0.910276 1.7651 1.68875 0.762177 0.82518 0.574591 1.62497 1.58488
internal_count=7192 3280 2142 1633 3912 1138 1089 540 529 2823 261 912 524 513
is_linear=0
shrinkage=0.05


Tree=239
num_leaves=15
num_cat=0
split_feature=79 31 53 8 8 27 31 127 4 122 47 35 122 90
split_gain=0.163387 0.139457 0.134195 0.116581 0.0954488 0.0908852 0.0843053 0.0685565 0.0681098 0.0624155 0.047775 0.0454109 0.044216 0.0376001
threshold=0.0065792321693152198 103.9901809692383 262.97103881835943 38.703720092773445 276.85243225097662 81.431587219238295 481.74382019042974 117.4331398010254 32.696172714233406 -31.902875900268551 0.001743184984661639 50.703720092773445 -122.53968048095702 0.11763977259397508
decision_type=2 8 8 8 10 8 10 10 10 8 8 10 8 10
left_child=2 13 5 8 6 9 12 10 -4 -1 -5 -7 -3 -2
right_child=1 4 3 7 -6 11 -8 -9 -10 -11 -12 -13 -14 -15
leaf_value=0.0045463156314098285 -0.010313267910571019 -0.0016702551701418362 -0.0073845614477954557 0.0019024934255178678 -0.0028057164750202633 0.01334033902131836 -0.0013388514168392613 0.0014620186045448461 0.0083302538074697865 -0.011990301318666534 -0.022882062638117626 -0.0020920375540024942 0.025413615610334974 0.0026414652029147553
leaf_weight=0.28166219883860322 0.29051809676639062 0.037179694132646546 0.29739550339581944 0.054659684552461507 0.35617510675365338 0.62427420078893203 0.29337991684951703 0.24255010142587696 0.50360850547258451 0.39000018198748887 1.1446547737305082 0.33839620960134198 0.58556527141627157 0.42359438134008087
leaf_count=30 736 16 215 30 110 197 248 166 377 246 4178 149 471 17
internal_value=-0.00157362 0.00786121 -0.00702812 -0.0130459 0.0145341 0.00304772 0.0192216 -0.0185313 0.00163506 -0.00648437 -0.0214011 0.00961363 0.0237638 -0.00557086
internal_weight=5.86361 1.98641 3.8772 2.24287 1.2723 1.63433 0.916125 1.44186 0.801004 0.671662 1.19931 0.96267 0.622745 0.714112
internal_count=7186 1598 5588 4966 845 622 735 4374 592 276 4208 346 487 753
is_linear=0
shrinkage=0.05


Tree=240
num_leaves=15
num_cat=0
split_feature=31 63 64 127 65 120 57 122 27 48 36 64 6 49
split_gain=0.111137 0.112233 0.107497 0.0754368 0.0707026 0.10646 0.0781634 0.0664537 0.064045 0.0577555 0.0536435 0.0533106 0.0358498 0.0354295
threshold=80.422901153564467 151.80011749267581 23.684668540954593 34.62660217285157 30.648148536682132 -88.499999999999986 152.50000000000003 -122.53968048095702 38.805555343627937 0.12674840539693835 85.862110137939467 67.684989929199233 20.10711765289307 0.00012796450027963149
decision_type=10 2 2 10 2 2 2 8 10 10 10 2 10 8
left_child=2 4 10 7 12 -6 9 8 -4 11 -1 -7 -2 -9
right_child=1 -3 3 -5 5 6 -8 13 -10 -11 -12 -13 -14 -15
leaf_value=0.010038787096869716 0.0049033847920935082 -0.0073598683885671163 0.008977328051870799 0.0042592235785670791 -0.0038246998391420792 0.022843993030656852 -0.0038919058259115182 -0.00014515354344220115 -0.007347336113662329 -0.0027059346193986982 -0.0054071319467824709 -0.0012790733941848735 -0.0075852090263430474 -0.018993086551962697
leaf_weight=0.52400507703714572 0.1233598403050572 0.5820798603381262 0.21998714466462843 0.2312775818609224 0.41189547758949685 1.2018558331728844 0.084393014340094052 0.2975185894938478 0.20284034313226584 0.056025560712441691 0.1179186141162063 0.14202490181560268 0.357290268621 1.269127076062432
leaf_count=75 17 507 9 183 616 917 1096 673 75 11 32 111 224 2598
internal_value=-0.00098852 0.00503407 -0.00690527 -0.0111549 0.00934997 0.0125546 0.0168098 -0.0137722 0.00148616 0.0191595 0.00563633 0.0208366 -0.00323308 -0.0168648
internal_weight=5.8216 2.95892 2.86267 2.22075 2.37684 1.89619 1.4843 1.98947 0.422827 1.39991 0.641924 1.34388 0.48065 1.56665
internal_count=7144 3499 3645 3538 2992 2751 2135 3355 84 1039 107 1028 241 3271
is_linear=0
shrinkage=0.05


Tree=241
num_leaves=15
num_cat=0
split_feature=61 63 19 79 121 31 122 39 4 116 88 18 70 97
split_gain=0.11733 0.149393 0.140773 0.119209 0.0965001 0.092975 0.0842828 0.0756012 0.0705328 0.0536169 0.049124 0.0395431 0.0356198 0.029698
threshold=71.799072265625014 21.259575843811039 0.018876651301980022 0.095811817795038237 -4464.7336425781241 103.9901809692383 -6.3096354007720938 0.12528026849031451 528.70733642578136 1.9141166210174563 0.0071492244023829707 0.039081793278455741 67.769710540771499 0.00017326850502286109
decision_type=2 2 10 2 2 8 8 8 8 2 10 10 2 8
left_child=1 2 4 8 -1 -5 -6 10 11 13 -3 -2 -8 -7
right_child=3 7 -4 5 6 9 12 -9 -10 -11 -12 -13 -14 -15
leaf_value=-0.0079051736787302315 -0.020272054741664644 -0.002358347240669668 -0.012501147586618714 -0.0082271335536879039 0.016825601933876427 -0.0022064209873555053 -0.0067867034536589384 -0.0022599281272250543 0.0031731635760869807 -0.0040357036113769203 0.020765046847784165 0.0006054550051219908 0.0052903922871327322 0.014147246524263746
leaf_weight=0.18418741975801811 0.88515851850024796 0.049490344765217409 0.95161196599110542 0.37696327164303478 0.59183551327078021 0.044567972247023246 0.42471973873034652 0.3126845199512901 0.15721676271823515 0.14388778829743387 0.66495291253886535 0.19345264574803878 0.13965598209142627 0.68825964091229253
leaf_count=286 1306 439 2708 715 47 3 43 20 365 195 309 275 287 247
internal_value=-0.00142033 0.00428703 -0.00322445 -0.00807759 0.00588894 0.00250019 0.0107335 0.0143707 -0.015127 0.0090387 0.018722 -0.0180377 -0.00232676 0.0124533
internal_weight=5.80864 3.31914 2.29201 2.48951 1.3404 1.25368 1.15621 1.02713 1.23583 0.876715 0.714443 1.07861 0.564376 0.732828
internal_count=7245 4139 3371 3106 663 1160 377 768 1946 445 748 1581 330 250
is_linear=0
shrinkage=0.05


Tree=242
num_leaves=15
num_cat=0
split_feature=126 90 100 48 121 119 67 128 124 73 129 70 5 91
split_gain=0.132184 0.0788418 0.092949 0.0683752 0.0867903 0.0590738 0.0526255 0.0516105 0.0513831 0.0468161 0.0363747 0.0263416 0.0238968 0.022788
threshold=213.83769226074222 1.0000000180025095e-35 0.89644843339920055 7.0674348535249023e-05 -4464.7336425781241 0.080658152699470534 38.71052551269532 -35.894737243652337 0.50506445765495311 207.4160079956055 0.60777598619461071 85.862110137939467 1235.9444580078127 0.022553041577339176
decision_type=2 8 10 8 2 2 2 8 10 2 10 2 10 8
left_child=1 -1 5 7 9 -3 12 -2 10 -5 -7 -9 -6 -11
right_child=3 2 -4 4 6 8 -8 11 -10 13 -12 -13 -14 -15
leaf_value=0.0052085946040962561 0.0070311276847680642 0.0022748779645716459 0.0045195401667066197 -0.0089422921248389613 0.019249607490432901 -0.01874877831802596 -0.0016940089546890824 0.0019713221434306829 0.0016296222719759182 -0.0031226324361978779 0.0019483193351272667 -0.0096802140800928624 -0.00068097120437583282 0.0079335640816566976
leaf_weight=0.36171096247198908 0.056978841730597196 0.26051851922602587 0.37294428852146655 0.25198258018281183 0.74827848596760282 1.7333770035875202 0.22451812435429019 0.27703958400525175 0.2098109324579126 0.081430789905425627 0.039298606337979325 0.68067257544498716 0.091862044959270861 0.23627181474876124
leaf_count=373 147 252 59 153 145 2927 725 6 13 69 3 2215 138 31
internal_value=-0.00171044 -0.00781511 -0.0105583 0.00541274 0.00989671 -0.0136859 0.0149351 -0.00313699 -0.0158428 -0.0030353 -0.0177527 -0.00702443 0.0178846 0.00488056
internal_weight=5.6267 2.97766 2.61595 2.64903 1.63434 2.24301 1.06466 1.01469 1.98249 0.569685 1.77268 0.957712 0.840141 0.317703
internal_count=7256 3627 3254 3629 1261 3195 1008 2368 2943 253 2930 2221 283 100
is_linear=0
shrinkage=0.05


Tree=243
num_leaves=15
num_cat=0
split_feature=79 66 115 78 62 124 19 22 4 18 62 84 123 122
split_gain=0.118644 0.159893 0.142542 0.134738 0.0896882 0.0753244 0.0843914 0.0551702 0.0491708 0.0485319 0.0389893 0.03605 0.0352186 0.031183
threshold=0.0065792321693152198 19.731782913208011 0.47847430408000952 0.49364584684371954 470.59729003906256 0.50506445765495311 0.19620516151189807 5.9447998864925473e-05 521.47454833984386 5.329899977368769e-05 81.541492462158217 0.015789911150932315 -1.0000000180025095e-35 -122.53968048095702
decision_type=2 2 2 2 2 10 10 8 8 10 2 2 10 8
left_child=1 12 4 5 10 6 7 -3 -9 -8 -2 13 -1 -12
right_child=2 3 -4 -5 -6 -7 9 8 -10 -11 11 -13 -14 -15
leaf_value=0.012365690294931394 -0.0018852085676094163 0.0023127189342739547 -0.0072478417555494612 0.007143171978468069 -0.0023282714160707532 0.0032685587617198378 0.0060831853351270108 -0.023391549601581307 0.0014158420023069711 -0.0067786360712881301 -0.001270298360426903 -0.0015285801692812911 -0.0026419097142742912 0.023673812984169984
leaf_weight=0.34612312319222838 0.038782680690928606 0.061967618945346747 0.53916329657113227 0.29487062853877422 0.41235695405703154 0.2474123214415157 0.31620681214917545 1.5536627668006979 0.097919547755737413 0.72570195009393501 0.030228759816964157 0.04063801106531173 0.13524610584136132 0.53963710130847176
leaf_count=23 44 50 885 25 254 33 290 3973 138 1020 11 55 22 360
internal_value=-0.00239723 -0.0067882 0.00659311 -0.0107238 0.0137284 -0.0138245 -0.0158209 -0.0205353 -0.0219415 -0.00180771 0.0191546 0.0208318 0.0092121 0.0223843
internal_weight=5.37992 3.77911 1.60081 3.29774 1.06164 3.00287 2.75546 1.71355 1.65158 1.04191 0.649287 0.610504 0.481369 0.569866
internal_count=7183 5574 1609 5529 724 5504 5471 4161 4111 1310 470 426 45 371
is_linear=0
shrinkage=0.05


Tree=244
num_leaves=15
num_cat=0
split_feature=125 39 34 27 31 17 55 118 124 60 71 100 129 40
split_gain=0.116746 0.114294 0.131516 0.0734015 0.080625 0.0722227 0.0730828 0.0600639 0.0412963 0.0365509 0.0329908 0.0299603 0.0271672 0.0271371
threshold=-1.4999999999999998 0.0041515410412102946 28.865631103515629 1560.4968261718752 90.913070678710952 0.17145191133022311 117.37064361572267 0.32776074111461645 0.099906716495752348 74.289352416992202 36.358932495117195 0.974348545074463 0.60777598619461071 0.15587044507265094
decision_type=2 8 10 10 8 10 8 2 10 2 2 8 10 10
left_child=5 2 8 4 11 6 -1 -4 -2 -6 -8 -3 -12 -11
right_child=1 3 7 -5 9 -7 10 -9 -10 13 12 -13 -14 -15
leaf_value=0.0034946336604432041 0.011633984102252042 -0.0064339826078456779 -0.014573600912521238 -0.0021382240252787485 0.0010129901460065197 0.0058361939903919116 0.0017344751848345212 0.0039813130342436949 -0.0037223421029980264 0.023893225682797708 -0.016637311555344234 0.0045406652357417943 0.0016285693177329403 -0.00073157335496156601
leaf_weight=0.36631595710969089 0.48220323312125424 0.153807781643991 0.77299265674810158 0.49002340512924991 0.32831525412620977 0.24533180180878833 0.1054220078221989 0.10853618927467323 0.077300184559135232 0.70793474355741637 1.0723657470716714 0.36442070011980832 0.041241577397158724 0.057670987443998456
leaf_count=92 78 188 2915 737 20 45 133 252 6 282 2386 5 7 8
internal_value=0.00156126 0.00633343 -0.0033558 0.0119161 0.0153711 -0.00664956 -0.0100918 -0.0113873 0.00848594 0.0197619 -0.0139095 -0.00080897 -0.0155104 0.0226745
internal_weight=5.37388 3.54321 1.44103 2.10217 1.61215 1.83068 1.58535 0.881529 0.559503 1.09392 1.21903 0.518228 1.11361 0.765606
internal_count=7154 4491 3251 1240 503 2663 2618 3167 84 310 2526 193 2393 290
is_linear=0
shrinkage=0.05


Tree=245
num_leaves=15
num_cat=0
split_feature=115 48 121 35 17 129 41 32 102 118 122 8 134 4
split_gain=0.115803 0.127025 0.104448 0.0881233 0.0654812 0.054003 0.0518826 0.0515821 0.0508221 0.0496823 0.0295005 0.0289808 0.044681 0.023769
threshold=0.49911345541477209 5.3452798965736299e-05 -41272.869140624993 21.367526054382328 0.077373079955577864 0.54387021064758312 0.11805555596947671 30.832298278808597 14.500000000000002 0.041154177859425552 104.12683105468751 32.696172714233406 0.99585920572280895 39.342868804931648
decision_type=2 8 2 10 10 10 10 10 2 2 10 10 2 10
left_child=1 7 -3 5 10 11 8 9 13 -1 -5 12 -2 -4
right_child=3 2 6 4 -6 -7 -8 -9 -10 -11 -12 -13 -14 -15
leaf_value=0.010337495624250742 -0.0076101298690941233 -0.005200947663354126 0.020547747486362247 -0.018389197999714987 0.00046162614395886059 -0.0061831019288809104 -0.0023762550881391538 -0.0095009447788639394 -0.0025355403462679425 -0.005143414110360984 0.00090603293518297942 0.011116789729881303 0.0062841547345281693 -0.0010157343945677315
leaf_weight=0.14536829917233296 0.20787427457980834 0.21828484332763753 1.2719309915701158 0.65840614313128731 0.75117077473987592 0.18882493139244616 0.10984836295028788 0.66381746672777808 0.053084020022652001 0.13418666120742273 0.12251157251193945 0.49178075470263138 0.13641733676195145 0.039013839141261886
leaf_count=207 36 62 368 2276 116 12 37 3330 61 362 190 42 4 135
internal_value=0.000435048 0.0066518 0.0126233 -0.0060413 -0.0113232 0.00354711 0.0162984 -0.00504339 0.0181713 0.00469433 -0.0165531 0.00791535 -0.00152546 0.0197442
internal_weight=5.19252 2.63553 1.69216 2.55699 1.53209 1.0249 1.47388 0.943372 1.36403 0.279555 0.780918 0.836072 0.344292 1.31094
internal_count=7238 4562 663 2676 2582 94 601 3899 564 569 2466 82 40 503
is_linear=0
shrinkage=0.05


Tree=246
num_leaves=15
num_cat=0
split_feature=125 64 49 39 120 11 127 65 34 46 4 69 40 129
split_gain=0.149092 0.102414 0.0654315 0.0722641 0.0676053 0.0637939 0.0940559 0.0716579 0.0696609 0.0553815 0.0464352 0.0456082 0.0418467 0.0399459
threshold=3.5000000000000004 18.550028800964359 6.4725998527137576e-05 0.16307815164327624 -264.49999999999994 0.49875621497631079 -8.0012965202331525 528.70733642578136 57.520128250122077 0.00022673299827147278 13.826340198516847 48.250652313232429 0.13714733719825747 -0.082250718027353273
decision_type=2 2 10 10 2 8 8 2 8 10 10 2 8 8
left_child=1 10 -2 4 -4 6 8 -8 -3 -5 -1 12 13 -6
right_child=2 5 3 9 11 -7 7 -9 -10 -11 -12 -13 -14 -15
leaf_value=-0.0044281520801264197 -0.0057457747162516642 -0.0072737262630617715 -0.0041928961042392758 -0.0085996686778284787 0.00027351950631416476 0.002526605595454123 -0.020391389441398563 0.0030302582389774495 0.0085498509017281517 0.0054653230528214393 0.011140019933659099 -0.0019497707167623524 -0.0020172040787157053 0.021003244736189808
leaf_weight=0.095330991563969625 0.19970650578761739 0.40932370882001123 0.090027501730219783 0.33220177868861345 0.29082380103682226 0.47258130897171202 1.2535043866737403 0.10850387563368702 0.38084646798779431 0.51774527375891921 0.28710110223255469 0.13916502257052354 0.071089411780121847 1.1279741466005351
leaf_count=42 1301 199 85 206 50 699 2555 304 182 208 35 465 8 829
internal_value=-0.000263993 -0.00694485 0.00690963 0.00922767 0.0132748 -0.0102951 -0.0130189 -0.0180326 0.000868631 -0.00170898 0.0068633 0.0154678 0.0172244 0.0186239
internal_weight=5.77593 3.00719 2.76873 2.56903 1.71908 2.62476 2.15218 1.36201 0.79017 0.849947 0.382432 1.62905 1.48989 1.4188
internal_count=7168 4016 3152 1851 1437 3939 3240 2859 381 414 77 1352 887 879
is_linear=0
shrinkage=0.05


Tree=247
num_leaves=15
num_cat=0
split_feature=69 127 2 11 60 20 20 121 118 126 35 122 137 101
split_gain=0.110602 0.136023 0.11854 0.0984566 0.0943282 0.0918846 0.0802504 0.0701529 0.0668043 0.064974 0.0629746 0.0612216 0.0467478 0.0468931
threshold=48.250652313232429 -125.86561203002928 38.177085876464851 0.24291939288377765 1344.1394042968752 9.2067501100245877e-05 0.040772495791316039 -1533.5912475585935 0.041895315051078803 -86056.015624999985 30.665631294250492 -1.0470939874649046 94.584484100341811 0.00035426550311967736
decision_type=2 10 10 8 2 10 10 2 2 2 8 10 2 8
left_child=1 5 -3 12 6 7 9 -1 -5 -4 -7 -9 13 -2
right_child=3 2 4 8 -6 10 -8 11 -10 -11 -12 -13 -14 -15
leaf_value=-0.0063177846920037476 0.0025634811259479429 -0.0040102940193838142 -0.001638956060708574 0.0094944013583426173 -0.0040563341798873559 0.0040575014886649842 -0.0022973002914480497 0.013317534659801886 -0.0064875817538205737 0.027087267745256077 -0.014241684526454993 -0.0043324257265043246 0.0023220958647111782 -0.01834390710643587
leaf_weight=0.21620895409068897 0.057216428060200664 0.34812103552758333 0.098362168786479742 0.61005097731685975 0.088272540917387121 0.15727306633198157 0.13374384603230283 0.78959466060769035 0.22199462351272814 0.85404611305784761 0.60707366399219609 0.13632010288711216 0.14922687244325061 0.62604729610029608
leaf_count=88 14 568 163 393 1404 20 10 254 703 506 248 43 300 2522
internal_value=0.00195935 0.0065545 0.0142695 -0.0064141 0.0190404 -0.00239658 0.0219621 0.0052407 0.00401665 0.0248006 -0.0103108 0.00981869 -0.0133421 -0.0161103
internal_weight=5.09355 3.42902 1.52255 1.66454 1.17442 1.90647 1.08615 1.14212 0.832046 0.952408 0.764347 0.925915 0.832491 0.683264
internal_count=7236 3304 2651 3932 2083 653 679 385 1096 669 268 297 2836 2536
is_linear=0
shrinkage=0.05


Tree=248
num_leaves=15
num_cat=0
split_feature=137 110 8 46 119 40 127 121 80 10 137 39 121 7
split_gain=0.130533 0.0757318 0.0842963 0.0736205 0.0677913 0.0662533 0.0630673 0.0580236 0.0540465 0.0528829 0.055985 0.0407452 0.0344126 0.0270613
threshold=76.767814636230483 461.02275085449224 36.083438873291023 0.16695995628833774 0.12699422240257266 0.01675959583371878 -125.86561203002928 -26974.250976562496 0.1329317316412926 0.07924640923738481 95.292655944824233 0.0064000163692981013 -84132.402343749985 257.30628204345709
decision_type=2 2 8 10 2 10 8 2 2 8 2 10 2 10
left_child=1 2 -1 6 9 -3 -4 -8 -7 10 12 -12 -2 -9
right_child=4 5 3 -5 -6 8 7 13 -10 -11 11 -13 -14 -15
leaf_value=-0.0090006041144183799 -0.001627580789564753 -0.015158585660627021 -0.0044093672141290756 -0.0062867105600609118 -0.0032964866548500851 0.0065904464610370894 -0.0034215280315985546 0.017404614012518537 -0.0072937718007567223 -0.0025384188974529112 -0.0073905985339379745 0.0062721123079933442 0.019553929239010396 -0.00079242574415530143
leaf_weight=0.22363611913169745 0.052300804985861427 0.83795482601090021 0.11712804324633908 0.13922636354982398 0.41776780367399613 0.60884158750923234 0.10086455332930189 0.9914974129424079 0.24887814977228118 0.1959754286617682 0.18087001835920102 0.046622201189165935 0.95171591124199006 0.13393128383904696
leaf_count=78 75 4241 15 308 835 291 15 240 136 74 257 37 554 7
internal_value=0.00113756 -0.0044235 0.00254769 0.00721336 0.00934141 -0.00978117 0.0106981 0.0134735 0.000804186 0.0128744 0.0153655 -0.00176197 0.018189 0.0158851
internal_weight=5.24721 3.40196 1.70628 1.48265 1.84525 1.69567 1.34342 1.22629 0.85772 1.42748 1.23151 0.227492 1.00402 1.12543
internal_count=7163 5331 663 585 1832 4668 277 262 427 997 923 294 629 247
is_linear=0
shrinkage=0.05


Tree=249
num_leaves=15
num_cat=0
split_feature=69 79 65 78 32 94 124 76 106 84 65 33 92 122
split_gain=0.160663 0.118076 0.13265 0.11851 0.0998204 0.0782987 0.0714335 0.0744998 0.0670825 0.0816215 0.0638457 0.0494753 0.0447736 0.0421604
threshold=21.316130638122562 0.0065792321693152198 30.648148536682132 0.49364584684371954 38.377182006835945 0.00014491855108644816 0.50506445765495311 0.28801843523979193 169.03421020507815 0.00042222623596899217 528.70733642578136 11.19142532348633 6.2911498389439671e-05 -122.53968048095702
decision_type=2 2 2 2 10 8 10 2 2 2 2 8 10 8
left_child=11 3 -3 5 8 12 7 10 -4 13 -7 -1 -2 -10
right_child=1 2 4 -5 -6 6 -8 -9 9 -11 -12 -13 -14 -15
leaf_value=-0.0031497889186905196 -0.0062593213222875456 -0.0090875043288591705 -0.0013262271254991036 0.0068894499921829128 -0.0058396818501035329 -0.023315504435438075 0.0023686923468364939 0.0015888232685103882 -0.0016746336486489926 -0.0029770593094243119 0.0019400622919716879 0.01607690951432186 0.0066579779807657948 0.024396673310024611
leaf_weight=0.065797692746855208 0.26235162754528651 0.38644057736019011 0.35360745340585686 0.31405604433530232 0.17705875294268469 1.3584922919417293 0.23460502867965249 0.26045888562475727 0.037027457321528345 0.12216998865187634 0.11780277923207894 0.58124748850241303 0.44979273836361244 0.59049200664958335
leaf_count=19 1693 216 3 28 707 2616 19 850 12 134 353 67 42 509
internal_value=-0.000406838 -0.00434864 0.00467122 -0.00927802 0.010988 -0.0125268 -0.0161185 -0.0185688 0.015181 0.019275 -0.0213306 0.0133964 0.00102282 0.0227746
internal_weight=5.3114 4.66436 1.6668 2.99756 1.28036 2.6835 1.97136 1.73675 1.1033 0.749689 1.4763 0.647045 0.712144 0.627519
internal_count=7268 7182 1581 5601 1365 5573 3838 3819 658 655 2969 86 1735 521
is_linear=0
shrinkage=0.05


Tree=250
num_leaves=15
num_cat=0
split_feature=137 76 49 119 49 41 122 119 41 7 21 32 84 127
split_gain=0.188127 0.0976742 0.0927317 0.0839863 0.0765119 0.0622738 0.071015 0.0620219 0.0612454 0.0503851 0.0479581 0.0476644 0.0312052 0.0266684
threshold=76.767814636230483 0.26794873178005224 0.0010788535000756385 0.12136521190404893 0.00019034500292036685 0.025158228352665905 91.50528717041017 0.071829076856374754 0.07275132462382318 69.743312835693374 0.00062023950158618401 268.08662414550787 0.33195592463016516 -206.86073303222653
decision_type=2 2 8 2 10 10 10 2 10 10 8 10 2 8
left_child=1 2 4 8 -1 6 7 -4 10 -3 -2 12 -12 -6
right_child=3 9 5 -5 13 -7 -8 -9 -10 -11 11 -13 -14 -15
leaf_value=-0.0068265401740499115 -0.0020478501297554394 0.010083227794808341 0.0017227135683909143 -0.0030959769094387546 -0.0023827784816911769 0.003186916988882107 0.0028179915488471623 -0.020939492896390507 -0.0034799478601014837 -0.0043061208124351314 0.021850920189352693 -0.002264335812122448 -0.00142828610916282 0.012079358127360464
leaf_weight=0.37706975747823968 0.099323456488491169 0.49791484090565052 0.18195772436047253 0.47437573792194587 0.048447174165630713 0.14636792927194608 0.17519074557640113 1.3484080290600102 0.072928663503262103 0.29805701190343825 1.0127824774153849 0.047146073196927429 0.029010897502303012 0.36964668851942406
leaf_count=1764 162 88 69 890 12 61 136 2063 31 661 566 163 3 542
internal_value=0.000578982 -0.00585484 -0.00974137 0.010817 0.00258785 -0.0140864 -0.0161987 -0.018629 0.015105 0.00529754 0.0173147 0.0192157 0.0208206 0.00990501
internal_weight=5.17863 3.44306 2.64709 1.73557 0.795164 1.85192 1.70556 1.53037 1.26119 0.795972 1.18826 1.08894 1.04179 0.418094
internal_count=7211 5396 4647 1815 2318 2329 2268 2132 925 749 894 732 569 554
is_linear=0
shrinkage=0.05


Tree=251
num_leaves=15
num_cat=0
split_feature=49 76 97 35 122 20 127 125 36 121 59 48 61 37
split_gain=0.119835 0.137947 0.133589 0.108629 0.0571325 0.0551535 0.0550685 0.0505557 0.0810067 0.0549459 0.0447884 0.0348416 0.0333608 0.0330009
threshold=0.0010788535000756385 0.098105512559413924 2.5768250452529177e-05 50.703720092773445 -5.5325932502746573 0.00024257334735011685 41.939849853515632 -48.499999999999993 56.075359344482429 -45757.988281249993 8669.0512695312518 0.00071489260881207894 17.16912937164307 0.0016766841290518644
decision_type=8 2 10 10 10 10 10 2 8 2 2 8 2 10
left_child=1 2 -1 4 7 -5 11 -2 12 -10 13 -6 -9 -4
right_child=3 -3 10 5 6 -7 -8 8 9 -11 -12 -13 -14 -15
leaf_value=-0.0057816145326139469 -0.0043603296705578554 -0.0058828571047704137 -0.001364641703655513 0.0012466735014906643 0.001667735851526588 -0.015981688077819241 0.0056788162604745479 0.0044442658383076943 -0.0028164996086807326 0.01787403889456923 -0.0019480910455250773 -0.012316766900594966 -0.0080452808402581462 0.023897036863967727
leaf_weight=0.14856928115295864 0.19193723637181381 0.50230996829486685 0.028046153744071489 0.43277109999689833 0.33463573511471645 0.93603879951115232 0.19763655091446708 0.10942292795516562 0.098310598128591553 0.66555604731183871 0.040530059981392696 0.47998899104095472 0.24508920036714699 0.70527295673309709
leaf_count=1795 47 262 325 308 24 2948 39 6 22 77 446 301 86 552
internal_value=-1.97939e-05 0.00900825 0.0159593 -0.00468169 0.00216439 -0.0123079 -0.00457282 0.00709559 0.0101919 0.0151241 0.0210396 -0.00881883 -0.00375524 0.022701
internal_weight=5.11612 1.42473 0.922418 3.69139 2.32258 1.36881 1.01226 1.31032 1.11838 0.763867 0.773849 0.814625 0.354512 0.733319
internal_count=7238 3380 3118 3858 602 3256 364 238 191 99 1323 325 92 877
is_linear=0
shrinkage=0.05


Tree=252
num_leaves=15
num_cat=0
split_feature=134 50 97 120 124 18 78 4 24 11 137 38 21 120
split_gain=0.132263 0.0883713 0.0874627 0.0868854 0.0837701 0.0650707 0.0635694 0.058668 0.0508064 0.0488618 0.0544371 0.0485519 0.0534737 0.0326697
threshold=0.96897748112678539 0.048439189791679389 0.090899635106325163 -91.499999999999986 0.50506445765495311 2.9205000373622174e-06 0.49364584684371954 14.713973999023439 14.289473533630373 0.35650737583637243 94.584484100341811 0.27598567306995397 0.00060582702280953537 78.500000000000014
decision_type=2 8 8 2 10 8 2 10 10 10 2 10 8 2
left_child=1 8 3 -2 9 -5 7 -4 -1 10 11 12 -3 -14
right_child=2 4 6 5 -6 -7 -8 -9 -10 -11 -12 -13 13 -15
leaf_value=0.0089049593836944413 -0.0036407590959480502 -0.00035999790036375358 0.0042855334416606857 -0.003508971477161628 0.004892943991613859 0.018210615418976752 0.0060115210398529574 -0.014172782977127447 -0.0046957736810264898 0.00083953433018608102 0.002457244135776479 0.0017557508414716761 -0.023865676443469749 0.0011950152967953737
leaf_weight=0.47372528592859486 0.36958955253066972 0.33907037642347915 0.090609113685786613 0.075373928133558254 0.19282482092967246 0.962602134093686 0.19724589672114234 0.38582809850049671 0.43297538266506308 0.36999504310369946 0.11426671407207312 0.11844636389560026 1.1011605000894631 0.040589133699541091
leaf_count=338 379 166 4 546 13 987 23 105 2661 273 104 313 1216 37
internal_value=-0.00193012 -0.00748288 0.00623463 0.0112065 -0.0115054 0.0156855 -0.00464241 -0.0101374 0.00335372 -0.0141177 -0.0164665 -0.0182438 -0.0199064 -0.0228328
internal_weight=5.2643 3.18305 2.08125 1.40757 2.27635 1.03798 0.673683 0.476437 0.906701 2.08353 1.71353 1.59927 1.48082 1.14175
internal_count=7165 5121 2044 1912 2122 1533 132 109 2999 2109 1836 1732 1419 1253
is_linear=0
shrinkage=0.05


Tree=253
num_leaves=15
num_cat=0
split_feature=79 64 78 2 12 36 31 124 128 44 122 38 27 53
split_gain=0.0688584 0.125584 0.117255 0.10566 0.0631584 0.0617398 0.092661 0.0379314 0.0400357 0.0375332 0.0300925 0.0269253 0.0237395 0.020782
threshold=0.0065792321693152198 20.582816123962406 0.49364584684371954 151.14937591552737 0.17156863212585452 217.048210144043 481.74382019042974 0.50506445765495311 -168.76655578613278 0.09360275045037271 -122.53968048095702 0.24330111593008044 525.26052856445324 61106.378906250007
decision_type=2 2 2 10 8 10 10 10 8 10 8 8 8 10
left_child=1 9 4 5 7 -2 10 8 -3 -1 -7 -5 -6 -12
right_child=3 2 -4 11 12 6 -8 -9 -10 -11 13 -13 -14 -15
leaf_value=0.010604238997729493 -0.0027441661334013695 0.00049699669973681264 0.0062053680835966775 -0.010256307758039781 -0.0042533366963071117 -0.0014532925785832717 -0.0027910070357180122 0.00081879396415022684 -0.019765067238051531 -0.00309277657662967 0.021679458507864596 0.0026743213536223123 0.005965282991869345 -0.00093760313921398329
leaf_weight=0.42751663375020177 0.40163269060030848 0.21629720233795524 0.30094698884204252 0.4063137343910056 0.13327192451470171 0.032316819211700931 0.35959762139464146 0.20307323235101638 1.5507327511122646 0.22031642106594518 0.50636891619797098 0.090936173670343123 0.2140047570464958 0.023099601614376297
leaf_count=52 30 210 29 830 88 16 238 29 5091 32 292 20 53 164
internal_value=-0.00261517 -0.00632131 -0.0105937 0.00391832 -0.0139882 0.00971013 0.0137417 -0.0164391 -0.0180016 0.00689606 0.0193354 -0.0076848 0.00179747 0.0207248
internal_weight=5.08643 3.26616 2.61833 1.82027 2.31738 1.32302 0.921383 1.9701 1.76703 0.647833 0.561785 0.49725 0.347277 0.529469
internal_count=7174 5584 5500 1590 5471 740 710 5330 5301 84 472 850 141 456
is_linear=0
shrinkage=0.05


Tree=254
num_leaves=15
num_cat=0
split_feature=31 31 33 122 64 84 27 114 66 32 57 127 18 75
split_gain=0.100599 0.158455 0.146135 0.123388 0.0906989 0.0770666 0.070122 0.0682885 0.051979 0.0515518 0.0468069 0.0363693 0.0356039 0.0309975
threshold=481.74382019042974 80.422901153564467 99.687007904052749 -79.634696960449205 528.70733642578136 1.0000000180025095e-35 81.431587219238295 0.56481292843818676 19.731782913208011 30.665631294250492 152.50000000000003 -176.55372619628903 0.48063945770263677 0.86607143282890331
decision_type=8 10 10 8 2 2 8 2 2 10 2 8 10 2
left_child=1 2 6 -2 12 7 8 9 -1 -3 11 -11 -5 -4
right_child=3 5 13 4 -6 -7 -8 -9 -10 10 -12 -13 -14 -15
leaf_value=0.004937677142753432 0.0068531905739911319 -0.0016230234003107677 -0.017824253325912167 -0.020213485351962435 0.004667105193265522 -0.0039827269933585159 0.01129245357124696 -0.00046700657431547127 -0.010169002668634306 -0.0015709772507657427 -0.0021219084662211177 0.022916431916042587 0.0017770826832055921 0.0017766929985257168
leaf_weight=0.22204709134530298 0.26624604680182529 0.15099702784209545 0.5453935767754956 0.77467103894559819 0.10078447544947267 0.29597456358897023 0.48704384644588572 0.59022388572702755 0.28815137410310854 0.032076950315968134 0.044313893627986545 0.96431295979164111 0.03657883161213249 0.039286125851504039
leaf_count=22 81 70 3017 613 10 891 356 48 245 28 872 947 6 5
internal_value=-0.000476384 0.00374129 -0.006186 -0.00928021 -0.015111 0.0108533 0.00487033 0.0138634 -0.00467829 0.0179357 0.0201782 0.0217361 -0.0187882 -0.0162172
internal_weight=4.8381 3.65982 1.58192 1.17828 0.912034 2.0779 0.997242 1.78192 0.510198 1.1917 1.0407 0.99639 0.81125 0.58468
internal_count=7211 6501 3645 710 629 2856 623 1965 267 1917 1847 975 619 3022
is_linear=0
shrinkage=0.05


Tree=255
num_leaves=15
num_cat=0
split_feature=3 61 78 66 78 79 115 55 47 65 96 69 122 37
split_gain=0.143585 0.143534 0.0884141 0.0849143 0.0760744 0.0618826 0.0935435 0.0658688 0.0576908 0.0565542 0.0471137 0.0329472 0.0288296 0.0285401
threshold=21.391165733337406 71.799072265625014 0.49364584684371954 19.731782913208011 0.17823529988527301 0.095811817795038237 0.47847430408000952 665.09390258789074 0.088725578039884581 528.70733642578136 0.00020384500385262075 28.155234336853031 -62.786842346191399 0.2149859964847565
decision_type=8 2 2 2 2 2 2 10 10 2 8 2 8 10
left_child=2 4 3 -1 8 7 13 -3 -2 10 -5 -9 -12 -7
right_child=1 5 -4 9 -6 6 -8 11 -10 -11 12 -13 -14 -15
leaf_value=0.0043504379033387011 -0.0022419553811296902 0.003743236063295817 0.0056160890846373469 0.0016952319672759427 -0.0021696089547266493 -0.0023707342304917934 -0.007475125346699054 0.0022411398381187663 0.02136245479212916 0.0028489481117846762 -0.00091072771886583953 -0.015330161449634698 -0.020907049965812281 0.012726059346054547
leaf_weight=0.22650051853270303 0.099385531098960422 0.30925153787393334 0.26633431455229573 0.13952214885830438 0.32641038591100369 0.049717941314156633 0.31791353506559972 0.046263220719993114 0.66037449750001542 0.11385650661395619 0.29944418480772583 0.60378320760810311 1.1771969701840133 0.58995805477024987
leaf_count=27 617 44 547 398 12 222 238 4 349 338 88 952 3154 158
internal_value=-0.00136032 0.00516611 -0.00904461 -0.0122649 0.0144413 -0.00323868 0.00403237 -0.00885041 0.0187553 -0.0152369 -0.017113 -0.0134793 -0.0188571 0.0108224
internal_weight=5.22591 3.00306 2.22285 1.95652 1.08617 1.91689 0.95759 0.959298 0.75976 1.73002 1.61616 0.650046 1.47664 0.639676
internal_count=7148 2596 4552 4005 978 1618 618 1000 966 3978 3640 956 3242 380
is_linear=0
shrinkage=0.05


Tree=256
num_leaves=15
num_cat=0
split_feature=134 40 80 21 96 113 127 110 18 34 31 120 31 90
split_gain=0.0927949 0.0886958 0.0852042 0.062063 0.0861246 0.0693009 0.0523814 0.0518444 0.0443141 0.0352573 0.0294213 0.0310089 0.0281803 0.0257052
threshold=0.92711213231086742 0.01675959583371878 0.13714733719825747 0.020374134182929996 0.001185699016787112 77.707798004150405 inf 364.57250976562506 2.9205000373622174e-06 28.865631103515629 481.74382019042974 -60.499999999999993 558.07388305664074 1.0000000180025095e-35
decision_type=2 8 2 10 8 2 8 2 8 10 10 2 10 8
left_child=1 6 10 4 -2 -6 13 -5 -7 -8 11 -3 -10 -1
right_child=3 2 -4 7 5 8 9 -9 12 -11 -12 -13 -14 -15
leaf_value=0.0012780095721802735 -0.0052851175537328944 -0.0021389072375014168 -0.0075973986531714501 0.0044379504019108297 -0.0017318750585699292 -0.0022869375274393268 0.0065255984293922792 -0.0090621106577949591 0.020559062287657911 -0.0053741851972657802 -0.0014876153126620864 0.014454662089198021 -0.0012732100549726762 -0.016818417843224978
leaf_weight=0.070541646386118595 0.21782739333139045 0.06505043506695074 0.30542969309317414 0.58550179412850401 0.38833685289137065 0.04784491936879931 0.25248447337071411 0.38700173421239015 0.82859107513650088 0.25288152245957463 0.25486315297530382 0.45847310065801117 0.039713665051749558 0.8157847453476279
leaf_count=258 833 33 134 135 18 375 26 822 590 421 41 144 139 3160
internal_value=-0.000202834 -0.00595924 0.00336837 0.00557981 0.0099247 0.0136558 -0.0115945 -0.00280496 0.0176782 0.000956574 0.00952377 0.0123422 0.0194135 -0.0154642
internal_weight=4.97033 2.47551 1.08382 2.49482 1.52231 1.30449 1.39169 0.972504 0.91615 0.505366 0.778387 0.523524 0.868305 0.886326
internal_count=7129 4217 352 2912 1955 1122 3865 957 1104 447 218 177 729 3418
is_linear=0
shrinkage=0.05


Tree=257
num_leaves=15
num_cat=0
split_feature=134 126 21 124 119 21 11 122 53 32 120 62 31 41
split_gain=0.121738 0.08461 0.0736524 0.0891004 0.095698 0.0541279 0.050353 0.0615396 0.045328 0.0404434 0.0320027 0.0318448 0.0287565 0.0285705
threshold=0.92711213231086742 213.83769226074222 0.00089587349793873738 0.16750355809926989 0.13705638796091082 0.043591868132352836 0.99509802460670482 -122.53968048095702 482.59098815917974 257.30628204345709 -106.49999999999999 257.18170166015631 558.07388305664074 0.016809141263365749
decision_type=2 2 8 10 2 10 8 8 8 10 2 2 10 10
left_child=1 6 -2 4 5 9 7 -1 10 12 -3 -7 -4 -10
right_child=2 8 3 -5 -6 11 -8 -9 13 -11 -12 -13 -14 -15
leaf_value=0.0023166608483898574 -0.0054695143670735911 -0.003222807117673877 0.023478815459110691 -0.003079606668499556 -0.0046750868329508083 0.0057152415266724767 0.0032376581379083974 -0.017259921896130431 -0.0081646285112975253 -0.001777449989396832 0.010468392405593413 -0.0056195897119813492 -0.0011271577975609237 0.0030766582652692817
leaf_weight=0.23638545554422308 0.30837390648048346 0.06799959752970608 0.90874754518517897 0.61364579600558489 0.16866140046113276 0.3757821925864846 0.12223915554568532 0.94745581712504645 0.31198282109107833 0.036694633290608181 0.55953507153390059 0.14167028498195577 0.032369849064707523 0.29262307571116253
leaf_count=75 714 18 641 50 908 273 208 1885 1656 165 310 26 105 102
internal_value=0.000767552 -0.00592565 0.00715763 0.0100144 0.0141867 0.0173352 -0.0117581 -0.0140801 0.00275474 0.0211389 0.00791619 0.00095371 0.0224878 -0.00419723
internal_weight=5.12417 2.53822 2.58595 2.27757 1.66393 1.49526 1.30608 1.18384 1.23214 0.977812 0.627535 0.517452 0.941117 0.604606
internal_count=7136 4254 2882 2168 2118 1210 2168 1960 2086 911 328 299 746 1758
is_linear=0
shrinkage=0.05


Tree=258
num_leaves=15
num_cat=0
split_feature=32 11 52 19 77 30 34 41 124 137 20 32 131 78
split_gain=0.138407 0.0825669 0.0728639 0.101889 0.0727842 0.0525104 0.051215 0.0323548 0.033054 0.0334136 0.0324184 0.0309725 0.0303361 0.0266558
threshold=35.370967864990241 0.14023724198341372 1.2330316901206972 0.093292586505413069 0.026599037460982803 56.216087341308601 100.58281707763673 0.050423728302121169 0.57089710235595714 36.712121963500984 9.6117000794038193e-06 30.665631294250492 0.94282186031341564 0.49364584684371954
decision_type=10 8 8 8 2 8 10 10 10 2 8 10 2 2
left_child=2 13 12 5 7 -4 -3 8 9 -5 -11 -6 -1 -2
right_child=1 6 3 4 11 -7 -8 -9 -10 10 -12 -13 -14 -15
leaf_value=-0.0090744350857743863 -0.016840680760077123 0.0082397120751024951 0.0051299202154312003 0.00052739416671802603 -0.0075292824894724626 -0.010433606411778271 -0.0062890467463920068 -0.0018596903863889768 -0.0016905957403552893 -0.0016073084724440847 0.020206317150867122 0.0041866783521199409 0.0032106080051030684 0.0016439036063423608
leaf_weight=0.32903536120284149 0.70027309562192352 0.39963321965478837 0.14302788830536917 0.32953849288605885 0.17443127507431189 0.33007651794287085 0.14345710515408427 0.065017398228519485 0.070613647403661051 0.033178355432027851 1.3497192102113331 0.208881822109106 0.17443666216422571 0.033757288911147043
leaf_count=111 3432 141 113 83 62 1639 717 41 7 141 587 63 14 5
internal_value=9.34193e-06 -0.00992176 0.0053813 0.00835038 0.012053 -0.00544011 0.00281339 0.0150029 0.016065 0.0171505 0.0192281 -0.0027336 -0.00551363 -0.0155328
internal_weight=4.48508 1.27712 3.20796 2.70448 2.23138 0.473104 0.54309 1.84807 1.78305 1.71244 1.3829 0.383313 0.503472 0.73403
internal_count=7156 4295 2861 2736 984 1752 858 859 818 811 728 125 125 3437
is_linear=0
shrinkage=0.05


Tree=259
num_leaves=15
num_cat=0
split_feature=122 30 121 6 8 116 23 20 127 4 114 79 11 59
split_gain=0.0985226 0.155111 0.103388 0.105328 0.0922329 0.0967355 0.0784109 0.0693614 0.0535259 0.0453284 0.0430053 0.0275392 0.0271923 0.0250479
threshold=-2.6852539777755733 238.9302673339844 -45757.988281249993 38.548343658447273 59.743314743041999 1.469204366207123 7.5000000000000009 0.020862359553575519 -206.86073303222653 528.70733642578136 0.18419454246759417 0.0078442231751978415 0.99509802460670482 8506.0527343750018
decision_type=8 8 2 10 8 2 2 10 8 10 2 2 10 2
left_child=2 4 -1 7 -2 -6 8 10 -3 12 -4 -8 -10 -12
right_child=1 6 3 -5 5 -7 11 -9 9 -11 13 -13 -14 -15
leaf_value=-0.0063327517389145721 -0.0074940444221911042 0.002618562387643002 -0.0019647765124785588 -0.0050855135491281005 0.014949033568965073 -0.0052084400841817353 -0.0037880697094836361 -0.0025000195534758524 -0.021251328627700194 0.0018399910914273674 0.022695584101289863 0.007800359731730282 0.00081245032674418655 -0.00095363269208278859
leaf_weight=0.25470787249923876 0.2213262655241125 0.099451663305444526 0.039766130645148001 0.19481794087914739 1.0400082595424462 0.26336002383050083 0.13195257018378459 0.16043732102843933 0.85169216418307747 0.091771746503582108 0.90430662237849901 0.134833140327828 0.073699811167898588 0.035939300385507522
leaf_count=404 154 66 51 436 496 1244 852 40 2328 345 357 86 108 294
internal_value=0.00163733 -0.00364966 0.00898287 0.0133651 0.00584758 0.0103831 -0.0121786 0.0174204 -0.01587 -0.0180797 0.0202971 0.00360297 -0.0199848 0.021766
internal_weight=4.49807 2.9081 1.58998 1.33527 1.52469 1.30337 1.3834 1.14045 1.11662 1.01716 0.980012 0.266786 0.925392 0.940246
internal_count=7261 5679 1582 1178 1894 1740 3785 742 2847 2781 702 938 2436 651
is_linear=0
shrinkage=0.05


Tree=260
num_leaves=15
num_cat=0
split_feature=62 39 65 131 67 124 122 127 49 25 125 93 8 137
split_gain=0.125424 0.0787222 0.0970944 0.0778165 0.0876314 0.0664063 0.0595378 0.0683779 0.0564598 0.0709311 0.0461978 0.0324084 0.0273614 0.0268836
threshold=80.575149536132827 0.0041515410412102946 30.648148536682132 0.94282186031341564 36.83270454406739 -0.056510850787162774 -50.79968070983886 96.363636016845717 0.23231720924377444 899.73876953125011 -110.49999999999999 3.1122999644139788e-05 38.703720092773445 36.028966903686531
decision_type=2 8 2 2 2 10 8 10 10 10 2 10 10 2
left_child=3 5 -3 6 -5 11 12 13 9 10 -4 -2 -1 -8
right_child=1 2 8 4 -6 -7 7 -9 -10 -11 -12 -13 -14 -15
leaf_value=0.0065506395719177012 -0.0036866085664578768 -0.0040822186490546072 -0.0016745039433487944 0.010815821761349285 -0.0079364715710977009 -0.010531940222656772 -0.0004455377718033218 0.003454631575680614 -0.0020972479521038962 -0.00054835323940267478 0.024416632532696457 0.0090909134033166951 -0.0042924562577841881 -0.01965783731505949
leaf_weight=0.20436066116963048 0.12281817896109726 0.41961745317530574 0.053997922957933042 0.42905468580011064 0.18466694824928709 0.38454720091795047 0.25374202949751656 0.12007584583625419 0.18958146346267313 0.36041271944304754 0.57394187545833097 0.28293506866612006 0.19878647662335425 0.89470026937124203
leaf_count=24 405 236 36 164 750 2115 118 72 27 587 336 55 86 2209
internal_value=-0.0008048 0.00607202 0.0106367 -0.00765113 0.00375178 -0.00394253 -0.0116748 -0.014959 0.0153469 0.0180649 0.0225226 0.00535205 0.00195531 -0.0175961
internal_weight=4.67324 2.38785 1.59755 2.28539 0.613722 0.7903 1.67167 1.26852 1.17793 0.988353 0.62794 0.405753 0.403147 1.14844
internal_count=7220 3797 1222 3423 914 2575 2509 2399 986 959 372 460 110 2327
is_linear=0
shrinkage=0.05


Tree=261
num_leaves=15
num_cat=0
split_feature=7 11 34 18 34 49 117 80 34 32 50 120 111 128
split_gain=0.101827 0.086836 0.0821569 0.0723235 0.0690094 0.0588711 0.0712697 0.0470029 0.0462297 0.0439907 0.0432269 0.0397763 0.0281738 0.0233885
threshold=37.743314743041999 0.12407253682613374 28.865631103515629 0.00010416949953651057 100.58281707763673 9.2091748228995143e-05 41.250000000000007 0.2264957278966904 20.582816123962406 30.066038131713871 0.44233000278472906 -79.499999999999986 40.230171203613288 717.13366699218761
decision_type=10 10 8 10 10 8 2 2 8 8 10 2 2 10
left_child=3 2 -2 5 9 -1 11 12 -5 -3 -11 -7 -4 -14
right_child=1 4 7 8 -6 6 -8 -9 -10 10 -12 -13 13 -15
leaf_value=-0.0039090526079321652 0.004536706962725779 -0.0041033397813690494 0.00056999040414353259 0.0057621566535792966 -0.007403909669091044 -0.0017182459585770905 -0.0027444956947215199 0.0013728953528177519 -0.007334138045181033 0.0134546532219538 -0.00247476107522898 0.019823498023925187 -0.019319437332060929 0.0012499636925748776
leaf_weight=0.084715689088625479 0.27355014672502886 0.090668181757791677 0.15335769230659912 0.23762616951717053 0.18037751255906176 0.073029134215175873 0.21915255823478219 0.26532371056418935 0.59784825895985705 0.82705746107967548 0.20236087244120426 0.88822550033728476 0.85018576150105218 0.024205682579122367
leaf_count=338 36 37 26 28 898 25 69 137 685 251 36 132 4388 96
internal_value=0.000923964 -0.0046288 -0.0102438 0.00755141 0.00364799 0.012362 0.0147869 -0.0139855 -0.00249932 0.00808056 0.0106468 0.0181453 -0.0166721 -0.0183869
internal_weight=4.96768 2.86709 1.56662 2.1006 1.30046 1.26512 1.18041 1.29307 0.835474 1.12009 1.02942 0.961255 1.02775 0.874391
internal_count=7182 5905 4683 1277 1222 564 226 4647 713 324 287 157 4510 4484
is_linear=0
shrinkage=0.05


Tree=262
num_leaves=15
num_cat=0
split_feature=61 121 81 122 3 63 27 48 128 21 76 115 93 34
split_gain=0.0770713 0.154106 0.0868157 0.0808438 0.0874797 0.0749241 0.0633561 0.0560708 0.0460839 0.0401659 0.0320637 0.0288382 0.0266955 0.0252117
threshold=65.130119323730483 -2074.918090820312 0.072077922523021712 -6.3096354007720938 15.954650878906252 23.740802764892582 530.60540771484386 0.12674840539693835 -30.014245033264157 0.17265942692756656 0.33192090690135961 0.32168674468994146 1.5025000266177815e-06 39.016080856323249
decision_type=2 2 2 8 8 2 10 8 8 10 2 2 8 10
left_child=1 5 6 9 8 10 7 -2 -5 12 -1 -4 -3 -13
right_child=2 3 11 4 -6 -7 -8 -9 -10 -11 -12 13 -14 -15
leaf_value=-0.015278147706787702 0.0066984782844020782 -0.0013236296174654477 -0.0037317910346474741 0.0041143892933793828 0.0097249792150193391 0.0053791902353557434 -0.016480638165386561 -0.0073742812440816324 -0.010625158104961042 -0.0021140956083573405 0.002190523933521336 0.01077352322161588 0.02050817343199525 -0.0022713798215911719
leaf_weight=0.55026904345049876 0.50109666166827105 0.027173277219844749 0.07912701999885019 0.15384247803558537 0.3546749699053181 0.14872752384872001 0.75706383390206611 0.33947330751470872 0.65045584498966458 0.04285314679145813 0.046021771966479719 0.32903914578491822 0.60214516125415685 0.10777536036948732
leaf_count=1420 281 139 16 57 519 197 2389 386 1498 11 4 43 119 150
internal_value=-0.00114973 0.00404436 -0.00674625 0.0104827 0.000178413 -0.00871892 -0.0110794 9.63889e-05 -0.00708807 0.0175178 -0.0134023 0.00512894 0.0193317 0.00821418
internal_weight=4.68974 2.57616 2.11358 1.83114 1.15897 0.745018 1.59763 0.84057 0.804298 0.672172 0.596291 0.515942 0.629318 0.436815
internal_count=7229 3964 3265 2343 2074 1621 3056 667 1555 269 1424 209 258 193
is_linear=0
shrinkage=0.05


Tree=263
num_leaves=15
num_cat=0
split_feature=134 125 46 121 137 122 23 130 123 55 120 49 73 40
split_gain=0.129023 0.0807751 0.0678363 0.079327 0.0649919 0.0490566 0.0429788 0.0409812 0.0365058 0.0357572 0.0348638 0.0217191 0.0198681 0.0181465
threshold=0.92711213231086742 3.5000000000000004 3.974399987782818e-05 -2314.5812988281245 95.292655944824233 -122.53968048095702 7.5000000000000009 0.55648330226540577 -2.2075092792510982 1428.334411621094 81.500000000000014 0.20789377391338351 221.28826141357425 0.018650005571544174
decision_type=2 2 8 2 2 8 2 2 10 8 2 8 2 10
left_child=1 5 6 11 7 -1 -2 -5 9 -3 -7 -4 -8 -11
right_child=2 8 3 4 -6 10 12 -9 -10 13 -12 -13 -14 -15
leaf_value=0.0022339769433500096 -0.0086354565326786561 0.0092472138594357021 0.0031205709991053809 0.019772496756754378 -0.0033568284604676029 -0.016888339037849216 -0.0029347216634474237 -0.0013866632787513987 -0.005193996840057568 -0.0065266487346442416 0.0019475371486189531 -0.0060533689749248552 0.0075766966066357138 0.0031125689403672008
leaf_weight=0.21117270307877334 0.37261688130274739 0.66174204133494641 0.4328681259175936 0.91803904821426818 0.1010221309679763 0.94439636491006262 0.063156046091535245 0.11873356474279717 0.2739096544237325 0.14876437660677766 0.06342556608524319 0.26326823376803077 0.18303811538862647 0.077404868286976125
leaf_count=89 1425 160 113 349 141 2098 461 210 1022 523 281 39 195 74
internal_value=6.28679e-06 -0.00693771 0.00680381 0.0104101 0.0152855 -0.0126457 -0.00371243 0.0178582 0.00213048 0.00594435 -0.0153234 -0.00187229 0.00468904 -0.0033797
internal_weight=4.83356 2.38082 2.45274 1.83393 1.13779 1.21899 0.618811 1.03677 1.16182 0.887911 1.00782 0.696136 0.246194 0.226169
internal_count=7180 4247 2933 852 700 2468 2081 559 1779 757 2379 152 656 597
is_linear=0
shrinkage=0.05


Tree=264
num_leaves=15
num_cat=0
split_feature=121 122 79 9 128 35 128 76 129 46 20 38 115 127
split_gain=0.0922997 0.125872 0.11599 0.0959643 0.0602332 0.0477465 0.0433169 0.0423458 0.0355175 0.0329438 0.0326307 0.0319303 0.0227272 0.0200123
threshold=-2314.5812988281245 -3.5950726270675655 0.010256679728627207 0.54990041255950939 -19.956397056579586 174.66563415527347 -283.39140319824213 0.31441985070705419 0.023644524626433853 6.7380500695435344e-05 3.2465499316458597e-05 0.13363095372915271 0.47847430408000952 -381.46115112304682
decision_type=2 8 2 10 10 10 10 2 10 10 8 10 2 8
left_child=2 4 7 5 11 10 9 -1 -8 13 -3 -2 -4 -5
right_child=1 3 12 6 -6 -7 8 -9 -10 -11 -12 -13 -14 -15
leaf_value=-0.017259501048687783 0.019619807995486488 -0.0025352764640163392 0.0088990259903403823 0.00086443808235126245 -0.0022359913357019811 -0.003253422457509589 -0.0045808392945570807 0.0020799429609924128 0.0068545220299665423 0.0018492933921899234 0.013139570710145014 -0.0010810396185795266 -0.0018009329439991903 -0.01595396518659439
leaf_weight=0.65796800075895567 0.58228530414271518 0.067043169961835569 0.1806428117397445 0.088440525069017895 0.2246173982439359 0.3667054768447997 0.52229033174717132 0.10518519724337239 0.2375221375223191 0.12513007627239858 0.55099441544371075 0.097992621647790656 0.38148074299533619 0.58002722914534421
leaf_count=1766 208 280 198 8 594 1060 1443 171 186 46 654 41 105 419
internal_value=0.000237744 0.00442708 -0.00786933 -0.00210539 0.0142364 0.00666468 -0.00809774 -0.0149261 0.000857623 -0.0123696 0.0109232 0.0177692 0.00513315 -0.0145444
internal_weight=4.76833 3.44305 1.32528 2.53815 0.904895 0.984743 1.55341 0.763153 0.759812 0.793598 0.618038 0.680278 0.562124 0.668468
internal_count=7179 4939 2240 4096 843 1994 2102 1937 1629 473 934 249 303 427
is_linear=0
shrinkage=0.05


Tree=265
num_leaves=15
num_cat=0
split_feature=137 119 76 49 32 76 32 11 7 124 18 120 119 84
split_gain=0.147314 0.0820227 0.0719535 0.0812812 0.0591489 0.0519887 0.048406 0.0466583 0.0407377 0.0380779 0.0349852 0.0309964 0.0393422 0.0299273
threshold=76.767814636230483 0.12136521190404893 0.26794873178005224 0.0010788535000756385 32.797708511352546 0.077171217650175108 268.08662414550787 0.99509802460670482 69.743312835693374 0.38315427303314215 3.5115000400764988e-06 36.500000000000007 0.068694751709699645 0.01518997084349394
decision_type=2 2 2 8 10 2 10 8 10 10 8 2 2 2
left_child=2 5 3 4 -1 6 10 9 -4 11 -2 12 -5 -12
right_child=1 -3 8 7 -6 -7 -8 -9 -10 -11 13 -13 -14 -15
leaf_value=0.0083388823388048181 -0.0017388394684288806 -0.0035889000283518646 0.0099376783532793729 0.0015973379330506889 -0.0059970255332123783 -0.0021176191512681012 -0.0025565225389703591 0.0026816496820301901 -0.0035486189261414803 0.0013619339516423505 0.021344424998899499 0.00091752269263596718 -0.019420566805711185 -0.0013964685379132397
leaf_weight=0.54386326722851741 0.036018568694998754 0.42573087271648535 0.30388533983023069 0.088465636737964259 0.40704348594408657 0.18618380444058857 0.053612416400937946 0.13450898755218088 0.30154051790668746 0.17981150015839387 0.85097761173346953 0.13878088813726197 1.1582236305648619 0.03007976333174156
leaf_count=639 243 914 95 52 1610 66 175 314 668 19 416 274 1673 46
internal_value=0.000726106 0.0100464 -0.00510002 -0.00823 0.00227382 0.0144017 0.017037 -0.0127718 0.00519421 -0.0146275 0.0189185 -0.0164037 -0.017882 0.0202384
internal_weight=4.83873 1.5826 3.25612 2.6507 0.950907 1.15687 0.970688 1.69979 0.605426 1.56528 0.917076 1.38547 1.24669 0.881057
internal_count=7204 1860 5344 4581 2249 946 880 2332 763 2018 705 1999 1725 462
is_linear=0
shrinkage=0.05


Tree=266
num_leaves=15
num_cat=0
split_feature=31 63 122 35 39 127 131 70 17 19 128 20 48 71
split_gain=0.0992201 0.0898141 0.0813059 0.0807028 0.07718 0.0668117 0.0520444 0.0513046 0.0495509 0.0436746 0.0434184 0.0405549 0.0279717 0.0270743
threshold=80.422901153564467 151.80011749267581 -34.626602172851555 30.665631294250492 0.0041515410412102946 -1.7053025658242402e-13 0.94282186031341564 216.71488952636722 0.13361760228872302 0.093292586505413069 -283.39140319824213 9.2067501100245877e-05 1.8430000068292431e-06 279.19631958007818
decision_type=10 2 10 10 10 10 2 2 8 8 8 8 8 2
left_child=2 4 3 5 11 -1 -4 -6 12 -9 -11 -2 -5 -12
right_child=1 -3 6 8 7 -7 -8 9 -10 10 13 -13 -14 -15
leaf_value=0.013958972336734611 0.0051252854361609384 -0.0071535922553282076 -0.017033878323884821 0.0022687408179333686 -0.001330368895337172 -0.0044780683521425035 0.0020925083354314264 1.0109108889039776e-05 0.0031659746036383912 -0.0016257930853222095 0.022592940244248072 -0.0074666061730328586 -0.013138346386896777 -0.0010701045706529651
leaf_weight=0.39719878375763074 0.22720834877691309 0.42722568977296749 0.75978833113094868 0.047143335948931053 0.35299793715239491 0.17623935178562555 0.19673257613703754 0.35266191095251964 0.4382694794840063 0.081978645408526063 0.59660012522726913 0.47616943683897262 0.4420464276754501 0.036577439866960049
leaf_count=34 308 495 2295 7 25 25 826 510 39 13 357 1784 394 11
internal_value=-0.00146073 0.00463907 -0.00730388 0.000887399 0.00854143 0.00904782 -0.0140412 0.012978 -0.00623457 0.0160639 0.0193589 -0.00277812 -0.0111271 0.0214077
internal_weight=5.00884 2.55142 2.45742 1.5009 2.12419 0.573438 0.956521 1.42082 0.927459 1.06782 0.715156 0.703378 0.48919 0.633178
internal_count=7123 3503 3620 499 3008 59 3121 916 440 891 381 2092 401 368
is_linear=0
shrinkage=0.05


end of trees

feature_importances:
Column_122=137
Column_137=117
Column_121=98
Column_69=96
Column_32=90
Column_127=90
Column_46=89
Column_31=84
Column_34=84
Column_11=79
Column_134=76
Column_120=75
Column_79=72
Column_48=70
Column_4=67
Column_49=66
Column_18=64
Column_35=61
Column_116=60
Column_126=59
Column_124=51
Column_40=50
Column_8=48
Column_95=48
Column_3=47
Column_27=46
Column_37=45
Column_5=43
Column_125=43
Column_17=42
Column_65=41
Column_68=41
Column_73=41
Column_63=39
Column_129=37
Column_39=36
Column_78=34
Column_66=33
Column_21=32
Column_64=32
Column_1=31
Column_81=30
Column_119=30
Column_128=30
Column_97=29
Column_2=28
Column_76=28
Column_102=28
Column_6=26
Column_7=26
Column_55=26
Column_72=26
Column_123=26
Column_19=25
Column_106=25
Column_20=24
Column_29=24
Column_33=24
Column_41=24
Column_75=24
Column_90=24
Column_93=23
Column_113=23
Column_10=22
Column_54=22
Column_62=22
Column_70=22
Column_12=21
Column_101=21
Column_67=20
Column_9=19
Column_36=18
Column_45=18
Column_47=18
Column_111=18
Column_30=17
Column_61=17
Column_71=17
Column_80=16
Column_131=15
Column_53=14
Column_59=14
Column_60=14
Column_110=14
Column_115=14
Column_23=12
Column_58=12
Column_96=12
Column_114=12
Column_118=12
Column_130=12
Column_16=10
Column_25=10
Column_38=10
Column_84=10
Column_94=10
Column_100=10
Column_82=9
Column_91=9
Column_44=8
Column_51=8
Column_52=8
Column_117=8
Column_22=7
Column_92=7
Column_133=7
Column_77=6
Column_74=5
Column_99=5
Column_104=5
Column_132=5
Column_0=4
Column_50=4
Column_57=4
Column_98=4
Column_107=4
Column_24=3
Column_26=3
Column_28=3
Column_86=3
Column_89=3
Column_108=3
Column_42=2
Column_56=2
Column_103=2
Column_14=1
Column_88=1
Column_105=1
Column_112=1
Column_136=1

parameters:
[boosting: gbdt]
[objective: cross_entropy]
[metric: cross_entropy]
[tree_learner: serial]
[device_type: cpu]
[data_sample_strategy: bagging]
[data: ]
[valid: ]
[num_iterations: 267]
[learning_rate: 0.05]
[num_leaves: 15]
[num_threads: 4]
[seed: 26006]
[deterministic: 1]
[force_col_wise: 0]
[force_row_wise: 1]
[histogram_pool_size: -1]
[max_depth: -1]
[min_data_in_leaf: 10]
[min_sum_hessian_in_leaf: 0.001]
[bagging_fraction: 0.8]
[pos_bagging_fraction: 1]
[neg_bagging_fraction: 1]
[bagging_freq: 1]
[bagging_seed: 19736]
[bagging_by_query: 0]
[feature_fraction: 0.8]
[feature_fraction_bynode: 1]
[feature_fraction_seed: 22478]
[extra_trees: 0]
[extra_seed: 25246]
[early_stopping_round: 0]
[early_stopping_min_delta: 0]
[first_metric_only: 0]
[max_delta_step: 0]
[lambda_l1: 0]
[lambda_l2: 1]
[linear_lambda: 0]
[min_gain_to_split: 0]
[drop_rate: 0.1]
[max_drop: 50]
[skip_drop: 0.5]
[xgboost_dart_mode: 0]
[uniform_drop: 0]
[drop_seed: 12177]
[top_rate: 0.2]
[other_rate: 0.1]
[min_data_per_group: 100]
[max_cat_threshold: 32]
[cat_l2: 10]
[cat_smooth: 10]
[max_cat_to_onehot: 4]
[top_k: 20]
[monotone_constraints: ]
[monotone_constraints_method: basic]
[monotone_penalty: 0]
[feature_contri: ]
[forcedsplits_filename: ]
[refit_decay_rate: 0.9]
[cegb_tradeoff: 1]
[cegb_penalty_split: 0]
[cegb_penalty_feature_lazy: ]
[cegb_penalty_feature_coupled: ]
[path_smooth: 0]
[interaction_constraints: ]
[verbosity: -1]
[saved_feature_importance_type: 0]
[use_quantized_grad: 0]
[num_grad_quant_bins: 4]
[quant_train_renew_leaf: 0]
[stochastic_rounding: 1]
[linear_tree: 0]
[max_bin: 255]
[max_bin_by_feature: ]
[min_data_in_bin: 3]
[bin_construct_sample_cnt: 200000]
[data_random_seed: 19427]
[is_enable_sparse: 1]
[enable_bundle: 1]
[use_missing: 1]
[zero_as_missing: 0]
[feature_pre_filter: 1]
[pre_partition: 0]
[two_round: 0]
[header: 0]
[label_column: ]
[weight_column: ]
[group_column: ]
[ignore_column: ]
[categorical_feature: ]
[forcedbins_filename: ]
[precise_float_parser: 0]
[parser_config_file: ]
[objective_seed: 10829]
[num_class: 1]
[is_unbalance: 0]
[scale_pos_weight: 1]
[sigmoid: 1]
[boost_from_average: 1]
[reg_sqrt: 0]
[alpha: 0.9]
[fair_c: 1]
[poisson_max_delta_step: 0.7]
[tweedie_variance_power: 1.5]
[lambdarank_truncation_level: 30]
[lambdarank_norm: 1]
[label_gain: ]
[lambdarank_position_bias_regularization: 0]
[eval_at: ]
[multi_error_top_k: 1]
[auc_mu_weights: ]
[num_machines: 1]
[local_listen_port: 12400]
[time_out: 120]
[machine_list_filename: ]
[machines: ]
[gpu_platform_id: -1]
[gpu_device_id: -1]
[gpu_device_id_list: ]
[gpu_use_dp: 0]
[num_gpu: 1]

end of parameters

pandas_categorical:null
