tree
version=v4
num_class=1
num_tree_per_iteration=1
label_index=0
max_feature_idx=137
objective=cross_entropy
feature_names=Column_0 Column_1 Column_2 Column_3 Column_4 Column_5 Column_6 Column_7 Column_8 Column_9 Column_10 Column_11 Column_12 Column_13 Column_14 Column_15 Column_16 Column_17 Column_18 Column_19 Column_20 Column_21 Column_22 Column_23 Column_24 Column_25 Column_26 Column_27 Column_28 Column_29 Column_30 Column_31 Column_32 Column_33 Column_34 Column_35 Column_36 Column_37 Column_38 Column_39 Column_40 Column_41 Column_42 Column_43 Column_44 Column_45 Column_46 Column_47 Column_48 Column_49 Column_50 Column_51 Column_52 Column_53 Column_54 Column_55 Column_56 Column_57 Column_58 Column_59 Column_60 Column_61 Column_62 Column_63 Column_64 Column_65 Column_66 Column_67 Column_68 Column_69 Column_70 Column_71 Column_72 Column_73 Column_74 Column_75 Column_76 Column_77 Column_78 Column_79 Column_80 Column_81 Column_82 Column_83 Column_84 Column_85 Column_86 Column_87 Column_88 Column_89 Column_90 Column_91 Column_92 Column_93 Column_94 Column_95 Column_96 Column_97 Column_98 Column_99 Column_100 Column_101 Column_102 Column_103 Column_104 Column_105 Column_106 Column_107 Column_108 Column_109 Column_110 Column_111 Column_112 Column_113 Column_114 Column_115 Column_116 Column_117 Column_118 Column_119 Column_120 Column_121 Column_122 Column_123 Column_124 Column_125 Column_126 Column_127 Column_128 Column_129 Column_130 Column_131 Column_132 Column_133 Column_134 Column_135 Column_136 Column_137
feature_infos=[0:79973] [0:107387464] [6.9524784088134766:1434.8333740234375] [0:696] [-1.203703761100769:1434.8333740234375] [6.9524784088134766:1443.69189453125] [6.9524784088134766:1443.69189453125] [6.9524784088134766:1443.69189453125] [6.9524784088134766:1443.69189453125] [0:1] [0:1] [0:1] [0:1] [0:1] [0:1] [0:1] [2.193200089095626e-05:1.9037708044052124] [0:0.99571478366851807] [0:1.9037708044052124] [2.193200089095626e-05:1.9915750026702881] [1.362500029244984e-06:1.9037708044052124] [1.8729999737843173e-06:1.9037708044052124] [2.0840000161115313e-06:1.9037708044052124] [0:27] [1:79973] [6.9524784088134766:107387464] [0:1.9999972581863403] [6.9524784088134766:107387464] [0:74896] [0:106034368] [6.9524784088134766:1442.8333740234375] [0:696] [-13.565573692321777:1442.8333740234375] [6.9524784088134766:1443.69189453125] [2.3641510009765625:1443.69189453125] [6.9524784088134766:1443.69189453125] [6.9524784088134766:1443.69189453125] [0:1] [0:1] [0:1] [0:1] [0:1] [0:1] [0:1] [2.2110000372776994e-06:1.9917522668838501] [0:0.93804830312728882] [0:1.9917522668838501] [2.3439999949914636e-06:1.9917522668838501] [1.6999990748445271e-08:1.9917522668838501] [1.623000002837216e-06:1.9917522668838501] [2.3439999949914636e-06:1.9917522668838501] [0:24] [1:74896] [6.9524784088134766:106034368] [0:1.9999806880950928] [6.9524784088134766:106034368] [1:79973] [0:25306] [6.9524784088134766:107387464] [0:14382488] [6.9524784088134766:1442.8333740234375] [6.9524784088134766:1430.1473388671875] [0:696] [0:696] [2.4344263076782227:1442.8333740234375] [-13.565573692321777:1430.1473388671875] [6.9524784088134766:1443.69189453125] [2.3641510009765625:1430.1473388671875] [6.9524784088134766:1443.69189453125] [6.9524784088134766:1430.1473388671875] [6.9524784088134766:1443.69189453125] [6.9524784088134766:1430.1473388671875] [6.9524784088134766:1443.69189453125] [6.9524784088134766:1442.8333740234375] [0:1] [0:1] [0:1] [0:1] [0:1] [0:1] [0:1] [0:1] [0:1] [0:1] [0:1] [0:1] [0:1] [0:1] [1.6063799193943851e-05:1.9917522668838501] [2.2110000372776994e-06:1.9037708044052124] [0:0.99571478366851807] [0:0.83213174343109131] [9.999965300266922e-10:1.9917522668838501] [0:1.9037708044052124] [1.4629999895987567e-06:1.9917522668838501] [1.6999990748445271e-08:1.9037708044052124] [1.9540000266715651e-06:1.9917522668838501] [1.623000002837216e-06:1.9037708044052124] [2.1193000065977685e-05:1.9917522668838501] [2.0840000161115313e-06:1.9037708044052124] [2.5266999728046358e-05:1.9917522668838501] [2.3439999949914636e-06:1.9915750026702881] [1:27] [0:21] [1:79973] [1:25306] [6.9524784088134766:107387464] [6.9524784088134766:7191244] [0:1.9999972581863403] [0:1.9998902082443237] [6.9524784088134766:107387464] [6.9524784088134766:14252031] [1:99122] [13.904956817626953:107755440] [0:1] [0:1] [0:1.9999974966049194] [0.5:100] [0.004999999888241291:0.81610339879989624] [0.0007995598716661334:0.62212282419204712] [-87137:87016] [-94248824:98197832] [-1392:1384] [-1392:1384] [-0.79955452680587769:0.80254775285720825] [-87016:92121] [-98197832:103789264] [-1384:1392] [-1384:1392] [-0.80254775285720825:0.79955452680587769] [0:1] [0:1] [0:1] [0:1] [0:1] [4:6] [0:1] [35.5:97.5]
tree_sizes=1688 1726 1732 1717 1723 1724 1731 1726 1726 1729 1735 1729 1738 1741 1737 1739 1723 1734 1728 1727 1745 1744 1728 1730 1740 1739 1754 1748 1737 1741 1747 1737 1743 1733 1725 1735 1740 1748 1773 1752 1738 1753 1743 1759 1763 1744 1750 1748 1751 1758 1752 1746 1751 1754 1730 1746 1750 1739 1748 1752 1752

Tree=0
num_leaves=15
num_cat=0
split_feature=115 45 66 18 5 11 8 85 125 9 4 32 137 37
split_gain=1876.91 697.532 250.312 193.378 173.476 137.762 111.974 72.9422 67.9459 55.8502 104.199 64.9904 50.2803 55.0624
threshold=0.66720956563949596 0.0027435702504590158 50.806491851806648 2.0501000108197335e-05 537.74844360351574 0.0030654382426291709 1411.8029785156252 0.0001166382535302546 -6.4999999999999991 0.99378281831741344 24.805038452148441 1429.262634277344 35.676322937011726 0.003571340581402183
decision_type=2 10 2 10 10 10 10 2 2 10 10 8 2 10
left_child=2 -2 4 7 8 6 -6 -3 -1 -4 -11 12 13 -12
right_child=1 3 9 -5 5 -7 -8 -9 -10 10 11 -13 -14 -15
leaf_value=-2.1787398352979626 -2.3237799731559625 -1.8352014698131578 -2.3816348475043045 -2.2648771554766172 -2.0482549447610885 -2.3505359095936358 -2.3392205927354364 -2.2640643061483474 -2.3681726210980445 -2.1209964998723545 -2.3703962028894772 -2.0774831281010595 -2.3619071138296284 -2.0873061642683179
leaf_weight=4.6064976006746283 13.657861307263373 26.265117898583419 317.52507145702839 3.5558928847312918 15.759070739150053 7.6774960011243811 4.0407873690128318 1.373867705464362 29.497747793793678 4.0407873690128318 2.828551158308982 1.131420463323592 143.04387286305428 2.5861039161682129
leaf_count=57 169 325 3929 44 195 95 50 17 365 50 35 14 1770 32
internal_value=-2.3309 -2.02392 -2.35727 -1.8969 -2.2632 -2.17209 -2.10523 -1.85348 -2.33901 -2.36968 -2.3448 -2.3522 -2.35596 -2.21845
internal_weight=577.59 44.8527 532.737 31.1949 61.5816 27.4774 19.7999 27.639 34.1042 471.156 153.631 149.59 148.459 5.41466
internal_count=7147 555 6592 386 762 340 245 342 422 5830 1901 1851 1837 67
is_linear=0
shrinkage=1


Tree=1
num_leaves=15
num_cat=0
split_feature=15 33 63 115 4 129 32 38 0 68 115 129 74 81
split_gain=1492.57 483.844 231.187 128.032 67.7965 110.107 69.7015 65.1091 61.4954 42.4492 133.064 31.0123 28.2565 76.1644
threshold=0.046186989173293121 100.55838775634767 34.066370010375984 0.51044771075248729 21.931548118591312 -0.55527138710021962 1429.262634277344 1.0000000180025095e-35 5170.5000000000009 73.474536895751967 0.38506905734539038 0.26853741705417639 0.99177855253219616 0.00026777404127642518
decision_type=10 10 2 2 8 10 10 8 2 2 2 8 2 2
left_child=4 -2 -3 -4 5 7 9 -1 11 10 -6 -5 -11 -14
right_child=1 2 3 8 6 -7 -8 -9 -10 12 -12 -13 13 -15
leaf_value=0.0077173881210659025 0.34931568599690338 -0.044419441346335936 0.037014995998663133 0.1964897717663926 0.28333898793380774 -0.024943820781341525 0.22809217112607835 0.29935639457053176 -0.034273629782303798 -0.051560653483773845 -0.022711836220991832 0.3650325351019918 -0.030057619105027297 0.20390828451870899
leaf_weight=3.0539580956101444 30.691968254745007 18.048750802874565 12.037949010729788 14.451178409159185 3.1447304338216808 17.06156162917614 1.4837392419576634 4.3815787732601166 1.6531005203723896 288.02641043812037 24.04752354323864 6.5259822532534626 155.66485411673784 2.5693170204758635
leaf_count=36 261 218 139 144 34 209 15 49 20 3705 300 64 1973 32
internal_value=-0.000206402 0.194283 0.0992007 0.17312 -0.0330109 0.0467415 -0.0372141 0.194688 0.24089 -0.0385245 0.0214771 0.263147 -0.0422205 -0.0250019
internal_weight=582.843 83.4089 52.717 34.6682 499.434 24.4971 474.937 7.43554 22.6303 473.453 27.1923 20.9772 446.261 158.234
internal_count=7199 846 585 367 6353 294 6059 85 228 6044 334 208 5710 2005
is_linear=0
shrinkage=0.05


Tree=2
num_leaves=15
num_cat=0
split_feature=15 73 63 66 115 11 32 30 9 81 69 137 37 40
split_gain=1158.62 288.866 157.709 87.1703 82.5698 146.772 68.4143 60.3683 39.3894 74.0036 38.8988 37.9544 44.499 36.5233
threshold=0.050641026347875602 100.7484474182129 34.066370010375984 50.806491851806648 0.45851086080074316 1.0000000180025095e-35 1429.262634277344 689.97122192382824 0.99412626028060924 0.00026777404127642518 23.844532966613773 35.676322937011726 0.0090171401388943213 0.00018522401660447943
decision_type=10 2 2 2 2 8 10 10 10 2 2 2 10 10
left_child=3 -2 -3 4 5 10 8 13 -5 11 -1 12 -10 -4
right_child=1 2 7 6 -6 -7 -8 -9 9 -11 -12 -13 -14 -15
leaf_value=-0.013807081442819445 0.26285043434588479 -0.038564571657592306 0.21617711963416342 -0.051094308199784548 -0.021406827200145015 -0.047568792486844966 0.20533481061361464 0.055038148677604863 -0.04064514277920428 0.18749946801484263 0.24488480037885996 -0.030357535125790099 0.20945802683103165 0.022902122086220889
leaf_weight=1.5491186603903795 38.991867274045944 17.557031162083149 19.095409877598289 284.55043342709541 32.105324529111385 8.8444642871618253 1.8794165849685658 14.107243739068506 2.9162490367889395 3.2281824052333823 10.299412585794924 137.55793119966984 2.6828522682189941 3.0718454495072356
leaf_count=19 261 219 158 3821 403 114 16 150 38 32 99 1780 28 33
internal_value=-0.000310655 0.160569 0.0830408 -0.0313291 0.0289022 0.104346 -0.0387262 0.141354 -0.0402636 -0.0190064 0.21262 -0.0249315 0.0927742 0.191539
internal_weight=578.437 92.8234 53.8315 485.613 52.7983 20.693 432.815 36.2745 430.936 146.385 11.8485 143.157 5.5991 22.1673
internal_count=7171 821 560 6350 635 232 5715 341 5699 1878 118 1846 66 191
is_linear=0
shrinkage=0.05


Tree=3
num_leaves=15
num_cat=0
split_feature=35 72 105 63 115 74 4 32 4 79 67 81 5 88
split_gain=1068.13 292.543 97.7457 57.9082 55.3533 55.1747 80.4911 44.605 66.8721 43.5031 28.3566 25.7405 23.9183 19.9072
threshold=72.295501708984389 1267.8930664062502 992.00000000000011 575.14144897460949 0.41566656529903417 0.99577611684799205 22.200860023498539 1413.9710083007815 37.371212005615241 0.061996495351195342 20.391719818115238 0.00026777404127642518 1397.8327636718752 0.012040970381349327
decision_type=8 2 2 2 2 2 10 10 10 2 2 2 8 8
left_child=1 4 9 5 -1 -2 13 11 -9 10 -3 -8 -5 -7
right_child=3 2 -4 12 -6 6 7 8 -10 -11 -12 -13 -14 -15
leaf_value=0.16682412848559738 -0.047013472671269575 -0.012565365670026829 -0.0032281419986414216 0.11919832072552405 -0.021786145858177147 0.20539323337301774 -0.027418372411417015 -0.041986182720775117 0.26307005013538881 -0.017317773483755801 0.20609338702334143 0.12202108737594997 -0.0165608591793357 -0.0085898757835963877
leaf_weight=3.494123853743079 313.77001264691353 1.3975572139024723 6.6122241988778105 7.7242873087525341 27.960005663335323 4.2833873406052581 117.97848679870367 3.2605696916580191 2.4516822472214699 2.1685221865773192 77.601531006395817 1.9798618257045735 4.8162712156772622 1.270236402750015
leaf_count=33 4339 13 79 71 357 37 1564 42 23 23 492 18 54 14
internal_value=0.00216329 0.134808 0.181231 -0.0326226 0.00366059 -0.0356556 -0.00834772 -0.0171266 0.10863 0.196114 0.202116 -0.0239635 0.0696868 0.162608
internal_weight=576.769 119.234 87.7798 457.535 31.4541 444.994 131.224 125.671 5.71225 81.1676 78.9991 119.958 12.5406 5.55362
internal_count=7159 997 607 6162 390 6037 1698 1647 65 528 505 1582 125 51
is_linear=0
shrinkage=0.05


Tree=4
num_leaves=15
num_cat=0
split_feature=35 86 53 3 9 65 32 65 137 125 1 38 40 37
split_gain=860.064 220.018 71.6222 62.6132 51.2512 58.9324 38.8358 54.9651 43.5846 35.8232 36.8549 33.9216 30.9469 29.862
threshold=69.848213195800795 0.046999117359519012 45909.361328125007 588.23892211914074 0.99433010816574108 24.805038452148441 1413.9710083007815 37.371212005615241 35.676322937011726 -7.4999999999999991 1037.5715942382815 0.0017571843345649543 0.00041969784069806343 0.0041717365384101876
decision_type=8 2 10 10 10 2 10 2 2 2 2 10 10 10
left_child=1 9 12 4 -2 -6 8 -8 13 10 -1 -4 -3 -7
right_child=3 2 11 -5 5 6 7 -9 -10 -11 -12 -13 -14 -15
leaf_value=0.17241172111688846 -0.048144362927212823 0.17729159404696943 0.12904107763595027 0.063828382961768779 0.12035381839767106 -0.036331073130131383 -0.042326340533343533 0.22110154944906518 -0.031790594845257328 -0.027409038015504407 -0.040359146754449016 -0.041867158139901939 0.043510032635271971 0.18321162354127798
leaf_weight=4.2566500827670124 293.97718623280525 77.042451120913029 3.782246455550192 15.304642431437967 7.0346902161836615 2.0260142013430587 3.4394211247563353 2.9465178698301315 121.43947187811136 24.707831092178822 2.8031604662537575 6.5357673987746239 5.3860246762633315 3.1256897896528244
leaf_count=42 4247 428 28 148 61 28 46 23 1650 317 36 77 49 28
internal_value=-0.000507429 0.115237 0.153774 -0.0327688 -0.0363142 -0.0113097 -0.0191213 0.0927 -0.0254445 0.00147062 0.0934037 0.0266482 0.169176 0.105001
internal_weight=573.808 124.514 92.7465 449.294 433.989 140.012 132.977 6.38594 126.591 31.7676 7.05981 10.318 82.4285 5.1517
internal_count=7208 977 582 6231 6083 1836 1775 69 1706 395 78 105 477 56
is_linear=0
shrinkage=0.05


Tree=5
num_leaves=15
num_cat=0
split_feature=34 5 11 74 61 125 3 26 38 37 33 64 117 15
split_gain=749.362 194.959 85.9937 42.0247 40.9563 36.5277 38.6906 33.2545 32.6353 73.548 26.225 25.3837 23.897 18.7295
threshold=48.985460281372077 537.74844360351574 1.0000000180025095e-35 0.99177855253219616 211.31228637695315 -7.4999999999999991 19.189607620239261 0.97259503602981578 0.001034663640893996 0.0027986714849248533 1406.6604003906252 1429.262634277344 0.75000000000000011 0.10151515156030656
decision_type=8 10 10 2 2 2 10 10 10 10 10 2 2 10
left_child=1 5 4 -2 7 6 -1 -3 11 -10 -6 -5 -11 -4
right_child=3 2 13 8 10 -7 -8 -9 9 12 -12 -13 -14 -15
leaf_value=0.18051470535353881 -0.049642148419384122 0.16363755199592322 -0.044989966815070052 -0.026938138645575663 0.1067018357691679 -0.033342145685117126 -0.041030747479837155 0.0018989437011386057 -0.048247529916961136 0.21968959002103433 -0.012825825564739072 0.11895328989417486 0.021617408032478205 0.056002517133661361
leaf_weight=3.6204365193843833 248.70593779534101 76.438612058758736 6.2296738550066975 141.58742257207632 15.425992742180826 29.828491687774658 2.9007802903652191 3.3387176468968383 8.2406452074646932 4.4406403750181189 6.0931516662240019 2.073275387287139 2.4447802975773811 11.882533065974711
leaf_count=29 3757 405 83 1950 105 405 35 36 118 41 55 12 33 102
internal_value=-0.00117572 0.0917598 0.1224 -0.0368367 0.140198 -0.00947486 0.0896138 0.156976 -0.0165945 0.05109 0.0737909 -0.0240249 0.161021 0.0207298
internal_weight=563.251 155.758 119.409 407.493 101.296 36.3497 6.52122 79.7773 158.787 15.1261 21.5191 143.661 6.88542 18.1122
internal_count=7166 1255 786 5911 601 469 64 441 2154 192 160 1962 74 185
is_linear=0
shrinkage=0.05


Tree=6
num_leaves=15
num_cat=0
split_feature=34 5 79 74 81 64 127 29 119 69 4 41 130 50
split_gain=687.397 171.201 61.3973 51.7052 69.4159 37.7106 37.6897 36.4444 28.662 25.7973 24.2376 21.3014 20.2802 47.5193
threshold=51.740882873535163 537.74844360351574 1.0000000180025095e-35 0.99177855253219616 0.00026777404127642518 1429.262634277344 -69.104232788085923 47460.298828125007 0.088372353464365019 30.548342704772953 24.805038452148441 0.0098603186197578924 0.55648330226540577 0.012256000656634571
decision_type=8 10 2 2 2 2 8 2 2 2 10 10 2 8
left_child=1 6 7 -2 5 10 -1 9 -6 -3 -5 -11 -12 -14
right_child=3 2 -4 4 8 -7 -8 -9 -10 11 12 -13 13 -15
leaf_value=0.11072615882769654 -0.050553731480125867 -0.036599371079996799 0.0147740013987686 0.074112325937882667 0.2131027138284658 0.12889880815520327 -0.029011158001369663 0.071420361597024695 -0.024640042841665891 0.14865939884026089 -0.040550921435923259 -0.018810715700029124 -0.038173263969561111 0.065419688335580511
leaf_weight=4.6477561593055725 231.08189720660448 1.6301407068967808 14.542404904961584 5.1345352977514258 3.6567636206746092 3.1707542687654486 32.333568312227726 28.124436803162098 1.4797712340950964 83.069729991257191 97.983275048434734 1.7261414080858219 29.25855802744627 16.456472359597683
leaf_count=45 3655 13 154 44 27 17 442 218 14 406 1415 15 420 215
internal_value=0.000868367 0.0856998 0.112688 -0.0355479 -0.013301 -0.0198341 -0.00899629 0.124883 0.151758 0.141265 -0.0238418 0.145071 -0.0278299 -0.000279802
internal_weight=554.296 166.074 129.093 388.222 157.14 152.004 36.9813 114.55 5.13653 86.426 148.833 84.7959 143.698 45.715
internal_count=7100 1293 806 5807 2152 2111 487 652 41 434 2094 421 2050 635
is_linear=0
shrinkage=0.05


Tree=7
num_leaves=15
num_cat=0
split_feature=34 5 79 0 74 32 38 37 137 35 127 127 114 26
split_gain=600.609 131.118 53.9994 53.1285 46.5719 37.89 37.3232 61.8894 34.8947 33.7889 28.4483 27.3521 18.7071 18.205
threshold=48.985460281372077 537.74844360351574 0.012739370577037336 5170.5000000000009 0.99177855253219616 1429.262634277344 0.00053347746143117558 0.0027986714849248533 35.676322937011726 1397.8327636718752 -69.104232788085923 3.3529114723205571 0.43063670396804815 0.97259503602981578
decision_type=8 10 2 2 2 10 10 10 2 10 8 8 2 10
left_child=1 10 3 9 -2 6 8 -8 12 13 -1 -9 -6 -3
right_child=4 2 -4 -5 5 -7 7 11 -10 -11 -12 -13 -14 -15
leaf_value=0.094436553675994128 -0.04903551586093724 0.12560063750301051 -0.018699964150721029 -0.046273262625372298 -0.035245717446367522 0.13362166596325073 -0.04476977980713559 0.032937864527278926 -0.033566931013088157 -0.0096225402004793126 -0.02505748064551265 0.18922543903060571 0.13767178451532999 0.034779937060806503
leaf_weight=4.8943030461668968 232.69625391438603 108.42733737081289 8.6361949145793897 4.8162609934806815 1.8142826110124577 3.2712585926055899 10.306816332042219 5.8158973157405836 122.91797431558371 5.0560502186417571 31.271776236593723 5.5024685710668564 3.7943191230297089 6.7827413603663436
leaf_count=44 3826 542 103 53 25 16 155 73 1796 50 431 41 33 55
internal_value=-0.00050887 0.0775681 0.100262 0.108559 -0.0349728 -0.0134645 -0.0175318 0.0419325 -0.0277834 0.11509 -0.00678069 0.118111 0.0848668 0.120599
internal_weight=556.004 169.885 133.719 125.082 386.119 153.423 150.152 21.6252 128.527 120.266 36.1661 11.3184 5.6086 115.21
internal_count=7243 1278 803 700 5965 2139 2123 269 1854 647 475 114 58 597
is_linear=0
shrinkage=0.05


Tree=8
num_leaves=15
num_cat=0
split_feature=34 5 74 29 81 32 81 4 137 125 76 3 4 97
split_gain=514.808 125.053 52.4588 47.4136 50.0019 36.8489 37.5767 37.5471 34.5308 30.4774 30.0809 24.3835 23.19 19.939
threshold=51.740882873535163 537.74844360351574 0.99390801787376415 47460.298828125007 0.0037318109534680848 1413.9710083007815 0.00026777404127642518 37.371212005615241 35.676322937011726 -7.4999999999999991 0.0049550987314432868 15.020658493041994 24.805038452148441 1.6248250176431615e-05
decision_type=8 10 2 2 2 10 2 10 2 2 2 10 10 10
left_child=1 9 -2 4 -3 6 8 -7 13 11 -5 -1 -10 -4
right_child=2 3 5 10 -6 7 -8 -9 12 -11 -12 -13 -14 -15
leaf_value=0.14648659127124916 -0.04917263582942754 0.12025905495074166 -0.036059036464091414 0.076474182709918431 -0.0094441661061320618 -0.040226812219221218 0.10726309628579141 0.1737292785966108 0.067645298689537406 -0.034588301039454317 -0.012920797109545874 -0.02112544624310635 -0.032865823625532593 0.13389977928483524
leaf_weight=3.8339537978172293 229.9626072011888 90.447999283671379 2.0109579265117636 23.853412203490734 7.9356144294142714 2.851193740963935 4.8930092751979819 4.2417630851268768 5.1168419793248168 29.662452064454556 14.734211824834345 3.5355556979775429 117.46953915804625 4.4253682121634483
leaf_count=26 3949 413 30 156 80 42 33 26 39 428 152 43 1775 33
internal_value=-0.00122536 0.0694967 -0.034495 0.0913988 0.109807 -0.0103804 -0.0165276 0.0933808 -0.0220111 -0.0117866 0.0428757 0.0731577 -0.028157 0.0830899
internal_weight=544.974 174.003 370.971 136.971 98.3836 141.009 133.916 7.09296 129.023 37.032 38.5876 7.36951 122.586 6.43633
internal_count=7225 1298 5927 801 493 1978 1910 68 1877 497 308 69 1814 63
is_linear=0
shrinkage=0.05


Tree=9
num_leaves=15
num_cat=0
split_feature=34 5 9 41 125 29 4 32 4 137 9 81 37 123
split_gain=458.179 104.892 45.2847 42.2459 34.0122 30.8041 27.491 26.7419 31.9945 29.7333 23.2457 18.9959 17.5114 16.0317
threshold=48.985460281372077 537.74844360351574 0.99521899223327648 8.2955204561585574e-05 -8.4999999999999982 47460.298828125007 24.805038452148441 1413.9710083007815 37.371212005615241 35.676322937011726 0.75042662024497997 0.010610751807689668 0.003571340581402183 108.15989685058595
decision_type=8 10 10 10 2 2 10 10 10 2 10 2 10 10
left_child=1 4 -2 5 10 11 -4 9 -9 12 -1 -3 -8 -11
right_child=2 3 6 -5 -6 -7 7 8 -10 13 -12 -13 -14 -15
leaf_value=-0.038623110346114847 -0.046972496582868735 0.11139066480435522 0.081953700225528822 -0.008748944747055459 -0.039474422939598311 0.04606999739915571 -0.035341732916379258 -0.040870320785481355 0.1580337757568146 -0.030776388132553796 0.13463819444335198 0.013932599015043012 0.12730047280509985 0.081671307493018416
leaf_weight=2.4020436704158774 230.34437943249941 92.015933342278004 6.7015649303793898 11.080453462898729 26.746299631893635 30.372001960873604 1.9044227637350548 2.9763217605650416 3.6741065084934235 106.18919132649899 4.5886836349964142 5.6092637181282035 4.1646952703595161 2.3298860788345328
leaf_count=32 4086 402 45 111 401 218 29 44 21 1628 30 51 27 36
internal_value=-0.00152796 0.0651187 -0.033766 0.0841876 -0.0136516 0.0922384 -0.00980915 -0.0155104 0.0753099 -0.0213873 0.0777217 0.105989 0.0784852 -0.0276385
internal_weight=531.099 172.815 358.285 139.078 33.737 127.997 127.94 121.239 6.65043 114.588 6.99073 97.6252 6.06912 108.519
internal_count=7161 1245 5916 782 463 671 1830 1785 65 1720 62 453 56 1664
is_linear=0
shrinkage=0.05


Tree=10
num_leaves=15
num_cat=0
split_feature=35 17 9 3 81 32 81 4 26 35 137 4 38 120
split_gain=418.364 88.435 37.8627 40.3459 38.2275 29.6695 28.9016 28.2655 26.9383 21.0442 19.7757 17.2283 17.0607 17.0002
threshold=72.295501708984389 0.0010724407620728018 0.99412626028060924 468.11463928222662 0.00019995685579488057 1413.9710083007815 0.0037318109534680848 37.371212005615241 1.9627231359481814 30.665631294250492 35.676322937011726 24.805038452148441 0.0032310936367139225 1214.0000000000002
decision_type=8 10 10 10 2 10 2 10 10 10 2 10 10 2
left_child=1 -1 3 -2 5 10 8 -7 9 -3 -4 -12 -10 -6
right_child=2 6 4 -5 13 7 -8 -9 12 -11 11 -13 -14 -15
leaf_value=-0.02562265066875943 -0.046371756720862023 -0.039602843804675589 0.060364448954798644 0.030056699878455467 -0.033463336679599533 -0.039916330619507258 -0.0066720522950316531 0.14229431568774922 0.083240495415932633 0.10113908517188051 0.057716392183096578 -0.030102889843013403 -0.047979236376801397 0.14020262617544582
leaf_weight=20.401046738028526 228.48848284035921 2.2288569808006278 6.2091582007706156 18.003010012209415 1.4028029292821873 2.8403766416013232 7.859491351991891 4.6523681730031967 3.1018142551183683 108.36254001781344 4.9976841583847991 102.23920938745141 5.2600850313901901 5.0431026443839073
leaf_count=274 4175 26 57 157 13 45 87 25 17 510 37 1631 60 28
internal_value=-0.00117343 0.0699434 -0.0292876 -0.0406908 -0.00707715 -0.0137401 0.0853978 0.0766544 0.0914859 0.0979731 -0.020328 -0.0255147 0.00438831 0.10299
internal_weight=521.09 147.214 373.876 246.491 127.385 120.939 126.813 7.49274 118.953 110.591 113.446 107.237 8.3619 6.44591
internal_count=7142 974 6168 4332 1836 1795 700 70 613 536 1725 1668 77 41
is_linear=0
shrinkage=0.05


Tree=11
num_leaves=15
num_cat=0
split_feature=35 86 105 72 72 115 62 32 4 4 137 37 33 20
split_gain=379.981 76.1753 38.5221 37.7613 224.216 37.2482 30.0125 23.9315 29.8149 25.9598 21.5983 22.2857 24.2323 36.9426
threshold=72.295501708984389 0.046999117359519012 871.50000000000011 1387.4155273437502 1393.1854248046877 0.42893669009208685 635.71685791015636 1413.9710083007815 21.931548118591312 37.371212005615241 35.676322937011726 0.29610733687877661 1443.262634277344 0.00028435915010049945
decision_type=8 2 2 2 2 2 2 10 10 10 2 10 10 10
left_child=1 5 -3 6 -5 -1 -2 8 -6 -9 -10 12 -12 -14
right_child=3 2 -4 4 7 -7 -8 9 10 -11 11 -13 13 -15
leaf_value=0.10610894524980585 -0.047715172686509794 0.090245615874589111 -0.020630778755335498 0.40717982779891593 0.058880051446581733 -0.029115969101541146 0.054822371820323748 -0.042701134796466901 0.035655153296948343 0.11149749501802585 -0.042903227594809606 0.036234583301501165 0.23309233572235968 -0.038689448369174206
leaf_weight=5.2621622160077122 179.1575148627162 115.02237519621849 8.0419658198952657 2.1433628574013701 9.4247148409485799 26.288753684610128 6.6275235414504996 3.772424250841139 11.264401976019142 6.0144806280732155 132.08386101946235 9.772723510861395 1.0795523710548871 2.5594612322747707
leaf_count=43 3313 508 91 28 84 369 45 61 144 39 2309 83 11 39
internal_value=-0.000167916 0.06525 0.0828922 -0.0280656 -0.011518 -0.0039958 -0.0437834 -0.0188898 -0.0234547 0.0536121 -0.0287467 -0.0339421 -0.0392232 0.0748034
internal_weight=518.515 154.615 123.064 363.9 178.115 31.5509 185.785 175.972 166.185 9.7869 156.76 145.496 135.723 3.63901
internal_count=7167 1011 599 6156 2798 412 3358 2770 2670 100 2586 2442 2359 50
is_linear=0
shrinkage=0.05


Tree=12
num_leaves=15
num_cat=0
split_feature=35 17 9 63 11 81 32 35 137 67 4 26 61 123
split_gain=360.347 68.2868 38.1821 40.6461 29.3465 28.7753 26.0224 24.3434 22.8946 21.0546 20.4202 14.9021 14.5194 34.4966
threshold=72.295501708984389 0.0010724407620728018 0.99561724066734325 350.69137573242193 0.075330432504415526 0.00019995685579488057 1413.9710083007815 30.665631294250492 35.676322937011726 51.992334365844734 37.371212005615241 1.9627231359481814 43.844211578369148 15.40514135360718
decision_type=8 10 10 2 10 2 10 10 2 2 10 10 2 10
left_child=1 -1 3 -2 7 6 8 -3 -4 11 -8 -9 -10 -14
right_child=2 4 5 -5 -6 -7 10 9 12 -11 -12 -13 13 -15
leaf_value=-0.021211947181724086 -0.044541112020915791 -0.043877024525789766 0.06577574935758905 0.02761339601533605 -0.038119653183249003 0.099640398133120089 -0.037738674540888806 0.092433734286247071 -0.03999007059100132 -0.039457006674482709 0.12202002413131796 0.01467310539916826 -0.013993316944178616 0.14630145893707272
leaf_weight=19.879906769841909 219.86021067202091 3.1887255236506453 6.9546175450086585 20.746762230992317 4.7735691852867594 5.4304801635444155 2.3619432188570491 116.46676041930914 52.62312924861908 2.7817964740097514 5.3102878332138062 6.9406902119517317 39.876334208995104 2.6567208766937247
leaf_count=270 4318 34 56 163 56 32 40 520 869 47 26 61 646 38
internal_value=0.000718818 0.0643638 -0.0269357 -0.0382309 0.0771083 -0.00322116 -0.00916275 0.0816196 -0.0160816 0.0851109 0.0741569 0.0882134 -0.0226861 -0.000850202
internal_weight=509.852 154.031 355.82 240.607 134.152 115.214 109.783 129.378 102.111 126.189 7.67223 123.407 95.1562 42.5331
internal_count=7176 988 6188 4481 718 1707 1675 662 1609 628 66 581 1553 684
is_linear=0
shrinkage=0.05


Tree=13
num_leaves=15
num_cat=0
split_feature=34 86 74 29 36 81 9 30 123 30 134 112 37 109
split_gain=315.651 64.1504 49.7477 32.5862 25.042 24.6613 21.488 35.818 20.9404 20.0778 24.9548 15.7748 15.2084 22.6596
threshold=51.740882873535163 0.046999117359519012 0.99390801787376415 47460.298828125007 844.34735107421886 0.00026777404127642518 0.83105587959289562 36.873182296752937 108.15989685058595 1425.5022583007815 0.061868688091635711 16.500000000000004 0.00381471507716924 0.12079664692282678
decision_type=8 2 2 2 10 2 10 10 10 10 2 2 8 2
left_child=1 6 -2 4 -3 8 -1 -8 9 12 -11 -9 -4 -14
right_child=2 3 5 -5 -6 -7 7 11 -10 10 -12 -13 13 -15
leaf_value=-0.048268217935703128 -0.047230522232036463 0.089150244532960402 -0.040055720310452333 0.029220742461105616 0.0037721310343860589 0.087543249770358905 -0.048224376274791592 0.11677003410087548 0.09192161976617258 0.10578109960194422 -0.042716184560011396 -0.034633714120690107 -0.036461838160434849 0.027137405350981216
leaf_weight=16.998907018452883 187.1287949681282 93.371978022158146 56.03989315405488 44.361364837735891 9.5479498915374261 5.5774806886911383 7.6657184511423138 7.8593016341328603 3.7031755223870269 6.1137763671576959 3.9755533672869205 1.6516312360763548 25.586188934743404 28.605566266924143
leaf_count=279 3921 399 961 336 82 33 116 64 45 47 69 20 413 410
internal_value=-0.000708146 0.0517084 -0.0308062 0.0659461 0.0813422 -0.00691135 -0.00977977 0.0288703 -0.0118253 -0.0157497 0.0486924 0.0896842 -0.0220327 -0.00300703
internal_weight=498.187 181.457 316.73 147.281 102.92 129.602 34.1756 17.1767 124.024 120.321 10.0893 9.51093 110.232 54.1918
internal_count=7195 1296 5899 817 481 1978 479 200 1945 1900 116 84 1784 823
is_linear=0
shrinkage=0.05


Tree=14
num_leaves=15
num_cat=0
split_feature=34 86 74 29 76 38 37 5 5 45 71 9 30 119
split_gain=305.544 58.0406 44.5755 30.1184 33.8794 25.9709 42.1176 25.7773 56.3659 20.2772 19.9218 17.6744 35.3596 17.3695
threshold=51.740882873535163 0.046999117359519012 0.99177855253219616 9482.5317382812518 0.0062959145288914451 0.00069221595185808848 0.0025591821176931266 64.250652313232436 63.14308166503907 0.029855763539671901 533.70712280273449 0.83105587959289562 41.946659088134773 0.11636975780129434
decision_type=8 2 2 2 2 10 10 10 8 10 2 10 8 2
left_child=1 11 -2 10 -5 7 -7 8 -4 -10 -3 -1 -13 -8
right_child=2 3 5 4 -6 6 13 -9 9 -11 -12 12 -14 -15
leaf_value=-0.045141624421714301 -0.048774560720926008 0.085691195762193612 -0.004863979105428122 0.060307839368377053 -0.0178701554668728 -0.046925104607659349 0.13135157552608304 -0.037783243066154978 0.27381493092571929 -0.019798717648863824 -0.042055092698363189 -0.035411652569238887 0.10458530870909133 -0.00171713661256286
leaf_weight=16.631586499512196 171.3751367405057 85.423546887934208 43.557177755981684 41.598974984139204 19.978277798742056 7.5413699410855797 8.5897761322557908 72.191501267254353 1.5941304191946977 0.59548666328191746 2.5981301441788665 9.6299859024584311 6.9321095719933501 3.2605341486632815
leaf_count=280 3770 376 676 222 208 142 59 1228 17 11 20 144 50 42
internal_value=-0.00153016 0.049544 -0.0318349 0.0627401 0.0350633 -0.0104959 0.0417578 -0.0193665 0.00988298 0.212791 0.0814905 -0.0100241 0.0258031 0.0974542
internal_weight=491.498 182.793 308.705 149.599 61.5773 137.33 19.3917 117.938 45.7468 2.18962 88.0217 33.1937 16.5621 11.8503
internal_count=7245 1300 5945 826 430 2175 243 1932 704 28 396 474 194 101
is_linear=0
shrinkage=0.05


Tree=15
num_leaves=15
num_cat=0
split_feature=34 5 9 33 33 137 5 30 71 64 38 75 85 41
split_gain=284.053 53.8243 45.3443 28.4185 40.2431 23.8039 22.2225 31.7892 21.9798 20.9597 23.7979 25.8913 18.5433 15.336
threshold=51.740882873535163 537.74844360351574 0.99348744750022899 100.55838775634767 1288.546081542969 35.676322937011726 98.391719818115249 50.749481201171882 1411.8029785156252 1413.9710083007815 0.00053347746143117558 0.0028863510815426712 3.2557234590058222e-05 0.0069204980973154315
decision_type=8 10 10 10 10 2 8 8 2 2 10 2 2 10
left_child=1 6 -2 -3 -5 -4 7 -1 12 10 -7 -12 13 -6
right_child=2 3 5 4 8 9 -8 -9 -10 -11 11 -13 -14 -15
leaf_value=-0.019561625496274521 -0.046339983909675746 0.086388281408168593 0.067884163041139964 -0.029422141724622371 0.082190394653760809 -0.028352046531466168 -0.047529249283296826 0.11050644698907074 -0.014246345346768302 0.064254622034321127 -0.03957993921046498 0.081437540299288902 -0.028034729627611277 -0.011627491382433984
leaf_weight=11.80370803922415 169.09185263887048 65.861537046730518 8.885854844003914 15.538194626569746 54.806850418448448 93.468810901045799 16.582169532775879 6.5483627617359152 8.9680338054895383 7.2427748702466479 6.4940079227089909 10.254862152040003 4.2046242356300345 4.4741408489644519
leaf_count=170 3867 271 70 125 270 1636 305 41 65 63 121 86 40 55
internal_value=0.00109834 0.0488583 -0.0294825 0.0615077 0.0421233 -0.00673517 -0.00701242 0.0301612 0.0576584 -0.0129055 -0.0185081 0.0349293 0.0678791 0.0750342
internal_weight=484.226 188.788 295.438 153.853 87.9918 126.346 34.9342 18.3521 72.4536 117.46 110.218 16.7489 63.4856 59.281
internal_count=7185 1342 5843 826 555 1976 516 211 430 1906 1843 207 365 325
is_linear=0
shrinkage=0.05


Tree=16
num_leaves=15
num_cat=0
split_feature=34 5 74 81 33 128 137 33 5 35 116 32 116 4
split_gain=254.159 43.4785 42.3224 40.3143 29.2243 39.0506 21.3218 19.9249 19.1716 29.0982 17.371 17.0472 14.5364 12.4499
threshold=51.740882873535163 537.74844360351574 0.99177855253219616 0.00026777404127642518 100.55838775634767 129.95314788818362 35.676322937011726 188.73970794677737 98.391719818115249 36.358932495117195 1.9607242941856386 1413.9710083007815 1.9360306859016421 37.371212005615241
decision_type=8 10 2 2 10 8 2 10 8 10 2 10 2 10
left_child=1 8 -2 6 -3 7 10 -6 9 -1 -4 -8 -5 -13
right_child=2 4 3 12 5 -7 11 -9 -10 -11 -12 13 -14 -15
leaf_value=-0.034152542626510497 -0.04782860841056346 0.082421468080659754 -0.040707791755662665 0.12975419546185626 -0.055480185028888296 0.079086657891419623 -0.026833564278519607 0.02381366611781589 -0.046709977703464287 0.088453914017494611 0.098527029054331874 -0.036792456072594591 -0.021335360350123705 0.093664905465826398
leaf_weight=8.8907108157873171 154.73722551018 62.6590820774436 2.6416145265102369 5.7566600888967505 8.5591825395822507 33.026945974677801 109.98197758942842 45.870859239250422 15.119048751890658 8.6650453992187959 5.9150536321103573 2.1151117980480185 1.7498675510287283 4.3397466093301773
leaf_count=135 3714 261 32 27 70 180 1989 296 295 70 38 35 15 20
internal_value=-0.000853701 0.0450946 -0.0301491 -0.00929883 0.0564055 0.0370451 -0.0163455 0.0105687 -0.00700233 0.0278683 0.0557807 -0.0220758 0.0961656 0.0517158
internal_weight=470.028 182.791 287.237 132.5 150.116 87.457 124.994 54.43 32.6748 17.5558 8.55667 116.437 7.50653 6.45486
internal_count=7177 1307 5870 2156 807 546 2114 366 500 205 70 2044 42 55
is_linear=0
shrinkage=0.05


Tree=17
num_leaves=15
num_cat=0
split_feature=34 86 74 81 29 115 60 137 134 76 69 75 79 3
split_gain=254.573 47.5488 43.6536 28.4223 28.2529 23.9953 18.8792 20.3214 19.9954 18.0812 16.1771 15.0631 14.5644 13.3764
threshold=51.740882873535163 0.046999117359519012 0.99177855253219616 0.00026777404127642518 47460.298828125007 0.41566656529903417 1429.6291503906252 35.676322937011726 0.061868688091635711 0.0042164460755884656 30.548342704772953 0.009207183029502632 0.069180883467197432 21.229166030883793
decision_type=8 2 2 2 2 2 2 2 2 2 2 2 2 8
left_child=1 5 -2 6 10 13 7 11 -8 -6 -3 -4 -12 -1
right_child=2 4 3 -5 9 -7 8 -9 -10 -11 12 -13 -14 -15
leaf_value=0.11055577931612069 -0.047391703366884017 -0.043265446203330102 -0.039476892005386149 0.082831744285488881 0.047890240403930875 -0.028520618214944261 0.10897937244502925 -0.025086941503531843 -0.039677364908403366 -0.01475725487353291 0.07737620770454566 0.088791507965314723 -0.029692209590338844 -0.033870403955975605
leaf_weight=4.6810977533459655 147.79151128977537 2.3925723433494559 2.6621782891452295 7.157874420285224 29.700547605752945 27.274437628686428 5.0987344682216627 105.9419025182724 2.9334463514387608 17.822019848972559 104.2551996409893 6.2025812566280365 2.7853015400469294 1.6930044740438459
leaf_count=27 3707 18 38 44 155 444 35 1940 56 182 464 36 29 30
internal_value=0.00160411 0.0459699 -0.0288932 -0.00766119 0.0574691 -0.00777924 -0.0135605 -0.0188926 0.0563062 0.0245761 0.0714014 0.0501742 0.0743411 0.0728041
internal_weight=468.392 190.604 277.788 129.997 156.956 33.6485 122.839 114.807 8.03218 47.5226 109.433 8.86476 107.041 6.3741
internal_count=7205 1349 5856 2149 848 501 2105 2014 91 337 511 74 493 57
is_linear=0
shrinkage=0.05


Tree=18
num_leaves=15
num_cat=0
split_feature=5 67 5 11 5 71 26 33 48 5 37 2 15 69
split_gain=197.435 76.4877 55.9201 50.003 40.0603 22.0934 26.5851 21.3686 17.4171 15.9276 17.5526 14.6463 14.2203 13.074
threshold=537.74844360351574 53.231668472290046 64.250652313232436 1.0000000180025095e-35 63.14308166503907 533.70712280273449 0.96850368380546581 1443.262634277344 2.6155000796279641e-06 999.61273193359386 0.0020869567524641757 139.96951293945315 0.11386964470148088 37.025253295898445
decision_type=10 2 8 10 8 2 10 10 10 10 10 10 10 2
left_child=2 3 4 5 13 6 9 -4 -6 10 -2 -11 -5 -1
right_child=1 -3 7 12 8 -7 -8 -9 -10 11 -12 -13 -14 -15
leaf_value=-0.022743935301721176 -0.031411130991281337 -0.049927176823797992 -0.043164211725324919 -0.043048727073669746 0.2370802891249357 0.022688489636742994 -0.01982563007961155 0.12995058133828469 -0.021140234746330453 -0.038327610581281119 0.13044615613209706 0.069888105148386129 0.025020598984917666 0.025825012029636496
leaf_weight=24.366265576332808 1.4520849175751234 21.476634491235018 197.70949744060636 15.308129455894234 1.7411020025610917 31.824640352278948 7.1909295953810206 0.8577045314013948 0.65643484517931927 2.6486618630588046 18.793816566467285 82.339188542217016 13.584949903190134 29.565118923783302
leaf_count=412 28 539 4517 297 16 190 106 7 12 48 121 360 99 411
internal_value=-0.000434736 0.0373819 -0.0293419 0.0484363 0.0144301 0.0603922 0.0707711 -0.041769 0.180968 0.0770902 0.117905 0.066109 -0.0112775 0.00386693
internal_weight=449.515 194.619 254.896 173.142 56.3289 144.249 112.425 198.567 2.39754 105.234 20.2459 84.9879 28.8931 53.9314
internal_count=7163 1788 5375 1249 851 853 663 4524 28 557 149 408 396 823
is_linear=0
shrinkage=0.05


Tree=19
num_leaves=15
num_cat=0
split_feature=34 5 74 81 79 0 71 32 65 125 65 130 137 34
split_gain=205.824 43.1701 41.5411 27.3561 25.0186 22.8501 21.2123 18.542 16.3775 16.1674 14.9852 13.7283 29.9161 45.5818
threshold=51.740882873535163 537.74844360351574 0.99177855253219616 0.00026777404127642518 0.038218110799789436 5170.5000000000009 1411.8029785156252 1413.9710083007815 24.805038452148441 -7.4999999999999991 37.371212005615241 0.55648330226540577 71.749347686767592 1387.4155273437502
decision_type=8 10 2 2 2 2 2 10 2 2 2 2 2 8
left_child=1 9 -2 7 5 6 -3 8 -4 -1 -9 -10 -13 -14
right_child=2 4 3 -5 -6 -7 -8 10 11 -11 -12 12 13 -15
leaf_value=0.045597125875125488 -0.04718876759981111 0.065266062919911036 0.052266607475276922 0.078023713729508143 -0.036079948783228066 -0.04598575490557949 -0.016713692085589798 -0.036812755082090316 -0.037573197577247634 -0.03322438660653726 0.10312607751119207 -0.016897118348175394 -0.03767328977978527 0.23781061054192643
leaf_weight=7.9516791068017509 136.6020396053791 129.49860004708171 6.6814492195844641 7.7354671023786059 7.0030097886919966 4.5423447787761679 8.0118105411529523 2.223797168582677 65.704596113413572 23.126172669231892 4.8323524445295334 35.941757190972567 2.4868277274072161 2.0637366436421871
leaf_count=68 3715 619 50 45 84 51 55 41 1353 425 22 603 50 17
internal_value=-7.00996e-05 0.0410166 -0.0281247 -0.00751875 0.0521332 0.0567038 0.0604035 -0.0136356 -0.01872 -0.0122641 0.0599282 -0.0236321 -0.000650251 0.107598
internal_weight=444.406 180.134 264.272 127.67 149.056 142.053 137.51 119.935 112.878 31.0779 7.05615 106.197 40.4923 4.55056
internal_count=7198 1302 5896 2181 809 725 674 2136 2073 493 63 2023 670 67
is_linear=0
shrinkage=0.05


Tree=20
num_leaves=15
num_cat=0
split_feature=35 91 74 63 66 81 20 8 35 134 137 7 8 79
split_gain=169.059 42.3503 31.8047 30.5311 18.6788 17.1502 17.2752 50.3231 30.7447 21.4325 17.8375 22.9693 14.063 13.9738
threshold=78.914596557617202 0.0012808891478925946 0.99390801787376415 407.26148986816412 30.665631294250492 0.00026777404127642518 0.00021449170162668454 54.391719818115241 1443.262634277344 0.061868688091635711 50.256685256958015 44.195472717285163 66.636322021484389 0.039201667532324798
decision_type=8 10 2 2 2 2 10 8 10 2 2 8 8 2
left_child=1 -1 3 -2 -3 6 8 9 12 10 11 -8 -4 -6
right_child=2 4 5 -5 13 -7 7 -9 -10 -11 -12 -13 -14 -15
leaf_value=-0.019694296325557706 -0.045228921111324399 -0.048065793465303902 -0.040408035937630205 0.017674962413702117 0.060375078465622345 0.064783605802666774 -0.038322215602914128 0.14581570756504017 0.18018381041958906 -0.037967774508194239 0.092376741788455619 0.080700707186113149 0.10916858344027576 -0.021906557069737612
leaf_weight=23.131062399595976 154.05626232549548 3.6769009828567496 48.545712292194366 21.491918548941612 114.03449359163642 7.5723227038979521 11.834841530770069 5.1381019800901404 0.71672480553388496 24.567058943212032 6.4019001722335807 4.9246237576007834 0.68420371413230796 4.9228441156446925
leaf_count=340 4182 40 954 147 568 37 212 54 7 489 40 26 12 57
internal_value=-0.00198576 0.0416681 -0.0243076 -0.0374713 0.0533078 -0.00322464 -0.00880933 0.0110334 -0.0296164 -0.00617092 0.0277313 -0.000773573 -0.0361972 0.0568158
internal_weight=431.699 145.765 285.934 175.548 122.634 110.385 102.813 52.8665 49.9466 47.7284 23.1614 16.7595 49.2299 118.957
internal_count=7165 1005 6160 4329 665 1831 1794 821 973 767 278 238 966 625
is_linear=0
shrinkage=0.05


Tree=21
num_leaves=15
num_cat=0
split_feature=34 74 11 26 35 38 30 38 37 73 73 70 134 32
split_gain=162.373 41.8119 33.708 26.0761 30.4022 25.3088 21.3297 18.4759 27.8418 22.1726 30.9054 12.6164 12.3498 12.1736
threshold=51.740882873535163 0.99177855253219616 0.071454100310802474 0.62777936458587658 30.665631294250492 0.0025220720563083891 296.00061035156256 0.00053347746143117558 0.0025591821176931266 64.250652313232436 63.14308166503907 34.703720092773445 0.061868688091635711 1413.9710083007815
decision_type=8 2 8 10 10 10 10 10 10 2 2 2 2 10
left_child=2 -2 3 4 -1 -5 11 9 -9 10 12 -6 13 -3
right_child=1 7 -4 5 6 -7 -8 8 -10 -11 -12 -13 -14 -15
leaf_value=-0.049270788432222663 -0.045327741696555519 0.0038139770520849315 -0.045271854434362109 0.054415831787660143 -0.03773584485820123 -0.050732471805100682 0.020751575158225774 -0.045236760489132589 0.075257951688901314 -0.032761778886765562 0.14311271014544133 0.0695153538642658 -0.023698518800090398 0.092424775561706571
leaf_weight=6.5190856903791419 124.67786877974868 12.776380028575661 10.752752553671597 8.7293295115232485 2.2252931073307982 12.928213857114313 34.424760267138481 6.2149192877113846 14.172093152999876 58.528747700154781 3.2008697949349871 101.92839580774307 22.306303329765797 4.6224060952663413
leaf_count=95 3680 203 204 47 40 202 219 145 118 1182 26 507 438 25
internal_value=0.00112548 -0.0250928 0.0374706 0.0430441 0.0506377 -0.00782005 0.055657 -0.00418298 0.0381279 -0.0129761 0.0141454 0.0668868 0.000488085 0.0310995
internal_weight=424.007 246.5 177.508 166.755 145.098 21.6575 138.578 121.822 20.387 101.435 42.906 104.154 39.7051 17.3988
internal_count=7131 5817 1314 1110 861 249 766 2137 263 1874 692 547 666 228
is_linear=0
shrinkage=0.05


Tree=22
num_leaves=15
num_cat=0
split_feature=35 91 43 30 4 35 16 5 33 61 33 32 63 36
split_gain=149.363 38.8768 29.8184 30.4277 20.2905 18.5185 16.6874 16.2198 28.0793 25.2327 27.9763 21.3188 19.8226 14.312
threshold=72.295501708984389 0.0011733263963833453 0.084523811936378493 296.00061035156256 21.931548118591312 30.665631294250492 0.0099944700486958044 64.250652313232436 1443.262634277344 43.718763351440437 1394.037292480469 1413.9710083007815 535.14544677734386 52.547355651855476
decision_type=8 8 8 8 8 10 10 8 10 2 10 10 2 10
left_child=1 -1 -2 -4 6 -3 -5 9 12 11 -11 -6 -9 -7
right_child=2 5 3 4 7 13 -8 8 -10 10 -12 -13 -14 -15
leaf_value=-0.023915154977439873 -0.049653029508153181 -0.046221857442082133 0.16264949331335143 0.075568859047095691 -0.038771931387365101 0.074074146249811623 -0.031971293760409483 -0.035423636017908065 0.13424121625006974 0.16280274570866515 0.0032882862105150438 0.05574259718024889 0.017808991886793548 0.038512352645582296
leaf_weight=19.515645619481802 69.486734423786402 4.0220968015491954 1.473306868225335 9.8922596201300603 21.568833373486999 53.139529529958963 4.7059968896210203 130.44116006419063 1.7265000715851773 3.9491198509931547 6.2774961963295937 7.1505025923252097 19.54960960522294 69.45310040935874
leaf_count=294 2091 49 14 73 438 255 68 3190 12 37 101 64 123 416
internal_value=6.79925e-05 0.0407862 -0.0215427 -0.0119009 -0.0139362 0.0508681 0.0410743 -0.0183405 -0.0256955 0.0102377 0.0739012 -0.014156 -0.0284134 0.0544017
internal_weight=422.352 146.13 276.222 206.735 205.261 126.615 14.5983 190.663 151.717 38.946 10.2266 28.7193 149.991 122.593
internal_count=7225 1014 6211 4120 4106 720 141 3965 3325 640 138 502 3313 671
is_linear=0
shrinkage=0.05


Tree=23
num_leaves=15
num_cat=0
split_feature=34 9 86 74 127 43 2 60 31 64 47 47 65 5
split_gain=147.994 36.2242 30.3213 20.3615 20.8453 19.8606 17.9213 25.5218 14.8518 22.1978 18.6516 13.6239 11.435 10.7561
threshold=51.740882873535163 0.99348744750022899 0.046999117359519012 0.99428024888038646 -381.46115112304682 0.0014848210848867895 41.756200790405281 36.650272369384773 88.075580596923842 1413.9710083007815 0.060183294117450721 0.032599195837974555 37.371212005615241 60.371795654296882
decision_type=8 10 2 2 10 10 8 2 8 2 8 10 2 10
left_child=2 -2 6 4 -4 -6 7 -1 9 -3 11 -10 -11 -13
right_child=1 8 3 -5 5 -7 -8 -9 10 12 -12 13 -14 -15
leaf_value=-0.04535251152743211 -0.044088406520033548 -0.036929252275858561 0.065243265640359427 0.068234574890719255 -0.041653809121968768 0.027006875179647418 -0.043406306377178142 0.088455306664204411 -0.0078530999504787622 -0.036683289250297652 -0.011785592180258139 -0.022733464912579146 0.08188638971079848 0.084056813910539707
leaf_weight=5.3857725225389022 122.00996994972229 46.207428742200136 26.92478970438242 55.871417924761772 12.335652671754358 49.901943888515234 16.791840083897114 7.3542636856436729 8.30738163739443 2.2113712131977064 33.848289433866739 2.3431335948407677 5.8533189445734024 14.524080220609902
leaf_count=102 3862 1005 154 271 96 303 328 55 156 42 603 40 27 137
internal_value=0.000537052 -0.0252985 0.0353077 0.044659 0.029293 0.0129547 -0.0105762 0.032705 -0.00485446 -0.023519 0.0124137 0.0441578 0.048914 0.0687798
internal_weight=409.871 235.305 174.566 145.034 89.1624 62.2376 29.5319 12.74 113.295 54.2721 59.0229 25.1746 8.06469 16.8672
internal_count=7181 5872 1309 824 553 399 485 157 2010 1074 936 333 69 177
is_linear=0
shrinkage=0.05


Tree=24
num_leaves=15
num_cat=0
split_feature=34 9 73 33 68 81 36 41 116 137 73 125 124 32
split_gain=141.801 35.4037 27.2611 43.3236 28.2052 20.1235 14.9416 19.5785 14.2924 13.117 14.3841 28.9149 17.1073 14.6721
threshold=51.740882873535163 0.9894905984401704 96.65808486938478 1288.546081542969 39.074211120605476 0.00026777404127642518 844.34735107421886 8.2955204561585574e-05 1.8933527469635012 35.676322937011726 85.826648712158217 128.50000000000003 0.0026714247651398186 1413.9710083007815
decision_type=8 10 2 10 2 2 10 10 2 2 2 2 10 10
left_child=2 -2 4 -4 -1 9 7 -5 -7 -3 11 13 -13 -11
right_child=1 5 3 6 -6 8 -8 -9 -10 10 -12 12 -14 -15
leaf_value=-0.0167069182667768 -0.046963305876289309 0.044352384986146014 -0.037887963259237073 0.079728956297083833 0.070082780816580134 0.10212152794308765 0.016937491406743822 -0.01836186009276838 -0.030801889353762036 -0.031237364436437254 -0.042381480151562123 -0.0059279911456973427 0.1003665558271528 0.041266280620327472
leaf_weight=10.62203338369727 105.96889379806817 8.2321284152567369 26.009248223155737 25.814988072961572 61.077415462583303 5.7171324230730516 46.694448921829462 5.8702707253396502 2.3453669250011444 47.050758890807629 37.526106396690011 6.2984516918659201 8.1030005253851396 7.2756390273571006
leaf_count=164 3531 75 367 115 316 30 305 56 27 988 936 129 99 65
internal_value=-1.11741e-06 -0.0259376 0.0336141 0.0170443 0.0571722 -0.00752343 0.0355205 0.0615501 0.0643222 -0.0130962 -0.0179191 -0.00414616 0.0565123 -0.020957
internal_weight=404.606 228.517 176.088 104.389 71.6994 122.549 78.3797 31.6853 8.0625 114.486 106.254 68.7279 14.4015 54.3264
internal_count=7203 5880 1323 843 480 2349 476 171 57 2292 2217 1281 228 1053
is_linear=0
shrinkage=0.05


Tree=25
num_leaves=15
num_cat=0
split_feature=34 74 11 66 26 38 39 95 60 31 33 134 6 6
split_gain=130.551 29.0653 27.5944 22.5983 21.2051 18.7609 15.7439 16.847 14.8208 17.7224 14.544 13.8625 16.4399 27.3776
threshold=51.740882873535163 0.99187403917312633 0.036867141723632819 36.850105285644538 0.4483622163534165 0.0017571843345649543 0.077071577310562148 2.6660000003175814e-06 1429.6291503906252 94.232173919677749 1443.262634277344 1.0000000180025095e-35 35.881444931030281 36.166255950927741
decision_type=8 2 8 2 10 10 10 10 2 10 10 2 10 10
left_child=2 -2 3 6 -5 -6 7 -1 9 -3 -10 -11 -13 -14
right_child=1 8 -4 4 5 -7 -8 -9 10 11 -12 12 13 -15
leaf_value=0.035890596280214973 -0.044137926995035978 -0.034628811386450443 -0.031677943488757541 0.060284237614234008 0.05413750537956219 -0.04455211471847486 0.057304597618732855 -0.031108420372971169 0.014339899224584294 0.067400710336652875 0.16330777705673172 -0.027024008371186199 0.14106907657919629 0.0010924825394539265
leaf_weight=14.045880936086176 107.7485981117934 49.334018178284168 14.784700211137531 91.852069795131683 7.8056963682174709 9.6275693085044605 12.125360779464243 23.984285786747932 6.6151140443980685 6.9390330687165251 1.2847218364477155 29.670322168618441 3.4124494194984463 16.844192653894424
leaf_count=76 3744 1109 253 483 43 148 58 268 84 36 10 604 20 292
internal_value=-0.000243686 -0.0256336 0.0320481 0.038118 0.0507842 0.000175647 0.0100659 -0.00607776 -0.00792771 -0.0130111 0.0541935 0.00601763 -0.00366958 0.0302002
internal_weight=396.074 221.848 174.226 159.441 109.285 17.4333 50.1555 38.0302 114.1 106.2 7.89984 56.866 49.927 20.2566
internal_count=7228 5899 1329 1076 674 191 402 344 2155 2061 94 952 916 312
is_linear=0
shrinkage=0.05


Tree=26
num_leaves=15
num_cat=0
split_feature=34 9 11 66 0 78 93 81 20 46 8 33 67 33
split_gain=108.665 34.8975 26.6375 21.1502 21.1745 17.8471 15.4088 14.8093 12.286 22.6744 40.9484 24.4925 21.5763 18.8336
threshold=51.740882873535163 0.99172109365463268 0.026229790411889557 36.850105285644538 5170.5000000000009 0.00041254187817685311 1.5534999988631173e-06 0.00026777404127642518 0.00021449170162668454 1.4474999829872106e-06 54.632076263427741 1413.9710083007815 32.28930854797364 1443.262634277344
decision_type=8 10 8 2 2 2 10 2 10 10 10 10 2 10
left_child=2 -2 3 5 -5 6 -1 8 13 10 -10 -11 -13 -3
right_child=1 7 -4 4 -6 -7 -8 -9 9 11 -12 12 -14 -15
leaf_value=0.026053556795269595 -0.044181316100762549 -0.032635092300165723 -0.030176382624756283 0.053473770738652553 -0.046456867532061331 0.048690103874505536 -0.040656603732536822 0.060121474678303255 -0.014931755076799023 -0.046533996225117391 0.14308106812024698 -0.036031156277639378 0.064455390780539093 0.12944865683252779
leaf_weight=14.300915781408547 101.32952811941504 48.143124885857105 15.980891745537518 102.94254565611482 4.8466617986559859 17.589415110647678 19.104990877211094 7.3655674755573264 8.715607197955249 23.072155423462391 6.4696616530418387 7.8284401260316399 12.968726776540278 0.88974835723638435
leaf_count=71 3680 1094 282 603 59 94 247 41 198 533 52 148 89 6
internal_value=0.000685366 -0.0229196 0.0299292 0.0361296 0.0485947 0.00935398 -0.0121711 -0.00403967 -0.00892295 0.00642388 0.0570702 -0.0119884 0.0267127 -0.0271654
internal_weight=391.548 216.783 174.765 158.785 107.789 50.9953 33.4059 115.453 108.087 59.0546 15.1853 43.8693 20.7972 49.0329
internal_count=7197 5841 1356 1074 662 412 318 2161 2120 1020 250 770 237 1100
is_linear=0
shrinkage=0.05


Tree=27
num_leaves=15
num_cat=0
split_feature=34 9 11 37 68 0 4 137 32 46 18 71 123 37
split_gain=101.246 35.3517 23.0417 19.3545 22.5402 17.3975 13.3026 13.9203 13.4771 12.0438 11.7434 41.4482 10.9342 14.9071
threshold=51.740882873535163 0.99348744750022899 0.071454100310802474 0.4181389063596726 39.074211120605476 5170.5000000000009 24.805038452148441 35.676322937011726 1413.9710083007815 1.6234999975495159e-06 2.0734998997795633e-06 54.632076263427741 3.0179013013839726 0.0020366604439914231
decision_type=8 10 8 10 2 2 10 2 10 10 10 2 8 10
left_child=2 -2 3 -1 -5 -6 -3 -8 9 10 12 -12 -9 -14
right_child=1 6 -4 4 5 -7 7 8 -10 -11 11 -13 13 -15
leaf_value=-0.0061919855158025991 -0.043152307849933354 0.054097027912030082 -0.044231703389838999 -0.022897505184449222 0.051611590187018191 -0.045019420148465085 0.047569075613958449 -0.043665741980250097 0.046717904972567281 -0.049753559216500626 -0.024885167054319233 0.11841949009597373 -0.04484678507912826 0.05435743749120641
leaf_weight=25.018983319401741 104.60626644082367 8.5260935574769956 9.1875490769743902 11.782823484390972 116.16061403229833 4.116342104971408 9.2608053870499116 24.221760839223865 7.407862924039363 23.053599124774337 15.035872519016268 6.407465085387229 5.7806116156279987 7.6411622129380703
leaf_count=260 3907 52 192 175 619 51 65 590 62 549 356 56 140 116
internal_value=0.000255387 -0.022613 0.0293669 0.0339243 0.0415138 0.0479606 -0.00238238 -0.00774908 -0.0139321 -0.0198979 -0.00761516 0.021304 -0.0242137 0.0114842
internal_weight=378.208 211.941 166.266 157.079 132.06 120.277 107.335 98.8091 89.5483 82.1405 59.0869 21.4433 37.6435 13.4218
internal_count=7190 5893 1297 1105 845 670 1986 1934 1869 1807 1258 412 846 256
is_linear=0
shrinkage=0.05


Tree=28
num_leaves=15
num_cat=0
split_feature=34 74 73 33 68 81 123 36 41 73 125 86 46 8
split_gain=93.7284 33.5879 23.355 36.7909 26.2941 19.4265 17.8832 17.6151 11.5724 11.386 15.2312 11.4095 15.962 10.0958
threshold=51.740882873535163 0.98932859301567089 96.65808486938478 1288.546081542969 39.074211120605476 0.00026777404127642518 -132.70146942138669 844.34735107421886 8.2955204561585574e-05 89.214183807373061 66.500000000000014 0.9976821541786195 1.633500005482347e-06 66.636322021484389
decision_type=8 2 2 10 2 2 8 10 10 2 2 2 10 8
left_child=2 -2 4 6 -1 9 -4 8 -5 10 -3 12 -12 -11
right_child=1 5 3 7 -6 -7 -8 -9 -10 13 11 -13 -14 -15
leaf_value=-0.020585063261283315 -0.045325631404630216 -0.014344979215954729 0.041174195748515365 0.073901049151432877 0.064278926383712506 0.066818308647004457 -0.057999581569394013 0.011219427224875218 -0.0076028115445925656 -0.03770084900779528 0.077124237017201169 -0.027341062057239504 -0.032749292783695691 0.073825802855713551
leaf_weight=10.403129313141106 89.47739078477025 47.468245930969715 4.9657755810767412 23.945171277970079 55.186414670199156 7.8254335746169081 20.890124158933762 50.421028688549995 5.063475437462329 36.21892942674458 13.66320256888867 5.0523288920521727 3.6490098088979712 1.2372652608901251
leaf_count=165 3530 976 40 112 312 54 343 322 47 911 167 114 73 27
internal_value=0.000254464 -0.0225271 0.0275035 0.0127045 0.0507117 -0.0045682 -0.0381288 0.0295201 0.0598952 -0.0103439 0.00166425 0.0348031 0.0534417 -0.0321929
internal_weight=375.467 204.592 170.875 105.286 65.5895 115.114 25.8559 79.4297 29.0086 107.289 69.8328 22.3645 17.3122 37.4562
internal_count=7193 5852 1341 864 477 2322 383 481 159 2268 1330 354 240 938
is_linear=0
shrinkage=0.05


Tree=29
num_leaves=15
num_cat=0
split_feature=34 9 74 43 17 127 36 134 31 7 3 106 60 115
split_gain=85.8998 29.7745 20.4027 22.4936 22.0951 15.6394 13.0597 11.5262 12.2628 20.1373 23.0337 22.0252 12.819 11.9502
threshold=51.740882873535163 0.99348744750022899 0.99390801787376415 0.00080425053602084528 0.00049801202840171765 -35.283512115478509 844.34735107421886 0.92711213231086742 88.075580596923842 44.195472717285163 8.5462222099304217 1214775.3125000002 1413.7979736328127 0.013931090012192728
decision_type=8 10 2 10 8 10 10 2 10 10 10 2 2 2
left_child=2 -2 3 5 -4 -1 -5 8 12 11 -11 -10 -3 -14
right_child=1 7 4 6 -6 -7 -8 -9 9 10 -12 -13 13 -15
leaf_value=0.019623358542736419 -0.043285076604062493 -0.035727276349431146 -0.029302687173712538 0.05639366628596898 0.059138433282892922 -0.053615422614131547 0.010948569730018898 -0.027688384276232676 -0.039963301272164367 0.12558378972877571 0.012397667371299704 0.079639062075722064 -0.040508818933344355 0.064036499161365862
leaf_weight=11.318203425034882 96.166622528806329 22.118939712643623 7.4913951531052581 23.245250251144171 53.808845739811659 17.558288868516684 47.316214893013239 34.69813484326005 14.034108791500332 7.333013046532872 10.295786682516335 4.1854979880154124 3.3400184940546733 6.9430697038769722
leaf_count=113 3892 561 120 132 334 292 307 790 304 37 108 45 73 58
internal_value=-0.00153321 -0.0234302 0.0255689 0.01138 0.0480333 -0.0252133 0.0264985 -0.00464532 0.0073003 0.0271026 0.0636935 -0.00977358 -0.0147638 0.0294988
internal_weight=359.853 199.115 160.738 99.438 61.3002 28.8765 70.5615 102.949 68.2504 35.8484 17.6288 18.2196 32.402 10.2831
internal_count=7166 5868 1298 844 454 405 439 1976 1186 494 145 349 692 131
is_linear=0
shrinkage=0.05


Tree=30
num_leaves=15
num_cat=0
split_feature=34 74 79 68 59 38 34 31 71 84 7 78 32 38
split_gain=80.6783 29.3914 21.4611 17.9203 19.1532 25.2506 14.8927 12.6096 14.0109 13.0574 13.783 15.0147 11.8763 11.5093
threshold=51.740882873535163 0.99187403917312633 0.0093898782506585139 36.358932495117195 6001.9108886718759 0.0041841513011604556 28.865631103515629 89.531368255615249 52.391719818115241 0.0011863823747262361 37.886302947998054 0.0028599081560969357 1413.9710083007815 0.00058531280956231068
decision_type=8 2 2 2 2 10 10 8 2 2 10 2 8 8
left_child=2 -2 3 -1 6 -6 -5 12 13 10 -10 -12 -3 -9
right_child=1 7 -4 4 5 -7 -8 8 9 -11 11 -13 -14 -15
leaf_value=-0.039172244099667679 -0.043828689838997778 -0.034074083756445918 -0.033066098204480823 -0.044374450416130529 0.033425175025337088 -0.035690647347069886 0.057921723243507341 -0.040807542243076984 -0.037507383157118608 -0.032748623754596126 0.069418915227163827 -0.039543326360961029 0.034170562396733772 0.029959841059896131
leaf_weight=7.774577807635068 86.437866166234016 40.556394698098302 13.487335214391349 3.0443649515509597 49.995443250983953 16.929262634366751 68.896658904850483 16.892584072425965 3.8908027075231102 6.1664467621594659 23.195682117715481 2.9782991055399171 6.6983654573559752 7.6067242305725804
leaf_count=139 3700 1066 251 34 263 216 411 407 94 127 213 75 60 133
internal_value=-0.000681754 -0.0222764 0.0255135 0.0310889 0.0352745 0.0156736 0.0530438 -0.00478087 0.0102363 0.0296576 0.0430997 0.0560213 -0.0238927 -0.0185219
internal_weight=354.551 194.423 160.128 146.64 138.866 66.9247 71.941 107.985 60.7305 36.2312 30.0648 26.174 47.2548 24.4993
internal_count=7189 5875 1314 1063 924 479 445 2175 1049 509 382 288 1126 540
is_linear=0
shrinkage=0.05


Tree=31
num_leaves=15
num_cat=0
split_feature=5 5 37 29 121 34 38 0 69 5 17 33 100 116
split_gain=81.9224 36.2061 32.6264 21.7205 22.3675 27.5403 17.0858 14.2061 13.7415 19.221 17.0459 15.6094 11.4823 10.9724
threshold=537.74844360351574 86.490345001220717 0.0020869567524641757 3214.6501464843755 133010.68750000003 36.17515945434571 0.00056625794968567799 5170.5000000000009 37.025253295898445 64.250652313232436 0.0035988078452646737 1435.919616699219 0.12771779298782351 1.970667898654938
decision_type=10 8 10 2 2 10 10 2 2 10 8 10 8 2
left_child=1 6 -2 -4 5 -5 8 13 -1 10 -10 -12 -8 -6
right_child=2 -3 3 4 7 -7 12 -9 9 -11 11 -13 -14 -15
leaf_value=-0.03534739565131563 -0.047838447700233766 -0.042843275799745104 0.061630540347280154 0.034690386205723789 0.083174689923290052 -0.026088439294724392 0.10570041425831259 -0.041758796601575748 -0.026734747424313546 -0.029993186099561159 0.071903270607582462 -0.039732005051080647 -0.0078419680130732833 0.017546089848735392
leaf_weight=25.325190044939518 12.952506013214586 100.44331321492791 43.951926177367568 35.868224494159222 20.615834653377537 36.711221067234874 5.1326620597392294 2.9125559888780108 7.9714366756379631 18.320280713960528 19.091900240629915 3.0464311242103568 3.2918439153581867 9.9397134725004417
leaf_count=570 533 3769 270 213 145 478 58 39 156 449 203 65 65 123
internal_value=7.79039e-05 -0.0228596 0.025767 0.0323976 0.0198192 0.00401126 0.00178669 0.0529897 -0.00623304 0.00939863 0.0335602 0.055488 0.0652096 0.0630583
internal_weight=345.575 182.623 162.952 149.999 106.048 72.5794 82.1797 33.4681 73.7552 48.43 30.1098 22.1383 8.42451 30.5555
internal_count=7136 5335 1801 1268 998 691 1566 307 1443 873 424 268 123 268
is_linear=0
shrinkage=0.05


Tree=32
num_leaves=15
num_cat=0
split_feature=37 9 100 73 5 73 33 81 120 37 26 20 71 33
split_gain=63.7447 26.4737 23.5739 22.0687 22.732 13.5127 26.2238 12.7974 12.7213 20.0545 11.9115 11.5176 18.8981 14.9368
threshold=0.52864032983779918 0.99615752696990978 0.32215501368045812 529.41552734375011 593.30627441406261 98.53808975219728 1288.546081542969 0.04124149680137635 1214.0000000000002 0.0019880720647051935 0.45374268293380743 0.00022438869928009811 54.632076263427741 1413.9710083007815
decision_type=10 10 8 2 8 2 10 2 2 10 10 10 2 8
left_child=1 3 5 -1 7 -2 -7 10 11 -10 -5 -3 13 -13
right_child=2 8 -4 4 -6 6 -8 -9 9 -11 -12 12 -14 -15
leaf_value=-0.045347494322556074 0.055053255558943984 -0.026331051042232503 -0.025086865469931375 0.13731144451179789 -0.017440610484063476 -0.03335400718614507 0.041583594725357408 -0.033398851379773213 -0.031689141605858159 0.098522156993490762 -0.018666824798488066 -0.029818370145845458 0.083204886737131195 0.030078385152357175
leaf_weight=82.047769468277693 54.033021252602339 27.981074415147305 16.716315239667892 4.3519959896802893 48.481906132772565 15.841920873150228 37.744625270366669 1.7346684448420999 3.9968317262828332 7.2563936449587345 1.3031529076397417 20.310437917709351 7.1032272092998019 19.346458461135626
leaf_count=3503 390 670 275 57 947 163 198 38 113 57 26 526 51 226
internal_value=0.000426686 -0.0154978 0.0289996 -0.0289984 -0.00461445 0.0375544 0.0192244 0.0715824 0.00623907 0.0534629 0.103964 -0.00148305 0.0136259 -0.000576874
internal_weight=348.25 223.914 124.336 137.919 55.8717 107.62 53.5865 7.38982 85.9944 11.2532 5.65515 74.7412 46.7601 39.6569
internal_count=7240 6214 1026 4571 1068 751 361 121 1643 170 83 1473 803 752
is_linear=0
shrinkage=0.05


Tree=33
num_leaves=15
num_cat=0
split_feature=5 5 33 33 127 38 5 69 111 134 75 11 5 131
split_gain=67.11 39.8077 29.768 33.715 21.6566 16.0577 15.3428 16.4653 11.1641 10.9986 10.8927 10.8998 14.7129 9.13603
threshold=537.74844360351574 85.826648712158217 100.55838775634767 1288.546081542969 -1155.4205322265623 0.00012739674275508153 64.250652313232436 37.025253295898445 582.64392089843761 0.55270656943321239 0.0048195689450949439 0.027587519027292732 593.30627441406261 0.99135681986808788
decision_type=10 8 8 10 10 10 10 2 2 2 2 10 10 2
left_child=1 5 -2 8 -5 6 7 -1 -4 -7 -6 12 -12 -9
right_child=2 -3 3 4 10 9 -8 13 -10 -11 11 -13 -14 -15
leaf_value=-0.02371720771963097 0.059363080210071452 -0.042435757313200616 0.043645061910114177 0.066192654722913552 -0.037957861589365476 0.11084080937099101 -0.037378438137356709 0.045296034736818418 -0.053394028800648155 0.0067096361445399769 0.084063225881666107 -0.04194771986505258 0.013715801793724659 -0.024764143790243838
leaf_weight=19.329995529726148 42.614014908671379 94.702550178393722 2.656417882069948 22.355258330702782 9.1063885670155269 4.5852142106741649 21.879208479076624 26.359659887850288 21.100423723459244 4.8961941655725241 7.9499053973704568 5.8809248339384785 47.583698799833655 4.9382343813776961
leaf_count=426 268 3847 21 168 270 44 556 323 509 84 77 108 371 99
internal_value=0.00063311 -0.0205284 0.0240942 0.010813 0.0244195 0.00498262 -0.00333479 0.0118164 -0.0412188 0.062838 0.010437 0.0181061 0.0250952 0.0338173
internal_weight=335.938 176.691 159.247 116.633 92.8762 81.9885 72.5071 50.6279 23.7568 9.48141 70.5209 61.4145 55.5336 31.2979
internal_count=7171 5379 1792 1524 994 1532 1404 848 530 128 826 556 448 422
is_linear=0
shrinkage=0.05


Tree=34
num_leaves=15
num_cat=0
split_feature=5 5 53 32 38 127 33 5 69 7 123 134 33 33
split_gain=60.1202 38.2591 29.631 23.6671 22.379 13.2099 13.9394 15.2104 10.4448 12.9847 15.2579 10.2948 8.84443 8.6795
threshold=537.74844360351574 85.826648712158217 663.65014648437511 38.200859069824226 0.00012739674275508153 898.39999389648449 67.861312866210952 1410.7191162109377 37.886302947998054 48.250652313232429 22.636755943298343 0.55270656943321239 1429.262634277344 1423.148864746094
decision_type=10 8 8 8 10 8 10 10 2 10 8 2 10 10
left_child=1 4 -2 5 8 6 -4 -8 12 13 -11 -6 -1 -10
right_child=2 -3 3 -5 11 -7 7 -9 9 10 -12 -13 -14 -15
leaf_value=-0.032392831169755026 0.059147458350939208 -0.04157188726959761 0.058123964608750224 -0.0488348523377942 0.11425236923625948 0.05106528162176649 0.014931279751487506 -0.03725940865075051 0.05479209032893434 -0.044525951836992275 0.08498176132563727 0.013215884989741706 0.04585672569980271 -0.013409517595607235
leaf_weight=31.258005557581782 41.209071602672338 91.075679885223508 10.792681679129599 13.986249713227151 5.2518670223653299 22.880219640210271 44.684179231524467 19.104384619742632 16.370836606249217 12.048754381015895 1.7982308212667693 4.7182570416480303 3.1834335811436167 5.9139328934252253
leaf_count=764 287 3822 69 551 43 167 489 209 160 321 29 85 33 119
internal_value=0.000699458 -0.0195525 0.023446 0.00983641 0.00555086 0.0186665 0.00818302 -0.00103343 -0.00471164 0.0138928 -0.0231165 0.0720012 -0.0240704 0.0368942
internal_weight=324.276 171.619 152.657 111.448 80.5433 97.4615 74.5812 63.7886 70.5732 36.1318 13.847 9.97012 34.4414 22.2848
internal_count=7148 5376 1772 1485 1554 934 767 698 1426 629 350 128 797 279
is_linear=0
shrinkage=0.05


Tree=35
num_leaves=15
num_cat=0
split_feature=35 46 18 96 4 137 73 33 5 0 8 5 33 103
split_gain=50.5698 24.4619 20.0974 15.6202 14.9576 13.6058 13.3967 19.7429 9.94867 12.7788 11.3125 14.7678 10.2761 10.0611
threshold=94.355403900146499 1.6570999832765668e-05 0.0023281665053218607 0.026818301528692249 21.931548118591312 35.676322937011726 66.703720092773452 1288.546081542969 48.707345962524421 67.500000000000014 53.886302947998054 64.250652313232436 1443.262634277344 7.5000000000000009
decision_type=8 8 10 10 8 2 2 10 8 2 10 10 8 2
left_child=2 4 3 6 -2 -6 -1 -8 9 -7 -10 -12 13 -13
right_child=1 -3 -4 -5 5 8 7 -9 10 -11 11 12 -14 -15
leaf_value=0.04989359732945594 0.044331326336848824 -0.048093752425100125 -0.027428119935271607 0.064568580447477167 0.040673594062712967 0.0061977130978914975 -0.033842189954791928 0.02927848313621928 -0.036644301225953219 0.1512469292305326 0.056086567685632985 -0.03121679205478043 0.088276666580596699 0.0108422884635889
leaf_weight=26.18850639089942 12.772364739328621 42.136888608336449 14.637804351747034 28.850067170336843 11.104428933933375 9.1283550150692427 18.524545734748244 32.967879900708795 50.474684195592999 0.84502604976296503 7.5451741963624945 42.204821517691016 1.4010031446814526 20.574050664901733
leaf_count=213 119 2074 397 201 151 158 197 185 1715 19 76 1393 8 239
internal_value=0.000777331 -0.0147587 0.0261013 0.0336432 -0.00550864 -0.010228 0.0214831 0.00635853 -0.0147778 0.0311506 -0.0187487 -0.00582443 -0.0138517 -0.0174792
internal_weight=319.356 198.187 121.169 106.531 156.05 143.278 77.6809 51.4924 132.173 9.97338 122.2 71.725 64.1799 62.7789
internal_count=7145 5952 1193 796 3878 3759 595 382 3608 177 3431 1716 1640 1632
is_linear=0
shrinkage=0.05


Tree=36
num_leaves=15
num_cat=0
split_feature=5 5 33 33 127 134 120 31 137 17 46 3 79 39
split_gain=55.311 34.5115 26.6472 26.3283 16.8709 14.2773 11.4671 13.5671 13.5637 12.0923 10.3435 18.8853 9.09967 12.7628
threshold=537.74844360351574 91.263515472412124 100.55838775634767 1288.546081542969 -1155.4205322265623 0.061868688091635711 320.50000000000006 64.092761993408217 50.256685256958015 0.023739675991237167 1.4474999829872106e-06 7.5635015964508066 2.2336035726766571e-05 0.00042256515007466083
decision_type=10 8 8 10 10 2 2 10 2 10 8 10 2 10
left_child=1 5 -2 -4 -5 6 8 -8 -1 -10 11 -7 13 -6
right_child=2 -3 3 4 12 10 7 -9 9 -11 -12 -13 -14 -15
leaf_value=-0.0077099487153043551 0.057076364035918807 -0.042702212407870789 -0.042399349067816158 0.0597046953112675 1.4959042928392041e-05 0.10038701172036529 -0.027114043013224877 0.15631738515801538 -0.025879191140950837 0.092218752075698185 -0.032482769886154575 -0.01205411317961414 -0.027957767468514329 0.048906223653070624
leaf_weight=19.877208961173896 38.452026262879372 82.798391412943602 19.410149967297912 20.091940302401781 38.226112224161625 3.8191109821200397 1.0837988667190068 2.255868824198842 2.4586637783795577 7.0648401863873005 29.283546606078744 15.867111759260295 12.910958385094998 19.510605847463012
leaf_count=359 268 3773 508 157 401 53 30 19 49 38 707 339 260 166
internal_value=-0.000240205 -0.0201555 0.0217942 0.00907491 0.0204279 0.0029316 0.028029 0.104259 0.0162253 0.0621677 -0.0140732 0.0135577 0.00858037 0.0170878
internal_weight=313.11 164.509 148.602 110.15 90.7396 81.7101 32.7404 3.33967 29.4007 9.5235 48.9698 19.6862 70.6477 57.7367
internal_count=7127 5367 1760 1492 984 1594 495 49 446 87 1099 392 827 567
is_linear=0
shrinkage=0.05


Tree=37
num_leaves=15
num_cat=0
split_feature=67 37 34 79 9 81 0 73 73 125 34 7 97 130
split_gain=45.0007 33.228 17.3564 13.0516 12.2843 12.4099 12.0717 9.01032 9.51122 9.2439 8.96821 10.7347 14.1469 19.2828
threshold=53.231668472290046 0.39443081617355352 28.865631103515629 0.038218110799789436 0.9894905984401704 0.00062873814022168528 5170.5000000000009 529.41552734375011 611.74948120117199 -80.499999999999986 1344.7073364257815 37.025253295898445 1.7182000192406125e-05 0.0076306217815727004
decision_type=2 8 8 2 10 2 2 2 2 2 10 10 10 2
left_child=1 4 -3 6 7 10 -4 -1 9 -9 -6 -12 -13 -14
right_child=-2 2 3 -5 5 -7 -8 8 -10 -11 11 12 13 -15
leaf_value=-0.045123713382248715 -0.049703620977145271 -0.043887181801175582 0.039550807350187393 -0.030541463183386665 0.067421620280825323 0.068256658986782751 -0.043679003726944998 0.1407328179485863 -0.016873946605002237 -0.0041520776708183936 -0.038621609573477059 -0.023343177558441869 -0.0096720246720371182 0.055586417903072366
leaf_weight=28.461395209655166 37.042755261063576 7.1762016750872126 106.25081771239638 7.0675391014665356 3.4896654449403277 5.8219965044409028 3.7468435466289511 1.0576613377779724 22.040612386539578 2.2489558048546341 17.810739114880562 28.284896720200777 23.407432354986668 20.476968144997954
leaf_count=1511 1998 122 745 171 49 45 55 21 356 45 529 766 600 223
internal_value=0.00130739 0.0082747 0.0273815 0.032085 -0.00730758 0.00315083 0.0363478 -0.0263116 -0.00427732 0.0641085 -0.00158405 -0.00497192 0.00374687 0.0213383
internal_weight=314.384 277.342 124.241 117.065 153.1 99.2917 109.998 53.8086 25.3472 3.30662 93.4697 89.98 72.1693 43.8844
internal_count=7236 5238 1093 971 4145 2212 800 1933 422 66 2167 2118 1589 823
is_linear=0
shrinkage=0.05


Tree=38
num_leaves=15
num_cat=0
split_feature=35 93 93 105 73 33 127 11 81 7 10 97 47 20
split_gain=46.4834 19.7791 18.9818 14.7905 17.4637 18.0353 10.7365 10.4802 14.9562 10.8397 12.097 9.44286 9.38246 9.5843
threshold=94.355403900146499 1.2222500117786696e-05 0.00024278199998661878 1.3416666984558108 67.633594512939467 1358.5483398437502 465.21852111816412 6.2113682361086844e-05 0.00019995685579488057 37.025253295898445 0.00054137781262397777 4.1230000533687425e-06 0.11033661663532258 2.5884000024234414e-05
decision_type=10 8 8 2 2 10 8 10 2 10 10 10 10 10
left_child=2 7 3 -1 -5 12 -7 8 9 -2 11 -11 -6 -14
right_child=1 -3 -4 4 5 6 -8 -9 -10 10 -12 -13 13 -15
leaf_value=0.0897591265445285 -0.037474528811298057 -0.048962018211088795 -0.025097173924819711 0.05411140976164347 -0.052117656716627173 0.0080053606230437134 0.061790832297386515 -0.041087105620029263 0.052073879853018396 -0.029052884400253515 -0.020140538290045789 0.024533925491748931 0.047820122716788462 -0.038782404115893371
leaf_weight=8.9504310339689237 23.968622241169214 36.495160246267915 16.648628676310182 32.230608515441418 12.782511087134482 23.269217502325773 14.831903051584957 20.013733096420765 10.285188639536498 9.1338659543544036 42.713619973510504 44.836731424555182 6.0566133428364974 4.8725165668874979
leaf_count=54 810 2068 432 251 186 140 86 870 129 220 1338 538 34 68
internal_value=-0.000925811 -0.0164372 0.0233111 0.0313022 0.0248528 0.00897805 0.0299876 -0.00830327 -0.00301886 -0.00810475 -0.000514709 0.0151015 -0.0246287 0.00919579
internal_weight=307.089 187.447 119.642 102.994 94.0434 61.8128 38.1011 150.952 130.938 120.653 96.6842 53.9706 23.7116 10.9291
internal_count=7224 5973 1251 819 765 514 226 3905 3035 2906 2096 758 288 102
is_linear=0
shrinkage=0.05


Tree=39
num_leaves=15
num_cat=0
split_feature=34 74 123 79 66 73 33 47 100 37 8 41 5 120
split_gain=42.3816 24.8621 15.3534 14.9805 13.6573 13.5115 25.1766 9.49059 15.3854 12.6983 8.88053 8.85726 8.08897 7.96898
threshold=53.832799911499031 0.98904100060462963 154.77207183837893 0.0093898782506585139 36.850105285644538 100.7484474182129 188.73970794677737 0.060183294117450721 0.039306214079260833 0.0019880720647051935 66.636322021484389 8.2955204561585574e-05 38.200859069824226 679.50000000000011
decision_type=10 2 10 2 2 2 10 10 10 10 8 10 10 2
left_child=3 -2 7 4 -1 -6 -7 8 10 -10 -3 -8 -9 -11
right_child=1 2 -4 -5 5 6 11 12 9 13 -12 -13 -14 -15
leaf_value=0.0016447327680932421 -0.045321866368111564 -0.026468602277626964 0.080459903478375727 -0.034278383470644068 0.055184812353830132 -0.056081735882323042 0.045322572641581765 0.025279870236993452 -0.040971418333983781 0.028897150763398483 0.1041718000917943 -0.018157716554417693 -0.030446681230355006 0.10139513211654504
leaf_weight=47.177284169942141 55.694822183810174 22.022365765646104 4.1423691082745782 11.433102318085728 41.818767178803682 8.8482478037476522 29.38522388599813 6.8266363479197016 3.4533216953277615 12.504055043682458 0.40344627387821574 6.1329735796898595 44.330453647300601 5.3862283434718838
leaf_count=441 3343 628 57 274 325 174 183 105 113 196 11 64 1232 39
internal_value=-0.000780629 -0.0189128 -0.0037616 0.0185966 0.023351 0.0350777 0.0153266 -0.00823728 0.00875892 0.0382795 -0.0197718 0.0341643 -0.0226682 0.0549362
internal_weight=299.559 154.764 99.0689 144.796 133.362 86.1852 44.3664 94.9265 43.7694 21.3436 22.4258 35.5182 51.1571 17.8903
internal_count=7185 5724 2381 1461 1187 746 421 2324 987 348 639 247 1337 235
is_linear=0
shrinkage=0.05


Tree=40
num_leaves=15
num_cat=0
split_feature=5 5 107 16 64 134 126 5 11 17 4 1 58 74
split_gain=39.6056 31.1153 21.0452 18.8388 13.9743 12.8678 11.8885 9.62719 9.3803 9.21319 11.9506 13.6127 8.8869 7.68841
threshold=537.74844360351574 91.263515472412124 316.98677062988287 0.043580848723649986 36.17515945434571 0.029018141329288486 129482.15625000001 64.250652313232436 2.9853221349185336e-05 0.0045689537655562171 32.323677062988288 269.82330322265631 9501158.5000000019 0.93107929825782787
decision_type=10 8 2 8 2 2 2 10 10 10 8 2 2 2
left_child=1 6 -2 4 12 8 7 9 -6 -1 11 -11 13 -4
right_child=2 -3 3 -5 5 -7 -8 -9 -10 10 -12 -13 -14 -15
leaf_value=-0.026421574087272828 0.057363116982952433 -0.039481878698576355 0.02032355044056321 -0.051975238562264187 0.033411249840692624 -0.038764227753006211 0.044746963933038737 -0.031586773263397663 -0.034748656130814466 0.073256840441803736 0.045626975341925072 -0.039467693209930259 -0.03324506356005575 0.058714051197262189
leaf_weight=12.515605164691804 29.019803911447525 74.404435054399073 31.59588048607111 10.100125937722622 19.230942617170516 16.357364085502923 14.376909788697956 20.570387721061707 5.8305644961073986 2.5080240909010199 20.252527037635442 10.592887958511708 4.0700264144688836 23.466242602095008
leaf_count=267 239 3826 284 417 145 222 228 587 131 21 245 271 93 237
internal_value=0.000956139 -0.0163765 0.0201979 0.0100244 0.0167026 -0.00552246 0.00511827 -0.00399339 0.016829 0.00879103 0.0223888 -0.014223 0.032103 0.0374402
internal_weight=294.892 155.221 139.671 110.651 100.551 41.4189 80.8163 66.4394 25.0615 45.869 33.3534 13.1009 59.1321 55.0621
internal_count=7213 5445 1768 1529 1112 498 1619 1391 276 804 537 292 614 521
is_linear=0
shrinkage=0.05


Tree=41
num_leaves=15
num_cat=0
split_feature=37 5 9 33 129 43 64 125 137 64 4 90 81 136
split_gain=34.1418 22.733 25.7559 17.367 20.5734 13.0793 11.575 9.96097 9.47527 14.2055 15.9965 13.779 7.47693 7.17842
threshold=0.0024698984343558554 537.74844360351574 0.99074685573577892 100.55838775634767 -0.062959980219602571 0.00080425053602084528 1413.9710083007815 128.50000000000003 35.676322937011726 34.636320114135749 36.358932495117195 0.072702024132013335 0.015936508774757389 1.0000000180025095e-35
decision_type=8 10 10 8 10 10 2 2 2 2 8 8 2 2
left_child=6 2 -2 -3 12 -6 -1 8 -4 -10 -11 -12 -5 -9
right_child=1 3 7 4 5 -7 -8 13 9 10 11 -13 -14 -15
leaf_value=-0.043160717244448067 -0.044261415313700946 0.052918314978995212 0.051859467675764853 0.061616057444103617 -0.046036742931614673 0.0078845249931178054 0.024174805706192126 0.062181590868397196 -0.038399161128776393 0.0630107821522079 -0.039961606511064146 0.061990232002376668 -0.012358245824118085 -0.0049684975253973815
leaf_weight=48.919158034957945 33.512924036942422 33.471791543066502 6.0511823631823054 20.423040234483782 12.884303992614148 58.240096118301153 6.6649916768074027 11.246627280488612 22.371275162324309 9.566030574962495 12.488835809752345 3.4325927346944818 3.7068382315337649 5.689346967265009
leaf_count=2449 1938 275 37 163 215 539 85 168 623 124 360 34 53 107
internal_value=5.21488e-05 0.00847707 -0.00882283 0.0224621 0.0113213 -0.00238627 -0.0348021 0.00832376 -0.00237209 -0.0101501 0.0151587 -0.0156168 0.0502125 0.0406044
internal_weight=288.669 233.085 104.359 128.726 95.2543 71.1244 55.5841 70.8459 53.9099 47.8587 25.4875 15.9214 24.1299 16.936
internal_count=7170 4636 3391 1245 970 754 2534 1453 1178 1141 518 394 216 275
is_linear=0
shrinkage=0.05


Tree=42
num_leaves=15
num_cat=0
split_feature=67 5 5 59 33 121 3 75 123 134 7 17 67 49
split_gain=32.2079 25.0321 21.4896 18.4892 12.1415 13.5304 11.9667 11.0809 10.1928 8.71762 10.7807 10.3983 7.96354 10.1242
threshold=53.832799911499031 537.74844360351574 91.263515472412124 2950.052612304688 100.55838775634767 133010.68750000003 429.20304870605474 0.0021959925070405011 154.77207183837893 0.92711213231086742 37.886302947998054 0.0013963129022158685 32.28930854797364 3.8620000850642108e-06
decision_type=2 10 8 2 10 2 10 2 10 2 10 8 2 8
left_child=1 2 8 -3 -5 6 -6 -7 9 10 -1 -12 -13 -14
right_child=-2 3 -4 4 5 7 -8 -9 -10 -11 11 12 13 -15
leaf_value=-0.010080153882249683 -0.04920307426330793 0.053059184419443774 -0.034990905753641083 0.051348152616915381 -0.04425248557034684 -0.042006994940648745 0.0048308745500973997 0.044117584772164993 0.086370476898796233 -0.023883081182158618 -0.041031152357278777 -7.4239950619223942e-05 -0.025538445227331365 0.079370510929857474
leaf_weight=24.416833830997348 29.592360959388316 32.188192892819643 51.529965536668897 13.488186098635195 18.513780190609396 3.64177346415818 33.681774532422423 21.812175717204809 2.8127002008259288 21.098337012343109 3.1115186288952854 6.5372497923672226 2.2188332863152054 14.267487743869422
leaf_count=541 1960 250 2516 113 336 100 186 237 25 550 64 112 62 92
internal_value=-0.000776464 0.00514503 -0.0104921 0.0210762 0.00932716 0.00146779 -0.0130836 0.0306733 0.0067006 0.00242728 0.0136584 0.0353905 0.0469965 0.0645982
internal_weight=278.911 249.319 125.993 123.326 91.1377 77.6495 52.1956 25.4539 74.463 71.6503 50.5519 26.1351 23.0236 16.4863
internal_count=7144 5184 3962 1222 972 859 522 337 1446 1421 871 330 266 154
is_linear=0
shrinkage=0.05


Tree=43
num_leaves=15
num_cat=0
split_feature=67 4 37 69 11 29 11 121 37 128 123 127 134 137
split_gain=31.789 26.5362 15.786 13.7876 12.1919 12.5207 9.8849 10.8579 22.8032 8.09323 7.75788 8.08772 7.67708 7.80762
threshold=53.832799911499031 47.843925476074226 0.39443081617355352 38.665632247924812 0.065854527056217207 39472.650390625007 6.2113682361086844e-05 102669.48046875001 0.0023147709434852008 -25.312791824340817 29.015679359436039 -3.0730725526809688 0.061868688091635711 71.749347686767592
decision_type=2 10 8 2 10 2 10 2 10 10 8 8 2 2
left_child=1 2 6 9 5 -5 7 12 -9 -4 -10 -12 -1 -14
right_child=-2 -3 3 4 -6 -7 -8 8 10 -11 11 -13 13 -15
leaf_value=0.0052593130027798439 -0.049068000280816662 0.061863981565144194 0.010827749979565707 0.061301233916896208 -0.043502952363018821 0.010396533163677248 -0.042206145302475427 -0.039596946504020542 0.014953026089508797 -0.034722641072047304 -0.028108505075222352 0.088719036785113836 -0.044334438732618053 -0.0051588002446529731
leaf_weight=33.295797894708812 27.899175432510674 18.801283049397171 28.111912321299314 28.662063702940941 3.9338555959984651 21.190618133172393 18.724183052778244 9.9856532616540772 10.507692896761002 13.685528839007018 1.2309264950454233 10.298479711636899 25.504667760804296 25.023384734988213
leaf_count=664 1936 222 277 223 136 136 967 413 284 151 37 115 852 721
internal_value=0.000582956 0.00632112 0.00153584 0.0169768 0.0334825 0.0402934 -0.00947601 -0.00386993 0.0204937 -0.00454943 0.0482594 0.0749981 -0.0133093 -0.0254098
internal_weight=276.855 248.956 230.155 95.584 53.7865 49.8527 134.571 115.847 32.0228 41.7974 22.0371 11.5294 83.8239 50.5281
internal_count=7134 5198 4976 923 495 359 4053 3086 849 428 436 152 2237 1573
is_linear=0
shrinkage=0.05


Tree=44
num_leaves=15
num_cat=0
split_feature=5 9 33 122 31 39 11 38 97 20 5 69 105 17
split_gain=30.6594 24.3786 16.9556 20.9404 11.8716 10.7853 15.6206 10.0702 8.25322 7.35791 6.31654 9.24972 8.52815 7.67714
threshold=537.74844360351574 0.99521899223327648 100.55838775634767 64.03162002563478 105.6354446411133 0.0001992266843444668 1.0000000180025095e-35 0.00069221595185808848 1.6248250176431615e-05 1.9144499674439434e-06 64.250652313232436 37.025253295898445 1427.5000000000002 0.0035988078452646737
decision_type=10 10 8 8 10 10 10 10 10 8 10 2 2 8
left_child=1 -1 -2 4 -4 -5 -7 10 -9 -8 11 -3 -12 -13
right_child=2 7 3 5 -6 6 9 8 -10 -11 12 13 -14 -15
leaf_value=-0.042333239563748085 0.051999230796205401 -0.024752863705356749 -0.053140607498175112 -0.0064468407981753545 0.00024386803001622722 0.06215529404723491 0.043787535357444785 -0.0090711786728510501 0.082302846803539068 -0.029682402995790797 -0.034806066504843573 -0.020100748366445178 0.029245242468787652 0.035074993474281051
leaf_weight=53.879660320468247 26.758370697498322 15.521563110873101 14.09956651739776 15.849169709719716 33.530879433266819 27.752392282709479 4.2920421920716736 3.7636726070195419 5.3114491701126099 8.5910000978037715 25.80814212188125 7.7365867123007801 5.6363562662154427 23.621256187558174
leaf_count=3486 248 416 480 189 440 189 29 84 41 185 787 161 169 279
internal_value=-0.000117193 -0.0162145 0.0172511 0.00791087 -0.0163268 0.0282777 0.0416509 0.000183899 0.0472687 -0.00381461 -0.00579878 0.00582761 -0.0227775 0.0212616
internal_weight=272.152 141.279 130.873 104.115 47.6304 56.4846 40.6354 87.399 9.07512 12.883 78.3239 46.8794 31.4445 31.3578
internal_count=7183 5423 1760 1512 920 592 403 1937 125 214 1812 856 956 440
is_linear=0
shrinkage=0.05


Tree=45
num_leaves=15
num_cat=0
split_feature=32 64 79 39 121 0 137 20 5 73 38 32 65 58
split_gain=30.7843 21.6068 14.2829 16.2245 13.1607 14.1694 13.7471 11.2278 9.18189 8.94253 12.3032 8.39531 18.1305 7.712
threshold=49.185781478881843 48.780223846435554 0.0099504948593676108 0.10767590627074243 944993.28125000012 5170.5000000000009 35.676322937011726 3.0409499913730546e-06 59.000000000000007 92.371795654296889 0.00028944245423190301 35.932809829711921 36.358932495117195 1838001.2500000002
decision_type=10 2 2 10 2 2 2 10 8 2 10 10 2 2
left_child=1 2 3 4 6 -6 -1 13 -2 10 11 -9 -13 -8
right_child=8 -3 -4 -5 5 -7 7 9 -10 -11 -12 12 -14 -15
leaf_value=0.046563820168736454 0.0020026802221052909 0.061353995721011328 -0.037545432955039995 0.06037252629901934 0.05446011922742347 -0.042231188384703619 0.026867531604397532 -0.028713022876595967 -0.048393437442501165 -0.027013781811454692 0.054818813924040782 0.07479804500115099 -0.028745171716159292 -0.044055330435551779
leaf_weight=12.471378779970108 11.967781189829109 16.73033104185015 17.999815689399838 12.691191563382743 19.840770516544584 3.8506130613386622 30.102030696347356 22.792445007711649 34.971518238075078 59.249724863097072 8.0133645851165038 6.6202685311436644 8.6411777660250646 3.4579241676256052
leaf_count=135 251 192 845 92 274 113 237 578 2347 1685 75 33 230 96
internal_value=0.00058842 0.00838591 0.00380252 0.00794493 0.00382233 0.0376708 -0.00168864 -0.00632371 -0.0357705 -0.0143324 0.0022052 -0.00999412 0.0180085 0.0184965
internal_weight=269.4 222.461 205.731 187.731 175.04 23.6914 151.348 138.877 46.9393 105.317 46.0673 38.0539 15.2614 33.56
internal_count=7183 4585 4393 3548 3456 387 3069 2934 2598 2601 916 841 263 333
is_linear=0
shrinkage=0.05


Tree=46
num_leaves=15
num_cat=0
split_feature=67 30 26 34 79 68 120 121 75 19 65 17 96 135
split_gain=26.6553 19.7738 11.5479 13.4556 10.631 9.21778 8.68067 8.4902 15.2675 8.67677 8.21146 5.85925 5.75348 9.96386
threshold=53.832799911499031 296.00061035156256 0.96850368380546581 28.865631103515629 0.077206529676914229 36.358932495117195 -150.49999999999997 160066.76562500003 0.0019806884229183201 0.037048492580652244 34.703720092773445 0.0012264911201782527 0.0022751387441530828 5.0000000000000009
decision_type=2 10 8 8 2 2 2 2 2 10 2 8 10 2
left_child=1 2 3 -1 5 -5 10 12 -9 -10 -7 -8 -3 -14
right_child=-2 7 -4 4 -6 6 11 8 9 -11 -12 -13 13 -15
leaf_value=-0.036244438846583689 -0.048787769100271862 -0.030893799023196389 -0.033529482605006093 -0.028397495228011046 -0.033916732972542753 0.043942268282006536 -0.001510672249760675 -0.036942220636696242 -0.0017793322505442082 0.05819830317190261 -0.059774067749382515 0.055258395475349859 -0.028425422446503087 0.0065189166659188908
leaf_weight=6.4294667216017833 25.163500986993313 31.12557106371969 7.3000094266608349 3.9454923979938021 4.4604282751679412 2.6513681039214125 4.9035464432090512 9.2106759753078205 9.5989636089652794 14.959501453675328 3.050973841920495 53.264481457881629 30.781569328159094 56.18868531472981
leaf_count=120 1988 1071 232 75 231 21 46 430 328 223 26 445 844 1143
internal_value=-0.000878824 0.00437232 0.0233863 0.0290197 0.0352408 0.0402163 0.0448272 -0.00647843 0.0153225 0.035603 -0.0121888 0.0505281 -0.0127887 -0.00603154
internal_weight=263.034 237.871 86.0058 78.7058 72.2763 67.8159 63.8704 151.865 33.7691 24.5585 5.70234 58.168 118.096 86.9703
internal_count=7223 5235 1196 964 844 613 538 4039 981 551 47 491 3058 1987
is_linear=0
shrinkage=0.05


Tree=47
num_leaves=15
num_cat=0
split_feature=67 37 66 90 11 81 32 134 100 73 121 137 62 121
split_gain=26.0049 19.316 12.628 12.0147 11.8933 12.8254 10.7504 9.44964 9.44899 9.04019 10.0407 9.34262 9.28588 8.2323
threshold=53.832799911499031 0.40765106678009039 36.850105285644538 0.017349137924611572 6.2113682361086844e-05 0.00062873814022168528 36.358932495117195 0.061868688091635711 0.19710198044776919 95.521781921386733 242504.63281250003 50.256685256958015 64.190139770507827 102669.48046875001
decision_type=2 8 2 8 10 2 8 2 8 2 2 2 2 2
left_child=1 4 8 6 5 7 -4 9 -3 10 11 -1 -12 -7
right_child=-2 2 3 -5 -6 13 -8 -9 -10 -11 12 -13 -14 -15
leaf_value=-0.0080552530830630322 -0.048679367825356257 0.015479549120688727 0.034721722044234654 0.051174824068109262 -0.045768527128341209 -0.013641293664642307 -0.023216428297764546 -0.019205273618841862 -0.035709771819513868 -0.013388861078365167 -0.025016192619789879 0.060112530339355708 0.12805158332832309 0.089776088282096114
leaf_weight=14.852131807245319 24.149151773191988 24.187754875980318 16.950756153091788 38.712286349385977 16.976557462476194 2.501164603047072 13.530243347398939 62.224452610127628 13.047877505421637 21.249161590822041 0.93227371014654581 6.4513911269605151 3.0368468649685383 4.920197450555861
leaf_count=286 1998 188 191 361 971 68 139 2075 217 622 30 53 21 48
internal_value=-0.000302707 0.00475578 0.0205388 0.0330261 -0.00791944 -0.00204482 0.00908296 -0.00659082 -0.0029227 0.0103305 0.0300242 0.0143578 0.0942997 0.057441
internal_weight=263.722 239.573 106.429 69.1933 133.144 116.168 30.481 108.746 37.2356 46.5218 25.2726 21.3035 3.96912 7.42136
internal_count=7268 5270 1096 691 4174 3203 330 3087 405 1012 390 339 51 116
is_linear=0
shrinkage=0.05


Tree=48
num_leaves=15
num_cat=0
split_feature=67 4 11 39 69 98 73 75 101 20 75 6 8 129
split_gain=24.3212 21.9506 12.627 13.2202 10.0486 17.7311 14.9905 12.9279 12.0942 9.3784 7.45821 7.38355 6.87083 8.10874
threshold=53.832799911499031 47.843925476074226 0.071454100310802474 0.144722655415535 37.886302947998054 0.00048884125135373335 94.665630340576186 0.011004147585481407 0.02278877887874842 0.00099592166952788851 0.00085151343955658387 35.881444931030281 52.215396881103523 -0.021280156448483464
decision_type=2 10 8 10 2 8 2 2 8 10 2 10 10 10
left_child=1 2 3 4 5 10 8 -8 -6 -9 -1 12 13 -10
right_child=-2 -3 -4 -5 6 -7 7 9 11 -11 -12 -13 -14 -15
leaf_value=-0.033129870295815982 -0.048497304497800979 0.061242300658857697 -0.048217543686036923 0.053864953707761433 -0.021751234133680207 -0.024798613337259155 -0.035541418579279435 0.016212682267688912 0.050703205054870783 -0.042247873914061831 0.064449408345320439 0.061095628372917848 0.051119618985739537 -0.040755919167111222
leaf_weight=1.8297919547185282 22.265043616294861 15.208048216998575 11.340191855095325 11.418398069217799 8.1558698043227178 59.72225406114012 22.305937652476132 50.374536078423262 2.6004537492990449 6.9454391673207274 7.9798201816156507 22.294726606458426 6.4903102507814756 6.572292651981118
leaf_count=86 1923 211 636 91 218 1559 878 613 34 382 66 210 62 177
internal_value=0.000262004 0.00510377 0.000926259 0.00384175 0.00065713 -0.0144734 0.00907223 -0.00410643 0.0314324 0.00852609 0.0448669 0.0431248 0.0154138 -0.0123921
internal_weight=255.503 233.238 218.03 206.69 195.271 69.5319 125.74 79.6259 46.1137 57.32 9.80961 37.9578 15.6631 9.17275
internal_count=7146 5223 5012 4376 4285 1711 2574 1873 701 995 152 483 273 211
is_linear=0
shrinkage=0.05


Tree=49
num_leaves=15
num_cat=0
split_feature=74 5 9 127 73 25 131 100 93 120 122 31 98 27
split_gain=22.8947 15.3938 13.4538 13.1462 15.8435 8.73428 8.39649 7.18382 7.42852 7.89605 13.0045 7.07447 8.53998 6.67152
threshold=0.36425061523914343 537.74844360351574 0.99392548203468334 -1155.4205322265623 69.025253295898452 253.89691925048831 0.94282186031341564 0.34153817594051367 1.3525000213121532e-06 262.50000000000006 -0.11422610655426978 161.01947784423831 0.0041964799165725717 3005.1489257812505
decision_type=2 10 10 10 2 10 2 10 10 2 8 10 10 10
left_child=-1 2 -2 -3 -5 -6 7 8 -4 -10 -11 -7 -13 -14
right_child=1 3 6 4 5 11 -8 -9 9 10 -12 12 13 -15
leaf_value=-0.04759596980316784 -0.03693558075211812 0.052412457198500489 -0.026714144610172581 0.049603972013997216 0.063404807218118045 -0.030107866781987888 -0.032148985640271764 -0.043637805988495114 0.012471218738441522 0.12109626355743582 -0.0040523348881791764 0.04822617920338805 -0.0452948606410771 0.0045013128133375028
leaf_weight=21.141944249160588 27.819748766720295 21.87152586132288 9.092042248696087 19.022994890809059 4.0240466473624101 19.00488490704447 13.764262493699787 5.0109462467953554 53.342529464513063 3.6263143215328455 3.6515383794903746 8.3379999212920648 7.1538052922114721 37.65385970287025
leaf_count=1951 1889 207 292 220 31 313 421 182 1019 31 100 100 116 295
internal_value=0.00100743 0.00559477 -0.00726244 0.0183216 0.0100259 -0.000372558 0.00237504 0.00907504 0.0134276 0.019784 0.065401 -0.00474775 0.00470959 -0.00426419
internal_weight=254.518 233.376 116.307 117.069 95.1976 76.1746 88.4876 74.7234 69.7124 60.6204 7.27785 72.1505 53.1457 44.8077
internal_count=7167 5216 3934 1282 1075 855 2045 1624 1442 1150 131 824 511 411
is_linear=0
shrinkage=0.05


Tree=50
num_leaves=15
num_cat=0
split_feature=67 35 66 101 65 11 81 101 120 124 120 6 18 81
split_gain=22.4663 16.5806 11.0648 10.439 10.7641 8.79171 10.4987 7.24396 7.13655 6.04692 10.3681 6.04306 5.71072 5.9412
threshold=53.832799911499031 94.355403900146499 36.850105285644538 0.1233908459544182 34.703720092773445 6.2113682361086844e-05 0.00064798331004567455 0.19079033285379413 151.50000000000003 0.0056187827140092858 252.50000000000003 37.886302947998054 0.30099447071552282 0.010811126790940763
decision_type=2 10 2 8 2 10 2 8 2 10 2 8 10 2
left_child=1 2 7 4 -4 6 9 -1 -8 -3 11 -11 13 -5
right_child=-2 5 3 12 -6 -7 8 -9 -10 10 -12 -13 -14 -15
leaf_value=0.013695837293441574 -0.048299954253556404 -0.013962589415400385 0.037965880450946322 0.06733654944308852 -0.017327813892287911 -0.038481693147037255 -0.01248052620337285 -0.037139593317579704 0.088419902893258143 -0.009707378840112392 0.061750668860197359 0.049367789177393602 -0.031556310158281142 -0.020233967713481679
leaf_weight=19.221211022697393 20.875807173550129 70.140400432050228 19.277980549260974 23.990468931384392 14.75309412833303 17.331164934672415 2.301543913781642 9.7389948032796365 4.2276887185871601 31.014928778633475 6.8544154874980441 4.0070375977084032 1.1804624497890461 1.6626823972910632
leaf_count=194 1976 2059 195 213 190 1041 69 169 40 747 123 72 12 18
internal_value=8.97726e-05 0.00475878 0.0213058 0.0332499 0.0141847 -0.00625576 -0.00126191 -0.00406858 0.0559189 -0.00506016 0.00982874 -0.00176544 0.0560505 0.0611145
internal_weight=246.578 225.702 89.8249 60.8647 34.0311 135.877 118.546 28.9602 6.52923 112.017 41.8764 35.022 26.8336 25.6532
internal_count=7118 5142 991 628 385 4151 3110 363 109 3001 942 819 243 231
is_linear=0
shrinkage=0.05


Tree=51
num_leaves=15
num_cat=0
split_feature=67 4 37 35 73 61 49 34 136 32 21 94 11 3
split_gain=22.5845 16.2571 10.3879 13.4022 8.63919 8.73166 12.5379 12.3824 9.32718 9.11086 8.59031 8.46398 7.87836 7.19832
threshold=53.832799911499031 47.843925476074226 0.36018018424510961 43.262624740600593 89.214183807373061 43.718763351440437 1.7137000213551804e-05 1344.7073364257815 1.0000000180025095e-35 1413.9710083007815 0.025040742941200737 2.4648498992974059e-06 0.055773299187421806 7.8547856807708749
decision_type=2 10 10 10 2 2 10 8 2 10 10 10 8 10
left_child=1 2 4 11 5 7 -7 13 -8 -9 -5 -4 -12 -1
right_child=-2 -3 3 10 -6 6 8 9 -10 -11 12 -13 -14 -15
leaf_value=0.12617962583116518 -0.048198058676274969 0.059573572950924275 0.03918634769473249 0.017790858768448558 -0.019054760904923251 -0.016938238370011321 0.08030123737131406 -0.034789453478207465 -0.0026588073329666846 0.029902755840479908 0.077043144221716695 -0.022544514568136699 -0.020209392572306015 -0.023318274502628206
leaf_weight=1.4758287537843018 20.154878386296332 12.24755589943379 5.9906585142016402 44.935689416714013 66.703418899327517 8.732749920338394 10.427676154300569 22.127885724417869 4.7269575698301187 6.2756592258810988 11.864098725840446 26.659204488620162 2.0525358505547056 0.79313471913337696
leaf_count=24 1994 200 51 407 2852 217 89 703 85 61 75 309 101 21
internal_value=0.00120907 0.00582824 0.00247025 0.0151025 -0.00710725 0.0075795 0.0296365 -0.00999156 0.055862 -0.0199651 0.0291824 -0.0103901 0.0623063 0.0827744
internal_weight=245.168 225.013 212.765 91.5022 121.263 54.5599 23.8874 30.6725 15.1546 28.4035 58.8523 32.6499 13.9166 2.26896
internal_count=7189 5195 4995 943 4052 1200 391 809 174 764 583 360 176 45
is_linear=0
shrinkage=0.05


Tree=52
num_leaves=15
num_cat=0
split_feature=5 74 33 5 63 38 79 40 36 128 125 89 75 77
split_gain=22.4297 21.162 11.4384 17.1034 10.4717 8.81267 8.80316 7.0567 8.25249 6.7782 10.8643 6.60268 6.5991 6.42914
threshold=537.74844360351574 0.99348744750022899 98.379909515380874 593.30627441406261 28.443740844726566 0.00069221595185808848 0.0019324122695252301 1.0000000180025095e-35 738.66665649414074 1.6519165039062502 147.50000000000003 0.0046739741228520879 0.0028863510815426712 0.0047754792030900725
decision_type=10 2 8 10 2 10 2 8 10 10 2 8 2 2
left_child=1 -1 -2 6 -5 9 13 8 -6 11 -11 -3 -7 -4
right_child=2 5 3 4 7 12 -8 -9 -10 10 -12 -13 -14 -15
leaf_value=-0.046489043099765398 0.046737493828400228 -0.041078484654773019 0.034781652708450454 -0.04477277696908076 0.045141880990876002 -0.032970437485458387 -0.035471768690681631 -0.028066930923376421 0.00093792276151066973 -0.012138859908867509 0.056816888538337565 -0.004271926443263469 0.059188074252196667 0.10465906546293043
leaf_weight=37.422633910551667 21.67241482436657 18.01792957726866 10.941286515444522 11.743287210352717 13.353126952424644 1.7829644149169306 2.0310583757236591 12.281710342504082 40.104641197249293 14.001489047892393 8.342545757070182 34.664609731175005 7.9237258490175009 5.0836547613143912
leaf_count=3316 265 646 109 493 112 83 53 343 366 358 151 772 71 43
internal_value=-0.000779419 -0.0157092 0.0147815 0.00712337 -0.00327268 -0.00173151 0.049566 0.00470042 0.0126057 -0.00769298 0.014938 -0.0173908 0.0407617 0.0617945
internal_weight=239.367 122.156 117.211 95.5388 77.4828 84.7333 18.056 65.7395 53.4578 75.0266 22.344 52.6825 9.70669 16.0249
internal_count=7181 5397 1784 1519 1314 2081 205 821 478 1927 509 1418 154 152
is_linear=0
shrinkage=0.05


Tree=53
num_leaves=15
num_cat=0
split_feature=74 5 74 127 73 31 123 78 41 66 36 124 25 37
split_gain=18.7693 10.7474 12.3629 11.6052 13.2531 8.37127 7.16216 7.01996 5.85757 5.53604 5.35731 5.25509 7.36858 5.0859
threshold=0.36425061523914343 537.74844360351574 0.99513176083564769 -523.65975952148426 69.025253295898452 161.01947784423831 173.95368957519534 0.0023942599073052411 0.0044223989825695762 36.850105285644538 1378.4043579101565 0.00051273472490720462 90307.296875000015 0.95469591021537792
decision_type=2 10 2 10 2 10 10 2 10 2 10 8 8 10
left_child=-1 2 -2 -3 -5 7 11 -6 9 10 -7 -4 -13 -9
right_child=1 3 6 4 5 8 -8 13 -10 -11 -12 12 -14 -15
leaf_value=-0.046978074142718686 -0.034826078814886051 0.046627369659718768 -0.014279980939254689 0.047152029114691019 -0.050395426009699776 0.011516673741219473 0.066063661294880408 -0.025001235886903755 -0.041740997173689523 0.028048465067923994 -0.038127121101942697 0.0059383512009501087 0.08914757186311395 0.053418070142279839
leaf_weight=18.003352086059749 27.270875764079392 22.871498097665608 35.000444642268121 15.904363736510275 12.444155042059721 15.615055110305549 3.3273072093725196 3.6470919270068398 4.3864890784025183 27.136170091107488 7.0970270074903956 42.998645827174187 1.8521051891148079 2.7877543941140175
leaf_count=1961 1995 232 1001 215 232 79 32 62 99 299 53 922 40 15
internal_value=0.000728284 0.00478424 -0.00625606 0.0156413 0.00725049 -0.00194835 0.00341334 -0.0297486 0.00809224 0.0132121 -0.00494964 1.79589e-05 0.0112438 0.0115875
internal_weight=240.342 222.339 110.449 111.89 89.0181 73.1137 83.1785 18.879 54.2347 49.8483 22.7121 79.8512 44.8508 6.43485
internal_count=7237 5276 3990 1286 1054 839 1995 309 530 431 132 1963 962 77
is_linear=0
shrinkage=0.05


Tree=54
num_leaves=15
num_cat=0
split_feature=65 65 73 73 127 66 7 133 37 127 120 86 32 65
split_gain=16.3612 12.1788 12.0081 12.876 10.9187 10.714 9.23189 11.1225 9.97141 8.36065 7.49673 6.8594 6.13185 5.80555
threshold=49.445241928100593 47.843925476074226 64.250652313232436 529.41552734375011 -1155.4205322265623 1443.262634277344 44.195472717285163 0.99621212482452404 0.010453744325786831 -10.507080078124998 320.50000000000006 0.97493124008178722 1429.262634277344 24.805038452148441
decision_type=2 2 2 2 10 2 10 2 10 8 2 2 8 2
left_child=1 2 6 5 -5 13 7 9 -8 -1 12 -10 -11 -4
right_child=-2 -3 3 4 -6 -7 8 -9 11 10 -12 -13 -14 -15
leaf_value=0.047327076921925414 -0.047428177824257484 0.10233083259350523 0.012731090110459706 0.047585277026038014 0.0010579480267815008 0.073911336931916136 -0.026148637052669572 0.055119715246670614 -0.025483062129477083 -0.0424271510648618 0.066334955936103487 0.065240384492112988 0.03221715910918202 -0.026805044511520989
leaf_weight=4.0597732551395893 15.082961784675716 2.1582433013245454 10.164051587693391 14.899413526058195 61.167691014707088 2.0995724238455287 3.675538549199703 7.2749186493456355 1.7882418129593158 17.769205478951339 1.1911232694983471 20.026995787397027 2.4710371773690047 66.319483601022512
leaf_count=38 1671 28 166 163 822 12 79 116 29 499 14 226 23 3251
internal_value=0.00123036 0.00484659 0.00338462 -0.00392502 0.0106705 -0.0180098 0.0225278 0.00463266 0.0444871 -0.0113126 -0.0240355 0.0570126 -0.0322264 -0.0214545
internal_weight=230.148 215.065 212.907 154.65 76.0671 78.5831 58.2568 32.7661 25.4908 25.4911 21.4314 21.8152 20.2402 76.4835
internal_count=7137 5466 5438 4414 985 3429 1024 690 334 574 536 255 522 3417
is_linear=0
shrinkage=0.05


Tree=55
num_leaves=15
num_cat=0
split_feature=37 11 125 17 29 35 135 130 68 3 71 71 103 33
split_gain=17.3578 13.2498 10.5428 13.3704 14.2018 13.9612 13.2364 13.6568 11.3974 11.292 9.28966 8.38535 8.20394 8.59911
threshold=0.0024698984343558554 0.071454100310802474 1026.5000000000002 0.0035988078452646737 17108.467773437504 36.916666030883796 5.0000000000000009 0.0076306217815727004 1387.4155273437502 11.259958267211916 62.797708511352546 533.70712280273449 7.5000000000000009 1344.7073364257815
decision_type=8 8 2 10 2 10 2 2 2 10 2 2 2 8
left_child=12 2 3 -2 5 9 -6 10 -9 -5 -8 -7 -1 -14
right_child=1 -3 -4 4 6 11 7 8 -10 -11 -12 -13 13 -15
leaf_value=-0.045627607081524378 -0.021328180260534263 -0.045609090084108114 0.047316619901833459 0.043216650911622863 -0.028829421942739221 0.057140446591016171 -0.039202850517471625 -0.038375402870068825 0.068692760734398187 -0.044001871179421038 0.012594471373070064 -0.038339959890974606 0.11461566465070637 -0.010275489535903586
leaf_weight=25.096642726100981 33.680598306469619 10.264317167457191 16.43354650773108 5.3754680473357421 24.913388480432332 32.870575594715774 10.775135978125034 2.3183987196534899 13.692621748894451 7.9271097481250763 31.686670058406889 1.7926396410912264 0.52584991557523331 13.272179489955306
leaf_count=2069 1390 753 195 83 747 379 515 92 104 74 339 28 21 416
internal_value=0.000884687 0.00709494 0.0103097 0.00636182 0.0135694 0.0349433 0.00100628 0.0139893 0.0518447 -0.00820014 -0.00114923 0.051266 -0.0291391 0.00190787
internal_weight=230.625 191.73 181.466 165.033 131.352 47.9658 83.3862 58.4728 16.011 13.3026 42.4618 34.6632 38.8947 13.798
internal_count=7205 4699 3946 3751 2361 564 1797 1050 196 157 854 407 2506 437
is_linear=0
shrinkage=0.05


Tree=56
num_leaves=15
num_cat=0
split_feature=67 35 34 66 120 100 78 81 10 123 33 33 75 125
split_gain=16.618 12.3527 12.6744 7.30201 7.43552 7.24749 7.05665 7.61611 6.92663 5.81732 5.11869 8.88404 5.01443 7.38921
threshold=53.832799911499031 93.095958709716811 47.216011047363288 37.743314743041999 -223.49999999999997 0.20163425803184512 0.02867420390248299 0.00062873814022168528 0.0065832813270390042 1157.5614013671877 100.55838775634767 188.73970794677737 0.0024622962810099129 1026.5000000000002
decision_type=2 8 8 2 2 10 2 2 10 8 10 10 2 2
left_child=1 2 3 5 -5 -1 7 8 12 -9 -6 -12 -3 -14
right_child=-2 6 -4 4 10 -7 -8 9 -10 -11 11 -13 13 -15
leaf_value=0.01119318502599944 -0.04751654879576768 -0.018259747624429928 0.083789506371064082 -0.028589050454106743 0.048944067504557223 -0.041437381568824982 -0.039329274797662045 -0.0059383842237802865 -0.033108063150458542 0.076076805492771293 -0.049050658551859458 0.028644415223034705 0.0020956029467018994 0.057098984839662151
leaf_weight=17.618850099854175 15.965677036438136 24.752730333246291 6.0044160736724725 5.006479454226791 20.64024374447763 9.1318140309303981 12.854779454879461 3.4117745198309413 17.409557695500553 4.326393473893404 3.6641718344762948 17.069764492101967 60.565998641774058 5.8019776083528987
leaf_count=196 1943 860 59 57 268 152 793 116 1225 65 75 146 1141 58
internal_value=7.70439e-05 0.00393533 0.0193637 0.0130151 0.0248257 -0.00761897 -0.0055964 -0.00156328 -0.0051341 0.0433748 0.0318113 0.0132888 0.000511997 0.00768026
internal_weight=224.225 208.259 79.1357 73.1313 46.3807 26.7507 129.123 116.268 108.53 7.73817 41.3742 20.7339 91.1207 66.368
internal_count=7154 5211 953 894 546 348 4258 3465 3284 181 489 221 2059 1199
is_linear=0
shrinkage=0.05


Tree=57
num_leaves=15
num_cat=0
split_feature=18 4 4 129 24 8 71 73 3 133 73 73 33 33
split_gain=16.0199 15.1323 10.8848 15.7691 7.57842 7.05521 14.717 10.176 6.87102 6.1177 6.08584 9.44549 7.95937 7.71379
threshold=0.0023691694950684909 47.843925476074226 22.200860023498539 0.26853741705417639 1.3550000190734866 52.215396881103523 52.547355651855476 48.707345962524421 9.9692487716674822 0.99621212482452404 64.250652313232436 529.41552734375011 1443.262634277344 1390.431579589844
decision_type=8 10 10 8 10 10 2 2 8 2 2 2 8 8
left_child=1 2 3 8 -4 7 -7 9 -1 -6 13 12 -12 -8
right_child=-2 -3 4 -5 5 6 10 -9 -10 -11 11 -13 -14 -15
leaf_value=0.051272398787809342 -0.035666734202825172 0.059881422615700723 0.05377241412061165 0.060069528283796761 -0.014854287407340815 0.044618784483038541 0.055682945835575294 -0.040203821575426929 -0.033313794560472364 0.066943282326011516 -0.034052397107013445 0.0021674607725022058 0.069273096941466814 -0.022512951936719004
leaf_weight=2.1691283583641026 27.790807648561895 10.513592289295046 4.443072829861193 15.948078704066576 4.4526749569922677 14.744195555336772 6.9946191366761896 26.638589503243566 9.3919610865414143 3.14808096177876 38.538536938372999 54.276058620773256 1.0449374616146077 4.4885382577776918
leaf_count=12 2243 218 40 139 98 152 53 1341 225 50 1939 580 5 112
internal_value=-0.000823171 0.00425285 0.000810187 0.0292662 -0.00427257 -0.00627913 -0.000502338 -0.0259507 -0.0146251 0.022869 -0.00717786 -0.0114371 -0.0296851 0.0257628
internal_weight=224.583 196.792 186.278 27.5092 158.769 154.326 120.087 34.2393 11.5611 7.60076 105.343 93.8595 39.5835 11.4832
internal_count=7207 4964 4746 376 4370 4330 2841 1489 237 148 2689 2524 1944 165
is_linear=0
shrinkage=0.05


Tree=58
num_leaves=15
num_cat=0
split_feature=67 35 127 76 114 11 35 75 120 37 69 118 3 135
split_gain=16.5822 10.6124 8.54883 12.2992 8.12716 8.03486 7.44724 7.25032 6.21047 9.84668 7.11502 9.69769 7.6323 9.97454
threshold=53.832799911499031 94.934288024902358 -63.970371246337884 0.0055717215873301038 0.47974354028701788 6.2113682361086844e-05 48.780223846435554 0.035749787464737899 171.50000000000003 0.0019880720647051935 38.054365158081062 0.048772443085908897 7.3013880252838144 5.0000000000000009
decision_type=2 8 10 2 2 10 10 2 2 10 2 2 10 2
left_child=1 2 6 7 -5 8 -1 -4 10 -10 -3 12 -12 -14
right_child=-2 5 3 4 -6 -7 -8 -9 9 -11 11 -13 13 -15
leaf_value=0.015030695789575894 -0.047397379675339246 -0.02701636849504185 0.045831570192400944 0.050808988535173183 -0.038280900840604759 -0.03783385934128386 0.064601542187883595 -0.0013506047062055914 -0.030953172479877156 0.037293162624814226 0.06698669414817604 -0.021181979794299425 -0.035767228787564879 0.025563983013880093
leaf_weight=16.744641056284312 15.418649107217787 26.780324261635542 16.889172725379471 2.1178229823708561 16.239575386978686 14.59911162406206 14.172214343212543 14.8415578790009 6.1586867161095169 20.605301219969988 5.9036031728610388 23.223951689898968 8.2811744594946521 22.427236992865801
leaf_count=186 2002 1041 252 15 274 1062 118 135 352 436 46 805 247 283
internal_value=0.000999719 0.00477912 0.018826 0.0058127 -0.0259091 -0.0041889 0.039066 0.0243958 0.000436197 0.0210397 -0.00609765 0.00355497 0.0193922 0.00841832
internal_weight=224.403 208.984 81.005 50.0881 18.3574 127.979 30.9169 31.7307 113.38 26.764 86.6163 59.836 36.612 30.7084
internal_count=7254 5252 980 676 289 4272 304 387 3210 788 2422 1381 576 530
is_linear=0
shrinkage=0.05


Tree=59
num_leaves=15
num_cat=0
split_feature=67 4 11 39 125 75 69 99 120 46 32 7 130 65
split_gain=14.7478 13.2889 8.42467 9.87041 7.1654 13.0818 9.63642 11.6297 9.39699 5.63327 4.69765 9.56877 7.32236 4.25803
threshold=53.832799911499031 47.843925476074226 0.015686515718698505 0.14235056191682818 1026.5000000000002 0.0019806884229183201 37.025253295898445 0.021189388819038871 -2415.4999999999995 2.7655000849335924e-06 1413.9710083007815 44.195472717285163 0.55648330226540577 49.445241928100593
decision_type=2 10 8 10 2 2 2 8 2 8 8 10 2 2
left_child=1 2 3 4 6 -6 8 -8 -1 10 11 -9 -13 -3
right_child=-2 13 -4 -5 5 -7 7 9 -10 -11 -12 12 -14 -15
leaf_value=0.06381923655517914 -0.047174248764532467 0.066694427215266902 -0.034605371601503683 0.050935162414658536 -0.030375743000057888 0.050817003279870904 -0.013513803401032577 -0.042265268363631897 -0.031827964191348479 0.043416968829674503 0.055984270223038229 0.002204332038878559 0.056208433829432303 -0.025288672237239015
leaf_weight=1.8483987068757404 14.432555893436072 9.1457263715565169 14.746641625184564 9.3508461937308294 6.3386636148206916 15.352295150049029 50.778872702736408 8.0313827255740744 34.436500143725425 15.803294874727724 3.7924594869837156 25.325660963077098 7.384025612846016 0.91110092401504594
leaf_count=23 1968 155 895 87 351 185 1548 308 999 185 22 320 82 48
internal_value=-4.44604e-05 0.00351682 0.000463273 0.00353808 0.000632946 0.0267973 -0.00337194 0.00397527 -0.0253746 0.0186743 0.00913331 0.00353536 0.0157012 0.0568277
internal_weight=217.678 203.246 193.189 178.442 169.092 21.691 147.401 111.116 36.2849 60.3368 44.5335 40.7411 32.7097 10.0568
internal_count=7176 5208 5005 4110 4023 536 3487 2465 1022 917 732 710 402 203
is_linear=0
shrinkage=0.05


Tree=60
num_leaves=15
num_cat=0
split_feature=74 5 49 63 73 123 5 12 47 65 4 38 5 128
split_gain=13.9738 9.02079 9.97495 8.50977 8.18451 7.95328 7.38346 7.05151 7.7902 7.68942 7.19493 6.69393 6.24711 6.52194
threshold=0.36425061523914343 537.74844360351574 0.027200401760637764 11.129520416259767 130.65808868408206 108.15989685058595 85.826648712158217 0.018019480630755428 0.073707778006792082 36.358932495117195 37.025253295898445 0.00012739674275508153 64.250652313232436 -342.78796386718744
decision_type=2 10 10 2 2 10 8 10 8 2 8 10 10 10
left_child=-1 3 7 4 5 6 11 9 -9 -3 -11 12 13 -2
right_child=1 2 -4 -5 -6 -7 -8 8 -10 10 -12 -13 -14 -15
leaf_value=-0.046979371112516252 -0.034205441841340188 0.026362833014167666 0.053867664776992244 -0.0362307098015823 0.074285513463009198 0.05898957643635222 -0.035337512464612801 0.032263132769567646 -0.048119696165608156 -0.03923455896715896 0.011420783986903812 0.048730556182555458 -0.034018020220401804 0.015671777627897943
leaf_weight=13.305678614880888 7.2294457629322926 46.925532877445221 12.962345986627041 18.496121915057302 2.6034484789706758 3.8937414009124032 16.390898327343166 3.4837785642594072 9.0989640122279525 9.6355928126722574 19.679727618116885 5.7397776972502461 12.172453910112379 31.507960891351111
leaf_count=1934 138 551 176 1405 100 50 944 50 169 72 255 86 519 699
internal_value=0.000769875 0.00416753 0.014527 -0.0066265 0.000622201 -0.00279175 -0.00683751 0.00825006 -0.0251274 0.0140126 -0.00597401 0.00187856 -0.00424072 0.0057368
internal_weight=213.125 199.82 101.786 98.0338 79.5377 76.9343 73.0405 88.8236 12.5827 76.2409 29.3153 56.6496 50.9099 38.7374
internal_count=7148 5214 1273 3941 2536 2436 2386 1097 219 878 327 1442 1356 837
is_linear=0
shrinkage=0.05


end of trees

feature_importances:
Column_5=52
Column_33=38
Column_34=29
Column_4=27
Column_37=27
Column_73=26
Column_81=26
Column_32=25
Column_74=25
Column_11=22
Column_35=22
Column_137=22
Column_9=20
Column_38=19
Column_67=16
Column_127=15
Column_125=14
Column_65=13
Column_79=13
Column_134=13
Column_3=12
Column_69=12
Column_120=12
Column_123=12
Column_66=11
Column_75=11
Column_17=10
Column_71=10
Column_0=9
Column_7=9
Column_8=9
Column_26=9
Column_29=9
Column_20=8
Column_30=8
Column_31=8
Column_63=8
Column_64=8
Column_86=8
Column_115=8
Column_36=7
Column_41=7
Column_68=7
Column_121=7
Column_39=6
Column_46=6
Column_100=6
Column_18=5
Column_47=5
Column_129=5
Column_130=5
Column_6=4
Column_15=4
Column_43=4
Column_60=4
Column_61=4
Column_76=4
Column_78=4
Column_93=4
Column_97=4
Column_105=4
Column_116=4
Column_128=4
Column_40=3
Column_49=3
Column_72=3
Column_101=3
Column_124=3
Column_135=3
Column_1=2
Column_2=2
Column_10=2
Column_16=2
Column_25=2
Column_45=2
Column_53=2
Column_58=2
Column_59=2
Column_62=2
Column_85=2
Column_90=2
Column_91=2
Column_96=2
Column_98=2
Column_103=2
Column_114=2
Column_119=2
Column_122=2
Column_131=2
Column_133=2
Column_136=2
Column_12=1
Column_19=1
Column_21=1
Column_24=1
Column_27=1
Column_48=1
Column_50=1
Column_70=1
Column_77=1
Column_84=1
Column_88=1
Column_89=1
Column_94=1
Column_95=1
Column_99=1
Column_106=1
Column_107=1
Column_109=1
Column_111=1
Column_112=1
Column_117=1
Column_118=1
Column_126=1

parameters:
[boosting: gbdt]
[objective: cross_entropy]
[metric: cross_entropy]
[tree_learner: serial]
[device_type: cpu]
[data_sample_strategy: bagging]
[data: ]
[valid: ]
[num_iterations: 61]
[learning_rate: 0.05]
[num_leaves: 15]
[num_threads: 4]
[seed: 26006]
[deterministic: 1]
[force_col_wise: 0]
[force_row_wise: 1]
[histogram_pool_size: -1]
[max_depth: -1]
[min_data_in_leaf: 10]
[min_sum_hessian_in_leaf: 0.001]
[bagging_fraction: 0.8]
[pos_bagging_fraction: 1]
[neg_bagging_fraction: 1]
[bagging_freq: 1]
[bagging_seed: 19736]
[bagging_by_query: 0]
[feature_fraction: 0.8]
[feature_fraction_bynode: 1]
[feature_fraction_seed: 22478]
[extra_trees: 0]
[extra_seed: 25246]
[early_stopping_round: 0]
[early_stopping_min_delta: 0]
[first_metric_only: 0]
[max_delta_step: 0]
[lambda_l1: 0]
[lambda_l2: 1]
[linear_lambda: 0]
[min_gain_to_split: 0]
[drop_rate: 0.1]
[max_drop: 50]
[skip_drop: 0.5]
[xgboost_dart_mode: 0]
[uniform_drop: 0]
[drop_seed: 12177]
[top_rate: 0.2]
[other_rate: 0.1]
[min_data_per_group: 100]
[max_cat_threshold: 32]
[cat_l2: 10]
[cat_smooth: 10]
[max_cat_to_onehot: 4]
[top_k: 20]
[monotone_constraints: ]
[monotone_constraints_method: basic]
[monotone_penalty: 0]
[feature_contri: ]
[forcedsplits_filename: ]
[refit_decay_rate: 0.9]
[cegb_tradeoff: 1]
[cegb_penalty_split: 0]
[cegb_penalty_feature_lazy: ]
[cegb_penalty_feature_coupled: ]
[path_smooth: 0]
[interaction_constraints: ]
[verbosity: -1]
[saved_feature_importance_type: 0]
[use_quantized_grad: 0]
[num_grad_quant_bins: 4]
[quant_train_renew_leaf: 0]
[stochastic_rounding: 1]
[linear_tree: 0]
[max_bin: 255]
[max_bin_by_feature: ]
[min_data_in_bin: 3]
[bin_construct_sample_cnt: 200000]
[data_random_seed: 19427]
[is_enable_sparse: 1]
[enable_bundle: 1]
[use_missing: 1]
[zero_as_missing: 0]
[feature_pre_filter: 1]
[pre_partition: 0]
[two_round: 0]
[header: 0]
[label_column: ]
[weight_column: ]
[group_column: ]
[ignore_column: ]
[categorical_feature: ]
[forcedbins_filename: ]
[precise_float_parser: 0]
[parser_config_file: ]
[objective_seed: 10829]
[num_class: 1]
[is_unbalance: 0]
[scale_pos_weight: 1]
[sigmoid: 1]
[boost_from_average: 1]
[reg_sqrt: 0]
[alpha: 0.9]
[fair_c: 1]
[poisson_max_delta_step: 0.7]
[tweedie_variance_power: 1.5]
[lambdarank_truncation_level: 30]
[lambdarank_norm: 1]
[label_gain: ]
[lambdarank_position_bias_regularization: 0]
[eval_at: ]
[multi_error_top_k: 1]
[auc_mu_weights: ]
[num_machines: 1]
[local_listen_port: 12400]
[time_out: 120]
[machine_list_filename: ]
[machines: ]
[gpu_platform_id: -1]
[gpu_device_id: -1]
[gpu_device_id_list: ]
[gpu_use_dp: 0]
[num_gpu: 1]

end of parameters

pandas_categorical:null
