tree
version=v4
num_class=1
num_tree_per_iteration=1
label_index=0
max_feature_idx=137
objective=cross_entropy
feature_names=Column_0 Column_1 Column_2 Column_3 Column_4 Column_5 Column_6 Column_7 Column_8 Column_9 Column_10 Column_11 Column_12 Column_13 Column_14 Column_15 Column_16 Column_17 Column_18 Column_19 Column_20 Column_21 Column_22 Column_23 Column_24 Column_25 Column_26 Column_27 Column_28 Column_29 Column_30 Column_31 Column_32 Column_33 Column_34 Column_35 Column_36 Column_37 Column_38 Column_39 Column_40 Column_41 Column_42 Column_43 Column_44 Column_45 Column_46 Column_47 Column_48 Column_49 Column_50 Column_51 Column_52 Column_53 Column_54 Column_55 Column_56 Column_57 Column_58 Column_59 Column_60 Column_61 Column_62 Column_63 Column_64 Column_65 Column_66 Column_67 Column_68 Column_69 Column_70 Column_71 Column_72 Column_73 Column_74 Column_75 Column_76 Column_77 Column_78 Column_79 Column_80 Column_81 Column_82 Column_83 Column_84 Column_85 Column_86 Column_87 Column_88 Column_89 Column_90 Column_91 Column_92 Column_93 Column_94 Column_95 Column_96 Column_97 Column_98 Column_99 Column_100 Column_101 Column_102 Column_103 Column_104 Column_105 Column_106 Column_107 Column_108 Column_109 Column_110 Column_111 Column_112 Column_113 Column_114 Column_115 Column_116 Column_117 Column_118 Column_119 Column_120 Column_121 Column_122 Column_123 Column_124 Column_125 Column_126 Column_127 Column_128 Column_129 Column_130 Column_131 Column_132 Column_133 Column_134 Column_135 Column_136 Column_137
feature_infos=[0:79973] [0:107387464] [6.9524784088134766:1434.8333740234375] [0:696] [-1.203703761100769:1434.8333740234375] [6.9524784088134766:1443.69189453125] [6.9524784088134766:1443.69189453125] [6.9524784088134766:1443.69189453125] [6.9524784088134766:1443.69189453125] [0:1] [0:1] [0:1] [0:1] [0:1] [0:1] [0:1] [2.193200089095626e-05:1.9037708044052124] [0:0.99571478366851807] [0:1.9037708044052124] [2.193200089095626e-05:1.9915750026702881] [1.362500029244984e-06:1.9037708044052124] [1.8729999737843173e-06:1.9037708044052124] [2.0840000161115313e-06:1.9037708044052124] [0:27] [1:79973] [6.9524784088134766:107387464] [0:1.9999972581863403] [6.9524784088134766:107387464] [0:74896] [0:106034368] [6.9524784088134766:1442.8333740234375] [0:696] [-13.565573692321777:1442.8333740234375] [6.9524784088134766:1443.69189453125] [2.3641510009765625:1443.69189453125] [6.9524784088134766:1443.69189453125] [6.9524784088134766:1443.69189453125] [0:1] [0:1] [0:1] [0:1] [0:1] [0:1] [0:1] [2.2110000372776994e-06:1.9917522668838501] [0:0.93804830312728882] [0:1.9917522668838501] [2.3439999949914636e-06:1.9917522668838501] [1.6999990748445271e-08:1.9917522668838501] [1.623000002837216e-06:1.9917522668838501] [2.3439999949914636e-06:1.9917522668838501] [0:24] [1:74896] [6.9524784088134766:106034368] [0:1.9999806880950928] [6.9524784088134766:106034368] [1:79973] [0:25306] [6.9524784088134766:107387464] [0:14382488] [6.9524784088134766:1442.8333740234375] [6.9524784088134766:1430.1473388671875] [0:696] [0:696] [2.4344263076782227:1442.8333740234375] [-13.565573692321777:1430.1473388671875] [6.9524784088134766:1443.69189453125] [2.3641510009765625:1430.1473388671875] [6.9524784088134766:1443.69189453125] [6.9524784088134766:1430.1473388671875] [6.9524784088134766:1443.69189453125] [6.9524784088134766:1430.1473388671875] [6.9524784088134766:1443.69189453125] [6.9524784088134766:1442.8333740234375] [0:1] [0:1] [0:1] [0:1] [0:1] [0:1] [0:1] [0:1] [0:1] [0:1] [0:1] [0:1] [0:1] [0:1] [1.6063799193943851e-05:1.9917522668838501] [2.2110000372776994e-06:1.9037708044052124] [0:0.99571478366851807] [0:0.83213174343109131] [9.999965300266922e-10:1.9917522668838501] [0:1.9037708044052124] [1.4629999895987567e-06:1.9917522668838501] [1.6999990748445271e-08:1.9037708044052124] [1.9540000266715651e-06:1.9917522668838501] [1.623000002837216e-06:1.9037708044052124] [2.1193000065977685e-05:1.9917522668838501] [2.0840000161115313e-06:1.9037708044052124] [2.5266999728046358e-05:1.9917522668838501] [2.3439999949914636e-06:1.9915750026702881] [1:27] [0:21] [1:79973] [1:25306] [6.9524784088134766:107387464] [6.9524784088134766:7191244] [0:1.9999972581863403] [0:1.9998902082443237] [6.9524784088134766:107387464] [6.9524784088134766:14252031] [1:99122] [13.904956817626953:107755440] [0:1] [0:1] [0:1.9999974966049194] [0.5:100] [0.004999999888241291:0.81610339879989624] [0.0007995598716661334:0.62212282419204712] [-87137:87016] [-94248824:98197832] [-1392:1384] [-1392:1384] [-0.79955452680587769:0.80254775285720825] [-87016:92121] [-98197832:103789264] [-1384:1392] [-1384:1392] [-0.80254775285720825:0.79955452680587769] [0:1] [0:1] [0:1] [0:1] [0:1] [4:6] [0:1] [35.5:97.5]
tree_sizes=1684 1719 1732 1743 1729 1734 1740 1730 1722 1737 1733 1735 1732 1732 1727 1736 1743 1728 1732 1736 1740 1738 1741 1734 1734 1747 1747 1733 1748 1750 1739 1731 1746 1736 1746 1749 1733 1744 1754 1741 1746 1740 1746 1755 1744 1753 1749 1752 1738 1751 1761 1747 1755 1752 1739 1752 1750 1753 1751 1761 1764 1765 1747 1753 1759 1750 1754 1750 1767 1766 1753 1758 1765 1770 1763 1761 1755 1768 1769 1761 1769 1764 1769 1763 1768 1772 1767 1760 1766 1771 1773 1758 1753 1765 1760 1767 1776 1779 1774 1774 1771 1753 1774 1770 1770 1761 1776 1776 1783 1770 1776 1763 1754 1774 1771 1772 1781 1780 1784 1768 1782 1782 1779 1767 1778 1779 1789 1777 1782 1789 1771 1771 1805 1784 1787 1797 1793 1787 1787 1783 1796 1782 1793 1793 1783 1780 1786 1794 1778 1784 1795 1800 1801 1800 1776 1792 1782 1796 1791 1786 1787 1795 1805 1787 1804 1798 1802 1792 1810 1799 1786 1789 1790 1797 1804 1803 1805 1801 1803 1800 1809 1799 1796 1804 1796 1799 1802 1808

Tree=0
num_leaves=15
num_cat=0
split_feature=72 112 39 110 38 120 121 30 11 30 28 46 49 38
split_gain=2640.32 3693.04 73.8081 65.5658 56.409 10.0316 23.5924 8.67203 4.61348 3.65223 2.09011 1.94785 1.86465 1.66632
threshold=1191.6126708984377 41.500000000000007 0.4003968238830567 1222.983093261719 0.3562030047178269 -174.49999999999997 -79836.843749999985 662.16607666015636 0.2522264569997788 536.78616333007824 14.500000000000002 5.8829999034060172e-05 0.016931458376348022 0.2516233772039414
decision_type=2 2 10 2 10 2 2 10 10 10 2 8 10 10
left_child=1 3 4 5 8 6 -1 -4 13 12 11 -7 -6 -2
right_child=2 -3 7 -5 9 10 -8 -9 -10 -11 -12 -13 -14 -15
leaf_value=-1.5427652197022828 -1.5523113580187888 -1.222435782163358 -1.4069822706342625 -1.3298446493289626 -1.4255144301270888 -1.4983843463290647 -1.3596710102309402 -1.4775535951942569 -1.5175068570830266 -1.4827516421514522 -1.4954556494982914 -1.5523761883373084 -1.4890970798336967 -1.510991388616334
leaf_weight=4.9474362730979919 666.40467375516891 180.65638512372971 6.5965816974639919 2.548679292201995 5.6970478296279934 1.9489900469779957 1.4992231130599964 11.39409565925598 11.843862593173979 10.194717168807982 1.799067735671996 160.86664003133774 1.4992231130599973 3.5981354713439933
leaf_count=33 4445 1205 44 17 38 13 10 76 79 68 12 1073 10 24
internal_value=-1.49155 -1.38006 -1.5467 -1.54468 -1.54928 -1.5488 -1.48816 -1.44857 -1.55156 -1.46179 -1.55118 -1.55177 -1.43681 -1.55212
internal_weight=1071.49 354.266 717.228 173.61 699.238 171.061 6.44666 17.9907 681.847 17.391 164.615 162.816 7.19627 670.003
internal_count=7147 2363 4784 1158 4664 1141 43 120 4548 116 1098 1086 48 4469
is_linear=0
shrinkage=1


Tree=1
num_leaves=15
num_cat=0
split_feature=70 113 83 14 68 56 62 120 121 79 0 82 62 39
split_gain=2878.57 1830.03 212.893 66.3397 59.4571 79.4925 35.8692 27.4854 19.4384 17.4516 13.8803 9.05403 3.12211 2.582
threshold=239.15225982666018 2932.7683105468755 0.021567718125879768 0.023268398828804496 482.36624145507818 23.500000000000004 187.6729431152344 -174.49999999999997 -79836.843749999985 0.12195774912834169 61.500000000000007 0.287337675690651 587.32785034179699 0.33974359929561621
decision_type=2 2 2 10 2 2 2 2 2 2 2 2 2 8
left_child=1 -1 4 -4 5 7 -7 8 -2 11 -8 -6 -12 -11
right_child=2 -3 3 -5 9 6 10 -9 -10 13 12 -13 -14 -15
leaf_value=-0.058915153451888115 -0.042344357723009977 0.21738365895676492 -0.046552081825789612 0.19517034293890734 -0.059826703747363874 0.17291973139167119 -0.049997071307413127 -0.059573675739727765 0.12980309300931714 -0.028970624910607742 0.061717423977339536 0.042380890499800872 0.023536066145117301 0.0062329122996507298
leaf_weight=84.752888232469559 2.3145982027053833 200.67429681122303 3.3168046176433554 10.585319101810454 662.24927844107151 3.6907112449407569 4.5527788549661663 57.199774488806725 2.6124005913734427 8.9117357879877108 8.3223024010658282 1.5150143653154362 18.206149071455002 10.372727945446966
leaf_count=587 16 1144 23 61 4591 21 31 396 16 61 53 10 120 69
internal_value=-0.000480188 0.135422 -0.0494525 0.138246 -0.0529708 -0.0161161 0.0436342 -0.0497194 0.0554321 -0.0581679 0.0233708 -0.05953 0.0373209 -0.0106616
internal_weight=1079.28 285.427 793.85 13.9021 779.947 96.8987 34.7719 62.1268 4.927 683.049 31.0812 663.764 26.5285 19.2845
internal_count=7199 1731 5468 84 5384 653 225 428 32 4731 204 4601 173 130
is_linear=0
shrinkage=0.05


Tree=2
num_leaves=15
num_cat=0
split_feature=70 113 65 60 118 86 19 19 1 120 70 74 4 89
split_gain=2400.71 1488.28 197.139 74.6287 71.8031 62.9902 20.3739 18.7701 15.1773 13.3775 7.6067 5.84072 5.4648 3.13821
threshold=239.15225982666018 2932.7683105468755 12.283439636230471 998.87503051757824 0.049396457150578506 1.0000000180025095e-35 0.028530994430184368 0.028530994430184368 4268.9233398437509 -174.49999999999997 824.80194091796886 0.44381313025951391 49.445241928100593 0.012004620395600797
decision_type=2 2 2 2 2 2 10 10 2 2 2 2 10 8
left_child=1 -1 -2 4 6 8 9 11 -6 12 -11 -7 -4 -12
right_child=2 -3 3 -5 5 7 -8 -9 -10 10 13 -13 -14 -15
leaf_value=-0.057797898337672349 0.16765696185743595 0.18491586053029582 0.00031190707721845092 -0.059124001835809216 -0.0023112251751184203 0.043858876192587881 -0.054654660028510188 -0.047987156118725928 0.16843252827386923 -0.052921589992248733 -0.0059199914333418696 0.00076955642441953241 0.11861230160250963 0.052535355300316368
leaf_weight=87.355621546506882 9.4990199953317624 223.33479787409306 1.4746091663837462 593.14035700261593 1.5114601403474788 14.938399121165277 83.997904226183891 12.444281622767447 7.3076611012220383 7.4922577738761929 7.5632106512784931 15.596555575728415 1.9192412495613096 2.1968219429254541
leaf_count=629 50 1140 10 4276 10 94 601 89 38 54 51 104 11 14
internal_value=-0.000151262 0.116706 -0.0480715 -0.051025 -0.0201378 0.0276549 -0.0438328 0.0015157 0.141915 0.000686406 -0.0181989 0.0225722 0.0789808 0.010897
internal_weight=1069.77 310.69 759.082 749.583 156.442 51.7984 104.644 42.9792 8.81912 20.6461 17.2523 30.535 3.39385 9.76003
internal_count=7171 1769 5402 5352 1076 335 741 287 48 140 119 198 21 65
is_linear=0
shrinkage=0.05


Tree=3
num_leaves=15
num_cat=0
split_feature=74 118 36 77 78 99 94 43 54 13 118 39 63 94
split_gain=1981.65 1268.39 126.038 96.1112 39.3558 38.2663 32.4798 32.3699 20.2216 19.5967 20.5613 8.1588 14.2047 7.49815
threshold=0.46899038553237921 0.045974733307957656 1338.7419433593752 0.25944989919662481 0.66890382766723644 0.12741079181432727 0.013580339960753919 0.038838613778352744 0.0001406075025442988 0.017095265910029415 0.088958669453859343 0.20060975849628451 80.211017608642592 0.00020932579354848715
decision_type=2 2 10 2 2 8 10 10 10 10 2 10 2 8
left_child=1 5 8 4 9 7 -5 -1 -3 11 -11 -2 -13 -9
right_child=3 2 -4 6 -6 -7 -8 13 -10 10 -12 12 -14 -15
leaf_value=0.12094508475143882 -0.058156013547791763 -0.015560403925685445 0.029845267585289655 -0.0047936855296424894 0.098918172521238509 -0.058057063815259581 0.13689181914533191 -0.050086884217671657 0.16272397268491601 -0.045780771650653279 0.11235028817147936 0.00081105938492701955 -0.055529464487062891 0.024231334713547655
leaf_weight=4.6811378449201611 606.27265265583992 1.4330694973468769 20.16594323515892 7.6083934754133207 3.269005373120307 99.380823314189911 7.4804584980010986 7.6580024808645222 240.29995881021023 3.6966485381126395 2.7416526973247528 17.450006291270256 30.031504109501839 4.8016075193881997
leaf_count=25 4543 10 127 51 17 743 36 57 1136 27 14 118 224 31
internal_value=-0.000805433 0.0907314 0.151614 -0.051913 -0.0547769 -0.0462365 0.069591 0.0217209 0.161607 -0.0556864 0.0276084 -0.0565476 -0.035234 -0.0217742
internal_weight=1056.97 378.421 261.899 678.55 663.461 116.522 15.0889 17.1407 241.733 660.192 6.4383 653.754 47.4815 12.4596
internal_count=7159 2129 1273 5030 4943 856 87 113 1146 4926 41 4885 342 88
is_linear=0
shrinkage=0.05


Tree=4
num_leaves=15
num_cat=0
split_feature=60 113 83 68 18 0 31 32 55 6 39 102 98 109
split_gain=1788.11 1120.16 138.287 60.4749 36.6726 26.6133 26.5557 17.603 16.9326 24.0353 12.6052 12.927 7.71288 6.37268
threshold=221.56143951416018 6763.2885742187509 0.024099883623421196 235.20294952392581 0.00011935300062759781 63.500000000000007 286.14962768554693 12.283439636230471 375.56864929199224 38.548343658447273 0.091707043349742903 16.500000000000004 0.042750077322125442 0.0060877739451825627
decision_type=2 2 2 2 8 2 10 8 10 10 8 2 8 2
left_child=1 8 3 5 -4 -2 -3 -5 -1 -10 -9 12 -12 -11
right_child=2 6 4 7 -6 -7 -8 10 9 13 11 -13 -14 -15
leaf_value=-0.057216560977018563 -0.047362610554649014 0.14598329958959247 0.13771672976140986 0.084743151605591316 -0.04447108918902494 0.033180397818434924 -0.014760895119168055 -0.05777758234367783 -0.047347849465621421 -0.0023089509835521301 -0.013444426518782054 0.08468010045653579 -0.055761183765291371 0.11839813038903796
leaf_weight=91.075160577893257 14.65853777527809 256.30293254554272 11.585319191217419 1.3923211097717301 3.0140125602483758 28.765376463532448 2.4184086620807639 584.12214630842209 7.6097404807805997 1.4435109198093412 22.363692805171013 1.4449990838766087 21.392460778355598 3.0707859098911285
leaf_count=708 111 1142 53 7 23 178 17 4556 56 10 158 7 166 16
internal_value=-0.000805663 0.0890331 -0.048075 -0.0514174 0.0996646 0.00553751 0.14443 -0.0553412 -0.0499001 0.00523305 -0.0557851 -0.0293434 -0.0349168 0.0863812
internal_weight=1050.66 361.921 688.739 674.14 14.5993 43.4239 258.721 630.716 103.199 12.124 629.323 45.2012 43.7562 4.5143
internal_count=7208 1949 5259 5183 76 289 1159 4894 790 82 4887 331 324 26
is_linear=0
shrinkage=0.05


Tree=5
num_leaves=15
num_cat=0
split_feature=74 118 86 83 78 38 89 33 118 31 94 22 31 11
split_gain=1607.74 923.607 96.7235 85.0885 53.6992 34.0055 33.0737 30.0745 16.6515 14.2101 7.11032 6.54909 5.0947 7.36985
threshold=0.4840353280305863 0.046955835074186332 0.14835165441036227 0.009569597430527212 0.66890382766723644 0.18286311626434329 0.085002452135086073 517.74331665039074 0.097250368446111693 274.47221374511724 0.00054405379341915261 0.14233013987541202 549.64144897460949 0.26669560372829443
decision_type=2 2 2 2 2 10 8 10 2 8 8 10 10 10
left_child=1 6 11 4 5 12 7 -1 -7 -5 -9 -3 -2 -14
right_child=3 2 -4 9 -6 8 -8 10 -10 -11 -12 -13 13 -15
leaf_value=0.10968944698518864 -0.057164925414811829 0.13293335320096869 0.021771641058177037 0.12212707443351477 0.093128626368413223 -0.019260143034947389 -0.057478690174570295 -0.050081260346666989 0.080918192450935525 -0.0267721434571499 0.020869468536109548 0.023342292906004137 -0.052306800891842253 -0.0046689361172994881
leaf_weight=4.908619403839114 562.03799521923065 268.0083471685648 21.835812568664551 7.3644866645336124 5.3952195644378653 11.184439808130266 91.941386647522449 8.4988756477832759 5.3440985083580008 1.5895784795284278 4.9075318276882181 1.8444169759750355 22.2598712220788 12.796919122338293
leaf_count=24 4560 1147 135 32 26 82 744 68 27 12 31 11 179 88
internal_value=-0.00035245 0.0776217 0.124104 -0.0503053 -0.0525675 -0.053998 -0.0453589 0.0153085 0.0158986 0.0956596 -0.0244633 0.132273 -0.0559562 -0.0355291
internal_weight=1029.92 401.945 291.689 627.973 619.019 613.623 110.256 18.315 16.5285 8.95407 13.4064 269.853 597.095 35.0568
internal_count=7166 2160 1293 5006 4962 4936 867 123 109 44 99 1158 4827 267
is_linear=0
shrinkage=0.05


Tree=6
num_leaves=15
num_cat=0
split_feature=70 58 83 60 56 86 14 34 120 121 43 13 79 73
split_gain=1541.36 722.337 147.993 56.5389 44.0652 39.0333 32.7106 28.542 17.1411 11.0396 4.69869 2.95238 2.16624 1.26945
threshold=239.15225982666018 2193.9516601562505 0.021567718125879768 976.81567382812511 23.500000000000004 1.0000000180025095e-35 0.023268398828804496 50.339008331298835 -174.49999999999997 -79836.843749999985 0.36391694843769079 0.060661764815449722 0.12528026849031451 262.32368469238287
decision_type=2 2 2 2 2 2 10 10 2 2 10 10 2 2
left_child=1 13 3 4 8 -6 -4 -7 9 -2 -9 -10 -5 -1
right_child=2 -3 6 12 5 7 -8 10 11 -11 -12 -13 -14 -15
leaf_value=-0.055808654210198871 -0.031050439813841903 0.12230349455594801 -0.044497256136441087 -0.057243873186445818 0.11714492061046772 -0.052934391627399102 0.11909595141866572 0.039649826399984552 -0.057170634611494409 0.093052055283663782 0.0054053438709564909 0.012280380592802882 -0.02454797326810447 -0.0023999101484829628
leaf_weight=70.829110011458397 2.8928481936454773 273.76947230100632 3.1944645792245892 493.84618699550629 6.3248591870069495 19.786177583038807 15.541083633899687 15.222444683313368 62.24347946792841 2.5274576246738425 27.190028667449951 1.2389335855841626 7.2144516184926024 1.2234777435660351
leaf_count=596 23 1138 26 4185 28 163 66 89 520 13 179 10 55 9
internal_value=1.84911e-05 0.0853211 -0.0449281 -0.0490331 -0.0204257 0.00795933 0.0903615 -0.00482146 -0.0483645 0.0322979 0.0183264 -0.0556458 -0.0568229 -0.054947
internal_weight=1003.04 345.822 657.222 638.487 137.426 68.5235 18.7355 62.1987 68.9027 5.42031 42.4125 63.4824 501.061 72.0526
internal_count=7100 1743 5357 5265 1025 459 92 431 566 36 268 530 4240 605
is_linear=0
shrinkage=0.05


Tree=7
num_leaves=15
num_cat=0
split_feature=74 118 86 77 78 99 33 72 13 84 58 79 115 12
split_gain=1362.68 692.006 72.566 64.089 41.1762 38.1604 23.1468 22.1316 16.5697 13.2995 7.98938 6.25547 8.82856 5.92946
threshold=0.4770264476537705 0.048070896416902549 0.1132478639483452 0.13363095372915271 0.66890382766723644 0.13444877415895465 1288.546081542969 1358.7139892578127 0.017095265910029415 0.016703057102859024 2019.4146728515627 0.15030121058225634 0.32168674468994146 0.48999999463558203
decision_type=2 2 2 2 2 8 10 2 10 2 2 2 2 10
left_child=1 5 -3 4 8 6 -1 10 11 -10 -5 13 -13 -2
right_child=3 2 -4 7 -6 -7 -8 -9 9 -11 -12 12 -14 -15
leaf_value=0.08827560827672834 -0.05652862132954322 0.11367396176557457 0.021504831183950773 -0.01766012030275773 0.083663728131194881 -0.055380649139960117 -0.020624271996901502 -0.011065632415313074 -0.044287499157595583 0.082910194111916913 0.10422135717796162 -0.0063878060395955076 -0.05469489986699299 0.033324733410038825
leaf_weight=6.9730392843484905 516.0096748098731 284.65093537420034 23.648876577615738 1.2673882320523286 4.6466698646545401 86.387983180582523 11.841169402003286 12.043953277170656 3.0852387547492972 3.2579300254583359 8.1407295316457731 17.187738738954067 20.870546728372574 1.2368401885032643
leaf_count=33 4550 1163 142 10 21 759 90 88 25 15 34 121 183 9
internal_value=-0.000449354 0.0689997 0.106696 -0.0493436 -0.0525638 -0.0414362 0.0221551 0.0342185 -0.0538376 0.0234369 0.0876832 -0.0547608 -0.0336007 -0.0562499
internal_weight=1001.25 413.502 308.3 587.747 566.295 105.202 18.8142 21.4521 561.648 6.34317 9.40812 555.305 38.0583 517.247
internal_count=7243 2187 1305 5056 4924 882 123 132 4903 40 44 4863 304 4559
is_linear=0
shrinkage=0.05


Tree=8
num_leaves=15
num_cat=0
split_feature=70 113 83 68 1 16 120 79 62 6 28 82 77 31
split_gain=1287.75 568.911 126.68 57.2932 51.7463 25.0288 17.2316 16.0641 15.094 7.87884 7.56262 6.45563 2.61886 2.06868
threshold=239.15225982666018 2616.6906738281255 0.017700501717627052 482.36624145507818 4204.2624511718759 0.15057660639286044 -174.49999999999997 0.12195774912834169 292.27099609375006 48.780223846435554 91.500000000000014 0.24360198527574542 0.16912442445755008 599.19329833984386
decision_type=2 2 2 2 2 8 2 2 2 10 2 2 2 10
left_child=1 -1 3 4 6 -4 9 11 -6 -2 -10 12 -5 -12
right_child=2 -3 5 7 8 -7 -8 -9 10 -11 13 -13 -14 -15
leaf_value=-0.055578523280914484 -0.035838342953087576 0.1070638877815263 0.10250523757384088 -0.056467951901868076 0.10451151278934062 -0.043117147155183215 -0.055079859342292072 -0.0067937402558937727 -0.044555347969403851 0.079063561654472758 0.037863468621340289 0.025752390083587873 -0.014274133667339803 0.011738005855745774
leaf_weight=65.770998857915401 1.6322004050016392 280.93908607959747 16.440443038940433 496.35443678498268 4.9903647601604453 2.9683391898870459 43.151508308947086 17.633373774588108 3.4219936430454245 3.0360094904899597 16.13303604722023 1.887302167713641 4.5031243935227385 15.915575265884398
leaf_count=600 14 1133 68 4568 21 26 386 126 30 15 92 13 35 98
internal_value=-0.00108125 0.0761395 -0.0437624 -0.0478073 -0.0104253 0.0792126 -0.045209 -0.0541169 0.0307834 0.0396541 0.0178294 -0.0557599 -0.0561178 0.0256371
internal_weight=974.778 346.71 628.068 608.659 88.2807 19.4088 47.8197 520.378 40.461 4.66821 35.4706 502.745 500.858 32.0486
internal_count=7225 1733 5492 5398 656 94 415 4742 241 29 220 4616 4603 190
is_linear=0
shrinkage=0.05


Tree=9
num_leaves=15
num_cat=0
split_feature=70 113 83 60 1 15 14 31 120 81 74 13 79 40
split_gain=1188.8 497.541 127.549 52.4806 37.4263 30.6981 25.1615 17.4015 13.606 8.70609 3.42697 3.23365 2.13791 1.45625
threshold=239.15225982666018 2616.6906738281255 0.021567718125879768 976.81567382812511 4024.0949707031255 0.009569597430527212 0.023268398828804496 286.14962768554693 -174.49999999999997 0.10912698507308961 0.44381313025951391 0.064583335071802153 0.11553881317377092 0.039503891021013267
decision_type=2 2 2 2 2 10 10 10 2 2 2 10 2 8
left_child=1 -1 3 4 8 7 -4 -6 9 -2 -9 -10 -5 -12
right_child=2 -3 6 12 5 -7 -8 10 11 -11 13 -13 -14 -15
leaf_value=-0.054301581226600885 -0.033177779490927629 0.101094674571685 -0.043514195826345095 -0.055978215421943305 0.099343622015204455 -0.050600286793467245 0.098941614157756541 0.028464076105403829 -0.055900609655699478 0.078534382236058881 0.0049113192046942762 0.018191617004805261 -0.024305066590051442 -0.034836070614951552
leaf_weight=62.166269570589066 2.580334246158599 284.7404705286026 3.1242252364754703 441.10213977098465 5.9790580719709387 16.658813402056694 17.571654036641121 20.707041367888451 55.160379879176617 2.5885873138904572 22.897745959460739 1.0721806958317746 7.5538098439574233 1.5512696206569661
leaf_count=592 22 1142 28 4243 26 152 71 118 519 12 153 9 60 14
internal_value=-0.000352522 0.0731714 -0.0430166 -0.0474189 -0.0191444 0.00648528 0.0764222 0.0256965 -0.0470928 0.0264292 0.0140039 -0.0541947 -0.0555002 0.00111962
internal_weight=945.454 346.907 598.547 577.851 129.195 67.7939 20.6959 51.1351 61.4015 5.16892 45.1561 56.2326 448.656 24.449
internal_count=7161 1734 5427 5328 1025 463 99 311 562 34 285 528 4303 167
is_linear=0
shrinkage=0.05


Tree=10
num_leaves=15
num_cat=0
split_feature=68 112 82 62 32 81 39 101 55 66 68 109 32 121
split_gain=1017.49 507.751 94.9887 78.8904 22.7478 18.3099 14.6445 12.3423 13.2637 7.26697 6.22157 4.6897 4.09013 6.51596
threshold=235.20294952392581 44.500000000000007 0.17052194476127627 286.75599670410162 515.85650634765636 0.10391363129019739 0.091707043349742903 0.19079033285379413 1410.528015136719 40.865631103515632 482.36624145507818 0.013607132248580458 16.358708381652836 -150.43133544921872
decision_type=2 2 2 2 8 2 8 8 10 2 2 2 8 2
left_child=1 5 6 -3 -4 12 10 8 -8 -5 -2 -7 13 -1
right_child=2 3 4 9 -6 11 7 -9 -10 -11 -12 -13 -14 -15
leaf_value=0.060692901750904915 0.016323645016944797 0.096496621975105557 0.090000567550096888 -0.044085923863815317 -0.043978511268254201 -0.023233834876206727 0.085391332583907437 -0.053296055731847307 -0.014168209989969564 0.024653798451999123 -0.055245593618273664 0.071025762538290571 -0.053151542825197733 -0.042331511989626536
leaf_weight=1.4880294576287267 2.6508085653185836 281.59047497808933 14.239457353949545 3.4245248138904563 3.3456451669335392 1.3304057717323292 2.9779268279671696 17.200246654450893 20.047468662261963 32.225859977304935 447.93898530304432 3.2820381671190262 82.693043120205402 3.0120261684060106
leaf_count=11 20 1128 60 32 31 11 13 169 154 185 4479 14 805 30
internal_value=-0.000886855 0.0577395 -0.0480769 0.0876478 0.0635156 -0.0454418 -0.0521961 -0.022523 0.00172632 0.017028 -0.0547893 0.0445422 -0.050653 -0.00342349
internal_weight=917.447 409.046 508.401 317.241 17.5851 91.8055 490.815 40.2256 23.0254 35.6504 450.59 4.61244 87.1931 4.50006
internal_count=7142 2216 4926 1345 91 871 4835 336 167 217 4499 25 846 41
is_linear=0
shrinkage=0.05


Tree=11
num_leaves=15
num_cat=0
split_feature=70 58 83 68 59 14 120 79 62 28 82 98 33 77
split_gain=1004.43 432.242 100.865 49.3914 36.6772 16.8475 14.4214 13.8235 9.68766 6.31958 5.34127 5.08376 2.37142 2.13732
threshold=244.99747467041018 1190.887634277344 0.021567718125879768 482.36624145507818 3425.160522460938 0.023268398828804496 -174.49999999999997 0.12195774912834169 286.75599670410162 91.500000000000014 0.287337675690651 0.091538544744253172 1030.0029907226565 0.16912442445755008
decision_type=2 2 2 2 2 10 2 2 2 2 2 10 10 2
left_child=1 -1 3 4 6 -4 11 10 -6 -10 13 -2 -3 -5
right_child=2 12 5 7 8 -7 -8 -9 9 -11 -12 -13 -14 -15
leaf_value=-0.054394135047525716 0.069163349894128826 0.09216164121906488 -0.040343317308199747 -0.055287388133359788 0.088309625765421659 0.087582815087591595 -0.053514626310168179 -0.0058970134679799287 -0.043454135323980597 0.021460433155930131 0.033291363484367967 -0.031035518039333992 0.026148857675289031 -0.016191190927966653
leaf_weight=60.811821393668652 2.8250640109181395 282.48028206825256 2.4289990514516857 433.35005031526089 4.1756782084703437 16.053190484642982 35.454310320317745 15.320202335715292 3.2981845363974562 31.507571160793304 1.1087035611271847 1.1917354837059972 2.3226144313812247 4.534215733408927
leaf_count=628 14 1139 23 4533 17 65 358 112 32 180 7 11 10 38
internal_value=-0.000790985 0.0659253 -0.0426636 -0.0466799 -0.00989762 0.0695625 -0.0433471 -0.0529959 0.0242091 0.0142673 -0.0546224 0.0391749 0.0917167 -0.0549204
internal_weight=896.863 345.615 551.248 532.766 78.4525 18.4822 39.4711 454.313 38.9814 34.8058 438.993 4.0168 284.803 437.884
internal_count=7167 1777 5390 5302 612 88 383 4690 229 212 4578 25 1149 4571
is_linear=0
shrinkage=0.05


Tree=12
num_leaves=15
num_cat=0
split_feature=70 58 60 83 22 75 36 81 25 1 115 77 79 72
split_gain=925.062 372.63 105.22 62.4574 32.9015 29.2193 14.1054 7.59797 5.18791 4.15797 3.01687 2.54884 2.36143 1.89844
threshold=239.15225982666018 1572.7238769531252 976.81567382812511 0.021567718125879768 0.1639269217848778 0.29016128182411199 515.80297851562511 0.10912698507308961 4242.7849121093759 599.13333129882824 0.16849381476640704 0.13363095372915271 0.10035246983170511 1358.5483398437502
decision_type=2 2 2 2 10 2 8 2 8 2 2 2 2 2
left_child=1 -1 3 4 5 6 9 11 -8 -2 -10 -7 -4 -3
right_child=2 13 12 -5 -6 7 8 -9 10 -11 -12 -13 -14 -15
leaf_value=-0.053881372103488846 -0.006030595623026957 0.088517644706594831 -0.054932301840561637 0.083416874538083288 -0.054525138032314235 -0.051043225112717354 -0.036074711427737452 0.045116420443706409 0.0079953333869369394 0.084865700751681317 0.04030692131789914 -0.0021367758071465909 -0.025527483385873573 0.028661402711428797
leaf_weight=54.699593529105186 1.3055111691355694 275.57002268731594 389.2497296333313 16.856128230690956 38.199873834848404 24.475323043763645 4.6311438828706732 1.7103997915983189 34.688163802027702 8.4082724750041944 8.3940093517303449 3.0752985700964919 9.5042879879474622 2.5266872048377982
leaf_count=590 11 1120 4260 70 405 254 46 9 215 36 44 23 82 11
internal_value=-0.00081608 0.0646539 -0.0411723 -0.00412813 -0.0165128 0.000668385 0.021315 -0.0392177 0.00946026 0.0732268 0.0150624 -0.0458502 -0.0542971 0.0880785
internal_weight=873.294 332.796 540.498 141.744 124.888 86.6881 57.4271 29.261 47.7133 9.71378 43.0822 27.5506 398.754 278.097
internal_count=7176 1721 5455 1113 1043 638 352 286 305 47 259 277 4342 1131
is_linear=0
shrinkage=0.05


Tree=13
num_leaves=15
num_cat=0
split_feature=70 113 60 102 25 34 33 78 3 102 43 79 72 90
split_gain=860.64 345.4 98.7246 62.2251 33.9678 29.8165 18.8892 7.79382 5.16876 4.59674 2.79921 1.80616 1.52371 1.01292
threshold=239.15225982666018 2616.6906738281255 998.87503051757824 17.500000000000004 644.52407836914074 39.016080856323249 1008.222625732422 0.016001024283468727 201.03034210205081 15.500000000000002 0.36391694843769079 0.10035246983170511 1358.7139892578127 0.13523317128419879
decision_type=2 2 2 2 10 8 10 2 8 2 10 2 2 10
left_child=1 13 3 4 9 -6 -7 -5 10 -2 -8 -4 -3 -1
right_child=2 12 11 7 5 6 8 -9 -10 -11 -12 -13 -14 -15
leaf_value=-0.054407057870301492 -0.053664579199107457 0.085124938401654304 -0.05463785962401238 -0.029414504078409349 -0.052353002293395602 0.088210264878669759 0.028913839666064901 0.085995863471004685 -0.041503864746999464 0.031833383448813105 0.0034290142301901141 -0.026161478134811796 0.030885162532940266 -0.01670201122998723
leaf_weight=51.101004987955093 45.363228216767311 274.02576293051243 371.40782524645329 1.1136945560574556 17.44171354174614 7.7936526685953131 16.755466736853123 17.473830506205559 3.7652849704027167 1.0061789005994786 28.212784215807915 8.3966429904103261 2.7754053473472586 2.9802373722195616
leaf_count=576 500 1128 4249 12 186 33 90 71 40 5 186 75 12 32
internal_value=-0.000750163 0.0621516 -0.0409157 -0.00480052 -0.0181164 0.00301436 0.0207113 0.0779322 0.00835999 -0.0511765 0.0133473 -0.0540787 0.0846942 -0.0526702
internal_weight=849.613 330.882 518.73 138.926 120.338 73.9689 56.5272 18.5875 48.7335 46.3694 44.9683 379.804 276.801 54.0812
internal_count=7195 1748 5447 1123 1040 535 349 83 316 505 276 4324 1140 608
is_linear=0
shrinkage=0.05


Tree=14
num_leaves=15
num_cat=0
split_feature=70 58 60 118 72 34 19 3 5 31 69 23 31 30
split_gain=806.227 314.603 96.8416 52.28 35.339 13.374 10.758 8.02452 7.55874 5.3803 3.14164 2.95849 2.76299 2.70439
threshold=239.15225982666018 1572.7238769531252 998.87503051757824 0.040364442393183715 1267.8930664062502 39.016080856323249 0.022216505371034149 69.11359024047853 593.30627441406261 311.07174682617193 94.355403900146499 15.500000000000002 149.66801452636722 662.16607666015636
decision_type=2 2 2 2 2 10 10 10 10 10 2 2 10 10
left_child=1 -1 3 6 7 -6 8 -5 -2 -10 -7 -8 -3 -13
right_child=2 12 -4 4 5 10 11 -9 9 -11 -12 13 -14 -15
leaf_value=-0.052253641190450686 -0.021217818560785095 0.082089618495353206 -0.053717272238573199 -0.021985892150866913 -0.049654382633417746 -0.0024741025932786707 -0.051311813009491336 0.081682168963032042 0.092065517996785765 -0.020401823060749873 0.024066351502941119 0.043676332126795656 0.019714102293516413 -0.033251885195270683
leaf_weight=51.486772894859314 8.5391200557351095 272.73266696184874 366.09183236211538 1.6301411688327814 9.7534651160240156 19.624138213694096 47.214242115616798 21.16151462495327 2.2296252250671382 1.1258573085069654 24.311653919517994 1.1066689938306802 2.5250405073165885 1.4999167472124098
leaf_count=604 77 1141 4354 15 106 137 536 88 10 11 133 5 11 17
internal_value=-0.00067143 0.0604052 -0.0402862 -0.00457597 0.0229289 0.000442066 -0.0384835 0.073655 0.00399907 0.0583094 0.0124207 -0.0485052 0.0815909 0.00246345
internal_weight=831.033 326.744 504.288 138.196 76.4809 53.6893 61.7154 22.7917 11.8946 3.35548 43.9358 49.8208 275.258 2.60659
internal_count=7245 1756 5489 1135 479 376 656 103 98 21 270 558 1152 22
is_linear=0
shrinkage=0.05


Tree=15
num_leaves=15
num_cat=0
split_feature=70 58 60 102 22 50 83 62 78 10 94 102 12 56
split_gain=755.766 295.576 87.5349 51.667 31.3664 10.6751 8.05938 6.77691 4.80313 4.1404 3.25453 3.09882 6.00734 1.97969
threshold=239.15225982666018 1572.7238769531252 998.87503051757824 17.500000000000004 0.029713595286011699 0.020486718975007537 0.040064103901386268 528.20272827148449 0.016001024283468727 0.77323538064956676 0.00058911499218083929 14.500000000000002 0.19375000149011615 20.500000000000004
decision_type=2 2 2 2 8 8 2 2 2 10 8 2 10 2
left_child=1 -1 3 4 5 10 9 -7 -5 11 -2 -6 -13 -3
right_child=2 13 -4 8 6 7 -8 -9 -10 -11 -12 12 -14 -15
leaf_value=-0.051927153908697454 -0.048613534764707721 0.019222235720571339 -0.053443758398369734 -0.024261605869278408 -0.052974640650634189 0.067374793374276251 0.046823262146513799 0.010784697595740704 0.078333947733526976 0.033668162155815022 0.0026751012279666365 -0.038812982751601249 0.059591586238688959 0.079462237442531544
leaf_weight=50.323900684714317 8.302200630307194 2.1155821904540053 342.8619092926383 0.7806441411376025 49.943151205778122 5.1505386605858794 1.6052561849355687 42.660083651542664 16.405924327671528 0.89236986637115379 4.4840250685811052 4.2482105344533911 1.2233914136886594 272.28389622271061
leaf_count=616 95 10 4264 9 587 25 7 258 69 4 31 46 5 1159
internal_value=-0.000103142 0.0586711 -0.0400233 -0.00597104 -0.0178772 0.00726838 -0.0438651 0.0181365 0.0725961 -0.0472225 -0.0317377 -0.0490988 -0.0110024 0.0790693
internal_weight=803.281 324.723 478.558 135.696 118.509 60.5968 57.9124 47.8106 17.1866 56.3071 12.7862 55.4148 5.4716 274.399
internal_count=7185 1785 5400 1136 1058 409 649 283 78 642 126 638 51 1169
is_linear=0
shrinkage=0.05


Tree=16
num_leaves=15
num_cat=0
split_feature=70 58 60 102 22 83 50 93 78 102 80 74 31 43
split_gain=694.511 263.055 90.6859 45.7056 30.6014 10.5022 7.28736 6.24083 5.15994 4.40922 5.97878 4.29552 4.02097 2.55216
threshold=239.15225982666018 1572.7238769531252 998.87503051757824 17.500000000000004 0.026388794183731083 0.040064103901386268 0.019509745761752132 2.0436000340851027e-05 0.022304305806756023 14.500000000000002 0.19677419215440753 0.41702897846698767 172.24617767333987 0.36391694843769079
decision_type=2 2 2 2 10 2 8 10 2 2 2 2 10 8
left_child=1 -1 3 4 6 9 11 13 -5 -6 -11 -2 -3 -8
right_child=2 12 -4 8 5 -7 7 -9 -10 10 -12 -13 -14 -15
leaf_value=-0.051444117552694547 0.038158259734240342 0.07718740672292268 -0.053043460771990673 -0.025736943277251574 -0.051685354340729787 0.050750492037453146 0.024118477830860838 0.072904880814283687 0.076259994890011146 -0.035785157960704493 0.060869169811315044 -0.039888551364822444 0.0075317011871984174 0.00097778292761994392
leaf_weight=46.514965459704399 1.3028474524617184 262.35788077116013 330.72652175277472 0.86865693330765026 47.584500007331371 2.0979336500167838 19.643734723329544 3.4793323352932921 16.165241986513138 3.5422918125987044 1.470872178673744 9.2176727801561338 2.3181774765253058 28.389542572200298
leaf_count=594 6 1141 4296 10 583 9 110 16 69 40 6 100 10 187
internal_value=-0.000333454 0.057364 -0.0390289 -0.00424155 -0.0155657 -0.0424815 0.00846383 0.0162475 0.0699199 -0.0470777 -0.00202002 -0.0277501 0.076608 0.0107403
internal_weight=775.68 311.191 464.489 133.763 116.729 54.6956 62.0331 51.5126 17.0339 52.5977 5.01316 10.5205 264.676 48.0333
internal_count=7177 1745 5432 1136 1057 638 419 313 79 629 46 106 1151 297
is_linear=0
shrinkage=0.05


Tree=17
num_leaves=15
num_cat=0
split_feature=74 99 43 77 78 83 67 8 79 62 81 125 0 30
split_gain=638.42 271.085 64.555 39.3223 24.057 11.8033 9.38478 9.2137 6.29688 5.92749 4.56096 4.49969 3.57377 2.10791
threshold=0.4840353280305863 0.1491062864661217 0.038838613778352744 0.12617041170597079 0.66890382766723644 0.01588902855291963 43.816013336181648 182.20648956298831 0.10261675342917444 549.26336669921886 0.11882352828979494 -156.49999999999997 50.500000000000007 465.64930725097662
decision_type=2 8 10 2 2 2 2 8 2 2 2 2 2 8
left_child=1 2 -1 4 5 8 12 -4 10 -10 -2 -3 -5 -14
right_child=3 11 7 6 -6 -7 -8 -9 9 -11 -12 -13 13 -15
leaf_value=0.074985562360298838 -0.053357438702887117 0.027687749503842531 0.016145610953292287 -0.04464704632071595 0.052224747188130374 0.037418636159129638 0.063984985738106889 -0.047148831911737799 -0.044834630166999789 -0.0012799118358365637 0.027644764889977243 -0.053565331875760236 0.043447805133415209 -0.003775271088517647
leaf_weight=263.30317035317421 331.45227520912886 1.1778260394930828 32.267529614269733 2.9373679906129864 5.0739428475499144 3.1504281014204016 7.3162387534975997 5.9611191451549521 19.774675190448761 12.615385740995405 1.1786405369639386 56.453719742596149 2.4341765791177723 7.1332317143678674
leaf_count=1172 4497 11 178 32 25 16 34 72 250 91 9 753 12 53
internal_value=-0.000888809 0.0472303 0.0662008 -0.0448658 -0.0485107 -0.0500367 0.0228051 0.0053256 -0.0508917 -0.0284172 -0.0529884 -0.0514608 -0.00424217 0.0112139
internal_weight=752.23 359.163 301.532 393.066 373.245 368.171 19.821 38.2286 365.021 32.3901 332.631 57.6315 12.5048 9.56741
internal_count=7205 2186 1422 5019 4888 4863 131 250 4847 341 4506 764 97 65
is_linear=0
shrinkage=0.05


Tree=18
num_leaves=15
num_cat=0
split_feature=70 113 60 118 72 66 120 31 6 112 5 31 79 1
split_gain=603.438 225.944 90.2084 44.169 26.5467 9.53872 9.28628 5.98215 5.62236 5.00839 5.63437 3.81759 2.5323 2.27482
threshold=239.15225982666018 2616.6906738281255 976.81567382812511 0.040364442393183715 1267.8930664062502 38.758869171142585 -174.49999999999997 33.374656677246101 52.357868194580085 44.500000000000007 537.74844360351574 173.49748992919925 0.10035246983170511 3431.139770507813
decision_type=2 2 2 2 2 2 2 10 10 2 10 10 2 2
left_child=1 -1 3 6 7 -6 8 -5 -2 -8 -11 -3 -4 -9
right_child=2 11 12 4 5 -7 9 13 -10 10 -12 -13 -14 -15
leaf_value=-0.051810624604223227 -0.035364255927589551 0.073411243542305965 -0.053055590462531423 -0.029156878356392076 -0.048311282204022504 0.010858825068441732 -0.051739133896759437 0.0071785942545248577 0.057595486162424582 0.021996580834308985 -0.041275017049449733 0.0059339999407469314 -0.019564640457579531 0.074789732284444452
leaf_weight=41.697868011891842 1.7779690697789181 250.92453061044216 296.89074078202248 1.0787016600370432 7.0508196577429763 43.275087252259254 37.162655793130398 1.5567328780889536 3.2916399911046028 5.4791127294301969 6.9139955639839172 2.298958793282508 7.3016545921564093 21.078421652317047
leaf_count=580 21 1144 4235 12 90 257 502 10 15 33 86 10 76 92
internal_value=3.48473e-05 0.0550872 -0.0375148 -0.00238215 0.0226655 0.00178916 -0.0361291 0.0651046 0.0245384 -0.0426981 -0.0137483 0.0728244 -0.0523184 0.0706402
internal_weight=727.779 294.921 432.858 128.665 74.0398 50.3259 54.6254 23.7139 5.06961 49.5558 12.3931 253.223 304.192 22.6352
internal_count=7163 1734 5429 1118 461 347 657 114 36 621 119 1154 4311 102
is_linear=0
shrinkage=0.05


Tree=19
num_leaves=15
num_cat=0
split_feature=74 99 43 38 83 62 79 8 31 31 81 118 1 108
split_gain=561.864 231.37 56.6635 36.8464 13.0559 11.5349 9.70211 8.80506 7.75923 6.07739 5.20842 3.03491 2.25574 2.24866
threshold=0.4840353280305863 0.1491062864661217 0.038838613778352744 0.12588027864694598 0.01588902855291963 187.6729431152344 0.057455779984593398 197.3711853027344 81.350021362304702 549.64144897460949 0.48999999463558203 0.041895315051078803 2175.0253906250005 0.20955064892768863
decision_type=2 8 10 10 2 2 2 10 10 10 2 2 2 2
left_child=1 2 12 4 6 11 10 -4 -8 -10 -2 -5 -1 -7
right_child=3 -3 7 5 -6 13 8 -9 9 -11 -12 -13 -14 -15
leaf_value=0.026425690490550914 -0.052779392582029995 -0.051072152760068323 0.015487758693295633 -0.008723356823523952 0.042094085455917085 -0.042294378569537577 0.044785764712125462 -0.046765251294995473 -0.044961197589838242 -0.0022972829333119398 0.035090719023570006 0.067400650415827018 0.071812060031880828 0.00071364291942958835
leaf_weight=4.295654632151126 294.79766366630793 52.023931935429573 30.596428945660591 1.282236941158774 3.2495101094245902 3.4565970823168746 2.7758067846298209 5.9321666881442061 25.565265394747257 12.334914334118364 1.0543131604790676 8.0421363264322263 247.62179736793041 9.4548266306519491
leaf_count=22 4372 753 166 17 17 42 17 77 352 91 7 37 1158 70
internal_value=-0.000792302 0.0452488 0.0627376 -0.0440989 -0.0481751 0.017581 -0.0491689 0.00440127 -0.0253368 -0.0314919 -0.0523491 0.0571015 0.0711457 -0.0130129
internal_weight=702.483 340.47 288.446 362.013 339.777 22.2358 336.528 36.5286 40.676 37.9002 295.852 9.32437 251.917 12.9114
internal_count=7198 2176 1423 5022 4856 166 4839 243 460 443 4379 54 1180 112
is_linear=0
shrinkage=0.05


Tree=20
num_leaves=15
num_cat=0
split_feature=70 58 60 22 9 66 44 115 54 64 79 58 72 17
split_gain=519.966 193.59 82.1389 34.9601 30.8143 12.8988 7.34908 6.49124 5.06498 4.08522 3.09925 2.94944 2.18925 1.80913
threshold=239.15225982666018 1572.7238769531252 976.81567382812511 0.17188291996717456 0.28470112383365637 38.758869171142585 0.0069725983776152143 0.45851086080074316 0.048383532091975219 14.914596080780031 0.077206529676914229 801.14468383789074 1358.5483398437502 0.13361760228872302
decision_type=2 2 2 10 10 2 8 2 8 2 2 2 2 10
left_child=1 13 3 4 8 9 -7 -8 11 -6 -4 -2 -3 -1
right_child=2 12 10 -5 5 6 7 -9 -10 -11 -12 -13 -14 -15
leaf_value=-0.052406838942757418 -0.010103378234916253 0.070053745228607411 -0.052771319126287811 -0.051184994330982926 0.034690302503232677 -0.042175838146908728 0.0057135548460520331 0.067076114300167064 0.023028191460499184 -0.051233018654653323 -0.020201360210867728 0.072033170839009841 0.019985064925475943 -0.0019689987922519884
leaf_weight=36.934422537684441 0.91591369360685959 231.36638566851616 270.48295968770981 27.747082971036434 0.82679584622383373 6.1057435497641555 38.971918009221554 3.8831688314676276 11.364818826317785 15.397556491196154 9.1909413412213308 18.134872019290924 3.173561453819274 1.9489172026514996
leaf_count=562 11 1114 4226 409 5 78 238 17 63 212 106 83 14 27
internal_value=-0.000757036 0.052356 -0.0368311 -0.00280005 0.0116276 -0.00786413 0.00512872 0.0126764 0.052322 -0.0450945 -0.0517768 0.0677773 0.069464 -0.0499915
internal_weight=676.445 273.423 403.022 123.348 95.6008 65.1852 48.9608 42.8551 30.4156 16.2244 279.674 19.0508 234.54 38.8833
internal_count=7165 1717 5448 1116 707 550 333 255 157 217 4332 94 1128 589
is_linear=0
shrinkage=0.05


Tree=21
num_leaves=15
num_cat=0
split_feature=70 113 86 22 102 34 27 115 39 62 27 62 10 128
split_gain=490.269 191.084 63.9995 48.1141 21.9458 10.9953 7.91833 8.28692 4.02818 3.07849 2.38913 1.87415 1.29419 0.97598
threshold=239.15225982666018 2616.6906738281255 0.60252690315246593 0.1639269217848778 16.500000000000004 39.016080856323249 656.99514770507824 0.54619383811950695 0.10035246983170511 237.78810882568362 5860.6909179687509 581.11849975585949 0.37655012309551245 12.912661552429201
decision_type=2 2 2 10 2 8 10 2 10 2 10 2 10 10
left_child=1 13 3 4 5 -2 12 10 -4 -3 -8 -12 -7 -1
right_child=2 9 8 -5 -6 6 7 -9 -10 -11 11 -13 -14 -15
leaf_value=-0.05227269094185797 -0.047357842435507704 0.068584275513553325 -0.052359673716789935 -0.051736504424067055 0.067183841149932963 -0.046039191539269331 -0.032900014085162348 0.064613312398993566 -0.017133849736497116 0.0064562832331280049 0.029572366842260035 0.005242247509906239 0.012173071502622783 -0.00032345316498723429
leaf_weight=37.735781345516443 8.6622638925909978 228.66182900965214 250.08618694171309 39.456985920667648 15.107688613235949 5.621163882315158 2.3257188796997061 6.753688469529151 9.6469369605183584 2.2320689409971228 9.6808333545923215 32.980511389672756 0.6911221221089362 0.93851176649331947
leaf_count=598 123 1133 4075 615 72 80 31 30 100 10 47 197 6 14
internal_value=-0.000690317 0.0508064 -0.0371621 -0.00709184 0.0148016 0.00212265 0.0101827 0.0167909 -0.0511221 0.0680141 0.00836269 0.0113142 -0.0388725 -0.051052
internal_weight=650.581 269.568 381.013 121.28 81.823 66.7153 58.053 51.7408 259.733 230.894 44.9871 42.6613 6.31229 38.6743
internal_count=7131 1755 5376 1201 586 514 391 305 4175 1143 275 244 86 612
is_linear=0
shrinkage=0.05


Tree=22
num_leaves=15
num_cat=0
split_feature=70 58 68 22 102 79 25 33 56 62 77 90 69 10
split_gain=467.061 176.247 65.7759 44.4847 18.0529 12.78 11.7253 9.1427 5.39331 3.87497 2.35158 1.77258 1.75943 1.27997
threshold=239.15225982666018 1572.7238769531252 1126.8312988281252 0.1639269217848778 15.500000000000002 0.14337102323770526 644.52407836914074 958.93426513671886 53.500000000000007 246.00486755371097 0.12617041170597079 0.13523317128419879 34.620903015136726 0.33192090690135961
decision_type=2 2 2 10 2 2 10 10 2 2 2 10 2 10
left_child=1 11 3 4 6 10 13 -8 -9 -3 -4 -1 -13 -2
right_child=2 9 5 -5 -6 -7 7 8 -10 -11 -12 12 -14 -15
leaf_value=-0.051978613727767589 -0.048280553263775845 0.067174408831502899 -0.052167542837902182 -0.05188836785544243 0.065424244717516566 -0.0025627605728436717 0.067709037101437067 -0.042993099923949424 0.013087202311750319 -0.00033976691944457703 -0.0099154067246599118 0.037082499953740931 -0.030320740923880936 0.0091357202525143757
leaf_weight=35.428069774061441 8.3444771431386435 227.61671584844589 253.91553374379873 29.907458916306496 15.694338768720625 14.134642362594603 6.3289727419614783 3.8701592423021784 35.811410620808601 2.1351008191704741 3.8685288541018954 0.69034604728221793 1.2700017876923082 0.76164533197879869
leaf_count=590 123 1163 4320 484 76 110 28 57 192 10 38 10 18 6
internal_value=-0.000166749 0.0501846 -0.0363009 -0.00174966 0.0198544 -0.0490453 0.00594387 0.0163498 0.0066953 0.0665482 -0.0515742 -0.0494844 -0.00207607 -0.0430494
internal_weight=639.777 267.14 372.637 100.718 70.811 271.919 55.1167 46.0105 39.6816 229.752 257.784 37.3884 1.96035 9.10612
internal_count=7225 1791 5434 966 482 4468 406 277 249 1173 4358 618 28 129
is_linear=0
shrinkage=0.05


Tree=23
num_leaves=15
num_cat=0
split_feature=70 58 60 99 9 34 31 50 115 12 79 25 58 108
split_gain=429.564 166.49 70.7437 26.0732 21.7882 10.196 6.86369 6.65535 6.5312 2.90515 2.82653 2.57664 2.263 2.1689
threshold=244.99747467041018 2193.9516601562505 998.87503051757824 0.13444877415895465 0.31055556237697607 39.016080856323249 481.74382019042974 0.012256000656634571 0.44445084035396581 0.19375000149011615 0.06001687794923783 707.69418334960949 636.91967773437511 0.039232274517416961
decision_type=2 2 2 10 10 10 8 8 2 10 2 10 2 2
left_child=1 11 3 4 6 9 12 -7 -9 -6 -4 -1 -2 -5
right_child=2 -3 10 13 5 7 -8 8 -10 -11 -12 -13 -14 -15
leaf_value=-0.049380697003032548 -0.008448936433805768 0.066095447595931098 -0.052321118225503352 -0.051249357356385833 -0.050089527863883369 -0.045221677375466292 0.012281241939238303 0.0029785410360205853 0.063041794825452871 0.025528726583733331 -0.022034836190948651 0.018399081624043311 0.066139454895856278 0.014463378763271051
leaf_weight=36.482933767139912 0.85247068852186814 213.99720533192158 233.90314743667841 23.186339065432552 12.990862708538767 5.1282763443887225 11.660890746861694 35.85869337618351 4.199548475444316 0.79579944163560945 10.042415559291838 0.97320942580699821 17.073039129376411 0.9152834564447393
leaf_count=624 11 1129 4193 391 203 79 69 228 19 5 136 4 83 7
internal_value=-0.000835985 0.049101 -0.0360868 -0.00326549 0.00938674 -0.00824549 0.0436528 0.00347381 0.0106574 -0.0442934 -0.0511694 -0.047187 0.0623333 -0.0482771
internal_weight=608.06 251.453 356.607 112.661 88.5596 58.9732 29.5864 45.1865 40.0582 13.7867 243.946 37.4561 17.9255 24.1016
internal_count=7181 1757 5424 1095 697 534 163 326 247 208 4329 628 94 398
is_linear=0
shrinkage=0.05


Tree=24
num_leaves=15
num_cat=0
split_feature=68 112 43 79 120 67 34 125 13 55 77 32 32 31
split_gain=385.513 224.257 44.6162 13.7257 12.7145 8.28011 4.02435 3.84551 3.8473 3.8063 2.46111 2.43087 1.45954 1.18853
threshold=1126.8312988281252 41.500000000000007 0.018031189218163494 0.12528026849031451 -9.4999999999999982 43.816013336181648 39.016080856323249 -156.49999999999997 0.050706032663583762 341.66561889648443 0.15849281847476962 16.358708381652836 512.32366943359386 599.19329833984386
decision_type=2 2 10 2 2 2 10 2 10 8 2 8 8 10
left_child=1 4 -3 10 5 11 -4 8 -6 -7 -2 -1 -11 -8
right_child=3 2 6 -5 7 9 13 -9 -10 12 -12 -13 -14 -15
leaf_value=0.025433524176646301 -0.051807845723502943 0.065080809442360527 -0.041382481649512692 -0.0037015463704145831 -0.034988581078743516 -0.0300563482545253 0.020727964506581764 -0.051253350520308327 0.051838906741185679 0.053949226658033866 -0.008211814762803105 -0.046748896805750915 -0.0061526430135780633 0.002548357075353145
leaf_weight=0.73918754979968071 231.65826981514692 217.90300299227238 2.9862374551594248 16.458708919584751 1.9090871512889855 1.2971188686788053 17.148415550589561 61.791794560849667 1.2774837017059324 6.3394776284694681 3.7016860283911219 6.029803290963172 0.94931748136878003 18.452732503414154
leaf_count=8 4321 1186 45 131 33 23 85 1091 6 28 36 93 13 104
internal_value=-0.00139249 0.033555 0.0563407 -0.0480849 -0.0389938 0.00186616 0.00658775 -0.0485312 0.00388801 0.0328527 -0.0511598 -0.0366073 0.0463235 0.0116322
internal_weight=588.642 336.824 256.49 251.819 80.3333 15.3549 38.5874 64.9784 3.18657 8.58591 235.36 6.76899 7.2888 35.6011
internal_count=7203 2715 1420 4488 1295 165 234 1130 39 64 4357 101 41 189
is_linear=0
shrinkage=0.05


Tree=25
num_leaves=15
num_cat=0
split_feature=74 99 43 38 72 79 34 58 13 128 6 125 31 12
split_gain=378.054 153.859 45.3235 31.5205 15.1955 7.16739 5.74194 5.36785 5.04517 4.06811 3.85129 3.35524 3.12533 2.59616
threshold=0.4840353280305863 0.1491062864661217 0.038838613778352744 0.052601503208279617 1358.5483398437502 0.077206529676914229 44.369388580322273 4790.5617675781259 0.023268398828804496 -113.55248260498045 38.548343658447273 -187.49999999999997 529.94226074218761 0.48999999463558203
decision_type=2 8 10 10 2 2 10 2 10 10 10 2 10 10
left_child=1 2 -1 5 9 8 -4 -7 13 10 -5 -3 -6 -2
right_child=3 11 6 4 12 7 -8 -9 -10 -11 -12 -13 -14 -15
leaf_value=0.063353603107556972 -0.051458859991118572 0.026956920101018758 -0.043669787424043073 -0.041823215220799764 -0.044403476599136432 -0.048601287376815426 0.011491392737099308 -0.0046627994013468217 0.018740417949354046 0.059647565955138829 0.043972104778003895 -0.051060841831943461 -0.0023074891581308372 0.020071761944581219
leaf_weight=210.46495933458209 221.91621672734618 0.83951366320252319 4.4647898934781542 1.8522899225354188 8.3003973104059714 10.79238471016288 33.801144119352102 17.518593262881041 2.1458820737898341 9.9280562140047568 1.4194132983684538 40.606569275259972 8.603767052292822 0.79115679860114951
leaf_count=1184 4327 10 75 27 145 198 179 164 16 57 7 767 66 6
internal_value=-0.000606375 0.0394381 0.0542918 -0.0416219 0.0065521 -0.0473536 0.00410706 -0.0224992 -0.0503695 0.0449956 -0.0030211 -0.0488827 -0.0243033 -0.0511162
internal_weight=573.445 290.177 248.731 283.268 30.1039 253.164 38.2659 28.311 224.853 13.1998 3.2717 41.4461 16.9042 222.707
internal_count=7228 2215 1438 5013 302 4711 254 362 4349 91 34 777 211 4333
is_linear=0
shrinkage=0.05


Tree=26
num_leaves=15
num_cat=0
split_feature=70 113 60 83 101 75 33 79 81 77 31 99 115 18
split_gain=349.986 139.883 64.4837 23.3914 16.7212 13.9236 7.79296 3.11627 2.6559 1.89447 1.82329 1.66355 1.62782 0.641024
threshold=244.99747467041018 2386.7412109375005 998.87503051757824 0.017700501717627052 0.21347969025373462 0.30992957949638372 515.85650634765636 0.054401634261012084 0.11882352828979494 0.13363095372915271 155.5830001831055 0.025338916108012203 0.14121450483798983 8.2308499258942916e-05
decision_type=2 2 2 2 10 2 8 2 2 2 10 8 2 8
left_child=1 13 3 4 5 6 -2 -4 9 -7 -3 12 -8 -1
right_child=2 10 7 -5 -6 8 11 -9 -10 -11 -12 -13 -14 -15
leaf_value=-0.013597758039952449 0.058230573584361692 0.06278119348658022 -0.051849090364295858 0.057509531512318759 -0.049530568326348043 -0.049236164479754013 0.00013130537728894376 -0.020784555861785292 0.021818215385396689 -0.0033259663293061016 0.011125046663764822 -0.028264622176986411 0.01940111497334646 -0.051135223280232928
leaf_weight=2.0824584886431685 6.8238830901682368 193.70207022875547 201.63159213960171 12.900069415569304 21.59610964730382 14.291312187910085 31.564859580248594 10.29409024864435 1.1689532250165928 2.811640139669179 2.2054790109395972 2.6489610224962226 15.7999025657773 30.00937769562006
leaf_count=33 38 1131 4148 71 412 259 199 152 7 24 10 41 78 594
internal_value=-0.000844075 0.0464268 -0.0344041 -0.00321309 -0.0118189 -0.000467416 0.0118031 -0.0504449 -0.0372688 -0.0422894 0.0622591 0.00445128 0.00682755 -0.0491839
internal_weight=549.531 227.999 321.531 109.606 96.7056 75.1095 56.8376 211.926 18.2719 17.103 195.908 50.0137 47.3648 32.0918
internal_count=7197 1768 5429 1129 1058 646 356 4300 290 283 1141 318 277 627
is_linear=0
shrinkage=0.05


Tree=27
num_leaves=15
num_cat=0
split_feature=74 89 86 38 86 74 26 31 71 58 125 113 31 32
split_gain=335.178 133.934 43.1334 26.2739 11.6812 6.90659 5.93026 6.0723 5.33766 4.06331 3.38626 2.99288 2.89661 2.58344
threshold=0.4840353280305863 0.095168013125658049 0.046999117359519012 0.052601503208279617 1.0000000180025095e-35 0.92012977600097667 0.22475342452526095 54.925270080566413 183.5148849487305 2019.4146728515627 -187.49999999999997 289302.00000000006 529.94226074218761 440.63388061523443
decision_type=2 8 2 10 2 2 10 8 2 2 2 2 8 8
left_child=1 2 -1 5 9 6 7 13 -4 -5 -3 -8 -6 -2
right_child=3 10 8 4 12 -7 11 -9 -10 -11 -12 -13 -14 -15
leaf_value=0.06173984107882783 0.047504154497148933 0.028685427706409212 0.01082285068530554 -0.018194241333523428 -0.043286766704970767 -0.051334771949029523 0.0096657389835640411 -0.050583637017205342 -0.043084053949009951 0.053195922084464969 -0.050525563063146754 -0.025258139409416597 -0.00082025088478968793 -0.027498385005754279
leaf_weight=196.72816952317953 1.824968166649344 0.7903498224914064 34.439585208892822 1.9174241907894636 7.3932889774441692 176.70371942594647 10.210201364010574 28.770855013281107 4.2824003174901 9.8699027523398382 36.997593209147453 12.946863461285828 7.7741195484995851 1.0931419692933562
leaf_count=1186 10 9 179 31 140 3800 71 578 78 57 767 198 63 23
internal_value=-0.000273591 0.0382703 0.0522887 -0.0410048 0.00553176 -0.0464226 -0.0299609 -0.0437236 0.00392654 0.0410683 -0.048172 -0.0100971 -0.0229174 0.0195604
internal_weight=531.743 273.238 235.45 258.504 26.9547 231.55 54.846 31.689 38.722 11.7873 37.7879 23.1571 15.1674 2.91811
internal_count=7190 2219 1443 4971 291 4680 880 611 257 88 776 269 203 33
is_linear=0
shrinkage=0.05


Tree=28
num_leaves=15
num_cat=0
split_feature=70 113 66 74 34 82 97 65 4 40 81 59 59 69
split_gain=314.045 118.952 54.5382 22.6426 9.80126 8.01515 5.41968 5.13821 4.70919 4.56176 3.38929 2.05384 2.02311 1.9504
threshold=239.15225982666018 2616.6906738281255 247.26355743408206 0.34665441513061529 39.016080856323249 0.12779850512742999 0.00031342350121121859 30.648148536682132 13.826340198516847 1.0000000180025095e-35 0.029268989339470867 431.63197326660162 4165.0688476562509 20.215397834777836
decision_type=2 2 2 2 10 2 10 2 10 8 2 2 2 2
left_child=1 13 3 7 8 11 -6 -2 -5 -7 12 -4 -8 -1
right_child=2 -3 5 4 6 9 10 -9 -10 -11 -12 -13 -14 -15
leaf_value=0.0021670232285933965 0.056948848328614077 0.061001446415306526 -0.0091275156656709551 0.039123760888424682 -0.038728876943850306 -0.032859666527859648 -0.038491119612432331 0.01441033218777495 -0.050393285403830784 0.057892453827348068 0.04270366842670744 -0.051238039228264413 -0.00026819184843586544 -0.050713665349309725
leaf_weight=1.7749515473842645 10.970883324742319 182.18619330227375 3.4301774315536013 0.85499595105648296 9.9083613418042642 1.6464863494038575 2.8106854669749728 19.880681678652763 22.37114517390728 2.0729560181498528 3.3318654783070079 186.14442426711321 37.979017872363329 26.790258962661028
leaf_count=35 64 1141 51 4 178 33 54 118 444 11 19 4186 279 576
internal_value=-0.000553994 0.0461451 -0.0332524 -0.00473993 -0.0191651 -0.0490927 -0.00717089 0.0308502 -0.0456191 0.0192689 0.000617335 -0.050528 -0.00376005 -0.0474657
internal_weight=512.153 210.751 301.402 108.108 77.2561 193.294 54.0299 30.8516 23.2261 3.71944 44.1216 189.575 40.7897 28.5652
internal_count=7193 1752 5441 1160 978 4281 530 182 448 44 352 4237 333 611
is_linear=0
shrinkage=0.05


Tree=29
num_leaves=15
num_cat=0
split_feature=70 113 60 22 9 34 93 4 79 93 60 31 118 128
split_gain=299.458 111.953 54.2157 21.1741 14.8089 7.57927 4.2147 3.48172 3.26488 2.98867 3.24881 2.30252 1.23173 1.0688
threshold=239.15225982666018 2616.6906738281255 998.87503051757824 0.14820739626884463 0.28470112383365637 44.369388580322273 1.6676000086590651e-05 13.826340198516847 0.05065960809588433 0.00010136900164070541 385.22607421875006 184.83470153808597 0.010024815332144501 12.912661552429201
decision_type=2 2 2 10 10 10 10 10 2 8 2 10 2 10
left_child=1 13 3 4 6 7 12 -6 -4 10 -7 -3 -2 -1
right_child=2 11 8 -5 5 9 -8 -9 -10 -11 -12 -13 -14 -15
leaf_value=-0.050542270179034815 -0.025507700235511733 0.060347882502679445 -0.051305539426875595 -0.050094342072226052 0.03561210800564326 0.04281394853375526 0.055404959827428969 -0.047832408738508955 -0.019537127399108817 -0.039871008310994854 0.00078910683844441983 0.0022685672989245088 0.018906579150618528 0.003369857772927717
leaf_weight=25.790232878178362 0.91896001622081058 175.56031365692616 174.94587642326951 19.472342394292355 0.67016291618347068 4.2155999243259421 13.866681594401596 11.480941995978354 10.188074868172405 2.9100829847156993 39.236652344465256 1.8035753965377797 10.699146658182142 0.82684919610619445
leaf_count=577 16 1142 4133 421 3 20 81 225 164 55 250 8 55 16
internal_value=-0.000810485 0.045436 -0.0335408 -0.00447955 0.00655975 -0.00736578 0.0376039 -0.0408723 -0.0496717 0.00209349 0.00573765 0.0597733 0.0136504 -0.0488061
internal_weight=492.585 203.981 288.605 103.471 83.9982 58.5134 25.4848 12.1511 185.134 46.3623 43.4523 177.364 11.6181 26.6171
internal_count=7166 1743 5423 1126 705 553 152 228 4297 325 270 1150 71 593
is_linear=0
shrinkage=0.05


Tree=30
num_leaves=15
num_cat=0
split_feature=74 22 86 74 49 67 22 94 108 71 137 76 1 17
split_gain=278.378 106.879 38.8257 18.6616 13.0178 12.7025 5.4401 4.58287 4.4959 4.12307 3.2354 3.07445 2.53648 1.05814
threshold=0.49401782453060156 0.18163572996854785 0.046999117359519012 0.92861774563789379 0.0048703257925808438 38.959489822387702 0.023576749488711361 0.03971486724913121 1.9596012234687807 183.5148849487305 36.028966903686531 0.088748242706060423 2267.907104492188 0.17145191133022311
decision_type=2 8 2 2 8 2 10 10 2 2 2 2 2 10
left_child=1 2 12 4 8 6 -6 -7 -2 -4 -3 13 -1 -5
right_child=3 10 9 11 5 7 -8 -9 -10 -11 -12 -13 -14 -15
leaf_value=0.010135726381070347 -0.048914224591611051 0.016824815637646144 0.0086992546978054246 -0.051362612836608347 0.0092459522341389929 0.057537224667773536 -0.043833505068462543 -0.019623635723740207 -0.015989161093198766 -0.041442796612029306 -0.050793820520516002 0.014051523958444185 0.060146008659373973 0.0015285599971105995
leaf_weight=3.0282923765480509 27.067793399095535 1.4167017191648472 33.327576577663422 153.63848569616675 8.3265804350376182 9.7823975868523103 9.6031593233346921 1.8225981965661038 18.617281876504421 3.6596325263380995 30.8441854827106 1.4460976868867863 167.919458668679 0.89412926137447257
leaf_count=17 603 19 174 3805 55 58 188 33 258 75 729 21 1135 19
internal_value=-0.0014313 0.036192 0.0493272 -0.0405062 -0.0196815 0.00610646 -0.0199971 0.0448235 -0.0361267 0.00277768 -0.0474079 -0.0503595 0.0593242 -0.0510487
internal_weight=471.394 240.196 207.935 231.199 75.2198 29.5347 17.9297 11.605 45.6851 36.9872 32.2609 155.979 170.948 154.533
internal_count=7189 2149 1401 5040 1195 334 243 91 861 249 748 3845 1152 3824
is_linear=0
shrinkage=0.05


Tree=31
num_leaves=15
num_cat=0
split_feature=74 22 43 71 30 3 81 8 83 137 17 30 1 62
split_gain=259.372 99.0485 34.4571 22.5211 11.9249 6.32689 4.8592 3.95299 3.80658 3.65865 3.44017 3.22402 1.78067 1.66835
threshold=0.4770264476537705 0.21206715703010562 0.038838613778352744 85.826648712158217 130.41976165771487 76.979911804199233 0.10391363129019739 182.20648956298831 0.011766334529966118 36.028966903686531 0.053182333707809455 897.17849731445324 2175.0253906250005 103.49219131469728
decision_type=2 8 10 2 8 10 2 8 2 2 8 8 2 2
left_child=1 2 12 8 10 11 -7 -4 -2 -3 -5 13 -1 -6
right_child=3 9 7 4 5 6 -8 -9 -10 -11 -12 -13 -14 -15
leaf_value=0.016323009979446784 -0.050104316657402038 0.024837165165380155 0.0096107924828986134 0.048875886124021752 0.042992959792631104 -0.044452989974095955 0.027187794786037025 -0.040844074082707169 0.029082593114673028 -0.049638266825955984 -0.022226496503676123 -0.022989135097208641 0.059354075824617318 0.0017308841866615476
leaf_weight=3.3601605780422679 155.92519580572844 1.1638454236090208 31.151445858180523 7.5740428157150719 2.0319292284548309 27.2859683893621 1.9281972795724858 3.4215677157044402 0.92863084748387237 29.609718218445778 1.4997680149972445 13.460871450603006 161.80420556664467 13.24786429107189
leaf_count=18 3993 14 159 55 12 591 17 71 6 727 24 224 1135 90
internal_value=-0.000881109 0.0362704 0.0491322 -0.0391238 -0.0145779 -0.0229873 -0.0389812 0.00360965 -0.0494542 -0.0461286 0.0360839 -0.0059659 0.0585821 0.0095218
internal_weight=454.393 230.511 199.737 223.882 67.0286 57.9548 29.2142 34.573 156.854 30.7736 9.07381 28.7407 165.164 15.2798
internal_count=7136 2124 1383 5012 1013 934 608 230 3999 741 79 326 1153 102
is_linear=0
shrinkage=0.05


Tree=32
num_leaves=15
num_cat=0
split_feature=60 118 72 27 62 99 20 11 115 28 31 112 31 3
split_gain=246.375 121.066 50.1188 7.73841 8.73417 7.02077 4.27306 3.23689 2.58752 1.95772 1.6033 1.23783 1.51531 1.1825
threshold=976.81567382812511 0.040767440572381027 1267.8930664062502 597.08789062500011 299.53491210937506 0.13444877415895465 0.00028435915010049945 0.076982341706752791 0.21757273375988009 36.500000000000007 89.531368255615249 123.50000000000001 539.27136230468761 207.61489868164065
decision_type=2 2 2 10 2 10 10 10 2 2 10 2 10 8
left_child=1 3 5 9 10 -3 -4 -2 -6 -1 -5 -8 -13 -7
right_child=7 2 6 4 8 13 11 -9 -10 -11 -12 12 -14 -15
leaf_value=-0.048543520420914116 -0.050584265953394214 0.058767849762653146 -0.033761912600052582 0.058656430546574524 -0.0025160159045880229 -0.034745558641351766 -0.030621879377828683 -0.019048113974704239 -0.046401470183833393 0.021322377903856229 0.0018744327635973679 0.029943733640415478 0.0043341981718978398 0.021125259711257529
leaf_weight=40.112392909824848 154.38293971866369 170.43170937523246 6.5805895626544944 3.3681114800274399 5.7274678945541364 1.9040015004575246 1.1526907570660103 10.274058878421782 7.5569566823542118 0.50105778872966666 1.8325486220419405 5.9638681560754767 36.934797897934914 0.61318016052246083
leaf_count=990 4177 1240 105 18 44 42 19 174 172 3 17 27 209 3
internal_value=-0.000294272 0.027999 0.0447898 -0.035212 -0.00782417 0.0575333 0.000989436 -0.0487434 -0.0289813 -0.0471899 0.0421773 0.00681493 0.0084955 -0.0189988
internal_weight=447.336 282.679 223.581 59.0985 18.4851 172.949 50.6319 164.657 13.2844 40.6135 5.20066 44.0514 42.8987 2.51718
internal_count=7240 2889 1645 1244 251 1285 360 4351 216 993 35 255 236 45
is_linear=0
shrinkage=0.05


Tree=33
num_leaves=15
num_cat=0
split_feature=70 113 60 1 72 34 120 79 13 32 90 62 121 44
split_gain=232.72 86.2353 51.643 15.45 16.8165 7.52371 6.92035 3.61422 2.7132 2.32499 2.31555 2.30178 1.70841 0.898462
threshold=239.15225982666018 2616.6906738281255 998.87503051757824 4268.9233398437509 1267.8930664062502 39.016080856323249 -174.49999999999997 0.051575569435954101 0.064583335071802153 16.358708381652836 0.13523317128419879 279.54028320312506 -79836.843749999985 0.011981054209172727
decision_type=2 2 2 2 2 10 2 2 10 8 10 2 2 10
left_child=1 9 3 6 -5 -6 12 -4 -8 10 -1 -3 -2 -7
right_child=2 11 7 4 5 13 8 -9 -10 -11 -12 -13 -14 -15
leaf_value=-0.026851552491797062 -0.019915574068555653 0.057953104737690532 -0.050667504077801087 0.05762444138699814 -0.045497469513385666 -0.0017688093184071608 -0.04991403004975474 -0.016627674458313514 0.018487380471294612 -0.049707267976051378 0.05719682398974494 -0.0053447218425194468 0.035154475580437876 0.011095099793273198
leaf_weight=1.0605257004499433 1.3340260386466978 152.50366185605526 144.24257193133235 13.45596146956086 7.6919660270214072 26.851357363164425 20.887200314551595 9.5431961007416231 1.0592740662395943 21.166994303464893 0.38749162107706059 1.2866332530975331 3.2145306617021587 25.968994274735451
leaf_count=27 22 1158 4095 89 174 179 522 165 10 567 7 6 14 136
internal_value=1.47307e-05 0.0440007 -0.0305568 -0.00261392 0.00917073 -0.00236542 -0.034651 -0.0486762 -0.0459508 -0.0456417 0.00981684 0.0573924 0.0183248 0.00464434
internal_weight=430.654 176.405 254.249 100.463 73.9683 60.5123 26.495 153.786 21.9465 22.615 1.44802 153.79 4.54856 52.8204
internal_count=7171 1765 5406 1146 578 489 568 4260 532 601 34 1164 36 315
is_linear=0
shrinkage=0.05


Tree=34
num_leaves=15
num_cat=0
split_feature=60 118 72 110 33 109 11 34 32 128 4 115 69 62
split_gain=219.15 98.4407 44.7671 7.40481 7.91506 6.5002 4.65757 4.59663 2.42413 2.36243 2.34455 2.2157 1.50986 0.968555
threshold=955.41818237304699 0.040767440572381027 1267.8930664062502 546.86447143554699 544.87939453125011 3.2677999115549035e-05 0.081741593778133406 39.016080856323249 16.358708381652836 -147.62310791015622 14.869351387023928 0.16849381476640704 38.665632247924812 556.87774658203136
decision_type=2 2 2 2 10 2 10 10 8 10 8 2 2 2
left_child=1 3 5 8 9 -3 -2 -4 10 -5 -1 -6 -7 -9
right_child=6 2 7 4 11 12 -8 13 -10 -11 -12 -13 -14 -15
leaf_value=-0.026547421900726106 -0.050148892017497462 -0.031358658889839873 -0.042234449143074698 -0.00066336654256889073 -0.0040039062738470325 0.0023114243586542303 -0.01390715359848268 0.021824469232715853 -0.049490468095613166 0.054253087513460363 0.058640722880204457 -0.046455131554797156 0.057754049835647997 0.0032020184315037581
leaf_weight=1.0382769554853437 140.94106722995639 1.5069643221795548 4.3351507261395446 3.269598413258791 5.1479577012360078 1.3235808536410321 10.443936519324778 7.7260395511984816 31.885222107172012 3.7958906739950207 0.36974507197737683 7.4609447307884693 154.37348978593946 37.458410605788231
leaf_count=27 4178 39 91 28 45 13 168 38 877 24 7 182 1213 218
internal_value=-0.000122504 0.0277219 0.0432713 -0.0326419 -0.00775407 0.0562578 -0.0477563 0.00174702 -0.0466941 0.0319087 0.0108852 -0.030691 0.0573005 0.00678986
internal_weight=411.076 259.691 206.724 52.9676 19.6744 157.204 151.385 49.5196 33.2932 7.06549 1.40802 12.6089 155.697 45.1845
internal_count=7148 2802 1612 1190 279 1265 4346 347 911 52 34 227 1226 256
is_linear=0
shrinkage=0.05


Tree=35
num_leaves=15
num_cat=0
split_feature=68 56 33 39 123 21 65 124 38 108 0 128 35 62
split_gain=200.562 110.26 32.6487 11.101 7.42897 4.10496 3.4913 3.08681 2.41603 1.71819 1.53998 1.35109 1.13609 0.851714
threshold=1126.8312988281252 23.500000000000004 1140.2029418945315 0.10326880589127542 9.7396774291992205 0.025040742941200737 16.358708381652836 0.032427094876766212 0.10102041065692903 0.062999412417411818 82.500000000000014 32.235033035278327 49.445241928100593 593.59683227539074
decision_type=2 2 10 10 10 10 2 10 10 2 2 8 10 2
left_child=1 4 12 8 6 11 7 -1 -2 -8 -4 -6 -3 -12
right_child=3 2 10 -5 5 -7 9 -9 -10 -11 13 -13 -14 -15
leaf_value=-0.026891653345141521 -0.049932597921885306 0.0069630598818192953 -0.030346631725076158 -0.0040720748082672892 -0.0087250591898434347 -0.034076534380216128 -0.050160101535033579 0.057092827153187156 -0.0073038804027498018 0.0010289394805469538 0.016066792411563634 0.042510240714978963 0.057518010052813408 0.0014049830266907599
leaf_weight=1.743067163974046 138.10560255870223 1.4169430658221234 1.732701938599347 15.534351717680691 1.3257242701947669 3.0255725830793381 38.62484772503376 0.84379144012927998 3.7873596884310237 1.6685546934604634 18.671801686286926 4.0580676458775997 143.41433380544186 20.375154212117195
leaf_count=40 4253 10 32 146 15 81 1086 12 45 22 88 26 1178 111
internal_value=-0.000904484 0.0281236 0.0460124 -0.0444885 -0.0362555 0.00611625 -0.0445152 0.00878252 -0.0488538 -0.0480668 0.00629891 0.0305034 0.0570745 0.00864222
internal_weight=394.328 236.901 185.611 157.427 51.2896 8.40936 42.8803 2.58686 141.893 40.2934 40.7797 5.38379 144.831 39.047
internal_count=7145 2701 1419 4444 1282 122 1160 52 4298 1108 231 41 1188 199
is_linear=0
shrinkage=0.05


Tree=36
num_leaves=15
num_cat=0
split_feature=74 99 43 38 62 79 83 116 8 128 1 0 67 67
split_gain=191.404 76.3074 32.553 18.0176 8.236 6.81008 4.51084 3.68157 3.07284 2.89877 2.7557 2.36554 1.95318 1.79942
threshold=0.49401782453060156 0.1491062864661217 0.038838613778352744 0.052601503208279617 187.6729431152344 0.056349817663431175 0.021567718125879768 1.9051457643508913 182.20648956298831 -113.55248260498045 1954.757507324219 57.500000000000007 110.98779296875001 38.959489822387702
decision_type=2 8 10 10 2 2 2 2 8 10 2 2 2 2
left_child=1 2 10 5 9 6 12 -7 -4 13 -1 -6 -2 -5
right_child=3 -3 8 4 11 7 -8 -9 -10 -11 -12 -13 -14 -15
leaf_value=0.0099260704524846265 -0.049972268541269203 -0.04806736539313318 0.0067970933148591558 -0.038699003001302371 -0.043865766879545687 -0.045434107398797489 0.023507090233296887 -0.0051350330741425374 -0.039288597548900121 0.054305936468459361 0.056438079709820746 -0.0027367900057158486 0.014757149907141377 0.029567428601185997
leaf_weight=3.7454639263451091 130.36098110489547 24.683807862922549 32.945189200341702 1.1317697055637834 4.9769541937857857 7.6881948225200203 1.604051962494849 17.177416201680899 3.0505119375884524 6.5482290796935576 136.05675303936005 8.77119650878012 0.76894333586096664 0.81587752699851979
leaf_count=21 4201 760 169 23 111 223 11 202 79 51 1162 100 9 5
internal_value=-0.000665122 0.0328534 0.0444231 -0.0380051 0.00396582 -0.0439167 -0.0484326 -0.0188699 0.00193508 0.040134 0.0552713 -0.0195906 -0.0494839 -0.00977272
internal_weight=380.325 200.482 175.798 179.844 22.244 157.6 132.734 24.8656 35.9957 8.49588 139.802 13.7482 131.13 1.94765
internal_count=7127 2191 1431 4936 290 4646 4221 425 248 79 1183 211 4210 28
is_linear=0
shrinkage=0.05


Tree=37
num_leaves=15
num_cat=0
split_feature=60 118 72 112 120 31 79 34 34 67 113 30 31 64
split_gain=182.457 86.6274 38.5862 10.3037 5.5358 4.8542 4.18549 2.98002 2.73909 2.68461 2.38164 1.64111 0.882268 0.498731
threshold=976.81567382812511 0.048070896416902549 1267.8930664062502 44.500000000000007 -174.49999999999997 278.29408264160162 0.051575569435954101 39.016080856323249 38.71052551269532 52.357868194580085 6763.2885742187509 109.74668884277345 558.07388305664074 16.358708381652836
decision_type=2 2 2 2 2 10 2 10 8 2 2 10 10 2
left_child=1 3 10 4 9 -5 -2 -4 -7 -1 11 -3 -9 -6
right_child=6 2 7 5 13 8 -8 12 -10 -11 -12 -13 -14 -15
leaf_value=-0.032766210614786649 -0.049950189031472823 -0.02830092890032912 -0.036945284194465418 0.04972499599332459 -0.0098820374217749377 -0.041106735215708352 -0.013213553177024202 0.019936056369362201 0.0035594863823550809 0.031585985252114757 0.056253273799625705 0.030986810447474436 0.0019138105105012554 -0.049181825735795409
leaf_weight=1.6797593683004368 123.02412634529173 1.0641646161675447 3.5424067527055731 3.4238965883851078 1.4106532149016846 3.8021396864205572 9.1870019361376745 7.6518227756023398 11.554359924048185 3.1764454003423452 134.99877842888236 1.7452276386320589 32.815439686179161 33.677036564797163
leaf_count=43 4196 17 74 23 36 108 165 36 73 16 1208 13 190 1038
internal_value=-0.000538208 0.0253723 0.0423723 -0.0270899 -0.0411585 0.00340059 -0.0475158 0.00154143 -0.00933655 0.00753245 0.0553067 0.00699536 0.00572016 -0.0479194
internal_weight=372.753 240.542 181.818 58.7243 39.9439 18.7804 132.211 44.0097 15.3565 4.8562 137.808 2.80939 40.4673 35.0877
internal_count=7236 2875 1538 1337 1133 204 4361 300 181 59 1238 30 226 1074
is_linear=0
shrinkage=0.05


Tree=38
num_leaves=15
num_cat=0
split_feature=74 89 86 74 31 108 89 125 83 8 1 20 71 10
split_gain=174.608 63.2056 32.7653 18.0521 9.02219 9.72573 4.74855 4.57545 2.82961 2.70585 2.09156 1.68314 1.36633 0.891102
threshold=0.49401782453060156 0.085002452135086073 0.046999117359519012 0.92667970061302196 100.70543670654298 0.1928951442241669 0.07254210859537126 -156.49999999999997 0.0047547153662890205 182.20648956298831 1954.757507324219 0.00024257334735011685 91.239074707031264 0.08842144533991815
decision_type=2 8 2 2 8 2 10 2 2 8 2 10 2 10
left_child=1 2 10 4 6 -6 12 -3 11 -4 -1 -7 -2 -5
right_child=3 7 9 13 5 8 -8 -9 -10 -11 -12 -13 -14 -15
leaf_value=0.0091138897770301069 -0.0045403722215924189 0.039509972145077669 0.0063036619443108712 -0.050081174913395914 -0.047735901780080067 -0.026700450954067742 -0.033695334696337155 -0.048224465049260506 0.037901348239702141 -0.038176285899225552 0.055722170489575167 -0.00084941051092348927 0.051271449536369897 0.010670056574685095
leaf_weight=2.8919062316417685 1.1015776712447385 0.85838139802217739 35.688853103667498 106.50064416415989 22.506878009065986 8.5754098873585516 1.7653529308736322 22.539264788851142 2.5274785608053199 2.7734331991523495 127.00338878110051 18.589673867449164 6.5856501050293446 0.2851585578173389
leaf_count=14 20 8 183 3805 690 215 45 755 20 79 1183 154 50 3
internal_value=-0.000418063 0.0321318 0.0428402 -0.0374448 -0.0155546 -0.0236982 0.0273814 -0.0435183 -0.00451612 0.00221017 0.0547621 -0.00966826 0.0436716 -0.0498215
internal_weight=360.193 191.755 168.358 168.438 61.652 52.1994 9.45258 23.3976 29.6926 38.4623 129.895 27.1651 7.68723 106.786
internal_count=7224 2222 1459 5002 1194 1079 115 763 389 262 1197 369 70 3808
is_linear=0
shrinkage=0.05


Tree=39
num_leaves=15
num_cat=0
split_feature=60 118 86 106 73 29 32 79 34 124 37 104 1 123
split_gain=160.173 72.8986 37.8109 6.02755 5.4868 5.24397 4.89203 3.96483 3.14214 2.5053 2.49943 2.40277 1.07649 0.852677
threshold=976.81567382812511 0.040767440572381027 0.046999117359519012 614.49291992187511 99.204303741455092 567.87091064453136 16.358708381652836 0.051575569435954101 40.874534606933601 0.034836985170841224 0.22052631527185443 1.2638888955116274 6381.2155761718759 256.94978332519537
decision_type=2 2 2 2 2 2 8 2 10 10 10 2 2 10
left_child=1 3 4 6 -3 -5 9 -2 -4 -1 -7 -6 13 -8
right_child=7 2 8 5 11 10 12 -9 -10 -11 -12 -13 -14 -15
leaf_value=-0.016889549751617067 -0.04954620388946445 -0.028826205863205803 -0.038695179053667157 0.057299111068197774 -0.019821963295607616 0.0013975725052877673 -0.049982897011682063 -0.013025871641911961 0.0048761603721012787 0.066240560135196844 -0.040755163709662284 0.055191744479640661 0.013950081560135399 0.0083678969661205201
leaf_weight=1.3131980914622561 112.56750708073378 1.4211166445165861 3.5674952901899806 1.8980133347213257 0.61501919291913409 8.1606113780289871 28.810075182467706 8.86345651373267 43.013502966612577 0.66550781577825535 5.09620302543044 123.57616475597024 0.29386480152606864 0.36851722188293834
leaf_count=30 4205 32 95 10 17 57 976 167 241 8 149 1189 2 7
internal_value=-0.00117957 0.0243532 0.0393297 -0.0306439 0.0535001 -0.00430803 -0.0428101 -0.0470087 0.00079605 0.0239216 -0.0165289 0.0546649 -0.0479283 -0.0489931
internal_weight=340.23 218.799 172.193 46.606 125.612 15.1548 31.4512 121.431 46.581 1.97871 13.2568 124.191 29.4725 29.1786
internal_count=7185 2813 1574 1239 1238 216 1023 4372 336 38 206 1206 985 983
is_linear=0
shrinkage=0.05


Tree=40
num_leaves=15
num_cat=0
split_feature=68 112 33 79 115 40 10 4 70 0 113 114 21 62
split_gain=150.955 79.1868 31.6873 10.7795 7.19007 5.10266 1.9991 1.70538 1.70038 1.53005 1.48455 1.41689 0.948871 0.643831
threshold=1126.8312988281252 41.500000000000007 1140.2029418945315 0.06001687794923783 0.52980089187622081 0.08179993182420732 0.20076530426740649 16.358708381652836 524.08663940429699 95.500000000000014 6763.2885742187509 0.32464481890201574 0.00020685474737547341 614.91790771484386
decision_type=2 2 10 2 2 10 10 8 2 2 2 2 8 2
left_child=1 4 10 6 11 7 -2 -6 -7 -4 -3 -1 -9 -11
right_child=3 2 9 -5 5 8 -8 12 -10 13 -12 -13 -14 -15
leaf_value=0.014163686015030583 -0.049875966542486543 -0.0039158028982468496 -0.031329183768570516 -0.0051225435897177766 0.028716180995965453 0.0026602052931053977 -0.013865338790645776 0.010383477988761309 0.056045078271444351 0.010531426883868015 0.05524599606329398 -0.048416197851629809 -0.040574734547595678 -0.002924045339416152
leaf_weight=0.52094117179513233 107.83247594349086 0.9407309889793386 1.9295293316245068 16.734883707016706 0.45503376051783384 2.8269027657806873 4.9559563230723134 0.64098159410059441 2.4270040523260832 26.1557921692729 119.16501784324646 29.706388792023063 5.9935666117817163 12.676730945706366
leaf_count=4 4204 6 43 200 10 24 89 10 13 126 1203 1013 198 70
internal_value=-0.000910693 0.025912 0.0419185 -0.0429161 -0.0341476 -0.00170068 -0.0484294 -0.0278061 0.0323393 0.00369278 0.0547541 -0.0469187 -0.0349363 0.0061758
internal_weight=332.962 203.439 160.868 129.523 42.5708 12.3435 112.788 7.08958 5.25391 40.7621 120.106 30.2273 6.63455 38.8325
internal_count=7213 2720 1448 4493 1272 255 4293 218 37 239 1209 1017 208 196
is_linear=0
shrinkage=0.05


Tree=41
num_leaves=15
num_cat=0
split_feature=66 118 118 72 46 1 34 34 3 72 36 65 127 26
split_gain=140.869 62.0111 20.6033 11.9233 11.3178 4.90914 3.60044 3.51778 2.64389 2.46342 2.09652 1.53645 1.60748 1.10937
threshold=247.26355743408206 0.1129315346479416 0.038490742444992072 1267.8930664062502 2.07484999918961e-05 2468.765991210938 44.369388580322273 156.849479675293 259.66497802734381 1215.740905761719 188.55767822265628 16.358708381652836 10.57006883621216 0.24387684464454654
decision_type=2 2 2 2 10 2 10 10 10 2 10 2 10 10
left_child=1 2 7 5 -3 10 -5 11 -2 -10 -4 12 -1 -13
right_child=8 4 3 6 -6 -7 -8 -9 9 -11 -12 13 -14 -15
leaf_value=-0.025606934413401963 -0.048807367320428084 -0.0011410558540633374 -0.040187189766484777 -0.039538455049539192 0.05465694413546688 0.051539978501326224 0.0021149431369432486 0.0040924831083253487 0.039236373689860278 -0.031047745204747887 0.019300528911410094 -0.046655606866772316 0.038296016187065518 -0.0097380056722163807
leaf_weight=1.4067846219986706 103.72180232591927 9.9795826040208322 1.595050230622294 4.9107127580791703 96.305215856060386 18.050500780344009 41.768710039556026 4.8928874507546416 1.1675770953297608 1.9365395344793794 2.5161991734057665 26.306920222938064 0.66510757617652405 2.8546033278107634
leaf_count=39 4207 107 48 146 1029 175 291 60 6 72 19 920 10 41
internal_value=-0.000923144 0.0227219 -0.00455906 0.0114859 0.049456 0.040819 -0.00300438 -0.0346198 -0.0474591 -0.00149242 -0.0071261 -0.0406231 0.000695536 -0.0434844
internal_weight=318.078 211.252 104.967 68.8412 106.285 22.1618 46.6794 36.1263 106.826 3.10412 4.11125 31.2334 2.07189 29.1615
internal_count=7170 2885 1749 679 1136 242 437 1070 4285 78 67 1010 49 961
is_linear=0
shrinkage=0.05


Tree=42
num_leaves=15
num_cat=0
split_feature=68 113 33 39 120 123 77 31 125 28 16 52 40 63
split_gain=131.626 65.8009 29.6974 11.0248 6.01138 3.89849 3.21854 2.27761 2.01719 1.93985 1.65265 1.23316 1.18846 1.02133
threshold=1126.8312988281252 7185.8427734375009 1140.2029418945315 0.061308821663260467 -9.4999999999999982 -111.51952362060545 0.045283664017915733 103.9901809692383 -162.99999999999997 49.500000000000007 0.12900230288505557 2.20714282989502 0.11882352828979494 128.10301208496097
decision_type=2 2 10 10 2 10 2 8 2 2 10 10 10 2
left_child=1 4 10 6 5 13 -2 11 12 -4 -3 -7 -6 -1
right_child=3 2 9 -5 8 7 -8 -9 -10 -11 -12 -13 -14 -15
leaf_value=-0.044928328706268658 -0.049886680802345866 0.054454095574551289 -0.034866821951585476 -0.0053198051008234654 -0.02306541048234359 0.056900562456553311 -0.0074603001057064649 -0.019026116071348426 -0.046020330213215971 0.0065761103524460008 -0.0089934433186622271 0.007340498956903016 0.035059947334384542 0.013101550475715136
leaf_weight=3.0212089698761706 96.378250565379858 108.06519855558872 2.0510611701756707 18.212455317378044 0.80854217521846539 2.5630719847977144 5.0883142054080954 1.7703947983682153 27.449279490858316 38.312034793198109 0.77051903866231342 2.4618666470050812 0.76159007847309113 0.46363578364253033
leaf_count=86 4123 1184 65 232 28 24 101 30 1027 196 20 19 6 3
internal_value=-0.000664628 0.0253301 0.0404481 -0.0414778 -0.0316442 0.0012369 -0.0478527 0.0225061 -0.0429455 0.00367815 0.0539271 0.037868 0.00779979 -0.036008
internal_weight=308.177 188.498 149.199 119.679 39.2996 10.2802 101.467 6.79533 29.0194 40.3631 108.836 5.02494 1.57013 3.48484
internal_count=7144 2688 1465 4456 1223 162 4224 73 1061 261 1204 43 34 89
is_linear=0
shrinkage=0.05


Tree=43
num_leaves=15
num_cat=0
split_feature=60 118 72 18 75 32 79 66 8 113 44 77 81 34
split_gain=126.183 55.3023 33.6281 7.92334 5.69726 5.53183 3.63829 2.10591 2.09045 1.68437 1.44876 0.973201 0.949506 0.924869
threshold=998.87503051757824 0.048070896416902549 1267.8930664062502 0.00085459550609812151 0.22052631527185443 16.358708381652836 0.047316236421465881 38.758869171142585 533.53079223632824 2616.6906738281255 0.016447140835225586 0.035362677648663528 0.0071306913159787664 39.016080856323249
decision_type=2 2 2 10 2 8 2 2 10 2 10 2 2 10
left_child=1 3 9 4 8 -6 11 -4 10 -3 -1 -2 -7 -14
right_child=6 2 7 -5 5 12 -8 -9 -10 -11 -12 -13 13 -15
leaf_value=-0.0035946087356921509 -0.050307240318016824 -0.012226937457765407 -0.035483328905990548 -0.048127305021765501 0.049271696508191132 -0.046400058211523959 -0.011666795434649019 0.0043680316028885799 0.053599866205051944 0.0536275081456715 0.030648727972414198 -0.014183434348095528 -0.029465373928669825 0.015797408217812496
leaf_weight=12.212430551648145 88.714721858501434 0.64068214036524196 2.5901770517230025 18.588321229442954 1.1303720809519253 10.143807621672751 7.6632058937102547 42.458005836233497 1.6064095087349404 102.3443320505321 3.0618350692093363 2.8702004421502343 1.3324692100286477 1.3032578378915785
leaf_count=114 4021 16 65 763 19 362 163 243 9 1171 25 109 46 8
internal_value=-0.000857598 0.0222466 0.0374713 -0.0232336 -0.00716401 -0.0298089 -0.0465771 0.00135585 0.0121192 0.0531042 0.00473118 -0.0493406 -0.0398718 -0.00889549
internal_weight=296.66 197.412 148.033 49.3789 30.7906 13.9099 99.2481 45.0482 16.8807 102.985 15.2743 91.5849 12.7795 2.63573
internal_count=7134 2841 1495 1346 583 435 4293 308 148 1187 139 4130 416 54
is_linear=0
shrinkage=0.05


Tree=44
num_leaves=15
num_cat=0
split_feature=68 1 33 79 120 121 38 51 96 31 122 62 11 65
split_gain=119.868 58.4383 28.0134 11.228 8.64651 4.10381 2.99582 2.05004 1.75715 1.42908 0.840049 0.855841 0.686591 0.681562
threshold=1126.8312988281252 4204.2624511718759 1140.2029418945315 0.046310480684041984 -8.4999999999999982 -36999.578124999993 0.11244833469390871 18.500000000000004 0.084601767361164107 73.275718688964858 79.553733825683608 549.26336669921886 0.24291939288377765 16.358708381652836
decision_type=2 2 10 2 2 2 10 2 10 8 8 2 10 2
left_child=1 4 -3 6 5 -1 -2 13 9 -7 11 -4 -5 -6
right_child=3 2 10 12 7 8 -8 -9 -10 -11 -12 -13 -14 -15
leaf_value=-0.036891334497926601 -0.049540793144928527 0.053557818960169146 0.020338787866657125 -0.017631236929142018 -0.010182247223202837 0.056664122191309174 -0.0034961824862849433 0.021502512864026282 -0.018305051349737408 0.0083353283072949407 -0.026796765082318 0.0023823700514028325 0.0017683018889081835 -0.048548056522396882
leaf_weight=2.5169212520122528 88.8922472409904 101.70706839486957 7.4348664805293074 5.9650041144341257 1.8491230476647675 3.1742346715182048 3.8415362518280736 0.60978459566831489 1.1163286529481409 3.0513255279511213 1.0560097470879544 32.76883408613503 12.757398173213003 24.928758369758725
leaf_count=74 4163 1224 35 153 45 30 50 6 35 23 31 171 100 1043
internal_value=-7.66372e-05 0.0250881 0.0395763 -0.0406268 -0.030104 0.00937626 -0.047691 -0.0441455 0.0277586 0.0374087 0.00465953 0.00611607 -0.00499302 -0.0463607
internal_weight=291.669 180.213 142.967 111.456 37.2465 9.85881 92.7338 27.3877 7.34189 6.22556 41.2597 40.2037 18.7224 26.7779
internal_count=7183 2717 1461 4466 1256 162 4213 1094 88 53 237 206 253 1088
is_linear=0
shrinkage=0.05


Tree=45
num_leaves=15
num_cat=0
split_feature=60 1 72 34 18 37 79 92 32 124 77 89 17 104
split_gain=113.22 44.7145 42.45 4.59381 4.50599 5.83826 4.25325 3.64602 2.56104 1.27104 0.800668 0.797002 0.774046 0.667549
threshold=998.87503051757824 3431.139770507813 1267.8930664062502 39.016080856323249 0.0022889290703460578 0.2149859964847565 0.046310480684041984 0.00052604751545004557 16.358708381652836 -1.0000000180025095e-35 0.035362677648663528 0.013431456405669452 0.0085561880841851252 1.3541666865348818
decision_type=2 2 2 10 10 8 2 10 8 10 2 10 8 2
left_child=1 4 13 -4 5 9 10 -7 -9 -1 -2 -5 -11 -3
right_child=6 2 3 11 -6 7 -8 8 -10 12 -12 -13 -14 -15
leaf_value=0.048606431847158994 -0.050080552974602434 -0.004392162258561135 -0.04180403419495185 -0.00034912038017764925 -0.047587283160237297 -0.044457837088276775 -0.010388597734935293 0.069214535641628966 -0.013565903985922091 0.029035380648485421 -0.01443899311459293 0.013587961324290715 -0.010890511724637397 0.0534200108751412
leaf_weight=2.4412126373499632 81.010315695777535 0.35505901835858722 5.2911547031253567 37.426359133794904 16.621682424098253 8.9090989362448436 8.3938428908586484 0.47064888291060836 1.8812321368604901 0.89161804318428339 2.6073889527469865 13.106008382514117 2.4524642694741488 96.096180342137814
leaf_count=20 4041 8 188 226 741 308 180 6 47 5 106 73 33 1201
internal_value=-0.000689795 0.0217413 0.0332487 -0.00149127 -0.0297627 -0.0107082 -0.0457663 -0.0308159 0.018707 0.0272044 -0.0491529 0.00345912 0.00398813 0.0531643
internal_weight=277.954 185.943 152.275 55.8235 33.668 17.0463 92.0115 11.261 2.35188 5.78529 83.6177 50.5324 3.34408 96.4512
internal_count=7183 2856 1696 487 1160 419 4327 361 53 58 4147 299 38 1209
is_linear=0
shrinkage=0.05


Tree=46
num_leaves=15
num_cat=0
split_feature=60 118 16 9 46 34 79 93 94 1 72 128 32 113
split_gain=108.842 47.2529 16.2952 8.79228 6.86515 4.47053 4.26799 3.99923 2.60365 2.29573 3.28022 1.92047 1.49718 1.24627
threshold=976.81567382812511 0.1129315346479416 0.11393394321203233 0.31055556237697607 2.07484999918961e-05 39.016080856323249 0.05065960809588433 1.6676000086590651e-05 0.0022437168518081312 599.13333129882824 1267.8930664062502 -87.866664886474595 16.358708381652836 3119.448608398438
decision_type=2 2 10 8 10 10 2 10 10 2 2 10 8 2
left_child=1 2 3 7 -3 8 -2 -1 -5 -7 -11 -10 -4 -9
right_child=6 4 12 5 -6 9 -8 13 11 10 -12 -13 -14 -15
leaf_value=0.0083176809264145779 -0.048722059931188583 0.0031400932294711249 0.010033072589671262 -0.045337240622833549 0.05283442986125058 -0.036428793680994748 -0.010145631563405727 0.0061792051865745051 -0.027414938969997634 0.040142223234137513 -0.00031801723877037487 0.036154072555255053 -0.047869594818743165 0.05130790867693022
leaf_weight=13.653212359175088 81.25779870338738 7.7615663688629857 0.85694840922951698 8.1187107022851688 78.222128732129931 2.4150895699858657 8.5154194049537164 2.0516395270824423 1.2896911781281235 5.0257401894778004 29.60937300696969 1.5165298264473666 16.737481415271763 12.943567896261809
leaf_count=102 4202 53 22 308 1039 101 173 10 44 40 188 19 773 149
internal_value=-0.000527374 0.0218619 -0.00264408 0.0074551 0.0484363 -0.00566535 -0.045215 0.0288768 -0.0323026 0.00283165 0.00651471 0.00741183 -0.0446615 0.0459058
internal_weight=269.975 180.202 94.218 76.6236 85.9837 47.9751 89.7732 28.6484 10.9249 37.0502 34.6351 2.80622 17.5944 14.9952
internal_count=7223 2848 1756 961 1092 700 4375 261 371 329 228 63 795 159
is_linear=0
shrinkage=0.05


Tree=47
num_leaves=15
num_cat=0
split_feature=60 118 96 102 93 34 79 44 32 123 127 38 90 32
split_gain=101.03 45.5084 15.6695 9.79192 7.90812 5.65212 3.84469 3.51314 2.78031 1.99801 1.56627 1.41053 1.30496 1.265
threshold=998.87503051757824 0.11077465489506723 0.11280087754130365 17.500000000000004 1.6676000086590651e-05 39.016080856323249 0.045158261433243758 0.014963426627218725 16.358708381652836 256.94978332519537 75.929698944091811 0.49074038863182073 0.00055295869242399942 16.358708381652836
decision_type=2 2 8 2 10 10 2 8 8 10 8 10 10 8
left_child=1 2 3 5 -3 8 -2 12 10 13 -1 -10 -7 -4
right_child=6 4 9 -5 -6 7 -8 -9 11 -11 -12 -13 -14 -15
leaf_value=0.042968406974272087 -0.048794995195357675 0.0030675623147780901 0.0045921731786989451 0.047969422488082628 0.05254018338386704 -0.033070682439540304 -0.0113378262319481 0.030039894063036955 -0.045615452025020799 0.018868416927455205 -0.023203443177316707 0.016486047398971675 0.002014047068046363 -0.048444260180247306
leaf_weight=1.1231476068496684 76.195041360333562 9.1810013167560083 1.0219506379216918 11.478427201509474 75.061205975711346 1.821686228737234 8.2947831656783801 11.331887727603315 9.0569256860762799 0.76326433010399242 0.71763716265559185 0.51094010472297746 42.646194394677877 17.383379172533754
leaf_count=11 4147 64 30 151 1042 82 187 105 336 13 16 7 247 830
internal_value=-0.000416591 0.020539 -0.0026995 0.00729296 0.0472477 -0.000255535 -0.0452933 0.00642677 -0.0308227 -0.0420463 0.0180841 -0.0410529 -0.000118976 -0.0454145
internal_weight=266.587 182.098 97.8554 78.6868 84.2422 67.2084 84.4898 55.7998 11.4087 19.1686 1.84078 9.56787 44.4679 18.4053
internal_count=7268 2934 1828 955 1106 804 4334 434 370 873 27 343 329 860
is_linear=0
shrinkage=0.05


Tree=48
num_leaves=15
num_cat=0
split_feature=70 113 66 22 72 20 1 17 72 27 125 79 109 76
split_gain=91.9416 35.7429 29.0968 7.49855 6.67981 5.88301 4.58835 3.18667 2.12511 1.46075 1.4383 1.14796 1.14788 1.07077
threshold=239.15225982666018 2616.6906738281255 973.71258544921886 0.1639269217848778 1267.8930664062502 0.00022438869928009811 599.13333129882824 0.13361760228872302 1358.5483398437502 3207.107299804688 5.5000000000000009 0.039201667532324798 1.9527631402015688 0.1651515141129494
decision_type=2 2 2 10 2 10 2 10 2 10 2 2 2 2
left_child=1 7 3 4 6 12 -2 -1 -3 -7 -9 -4 -6 -8
right_child=2 8 11 -5 5 9 13 10 -10 -11 -12 -13 -14 -15
leaf_value=-0.046846509484963758 -0.025855039501737249 0.051985455370311157 -0.049067279443036953 -0.044514143051947945 -0.04520690024111973 -0.032655178607974532 0.052466618303923886 0.05930527647265979 0.0011015778068313668 0.0032110853339463786 -0.017172200156966452 -0.011165022875964875 -0.0106889331162398 0.010426381654421293
leaf_weight=11.101035648956891 2.1770203150808802 78.118476390838623 67.004666386172175 9.4959854334592801 8.4848299175500852 2.0004936046898356 8.3924781419336778 0.36075739003717977 2.1515040323138228 52.157318141311407 0.49529976770281792 2.7595102470368138 4.2581427656114093 2.4978764075785866
leaf_count=564 81 1110 3858 436 363 84 82 10 13 338 16 96 74 21
internal_value=-0.00081812 0.0386649 -0.0237858 -0.00477949 0.00043038 -0.00607169 0.0317842 -0.0395049 0.0506519 0.00131824 0.0296448 -0.047747 -0.0352896 0.0445119
internal_weight=251.455 92.2271 159.228 89.4641 79.9682 66.9008 13.0674 11.9571 80.27 54.1578 0.856057 69.7642 12.743 10.8904
internal_count=7146 1713 5433 1479 1043 859 184 590 1123 422 26 3954 437 103
is_linear=0
shrinkage=0.05


Tree=49
num_leaves=15
num_cat=0
split_feature=60 118 110 72 93 66 39 13 98 65 62 18 75 61
split_gain=89.0879 39.2795 14.9619 11.3985 6.97362 6.05078 3.73953 3.47143 3.28047 1.80387 1.38995 1.23081 0.502753 0.464312
threshold=998.87503051757824 0.11746190115809442 364.57250976562506 382.68466186523443 2.0436000340851027e-05 38.758869171142585 0.047000177204608924 0.0068729333579540261 0.21603488177061084 13.826340198516847 549.26336669921886 8.2308499258942916e-05 0.40105263888835913 163.228141784668
decision_type=2 2 2 2 10 2 10 8 8 2 2 8 2 2
left_child=1 2 11 12 -3 9 -2 8 10 -5 13 -1 -4 -7
right_child=6 4 3 5 -6 7 -8 -9 -10 -11 -12 -13 -14 -15
leaf_value=0.0098838146113206429 -0.048578116817249183 0.0023034696225971694 0.051645119995587768 0.020171098191995876 0.052020758044361508 0.010287295312987579 -0.011259199081949504 0.041958378123251865 -0.039962681094866795 -0.045587271689607217 -0.00010042527755075702 -0.047826302461912246 0.0038946565825033817 0.034181421468659601
leaf_weight=0.6515464670956107 68.633257035166025 7.9861045610159627 11.679077828302976 0.61614467948674967 66.22786571085453 6.8869116399437171 8.2107198573648912 4.6391157712787381 3.5572313088923684 7.5775287710130215 38.431553209200501 14.924682173877954 0.75475054420530874 3.0616388320922852
leaf_count=24 4107 56 154 6 1007 42 197 45 170 294 234 789 18 24
internal_value=-0.000571776 0.0199195 -0.00182958 0.00733616 0.0467725 -0.00133693 -0.0447865 0.00469804 0.000640162 -0.0389862 0.00437439 -0.0449617 0.0492523 0.020091
internal_weight=243.838 166.994 92.7802 77.204 74.214 64.7701 76.844 56.5765 51.9373 8.19367 48.3801 15.5762 12.4338 9.94855
internal_count=7167 2863 1800 987 1063 815 4304 515 470 300 300 813 172 66
is_linear=0
shrinkage=0.05


Tree=50
num_leaves=15
num_cat=0
split_feature=60 112 72 120 39 20 122 125 127 126 38 66 45 112
split_gain=82.6091 36.0242 33.9471 5.50728 3.8971 3.07746 2.49389 1.80242 1.29745 1.08363 1.06579 0.788139 0.76962 0.679069
threshold=976.81567382812511 41.500000000000007 1267.8930664062502 -13.499999999999998 0.047000177204608924 0.00022438869928009811 5.2598302364349374 -156.49999999999997 -176.55372619628903 -116406.29296874999 0.044871712103486068 56.730962753295906 0.0011794581077992918 266.50000000000006
decision_type=2 2 2 2 10 10 10 2 10 2 10 2 8 2
left_child=1 3 8 6 10 11 -1 9 -3 -5 -2 -4 -8 -7
right_child=4 2 5 7 -6 13 12 -9 -10 -11 -12 -13 -14 -15
leaf_value=-0.02983900373032379 -0.04949573162779955 0.014051638753211686 -0.040866094326842906 -0.022469568850883564 -0.010920043549887175 0.016310571242723986 -0.010226251547748038 -0.046991224552507933 0.052599565698120514 0.034027315513409942 -0.0095324481604526466 0.00075781098944720693 0.031858807018680615 0.0014424190980672617
leaf_weight=2.3010027669370201 62.905211143195629 3.1422452442347995 4.2312323004007331 0.78227506950497627 8.5700763724744302 8.5382259078323823 0.8584188651293515 19.781437758356329 75.035358853638172 0.65708817541599873 2.2643283419311038 1.4072583243250845 4.2367070522159338 40.666352197527885
leaf_count=85 3965 44 165 36 200 48 18 1011 1164 5 98 10 43 226
internal_value=-0.000626884 0.0193711 0.0303039 -0.0307552 -0.0441353 6.65878e-05 0.00587556 -0.043212 0.0512472 0.00669819 -0.0482722 -0.0319283 0.0242539 0.00429591
internal_weight=235.377 161.638 133.021 28.6169 73.7396 54.8431 7.39613 21.2208 78.1776 1.43936 65.1695 5.63849 5.09513 49.2046
internal_count=7118 2855 1657 1198 4263 449 146 1052 1208 41 4063 175 61 274
is_linear=0
shrinkage=0.05


Tree=51
num_leaves=15
num_cat=0
split_feature=60 118 110 72 46 66 39 99 8 65 58 18 38 4
split_gain=76.9306 37.6313 13.5757 10.5404 6.92359 6.10039 3.67414 2.77771 2.39142 1.34409 1.22442 1.1698 0.933003 0.585577
threshold=998.87503051757824 0.11746190115809442 364.57250976562506 382.68466186523443 2.07484999918961e-05 38.758869171142585 0.052470816299319274 0.2201226279139519 393.86604309082037 13.826340198516847 1572.7238769531252 8.2308499258942916e-05 0.043655224144458778 31.47038555145264
decision_type=2 2 2 2 10 2 10 10 8 2 2 8 10 10
left_child=1 2 11 10 -3 9 12 8 13 -5 -4 -1 -2 -7
right_child=6 4 3 5 -6 7 -8 -9 -10 -11 -12 -13 -14 -15
leaf_value=0.0085998102333958749 -0.049202897579214318 0.0010654212849926399 -0.0023739713835405529 0.014140291489780847 0.051437377145080287 0.012659445402498377 -0.010544659888366724 -0.0377254923327928 0.03434507466260861 -0.047441532664490117 0.051150367903387367 -0.047588492687816841 -0.010044997042480344 -0.00034865764052576355
leaf_weight=0.68813028372823914 59.927591139450669 7.7026035673916331 1.0762337017804373 0.55142399296164413 61.69759888574481 10.033981868997214 8.0243325904011709 2.8349771630018941 5.7009206973016253 6.9355609491467476 11.213723145425318 14.213568592444062 2.1573221581056705 39.837132193148136
leaf_count=27 3967 54 28 6 1024 59 188 154 66 288 156 823 105 244
internal_value=-0.000529574 0.0183562 -0.00247955 0.00601363 0.0459412 -0.00214705 -0.0439421 0.00355031 0.00628561 -0.0417743 0.0466373 -0.0446162 -0.048023 0.00246596
internal_weight=232.595 162.486 93.0857 78.184 69.4002 65.894 70.1092 58.407 55.572 7.48698 12.29 14.9017 62.0849 49.8711
internal_count=7189 2929 1851 1001 1078 817 4260 523 369 294 184 850 4072 303
is_linear=0
shrinkage=0.05


Tree=52
num_leaves=15
num_cat=0
split_feature=60 118 96 31 33 46 66 79 14 99 77 4 47 38
split_gain=76.2527 35.4935 13.0176 7.77802 6.33684 5.71831 5.02584 3.82393 2.52607 1.71505 1.43901 1.0691 0.773647 0.557805
threshold=998.87503051757824 0.11746190115809442 0.11280087754130365 88.075580596923842 99.687007904052749 2.07484999918961e-05 38.758869171142585 0.039201667532324798 0.0065014630090445289 0.0089718047529459017 0.035362677648663528 13.826340198516847 0.06097825430333615 0.8592929244041444
decision_type=2 2 10 8 10 10 2 2 8 10 2 10 8 10
left_child=1 2 3 4 -1 -3 11 10 9 -8 -2 -5 -6 -14
right_child=7 5 -4 6 12 -7 8 -9 -10 -11 -12 -13 13 -15
leaf_value=-0.034785792510659809 -0.049588984925766716 0.0023825777745924413 -0.046516904927812325 0.014873845162267028 0.010984007352865796 0.051510463001184531 -0.034584285849854832 -0.0094606606373299415 0.036372687784751799 0.0021877693164248364 -0.005879622491375359 -0.04474352697497963 0.052340853506059881 0.001448123414441207
leaf_weight=2.1028978684917119 57.737502187490463 6.6729621998965731 12.54010159242898 0.36433089524507423 2.0930200163274977 59.790744673460722 2.3958524232730261 7.7878666566684833 4.2036356125026932 46.873469170182943 2.2430607713758937 6.3133208751678467 12.722506875172256 0.6205696817487486
leaf_count=107 4008 46 732 4 19 1036 108 190 45 283 113 290 184 16
internal_value=9.36783e-05 0.0192529 -0.00124499 0.00656076 0.0348795 0.0466864 -0.00213191 -0.0438419 0.0032413 -0.000252779 -0.0480776 -0.0399772 0.0459092 0.0502399
internal_weight=224.462 156.693 90.2297 77.6896 17.539 66.4637 60.1506 67.7684 53.473 49.2693 59.9806 6.67765 15.4361 13.3431
internal_count=7181 2870 1788 1056 326 1082 730 4311 436 391 4121 294 219 200
is_linear=0
shrinkage=0.05


Tree=53
num_leaves=15
num_cat=0
split_feature=60 118 88 31 93 123 34 79 33 14 65 89 49 77
split_gain=70.6638 33.6226 11.2147 6.70609 6.274 4.86836 4.44466 4.00493 3.3823 2.4538 1.6037 1.58967 1.32621 1.29813
threshold=998.87503051757824 0.1129315346479416 0.21380496770143512 83.248203277587905 1.6676000086590651e-05 -111.51952362060545 39.016080856323249 0.042019775137305267 99.687007904052749 0.0065014630090445289 13.826340198516847 0.0060409375000745067 0.11802396178245546 0.03141447342932225
decision_type=2 2 10 8 10 8 10 2 10 8 2 10 10 2
left_child=1 2 3 5 -3 -1 10 13 12 11 -5 -8 -7 -2
right_child=7 4 -4 6 -6 8 9 -9 -10 -11 -12 -13 -14 -15
leaf_value=-0.036556187267491012 -0.049544222518875747 0.0028456860018541636 -0.046719590993470908 0.020630947529340901 0.050987611951370485 -0.031681828742679718 -0.032870648109470414 -0.0091168952510589842 0.050755958205474731 0.035569715179085706 -0.04147786730361671 0.00174618398715886 0.03361059702347579 -0.0094632853885836324
leaf_weight=1.4855706403031943 55.073482450097799 7.8020548056811085 11.183667271398006 0.57662542909383585 56.886357890442014 1.6119959913194168 2.5829025674611321 8.1105304881930333 12.498834661208091 4.1365234330296508 7.4700375506654382 43.699759137816727 0.19078259170055378 2.647084927186369
leaf_count=52 4011 54 698 6 1029 85 119 200 183 45 347 262 6 140
internal_value=-0.000519106 0.0184156 -0.00223826 0.00499313 0.0453129 0.0328556 -0.00295641 -0.0433285 0.0419836 0.0027808 -0.0352386 -0.000840019 -0.0152455 -0.0478986
internal_weight=215.956 150.125 85.4367 74.253 64.6884 15.7872 58.4658 65.8311 14.3016 50.4192 8.04666 46.2827 1.80278 57.7206
internal_count=7237 2886 1803 1105 1083 326 779 4351 274 426 353 381 91 4151
is_linear=0
shrinkage=0.05


Tree=54
num_leaves=15
num_cat=0
split_feature=66 118 118 43 72 66 32 113 3 104 124 66 72 14
split_gain=65.3774 31.1446 8.68295 7.93206 5.6607 3.43218 2.63232 2.5521 2.5046 2.45642 2.12237 1.41315 1.40871 1.19904
threshold=247.26355743408206 0.11746190115809442 0.036381553858518607 0.038838613778352744 430.84947204589849 40.865631103515632 16.358708381652836 2616.6906738281255 259.66497802734381 3.4686274528503422 0.071439478546381011 52.458660125732429 1215.740905761719 0.0065014630090445289
decision_type=2 2 2 10 2 2 8 2 10 2 8 2 2 8
left_child=1 2 6 -3 7 -6 10 -4 -2 -8 -1 -11 -10 -7
right_child=8 3 4 -5 5 13 9 -9 12 11 -12 -13 -14 -15
leaf_value=-0.022826981483819894 -0.046582260912848283 0.050725812417671101 -0.023102151501943401 -0.0013255580053525662 -0.040488495036601846 0.0019833912711647648 -0.046893571479155211 0.048509806777590425 0.032527213985199331 -0.034554606905334427 0.057227191472703415 0.0029046627457719677 -0.024419540082317483 0.031060179260170885
leaf_weight=0.78961841017007806 57.338774119503796 53.518266697414219 0.82926847133785386 8.3961965274065715 3.6839851830154648 45.692184936255217 12.172345451079314 8.6784275844693166 1.121365346014499 3.0798508878797275 0.7734823189675808 6.2140772193670273 1.2429646328091619 2.8618654934689394
leaf_count=29 4195 1012 49 95 158 334 761 142 9 159 15 68 77 34
internal_value=-0.00085454 0.0171041 -0.00264566 0.0437583 0.0071742 0.000430361 -0.0281772 0.0406596 -0.0445335 -0.0328368 0.0236588 -0.0116596 0.00422965 0.00428944
internal_weight=206.393 146.69 84.7751 61.9145 61.7457 52.238 23.0294 9.5077 59.7031 21.4663 1.5631 9.29393 2.36433 48.5541
internal_count=7137 2856 1749 1107 717 526 1032 191 4281 988 44 227 86 368
is_linear=0
shrinkage=0.05


Tree=55
num_leaves=15
num_cat=0
split_feature=60 118 110 72 43 34 79 13 89 58 115 77 70 10
split_gain=60.5948 31.8452 12.6425 6.41831 6.01134 5.80499 3.88619 2.60548 2.35842 1.7563 1.28602 1.22668 0.863653 0.628027
threshold=998.87503051757824 0.11515542864799501 364.57250976562506 430.84947204589849 0.038838613778352744 39.016080856323249 0.039201667532324798 0.011696306522935631 0.085002452135086073 1572.7238769531252 0.1867184713482857 0.03141447342932225 133.26831817626956 0.75093984603881847
decision_type=2 2 2 2 10 8 2 8 8 2 2 2 2 8
left_child=1 2 -1 9 -3 12 11 8 10 13 -7 -2 -5 -4
right_child=6 4 3 5 -6 7 -8 -9 -10 -11 -12 -13 -14 -15
leaf_value=-0.047113000794881732 -0.049347885908293643 0.05016999869281244 -0.024732428502614156 0.0097346097992456124 0.00015187060367052391 -9.278058794290667e-05 -0.0079875926564753237 0.041321678868931365 -0.037157677079223621 0.048247500663859133 0.018664459978093434 -0.0089255370643303786 -0.045807288133516151 0.01975674506055683
leaf_weight=12.66073295008391 49.727742462418973 52.227436538785696 0.89186295680701611 0.42693080939352412 6.777992781251668 39.277599411085248 7.4983219346031538 3.465722080320119 2.6844523530453435 8.5711035318672639 10.904666956514118 2.4616185184568158 6.3148849457502365 0.4334760755300523
leaf_count=845 3969 1031 34 6 51 234 190 41 159 146 69 137 291 2
internal_value=-0.000905253 0.0165907 -0.00294798 0.00524817 0.0445227 -0.000859968 -0.0428767 0.00464105 0.00151395 0.0406841 0.00426822 -0.0476449 -0.041487 -0.00794273
internal_weight=204.325 144.637 85.6314 72.9707 59.0054 63.0743 59.6877 56.3324 52.8667 9.89644 50.1823 52.1894 6.74182 1.32534
internal_count=7205 2909 1827 982 1082 800 4296 503 462 182 303 4106 297 36
is_linear=0
shrinkage=0.05


Tree=56
num_leaves=15
num_cat=0
split_feature=70 58 66 101 13 87 17 50 113 33 33 39 111 111
split_gain=56.4892 22.9877 22.5943 5.02425 4.2233 2.92519 2.71676 1.7786 1.76037 1.51685 1.22804 1.22647 1.00142 0.837025
threshold=239.15225982666018 2193.9516601562505 973.71258544921886 0.21347969025373462 0.027443609200417999 0.009051441680639984 0.13361760228872302 0.012256000656634571 368.90547180175787 1030.0029907226565 368.79771423339849 0.038648245856165893 5221.8820800781259 455.53530883789068
decision_type=2 2 2 10 10 2 10 8 2 10 8 10 2 2
left_child=1 6 3 4 5 7 13 -2 -8 -3 -9 -4 -12 -1
right_child=2 9 11 -5 -6 -7 8 10 -10 -11 12 -13 -14 -15
leaf_value=-0.045264502589309245 -0.024957151514691939 0.050058127265707845 -0.047990765487632023 -0.038137348111907582 0.042803703387813433 -0.038354566221317624 0.064300095542817029 0.027289503255515487 -0.018894909623969669 -0.0013690763893547998 -0.023124995694562948 -0.0086085187222419684 0.0028747846949924794 0.0095536394008739218
leaf_weight=8.0512294080108351 5.1716340938583008 55.375844739377499 46.033531934022903 8.1792075680568797 4.6122722132131448 4.201849788427352 0.30078552477061826 3.8752601016312829 0.57863518502563238 1.417371094226836 2.9817839823663226 2.5737209962680927 52.3553172564134 0.4148316793143757
leaf_count=562 196 1128 3853 478 75 236 8 42 23 11 113 108 318 3
internal_value=-0.000408811 0.0368847 -0.0195212 -0.0032659 0.00109214 -0.0022877 -0.0330937 0.000616716 0.0286325 0.0487732 0.00322774 -0.0461211 0.0010882 -0.041853
internal_weight=196.123 66.1387 129.985 81.3773 73.1981 68.5858 9.34548 64.384 0.879421 56.7932 59.2124 48.6073 55.3371 8.46606
internal_count=7154 1735 5419 1458 980 905 596 669 31 1139 473 3961 431 565
is_linear=0
shrinkage=0.05


Tree=57
num_leaves=15
num_cat=0
split_feature=70 113 66 22 90 102 33 20 33 124 86 83 79 39
split_gain=53.3969 22.526 20.9344 5.39462 3.60431 3.16958 2.94334 1.86909 1.75669 1.66513 1.24937 1.21462 1.18661 1.05181
threshold=239.15225982666018 6763.2885742187509 973.71258544921886 0.035697365179657943 0.11763977259397508 16.500000000000004 1140.2029418945315 0.00015330409951275217 341.03907775878912 0.045190403237938888 1.0000000180025095e-35 0.011766334529966118 0.039201667532324798 0.80277779698371898
decision_type=2 2 2 10 10 2 8 10 10 10 2 2 2 10
left_child=1 4 3 6 13 11 8 -8 -2 -6 -7 -5 -4 -1
right_child=2 -3 12 5 9 10 7 -9 -10 -11 -12 -13 -14 -15
leaf_value=-0.043899106614590497 -0.017912719550319974 0.049196706325028594 -0.047920154776878471 -0.043010519318786834 -0.012287916236811476 0.034860834021147882 -0.026649903800087707 0.0014425247948673166 0.04124038833355425 0.0670430382347042 -0.020580971696996731 0.0072611052637543945 -0.0081140653236669354 0.010326837649484163
leaf_weight=8.6157881459221208 0.94776420760899682 52.900634840130806 44.094093721359968 12.303416718728839 0.75279248319566139 1.7474021464586251 5.6384065644815555 54.061671173200011 5.6222614096477628 0.4318557046353817 0.79599675722420205 1.0297056064009655 2.4252570010721675 0.61270522233098823
leaf_count=557 29 1115 3869 732 29 24 225 373 77 6 49 11 98 13
internal_value=-0.00117055 0.0360844 -0.0196398 -0.00430451 -0.0290028 -0.0295461 0.00209201 -0.00160601 0.0314682 0.0340823 0.016598 -0.0388924 -0.0460593 -0.0396413
internal_weight=191.98 63.3138 128.666 82.1466 10.4131 15.8765 66.2701 59.7001 6.57003 1.18465 2.5434 13.3331 46.5194 9.22849
internal_count=7207 1720 5487 1520 605 816 704 598 106 35 73 743 3967 570
is_linear=0
shrinkage=0.05


Tree=58
num_leaves=15
num_cat=0
split_feature=60 118 18 46 6 79 127 58 72 46 77 62 66 51
split_gain=51.8241 25.8477 9.64492 5.60511 5.05194 4.15734 3.40043 2.98079 2.77757 1.92497 1.52179 1.43658 1.88592 1.43056
threshold=998.87503051757824 0.11515542864799501 0.039081793278455741 2.07484999918961e-05 38.548343658447273 0.045158261433243758 -79.55373382568358 636.91967773437511 1358.7139892578127 0.16695995628833774 0.030323929153382782 177.15958404541018 40.865631103515632 2.5000000000000004
decision_type=2 2 10 10 10 2 10 2 2 10 2 2 2 2
left_child=1 2 4 -3 6 10 9 -6 -9 -1 -2 13 -13 -8
right_child=5 3 -4 -5 7 -7 11 8 -10 -11 -12 12 -14 -15
leaf_value=-0.043886034731874662 -0.049051362831192255 0.002039069240050085 -0.045907685240749403 0.049694779078492846 -0.024217302238484006 -0.0065233829210516285 -0.019583196047760282 0.042343953840669191 -0.00033890803017416499 0.032967114847946309 -0.0049035492085121556 -0.036565177664652976 0.0017274825196551278 0.04229601534274078
leaf_weight=5.4802046334370962 43.732010658830404 7.2217839621007434 9.5893482146784645 45.226984405890107 1.9969138279557253 7.7378175985068074 0.59562283102422897 13.849609628319742 5.1064206380397072 0.20009992085397232 2.2871740702539674 2.4831366939470163 41.000409428961575 2.6838758727535605
leaf_count=268 4012 51 752 1025 108 190 31 189 51 9 138 144 234 52
internal_value=-0.000317237 0.0161759 -0.00127469 0.0432939 0.00509538 -0.0414063 -0.00327575 0.0252424 0.0314051 -0.036649 -0.0470082 0.00146053 -0.00123206 0.0291076
internal_weight=189.191 135.434 82.9856 52.4488 73.3963 53.757 52.4433 20.9529 18.956 5.6803 46.0192 46.763 43.4835 3.2795
internal_count=7254 2914 1838 1076 1086 4340 738 348 240 277 4150 461 378 83
is_linear=0
shrinkage=0.05


Tree=59
num_leaves=15
num_cat=0
split_feature=66 118 20 46 102 34 94 49 65 99 27 93 39 79
split_gain=45.3023 25.591 7.82549 7.33808 6.0383 3.82076 3.56571 1.84149 1.56425 1.39753 1.13089 1.2679 1.11516 1.11182
threshold=973.71258544921886 0.11746190115809442 0.048271620646119125 2.07484999918961e-05 17.500000000000004 39.016080856323249 0.013580339960753919 0.0097866458818316477 18.550028800964359 0.0089718047529459017 597.08789062500011 4.3410998841864064e-05 0.50125628709793102 0.029631255194544796
decision_type=2 2 10 10 2 10 10 8 2 10 10 8 10 2
left_child=1 2 4 -3 5 6 12 9 -8 -7 -9 -12 -1 -2
right_child=13 3 -4 -5 -6 7 8 10 -10 -11 11 -13 -14 -15
leaf_value=-0.045227064586220007 -0.047476454947563723 -0.0010702696446483002 -0.045432904677565687 0.049758819423975018 0.042631217279122606 -0.027174433797432826 0.062437757664867782 -0.015151377234549571 -0.0093376351083693365 0.00073979872323462611 0.0089212142818971413 0.044189448939145608 0.01084245603937165 -0.0063666325764691447
leaf_weight=8.3518625386059249 39.951713922433555 8.4751508198678476 8.6897119469940645 41.496944781392813 7.2613381920382372 3.9332881467416874 0.47290792874991794 1.4151206221431483 1.1145050739869473 48.718022853136063 6.6725488360971186 3.9221323281526574 0.60081300139427263 2.0630634091794482
leaf_count=491 3848 108 715 984 158 167 8 66 51 382 56 42 8 92
internal_value=-0.000698511 0.0129121 -0.00292273 0.0412864 0.00204757 -0.00237917 -0.0288889 0.0023162 0.0279123 -0.00181315 0.0191673 0.0246626 -0.0407529 -0.0456528
internal_weight=183.139 141.124 91.1523 49.9721 82.4625 75.2012 10.5401 64.6611 1.58741 52.6513 12.0098 10.5947 8.95268 42.0148
internal_count=7176 3236 2144 1092 1429 1271 558 713 59 549 164 98 499 3940
is_linear=0
shrinkage=0.05


Tree=60
num_leaves=15
num_cat=0
split_feature=60 118 18 93 102 79 15 94 128 7 77 123 119 78
split_gain=45.071 23.0389 8.52568 5.16412 5.16217 3.90847 2.45929 2.18347 2.5758 1.54731 1.40385 1.07215 0.853692 0.771313
threshold=998.87503051757824 0.11888509988784791 0.016677982173860077 1.8488999558030631e-05 17.500000000000004 0.039201667532324798 0.016671297140419487 0.0058073194231837997 -935.87802124023426 247.26355743408206 0.03141447342932225 -132.70146942138669 0.087050911039114012 0.56509456038475048
decision_type=2 2 10 10 2 2 8 10 10 8 2 10 2 2
left_child=1 2 4 -3 6 10 7 8 -1 13 -2 -9 -13 -10
right_child=5 3 -4 -5 -6 -7 -8 11 9 -11 -12 12 -14 -15
leaf_value=-0.032003064699167555 -0.048845797078939511 0.0017961945186840507 -0.044694809836987544 0.049699243049325229 0.04330670906361983 -0.0063028979057224536 -0.03649741792029889 0.0017685870017559889 -0.0032259489199558174 0.040142081394083581 -0.0042743928848544381 -0.0050843258434991713 0.045767026463776332 0.010245449850958434
leaf_weight=4.9615558357909242 39.530664194375277 6.6301915794610968 8.815612714737652 39.222642950713634 6.8197769830003372 7.3257801486179224 3.2445463715121141 3.2142484821379185 35.613954134285457 1.6198510322719801 2.0580333024263373 0.76228440273552944 4.0962617732584476 13.97480722516775
leaf_count=199 3977 49 752 972 149 187 191 66 300 14 131 9 79 73
internal_value=-0.000593169 0.0149196 -0.00087434 0.0429588 0.00484887 -0.0409761 0.000387021 0.0027807 -0.000880055 0.00269065 -0.0467923 0.0255416 0.0382827 0.000697959
internal_weight=177.89 128.976 83.1229 45.8528 74.3073 48.9145 67.4875 64.243 56.1702 51.2086 41.5887 8.07279 4.85855 49.5888
internal_count=7148 2853 1832 1021 1080 4295 931 740 586 387 4108 154 88 373
is_linear=0
shrinkage=0.05


Tree=61
num_leaves=15
num_cat=0
split_feature=66 118 46 18 102 15 115 116 32 25 20 79 123 128
split_gain=40.8093 22.2474 7.73579 7.25949 4.93122 3.20122 2.20209 2.30709 1.8708 1.58557 1.40336 1.22025 1.08316 0.902627
threshold=973.71258544921886 0.11515542864799501 2.07484999918961e-05 0.039081793278455741 17.500000000000004 0.016671297140419487 0.50008684396743786 1.7735509872436526 16.358708381652836 336.82933044433599 0.040772495791316039 0.039201667532324798 67.288635253906264 -147.62310791015622
decision_type=2 2 10 10 2 8 2 2 10 10 10 2 10 10
left_child=1 3 -3 4 5 6 7 8 -1 10 -8 -2 -10 -11
right_child=11 2 -4 -5 -6 -7 9 -9 12 13 -12 -13 -14 -15
leaf_value=0.027162715060620186 -0.047176318272825729 -0.00079129198679019205 0.048947688717695767 -0.044967153161469771 0.041568186503540543 -0.039123927812594037 -0.031411695777308311 0.0015286181875752718 -0.043030398816577359 0.0076875691975762913 0.036289368899094156 -0.0065227939754357415 0.0052892061024055401 0.043947433422622688
leaf_weight=0.67553876619785924 36.120027991943061 9.6537390565499646 39.398064094595611 7.9823029171675435 6.3157074125483623 4.2439388446509829 1.5980448322370628 53.464765965007246 5.5047298036515713 3.2131267953664064 0.15353050082921971 2.3096104469150296 1.164477529004216 4.5496058613061905
leaf_count=13 3813 114 1022 720 147 285 105 411 316 40 6 93 27 52
internal_value=-6.73092e-05 0.0126754 0.0393385 -0.00231595 0.00239101 -0.00143337 0.00135785 -0.00225992 -0.0267163 0.0224962 -0.0144456 -0.0449604 -0.035004 0.0315289
internal_weight=176.347 137.918 49.0518 88.8658 80.8835 74.5678 70.3238 60.8095 7.34475 9.51431 1.75158 38.4296 6.66921 7.76273
internal_count=7164 3258 1136 2122 1402 1255 970 767 356 203 111 3906 343 92
is_linear=0
shrinkage=0.05


Tree=62
num_leaves=15
num_cat=0
split_feature=71 33 22 29 33 71 1 123 83 79 26 40 31 115
split_gain=40.9908 26.7619 6.8414 6.14428 3.83521 3.21458 2.09753 1.84009 1.20396 0.948561 0.927194 0.911069 0.615346 0.481039
threshold=87.295501708984389 243.849479675293 0.1639269217848778 796.32821655273449 1140.2029418945315 182.20648956298831 2267.907104492188 86.226264953613295 0.01588902855291963 0.039201667532324798 0.090590547770261778 0.23611111193895343 41.52388000488282 0.10902029275894166
decision_type=2 8 10 2 8 2 2 10 2 2 10 8 10 2
left_child=8 3 4 -2 6 10 7 -3 9 -1 -6 -7 -8 -12
right_child=1 2 -4 -5 5 11 12 -9 -10 -11 13 -13 -14 -15
leaf_value=-0.047381378872377922 -0.032145312151095853 -0.020065660561889923 -0.042523720811844662 0.050422186572761811 -0.028415302074279378 -0.042358637878094817 0.005009650410070462 0.036013152911475672 0.015096482450588884 -0.006800001241191251 -0.0031180872320037429 0.0087118326010614585 0.043831906935729636 0.0058238784845770991
leaf_weight=38.073418677784503 1.7376293726265419 3.4652213379740706 8.7312152413651329 37.822009049355984 1.6619625715538848 5.0476828915998331 1.483493335545061 1.1778066772967575 0.3894064798951139 1.8743095863610495 26.885177738964558 0.6652847547084092 7.2715045670047402 31.828072527423501
leaf_count=3988 153 107 773 1014 115 331 38 10 6 82 285 17 146 163
internal_value=-0.00143973 0.0124746 -0.00294835 0.0460923 0.00187316 -0.00317591 0.0252694 -0.00197907 -0.0447521 -0.0456899 0.000465951 -0.0359996 0.0384416 0.00174565
internal_weight=168.114 127.777 88.2174 39.5596 79.4862 66.0882 13.398 4.64303 40.3371 39.9477 60.3752 5.71297 8.755 58.7133
internal_count=7228 3152 1985 1167 1212 911 301 117 4076 4070 563 348 184 448
is_linear=0
shrinkage=0.05


Tree=63
num_leaves=15
num_cat=0
split_feature=60 1 72 79 120 123 63 77 4 31 112 12 93 89
split_gain=37.8319 15.2247 24.429 3.74875 3.24426 1.94648 1.81072 1.52764 1.27441 1.15805 0.921465 0.524994 0.509998 0.472248
threshold=998.87503051757824 3431.139770507813 1267.8930664062502 0.039201667532324798 -8.4999999999999982 -111.51952362060545 219.70707702636722 0.03141447342932225 685.10711669921886 83.248203277587905 44.500000000000007 0.19375000149011615 5.4533498769160367e-05 0.095168013125658049
decision_type=2 2 2 2 2 10 2 2 10 10 2 10 8 10
left_child=1 4 13 7 5 11 -4 -2 10 12 -6 -1 -7 -3
right_child=3 2 6 -5 8 9 -8 -9 -10 -11 -12 -13 -14 -15
leaf_value=-0.038407420193563593 -0.048502042991389688 0.049298880761134811 0.0017646428822369643 -0.0063442944020059696 -0.045449922507303925 -0.0025917772652456631 -0.035919459853889502 -0.0018238519174117907 0.021613319624663729 -0.0074510228707792966 0.0039009590495423471 0.008099511372899779 0.043333559344192293 -0.00077207761352419491
leaf_weight=1.7633522730320694 34.421696246601641 44.830312736332417 52.627020644024014 7.4471697760745874 11.58361408207565 0.6116897901520163 2.389328899793326 1.9280068790540088 0.24842761456966478 2.2062475364655256 0.85955525562167245 0.38965443894267071 2.2080598184838891 0.4448871836066236
leaf_count=92 3978 1214 324 199 1012 7 159 130 1 31 19 5 34 9
internal_value=-0.000408675 0.0141095 0.0220271 -0.039667 -0.0249928 0.00196503 -0.000483972 -0.0461413 -0.0392714 0.0184118 -0.0420042 -0.0300912 0.0353006 0.0488008
internal_weight=163.959 120.162 100.292 43.7969 19.8706 7.179 55.0163 36.3497 12.6916 5.026 12.4432 2.15301 2.81975 45.2752
internal_count=7214 2907 1706 4307 1201 169 483 4108 1032 72 1031 97 41 1223
is_linear=0
shrinkage=0.05


Tree=64
num_leaves=15
num_cat=0
split_feature=60 118 18 86 31 79 123 66 77 7 4 83 91 99
split_gain=35.9037 18.2544 6.98343 5.27698 4.31728 3.89195 3.46018 3.14781 1.67999 1.58717 1.17959 0.829846 0.66173 0.512756
threshold=998.87503051757824 0.11888509988784791 0.039081793278455741 1.0000000180025095e-35 83.248203277587905 0.039201667532324798 -111.51952362060545 40.865631103515632 0.03141447342932225 89.295501708984389 13.826340198516847 0.0076073121745139369 0.0020133818034082655 0.25593107938766485
decision_type=2 2 10 2 8 2 10 2 2 10 10 2 10 8
left_child=1 2 4 -3 6 8 9 10 -2 -1 -6 12 -9 -8
right_child=5 3 -4 -5 7 -7 13 11 -10 -11 -12 -13 -14 -15
leaf_value=-0.037695247620802771 -0.048543470411871473 0.048707961715951417 -0.044281907162947436 0.00063964506910870801 0.016837145963736096 -0.005678207648480065 0.047815638121025857 -0.026554786131668753 -0.001207402849934599 0.021576854459547698 -0.042212055466187857 0.024993924619601503 0.0021372964200516583 0.0052271726720546606
leaf_weight=1.6684719687327736 32.826240547932684 33.781352490186691 7.0944750886410466 6.8630777783691874 0.44391759112477203 7.601253335364162 8.3518776455894077 1.0956204095855344 2.0391215765848747 1.1071428488939998 4.6559744691476226 2.8920944295823565 48.629350216127932 1.0499388193711645
leaf_count=99 3984 1011 725 50 6 202 192 79 134 23 325 38 305 32
internal_value=-0.000110557 0.0141338 -0.000287437 0.0408016 0.00473975 -0.0389851 0.0305642 -0.00113658 -0.0458858 -0.0145998 -0.0351545 0.00275477 0.000994064 0.0440194
internal_weight=160.1 117.633 76.9889 40.6444 69.8944 42.4666 12.1774 57.717 34.8654 2.77561 5.09989 52.6171 49.725 9.40182
internal_count=7205 2885 1824 1061 1099 4320 346 753 4118 122 331 422 384 224
is_linear=0
shrinkage=0.05


Tree=65
num_leaves=15
num_cat=0
split_feature=70 63 113 90 15 1 33 13 81 32 89 31 77 81
split_gain=31.4163 14.7757 14.6958 3.61689 3.35991 3.13583 4.25996 2.42996 1.44731 1.34554 1.17066 1.12728 0.920182 0.664579
threshold=239.15225982666018 22.5675163269043 6763.2885742187509 0.11126938834786416 0.0087979566305875796 3431.139770507813 1215.740905761719 0.83333334326744091 0.10912698507308961 16.358708381652836 0.019520369358360771 455.16294860839849 0.024912263266742233 0.069805197417736067
decision_type=2 2 2 10 8 2 10 10 2 10 10 10 2 2
left_child=2 7 3 13 5 8 -7 12 -3 -5 -4 -8 -2 -1
right_child=1 4 10 9 -6 6 11 -9 -10 -11 -12 -13 -14 -15
leaf_value=-0.043925588322737054 -0.048096481666485849 -0.042380549727799227 0.013782153798727987 0.058978307236319638 -0.036790184680343715 0.043114631306918852 -0.0186799674991108 0.024741235361580918 0.0024061804955901448 -0.010740867768712024 0.049624145853906731 0.0018500596141515344 -0.00093886019621056615 0.0069039673741789175
leaf_weight=6.1779188718646756 28.767181246541448 4.960253140423446 3.437773384153842 0.6389904301613567 5.9293709844350806 5.1110224314033976 6.6376435416750601 0.6569855697453012 2.4391849422827363 0.74943102337419987 33.975908663123846 52.764726081863046 1.1133857411332417 0.4322681352496146
leaf_count=555 3568 415 66 8 452 97 433 20 27 40 1049 358 78 3
internal_value=-0.000661466 -0.0152832 0.0338117 -0.0252852 -0.00353852 -0.000329874 0.00336224 -0.0441596 -0.0290881 0.032605 0.0467753 -0.000715253 -0.0464266 -0.0401312
internal_weight=153.792 108.38 45.4123 7.99861 77.8422 71.9128 64.5134 30.5376 7.39944 1.38842 37.4137 59.4024 29.8806 6.61019
internal_count=7169 5448 1721 606 1782 1330 888 3666 442 48 1115 791 3646 558
is_linear=0
shrinkage=0.05


Tree=66
num_leaves=15
num_cat=0
split_feature=60 119 96 31 79 66 95 123 14 81 99 38 29 64
split_gain=31.7533 15.8231 6.77698 5.69465 3.59844 2.59205 2.46501 2.36612 2.19127 1.24312 1.08348 1.05102 0.957435 0.88756
threshold=998.87503051757824 0.22898684442043307 0.2086504325270653 78.418392181396499 0.039201667532324798 50.339008331298835 0.00019102909573120999 -111.51952362060545 0.011696306522935631 0.010025125462561848 0.010208921041339638 0.040041644126176841 1062.310485839844 30.066038131713871
decision_type=2 2 10 8 2 2 10 10 8 2 10 10 2 2
left_child=1 2 3 7 11 13 -3 12 10 -9 -7 -2 -1 -5
right_child=4 6 -4 5 -6 8 -8 9 -10 -11 -12 -13 -14 -15
leaf_value=-0.029243028314866765 -0.047714902538900122 -0.0028698680973969814 -0.043782536288532119 0.0027083079411641319 -0.0057310990140458998 -0.030161578691093399 0.04787817700811417 0.049481291680485352 0.037448915115353511 -0.00077915655465809011 0.0018653360269074819 -0.0056440217952586167 0.022085071107244517 -0.04022789371997712
leaf_weight=1.3273588968440879 30.122222849633548 2.4928155746310976 6.4764130907133213 1.4228655146434892 7.2479475243017069 1.7821596171706904 27.479136825539172 9.500546037219463 3.2794382609426966 1.35875954478979 50.988822313025594 1.8612766936421383 0.58984128944575775 4.0443489607423544
leaf_count=100 3990 31 695 31 202 123 892 272 70 24 304 130 8 302
internal_value=-0.000400648 0.0133157 0.00164387 0.0061327 -0.0384876 -0.000368521 0.043701 0.03519 0.00303806 0.0436571 0.000242925 -0.0455119 -0.0112941 -0.0303626
internal_weight=149.974 110.743 80.7706 74.2941 39.2314 61.5176 29.972 12.7765 56.0504 10.8593 52.771 31.9835 1.9172 5.46721
internal_count=7174 2852 1929 1234 4322 830 923 404 497 296 427 4120 108 333
is_linear=0
shrinkage=0.05


Tree=67
num_leaves=15
num_cat=0
split_feature=60 118 99 33 9 116 79 124 70 123 33 77 34 58
split_gain=28.7249 16.389 6.65308 4.37766 3.99943 2.52137 2.45499 2.15859 1.84185 1.47052 1.41009 1.10297 0.947482 0.61465
threshold=1097.2874755859377 0.11888509988784791 0.20263122767210009 1140.2029418945315 0.25866188108921057 1.6481258869171145 0.029631255194544796 0.022027543745934967 487.62924194335943 -51.894737243652337 1140.2029418945315 0.02870879136025906 40.874534606933601 636.91967773437511
decision_type=2 2 10 10 8 2 2 10 2 10 8 2 10 2
left_child=1 2 4 -3 10 7 11 -6 -7 -9 13 -2 -10 -1
right_child=6 3 -4 -5 5 8 -8 9 12 -11 -12 -13 -14 -15
leaf_value=-0.0032910676074867913 -0.04815272191078817 0.047697608738166246 -0.042913270364326843 0.003624359827147248 -0.043361865434553643 0.034891600039942489 -0.0076322589838943014 -0.025147038510307501 -0.030781577602184113 0.030974499941648304 0.006306527107137797 -0.0028087618877645753 0.00070340302232440937 0.041731439426162475
leaf_weight=0.67719438765197626 27.125124657526616 28.352394293062389 7.6696934606879941 7.1868228800594798 5.2759599955752474 2.869387903250753 5.404668196104466 1.1418006094172599 1.5367574808187772 1.6311138151213525 6.2723321486264476 1.542741814162581 40.538090287707746 7.7083780295215547
leaf_count=25 3802 965 811 64 393 61 179 74 134 24 55 122 253 172
internal_value=-0.000735003 0.0116491 -0.0016594 0.0391281 0.00357458 -0.00293293 -0.0402117 -0.0270199 0.00187492 0.00732524 0.0257861 -0.0458895 -0.00113448 0.0381323
internal_weight=144.932 110.86 75.3207 35.5392 67.651 52.9931 34.0725 8.04887 44.9442 2.77291 14.6579 28.6679 42.0748 8.38557
internal_count=7134 3031 2002 1029 1191 939 4103 491 448 98 252 3924 387 197
is_linear=0
shrinkage=0.05


Tree=68
num_leaves=15
num_cat=0
split_feature=60 118 18 16 32 66 31 79 55 77 14 26 118 53
split_gain=27.492 15.8829 5.97965 4.24996 3.65814 4.41363 2.36727 2.20967 1.21391 1.1363 0.793032 0.830518 0.716708 0.703273
threshold=1097.2874755859377 0.11515542864799501 0.039081793278455741 0.019526503980159763 16.358708381652836 38.758869171142585 88.075580596923842 0.039201667532324798 341.66561889648443 0.02870879136025906 0.0065014630090445289 0.12827056646347049 0.099153883755207076 968.34722900390636
decision_type=2 2 10 10 8 2 8 2 10 2 8 10 2 10
left_child=1 2 4 -3 -1 12 8 9 -7 -2 11 -8 -6 -10
right_child=7 3 -4 -5 5 6 10 -9 13 -11 -12 -13 -14 -15
leaf_value=0.045150437512490788 -0.047931852273957347 0.0081431989554926389 -0.043743424788148688 0.04906574925906422 -0.041865743095521844 -0.016484453639361987 -0.022085226421090121 -0.0076230765730903724 0.042806165685315936 -0.0025677695892318024 0.024029281021265593 0.00088083768045730095 0.0083030090113856547 0.00016710162371599014
leaf_weight=3.8333558132871994 25.850678955204788 8.9021962210535985 6.5232531363144508 25.825568772852421 5.5775095042772582 0.69096699357032676 3.3038647500798097 4.9749133558943859 5.2402726151049137 1.5782658350653935 2.3547421507537356 45.429511815309525 0.46467352379113425 1.1536948522552846
leaf_count=96 3796 136 793 921 447 45 150 162 105 122 28 274 16 18
internal_value=-0.000352687 0.0116849 -0.00142925 0.0390971 0.00320182 4.37523e-05 0.00449638 -0.0400903 0.0296363 -0.0455037 0.000507929 -0.00108891 -0.0373764 0.0361757
internal_weight=141.703 109.3 74.5718 34.7278 68.0486 64.2152 58.1731 32.4039 7.08493 27.4289 51.0881 48.7334 6.04218 6.39397
internal_count=7109 3029 1972 1057 1179 1083 620 4080 168 3918 452 424 463 123
is_linear=0
shrinkage=0.05


Tree=69
num_leaves=15
num_cat=0
split_feature=60 118 99 93 9 127 79 98 54 31 26 77 53 58
split_gain=25.0402 15.0176 6.17564 4.80838 3.58003 2.27906 2.2642 1.96126 1.40175 1.01261 1.09915 0.993474 0.982601 0.618212
threshold=1125.139587402344 0.12101979181170465 0.20263122767210009 2.0436000340851027e-05 0.28470112383365637 -125.86561203002928 0.027973395772278312 0.35034476220607763 0.028010687790811065 102.65913009643556 0.11396019160747529 0.02870879136025906 227.63785552978518 636.91967773437511
decision_type=2 2 10 10 8 10 2 10 8 8 10 2 10 2
left_child=1 2 4 -3 8 7 11 -6 13 12 -11 -2 -7 -1
right_child=6 3 -4 -5 5 9 -8 -9 -10 10 -12 -13 -14 -15
leaf_value=-0.0030503948964274927 -0.047912360347936417 -0.00054904120436828315 -0.042531207670821553 0.047163343756611381 -0.040892772949696343 -0.017899068643544725 -0.0070604983007393381 0.037271539016895831 0.010086901880229978 -0.028687826218968083 -3.8632720608701832e-05 -0.0026620379221467126 0.033542952000858849 0.043301214608320433
leaf_weight=0.66570542193949478 24.371242440305657 6.4967819508165112 7.2955330470576873 26.686191027984023 4.8916863854974499 0.53490196168422643 4.9062164882197967 0.13913749391213048 13.160749095492063 2.6623691101558498 39.020947347860783 1.4014268852770317 2.7607789104804397 5.601790577173233
leaf_count=26 3758 65 827 990 353 37 174 5 142 218 292 113 50 134
internal_value=-0.000689542 0.0105129 -0.00174447 0.0380791 0.00308378 -0.00404642 -0.0398906 -0.0329093 0.0207371 -0.000172627 -0.00249773 -0.0456431 0.0229706 0.0386357
internal_weight=140.595 109.917 76.7336 33.183 69.4381 50.0098 30.6789 5.03082 19.4282 44.979 41.6833 25.7727 3.29568 6.2675
internal_count=7184 3139 2084 1055 1257 955 4045 358 302 597 510 3871 87 160
is_linear=0
shrinkage=0.05


Tree=70
num_leaves=15
num_cat=0
split_feature=71 33 22 113 33 27 47 90 8 98 11 83 2 111
split_gain=25.5109 18.8617 4.92848 4.30663 2.8522 2.26394 1.65933 1.53177 1.23562 1.14461 0.917186 0.74758 0.485231 0.434167
threshold=87.295501708984389 243.849479675293 0.19502202421426776 2616.6906738281255 1140.2029418945315 6130.4775390625009 0.088725578039884581 0.17969912290573123 1092.1145629882815 0.031911849975585944 0.049927396699786193 0.0047547153662890205 141.878044128418 66.914623260498061
decision_type=2 8 10 2 8 10 8 10 8 10 10 2 10 2
left_child=7 3 4 -2 6 -6 9 10 12 -3 11 -1 -7 -9
right_child=1 2 -4 -5 5 8 -8 13 -10 -11 -12 -13 -14 -15
leaf_value=-0.046887878800899313 -0.028427935701559676 0.019819408174371552 -0.042972887717092643 0.049036574713733766 -0.035229968621911051 -0.00016935265523045819 0.038869232396439503 0.036921352973511408 -0.031905277142874874 -0.017873849270569134 -0.0066241918229479604 0.0095923240879885151 0.01311211352134713 -0.010382681610346771
leaf_weight=25.78915066504852 1.2877295860089386 3.4401519773527953 5.6995700653642407 27.213868592865765 3.9153401353396466 52.243932635523379 6.2818400897085676 0.14323959266766806 1.8880441156215955 2.7052946509793401 1.9588582012802351 0.28261062828823824 6.9151786975562564 0.25564352655783296
leaf_count=3879 153 86 728 1032 297 398 153 5 183 74 99 13 32 19
internal_value=-0.000491877 0.0103458 -0.00182699 0.0446917 0.00171284 -0.00258546 0.022701 -0.0419379 4.22884e-05 0.00304716 -0.043519 -0.0459439 0.00157528 0.0208545
internal_weight=140.02 111.591 83.0894 28.5016 77.3898 64.9625 12.4273 28.4295 61.0472 6.14545 28.0306 26.0718 59.1591 0.398883
internal_count=7151 3136 1951 1185 1223 910 313 4015 613 160 3991 3892 430 24
is_linear=0
shrinkage=0.05


Tree=71
num_leaves=15
num_cat=0
split_feature=60 33 49 16 14 116 34 39 77 4 50 68 99 86
split_gain=22.7996 13.0954 10.2574 2.99033 2.82095 2.61405 2.27089 2.0309 1.3707 1.14247 0.978116 0.898973 0.825285 0.549843
threshold=1097.2874755859377 243.849479675293 0.20789377391338351 0.11393394321203233 0.0065014630090445289 0.40149745345115667 39.016080856323249 0.038648245856165893 0.02870879136025906 13.826340198516847 0.097944203764200224 34.703720092773445 0.0089718047529459017 1.0000000180025095e-35
decision_type=2 8 8 10 8 2 10 10 2 10 8 2 10 2
left_child=1 2 5 4 6 -1 9 8 -2 -3 12 -7 -8 -6
right_child=7 3 -4 -5 13 11 10 -9 -10 -11 -12 -13 -14 -15
leaf_value=-0.016986994997039147 -0.047656253346011423 0.01831560693799231 -0.038507218793580406 -0.03845729982749102 0.04052675444053086 -0.011034668879116973 -0.028208655790372378 -0.0081568760320261304 0.00025737496539242029 -0.038462861827655598 0.027217293907267501 0.051061962813390475 0.0011615053430120692 0.0037849528266932415
leaf_weight=1.0715672932565272 22.495543797034777 0.44546943530440231 3.2318042772822073 3.9219497675076118 4.1869447380304328 0.26609617937356489 1.4897002270445217 5.105085805989801 1.582500148564576 4.4179246318526566 2.4906735429540268 26.553235475439578 59.848092520143837 1.5430149044841526
leaf_count=85 3805 5 428 478 114 9 93 189 125 337 58 1057 412 27
internal_value=-0.000214463 0.0103099 0.0371951 -0.000704692 0.00176835 0.0469962 -0.00124065 -0.0387251 -0.0446225 -0.0310254 0.00147236 0.0500713 7.1271e-06 0.0326652
internal_weight=138.65 109.466 31.1227 78.3438 74.4218 27.8909 68.6919 29.1831 24.078 4.86339 63.8285 26.8193 61.3378 5.72996
internal_count=7222 3103 1579 1524 1046 1151 905 4119 3930 342 563 1066 505 141
is_linear=0
shrinkage=0.05


Tree=72
num_leaves=15
num_cat=0
split_feature=60 118 96 86 49 34 62 79 8 50 77 78 116 23
split_gain=21.1135 12.7059 5.98616 3.15461 3.13888 3.13286 2.11473 1.83409 1.39919 1.28863 1.0308 0.749696 0.672448 0.647336
threshold=1125.139587402344 0.13709139078855517 0.11280087754130365 1.0000000180025095e-35 0.011458672583103182 39.016080856323249 170.99147796630862 0.039201667532324798 533.53079223632824 0.012256000656634571 0.02870879136025906 0.51832661032676708 0.40149745345115667 3.5000000000000004
decision_type=2 2 10 2 10 10 2 2 10 10 2 2 2 2
left_child=1 2 4 -3 5 11 12 10 9 -7 -2 -1 -6 -8
right_child=7 3 -4 -5 6 8 13 -9 -10 -11 -12 -13 -14 -15
leaf_value=-0.043186920244784759 -0.047468125709986146 0.046544932578828038 -0.043099142093829257 -0.00036575311514840965 -0.00023093473320922177 -0.03195558246316612 0.0095357959558956939 -0.0070212707375033497 0.033872734123998161 0.0018528726029264789 -0.0018973525790822517 0.0099413593058123133 0.044972643310886184 -0.022910912404122422
leaf_weight=4.110415020491927 21.457064511720098 21.524070862680677 6.5681607015430918 4.2434324449859551 0.90989432763308098 1.9869708451442409 5.8084935038350523 4.1743146013468495 2.2313258983194819 48.972619984298944 1.4036675919778634 0.38418402522802342 6.689070912078023 0.99401101935654868
leaf_count=387 3797 919 862 47 23 136 52 151 52 335 113 12 214 57
internal_value=-0.000923712 0.00933891 -0.000777486 0.0390946 0.00361556 -0.00170989 0.0236728 -0.0394822 0.00196705 -5.49946e-05 -0.0448668 -0.0376629 0.0401626 0.00246585
internal_weight=131.458 104.423 78.6551 25.7675 72.087 57.6855 14.4015 27.035 53.1909 50.9596 22.8607 4.4946 7.59897 6.8025
internal_count=7157 3096 2130 966 1268 922 346 4061 523 471 3910 399 237 109
is_linear=0
shrinkage=0.05


Tree=73
num_leaves=15
num_cat=0
split_feature=60 118 18 93 33 128 66 11 123 77 16 123 36 116
split_gain=19.9106 11.6065 4.87322 4.0311 3.06962 2.68347 2.49349 1.61415 1.48755 1.07025 1.06357 0.692469 0.520081 0.499605
threshold=1125.139587402344 0.12527175247669223 0.039081793278455741 2.0436000340851027e-05 1140.2029418945315 -147.62310791015622 50.339008331298835 0.049063375219702728 -51.894737243652337 0.030323929153382782 0.12900230288505557 -8.8467617034912092 85.862110137939467 0.23666230589151385
decision_type=2 2 10 10 8 10 2 10 10 2 8 8 10 2
left_child=1 2 4 -3 5 8 -6 9 -1 -2 12 -10 -7 -14
right_child=7 3 -4 -5 6 10 -8 -9 11 -11 -12 -13 13 -15
leaf_value=-0.034080819040299644 -0.047096737033394509 0.0018399014668080017 -0.042521597504282832 0.046479353870726325 -0.036366424423651844 -0.0056890715931306639 0.00050358996288814111 -0.0098687947210397003 0.039014141518286694 -0.0014525359343079676 -0.0072555422211864678 -0.0014666341705878601 0.0093623306209994466 0.046556998457243953
leaf_weight=1.8763566534034906 19.961513519752778 6.6388638000935343 5.4185153311118475 21.43179717566818 4.0456802081316701 0.37913510855287036 50.019445273093879 4.8328223982825866 0.56611716840416193 1.4370900942012657 1.0595017988234765 3.0379152572713823 1.6587153784930686 7.8099178485572338
leaf_count=139 3713 59 801 946 357 14 365 212 13 119 54 65 31 236
internal_value=-0.00040375 0.00948487 -0.000797563 0.0363483 0.00296162 0.0212459 -0.00286571 -0.0384968 -0.00661226 -0.0442331 0.0346231 0.0119848 0.0393822 0.041558
internal_weight=130.173 103.942 75.8713 28.0707 70.4528 16.3877 54.0651 26.2314 5.48039 21.3986 10.9073 3.60403 9.84777 9.46863
internal_count=7124 3080 2075 1005 1274 552 722 4044 217 3832 335 78 281 267
is_linear=0
shrinkage=0.05


Tree=74
num_leaves=15
num_cat=0
split_feature=86 118 18 33 16 128 111 79 123 77 33 45 44 5
split_gain=17.728 11.4106 5.46196 3.28356 3.25106 2.56517 2.27502 1.89521 1.34033 1.09327 0.957617 0.807506 0.784256 0.689517
threshold=0.76581159234046947 0.13458058983087542 0.039081793278455741 1140.2029418945315 0.019526503980159763 -147.62310791015622 5879.3286132812509 0.032002048566937454 -51.894737243652337 0.02870879136025906 99.687007904052749 0.0069372623693197974 0.13187443464994433 212.94191741943362
decision_type=2 2 10 8 10 10 2 2 10 2 10 8 10 8
left_child=1 2 3 5 -3 8 -5 9 -1 -2 -7 -12 -13 -10
right_child=7 4 -4 6 -6 10 -8 -9 13 -11 11 12 -14 -15
leaf_value=-0.030186390677674136 -0.047196091441164212 0.0059356808194113986 -0.043141342607930781 -0.037419972251944489 0.048036645436425267 -0.014852048230380383 0.0001271973813332103 -0.0065092727269539588 0.032537175444656063 -0.00099786627754954826 -0.002836029231186542 0.04543858040126722 -0.0080192223985578511 -0.0045174034472897579
leaf_weight=2.0272815530188382 18.739745645783849 6.4464667784050134 5.9876845632679752 3.3779336586594573 18.053490363061428 0.40414503356441756 51.315657139290124 4.4272190630435935 1.2735600951127737 1.4162087482400227 0.95524177514016351 9.0227269632741791 0.44206138001754958 2.3410696461796761
leaf_count=141 3642 117 950 296 847 26 444 161 32 116 31 278 25 44
internal_value=-0.000656942 0.00862949 -0.000942726 0.0031567 0.0376262 0.0220401 -0.00282201 -0.0378912 -0.00489324 -0.0441507 0.0353052 0.0383807 0.0424141 0.0127599
internal_weight=126.23 101.647 77.1474 71.1597 24.5 16.4661 54.6936 24.5832 5.64191 20.156 10.8242 10.42 9.46479 3.61463
internal_count=7150 3231 2267 1317 964 577 740 3919 217 3758 360 334 303 76
is_linear=0
shrinkage=0.05


Tree=75
num_leaves=15
num_cat=0
split_feature=60 118 18 46 31 66 11 123 68 77 12 14 4 37
split_gain=18.5058 10.42 4.58775 3.48654 3.33295 2.17913 1.81941 1.46707 1.40945 1.06468 0.955662 0.852988 0.708804 0.649959
threshold=1079.3492431640627 0.12777341902256015 0.039081793278455741 2.07484999918961e-05 88.075580596923842 38.758869171142585 0.049927396699786193 -111.51952362060545 34.703720092773445 0.02870879136025906 1.0000000180025095e-35 0.0065014630090445289 13.826340198516847 0.44983221590518957
decision_type=2 2 10 10 8 2 10 8 2 2 8 8 10 8
left_child=1 2 4 -3 7 12 9 -1 -9 -2 -10 13 -6 -7
right_child=6 3 -4 -5 5 11 -8 8 10 -11 -12 -13 -14 -15
leaf_value=-0.020809911278085021 -0.046858700541021099 0.00019358111308515242 -0.041913087638945093 0.046062948610400445 0.012365280154021828 0.0011829607246377546 -0.0090450046585886738 -0.01918586519461973 0.047476837987524279 -0.0026671982637295187 0.0089318170649291661 0.024867157180906683 -0.039500437161611085 -0.025864209073279066
leaf_weight=0.73840481275692582 18.779351670760668 5.1795792998746064 4.9719392070546737 19.866032468155026 0.29971564561128561 50.130836637225002 5.3517022849991909 0.59204920008778295 6.6217404385097298 1.5979021284729231 2.7267975639551887 2.6988873388618222 3.449925989843905 1.3220442193560291
leaf_count=50 3814 47 799 955 5 325 228 37 250 130 42 47 353 111
internal_value=-0.000143958 0.00977102 0.000145213 0.0369485 0.0037529 -0.00114248 -0.0370839 0.0281208 0.0333253 -0.0436803 0.0381835 0.00167554 -0.0336242 8.15845e-06
internal_weight=124.327 98.598 73.5523 25.0456 68.5804 57.9014 25.729 10.679 9.94059 20.3773 9.34854 54.1518 3.74964 51.4529
internal_count=7193 3021 2019 1002 1220 841 4172 379 329 3944 292 483 358 436
is_linear=0
shrinkage=0.05


Tree=76
num_leaves=15
num_cat=0
split_feature=60 119 88 31 79 128 77 14 75 33 77 33 19 69
split_gain=17.2536 10.0918 4.35137 4.5022 2.80815 1.73971 1.59265 1.4579 1.69435 1.12484 1.09106 0.938396 0.924474 0.525967
threshold=998.87503051757824 0.24362313002347949 0.21380496770143512 80.422901153564467 0.038218110799789436 -147.62310791015622 0.03141447342932225 0.0065014630090445289 0.28501401841640478 1030.0029907226565 0.14459930360317233 99.687007904052749 0.4017853736877442 158.81378173828128
decision_type=2 2 10 8 2 10 2 8 2 10 2 10 10 2
left_child=1 2 3 5 6 12 -2 8 -5 -3 -10 -7 13 -1
right_child=4 9 -4 7 -6 11 -8 -9 10 -11 -12 -13 -14 -15
leaf_value=-0.026743912306591039 -0.046951058187297397 0.045863470477371271 -0.041212677489849678 0.00044426136565918901 -0.0039339007253627453 -0.011888068816241814 0.0011601025881680625 0.02622768568895046 -0.038621483627784371 0.0030074389707575107 0.003783236947525399 0.046824394061615038 0.033856017054595677 0.011862128847641977
leaf_weight=1.6694990238174794 19.143477047793574 16.778136155102406 4.484669752418994 51.191297542303801 6.1311499988660207 0.34951393259689023 1.8287665266543616 3.7177662090398362 3.9118047594092777 1.8352234764024604 1.9549908526241777 7.9071968635544181 0.3122664177790283 0.62682313472032536
leaf_count=122 4017 842 704 343 188 25 129 90 393 18 22 304 6 13
internal_value=-8.88009e-05 0.0100233 0.00175981 0.00498016 -0.0345342 0.0331525 -0.0428939 -0.000511512 -0.00267551 0.0420068 -0.0259978 0.0433233 -0.00212469 -0.0158041
internal_weight=121.843 94.7392 76.1258 71.6412 27.1034 10.8653 20.9722 60.7759 57.0581 18.6134 5.8668 8.25671 2.60859 2.29632
internal_count=7216 2882 2022 1318 4334 470 4146 848 758 860 415 329 141 135
is_linear=0
shrinkage=0.05


Tree=77
num_leaves=15
num_cat=0
split_feature=71 33 59 94 87 8 90 11 83 65 54 101 33 95
split_gain=15.7936 13.425 3.44144 3.27684 2.12902 2.14206 1.58809 0.999721 0.942761 0.718339 0.689972 0.589221 0.53021 0.343781
threshold=91.239074707031264 243.849479675293 1196.108581542969 0.02000187058001757 0.016261236742138866 517.74331665039074 0.17969912290573123 0.043804254382848747 0.00099729813518933974 30.858586311340336 0.064049214124679579 0.28796041011810308 958.93426513671886 0.00044617599633056676
decision_type=2 8 2 10 2 8 10 10 2 2 10 10 8 10
left_child=6 2 -2 4 5 9 7 8 -1 12 13 -8 -3 -11
right_child=1 3 -4 -5 -6 -7 11 -9 -10 10 -12 -13 -14 -15
leaf_value=-0.045047004931661257 -0.025497410371951013 0.028523821714525478 0.047816458788004057 -0.039741248244650418 -0.035993477617032574 0.034364063998524159 0.038802482397695209 -0.0049132545316225634 0.011797022850193781 -0.027036744309729934 -0.00046506872653213536 -0.012028932532863801 0.004868995565449943 0.0024911782111572173
leaf_weight=19.29704896407203 1.1265754261985446 2.0984256234951291 19.502790695056319 4.2954804678447536 2.6994665525853625 4.0309510319493702 0.23619185201823611 2.1302430843934408 0.3737610038369884 2.9003850724548093 46.570236476138234 0.40143542923033237 12.790618045255542 1.1079680197872219
leaf_count=3878 155 79 1018 754 307 105 4 120 22 198 412 26 123 15
internal_value=-0.000777682 0.00803713 0.042819 -0.00177463 0.000996295 0.00292323 -0.0376465 -0.0400637 -0.0434485 0.000499485 -0.00237164 0.0189967 0.00978822 -0.0200071
internal_weight=119.562 97.1229 20.6294 76.4935 72.1981 69.4986 22.4387 21.8011 19.6708 65.4676 50.5786 0.637627 14.889 4.00835
internal_count=7216 3166 1173 1993 1239 932 4050 4020 3900 827 625 30 202 213
is_linear=0
shrinkage=0.05


Tree=78
num_leaves=15
num_cat=0
split_feature=60 118 18 16 94 66 79 102 72 123 78 10 66 50
split_gain=14.9194 9.06675 3.91747 3.61926 2.78189 3.15221 1.8915 1.16747 0.948381 0.716532 0.706382 0.472433 0.470784 0.666952
threshold=1125.139587402344 0.13257833570241931 0.016677982173860077 0.019526503980159763 0.0048649411182850608 38.758869171142585 0.038218110799789436 16.500000000000004 517.74331665039074 -111.51952362060545 0.59411767125129711 0.050252525135874755 343.18281555175787 0.012256000656634571
decision_type=2 2 10 10 10 2 2 2 2 10 2 10 2 10
left_child=1 2 4 -3 5 10 11 12 9 -6 -1 -2 13 -7
right_child=6 3 -4 -5 8 7 -8 -9 -10 -11 -12 -13 -14 -15
leaf_value=-0.042821939117383037 -0.046312554653033564 0.0039212905462152449 -0.040431250976598263 0.047345388034075987 -0.0054842685497379102 -0.026380485245341319 -0.0055554113945975245 0.031586635879076737 0.0094780300415692707 0.050263001184497239 0.011398898394731889 -0.010841047398561374 0.022297043995599092 0.00068922878512406858
leaf_weight=4.0671017835848025 15.963230088353162 6.9665841036476222 4.6955159306526175 15.920998977497218 0.45259683066979084 1.3775477171875525 4.3543249643407753 2.193396837450563 4.677870758343488 3.3456568294204754 0.26714149303734291 1.7556768059730519 1.3679548203945149 52.154517172370106
leaf_count=427 3719 121 831 891 35 106 156 83 91 142 6 217 28 360
internal_value=-0.000446413 0.0080357 -0.000541801 0.0348453 0.00267006 -0.00120071 -0.0366325 0.00219615 0.0278884 0.0438617 -0.0379696 -0.0435648 0.000477874 -0.000478347
internal_weight=119.56 97.4869 74.5993 22.8876 69.9038 61.4277 22.0732 57.0934 8.47612 3.79825 4.33424 17.7189 54.9 53.5321
internal_count=7213 3121 2109 1012 1278 1010 4092 577 268 177 433 3936 494 466
is_linear=0
shrinkage=0.05


Tree=79
num_leaves=15
num_cat=0
split_feature=66 33 17 13 101 68 66 31 72 50 32 24 89 10
split_gain=14.1386 9.29161 7.42228 2.40089 1.9953 1.57229 1.18102 1.17261 1.14896 0.996546 0.876849 0.859134 0.783617 0.643248
threshold=973.71258544921886 243.849479675293 0.0011501817498356106 0.0092109800316393393 0.21347969025373462 34.703720092773445 38.758869171142585 256.13676452636724 1358.5483398437502 0.10005181282758714 12.283439636230471 1.3550000190734866 0.0019129317370243373 0.99504950642585765
decision_type=2 8 10 8 8 2 2 10 2 8 8 10 10 10
left_child=1 2 -1 4 6 -4 10 -2 -5 12 -3 -7 -8 -6
right_child=7 3 5 8 13 11 9 -9 -10 -11 -12 -13 -14 -15
leaf_value=-0.035874006286156716 -0.045529760188268861 0.015834384343423557 -0.017115670949059313 0.040782821294535157 -0.03706280884988946 -0.0091979851251134965 -0.028260541461948858 -0.011459002369666219 -0.0084994752304098989 0.030116745416675285 -0.037697552741244381 0.049533313304740215 0.00019650094169882545 0.012849401105764791
leaf_weight=2.4811791945248869 14.652993505354972 0.38002780824899585 0.49778458848595875 3.69618285447359 4.3163508833385995 0.34672670019790786 1.5232476145029057 3.9911681232042602 1.1779139260761438 1.690364051144569 2.4529030155390505 18.529326870571822 58.337609102018178 0.24174038367345918
leaf_count=434 3550 5 31 118 537 39 189 455 35 45 252 1038 509 5
internal_value=-0.000524071 0.00733865 0.0351978 -0.00126989 -0.00383203 0.0456139 -0.00132964 -0.0391908 0.0294535 0.000341745 -0.0282588 0.048046 -0.000980079 -0.0325801
internal_weight=114.316 95.6714 21.855 73.8163 68.9422 19.3738 64.3842 18.6442 4.8741 61.5512 2.83293 18.8761 59.8609 4.55809
internal_count=7242 3237 1542 1695 1542 1108 1000 4005 153 743 257 1077 698 542
is_linear=0
shrinkage=0.05


Tree=80
num_leaves=15
num_cat=0
split_feature=66 72 49 66 13 23 22 116 79 4 38 50 101 72
split_gain=13.1765 8.19297 7.54193 2.48205 2.35757 1.56111 1.92063 1.52372 1.14389 0.792305 0.76082 0.599241 0.568653 0.534561
threshold=973.71258544921886 239.45772552490237 0.20789377391338351 38.758869171142585 0.0094788861460983771 13.500000000000002 0.029713595286011699 0.40149745345115667 0.027973395772278312 13.826340198516847 0.028576176613569263 0.012256000656634571 0.31085473299026495 1267.8930664062502
decision_type=2 2 8 2 8 2 10 2 2 10 8 8 10 2
left_child=1 2 7 9 5 6 11 -1 10 -3 -2 -5 -9 -6
right_child=8 3 -4 4 13 -7 -8 12 -10 -11 -12 -13 -14 -15
leaf_value=-0.011542500310442962 -0.046235626604855133 0.012718133062587483 -0.035890896598547335 -0.017994167301645901 0.040529847288718668 0.033900354098444829 -0.030651629798114029 0.051073044611865494 -0.001667540631713763 -0.03882250794782649 -0.0042683576636036915 0.0015841819851952932 -0.006733640617399908 0.00078921412475691237
leaf_weight=0.71149563696236029 14.396399956429377 0.38602094538509746 2.4885469120927146 3.1777459816075853 3.5643041161820284 2.1445267749950281 4.4339257078245273 16.071440742351118 1.9502681298181404 4.0988478409126401 1.3930180000606931 59.667124688159674 0.21228440199047227 1.0882322629913685
leaf_count=58 3690 9 455 166 117 92 481 964 103 427 174 440 8 22
internal_value=-0.000350562 0.00692675 0.0350895 -0.000411123 0.00196619 -0.000554155 -0.00213281 0.0468998 -0.0387945 -0.0328763 -0.0430078 0.000327868 0.0499734 0.0330186
internal_weight=115.784 98.0445 19.4838 78.5607 74.0759 69.4233 67.2788 16.9952 17.7397 4.48487 15.7894 62.8449 16.2837 4.65254
internal_count=7206 3239 1485 1754 1318 1179 1087 1030 3967 436 3864 606 972 139
is_linear=0
shrinkage=0.05


Tree=81
num_leaves=15
num_cat=0
split_feature=66 33 17 13 19 122 102 79 31 77 72 88 88 31
split_gain=12.3031 8.15123 6.3553 2.16494 2.11355 2.06324 1.73001 1.32358 1.10192 1.1015 0.90251 0.887986 0.682997 0.61519
threshold=973.71258544921886 243.849479675293 0.0011501817498356106 0.0094788861460983771 0.028530994430184368 -79.634696960449205 13.500000000000002 0.027973395772278312 311.07174682617193 0.024912263266742233 1267.8930664062502 0.027025553397834304 0.21380496770143512 89.531368255615249
decision_type=2 8 10 8 8 10 2 2 10 2 2 10 10 10
left_child=1 2 -1 4 13 -4 11 9 -8 -2 -5 -6 -7 -3
right_child=7 3 5 10 6 12 8 -9 -10 -11 -12 -13 -14 -15
leaf_value=-0.034557345438147279 -0.046316535604511801 0.024788656468506799 -0.011747870328588823 0.039410151748662491 -0.013637023446386499 0.049953134470320133 0.032626069929605005 -0.0012002859604232051 -0.019081714740722816 0.0031525367589049177 -0.0045258698859180794 -0.043571674922848913 -0.0090059338200802197 0.00019894554193356924
leaf_weight=2.1962416092865196 13.988190293544905 1.6668745707720507 1.1569502488710011 3.4984773099422446 7.2912717587314528 16.443570928182456 1.5958795137703412 2.2388126910664132 0.87340983236208547 1.0838130183983583 1.3225252614356575 4.3540099984966218 0.21676534181460638 55.390726052690297
leaf_count=423 3744 41 80 121 350 1008 43 116 99 106 37 593 27 421
internal_value=-0.000176826 0.00692019 0.034483 -0.000692332 -0.00304936 0.0443775 -0.0196768 -0.0377656 0.0141082 -0.0427844 0.0286504 -0.0273898 0.0487195 0.0013319
internal_weight=113.318 96.0067 20.0135 75.9932 71.1722 17.8173 14.1146 17.3108 2.46929 15.072 4.821 11.6453 16.6603 57.0576
internal_count=7209 3243 1538 1705 1547 1115 1085 3966 142 3850 158 943 1035 462
is_linear=0
shrinkage=0.05


Tree=82
num_leaves=15
num_cat=0
split_feature=71 33 96 56 87 14 90 74 26 49 88 19 83 115
split_gain=11.2769 10.9171 2.94291 2.90291 1.56107 1.53663 1.4706 1.08117 0.885851 0.601412 0.57338 0.476663 0.331894 0.319422
threshold=87.295501708984389 243.849479675293 0.11280087754130365 12.500000000000002 0.016261236742138866 0.0065014630090445289 0.17969912290573123 0.9707201123237611 0.51875442266464245 0.051463907584548003 0.031272823922336108 0.44097504019737249 0.0047547153662890205 0.10902029275894166
decision_type=2 8 8 2 2 8 10 2 10 8 8 10 2 2
left_child=6 3 4 -2 5 9 7 8 12 10 13 -8 -1 -3
right_child=1 2 -4 -5 -6 -7 11 -9 -10 -11 -12 -13 -14 -15
leaf_value=-0.036049972733320605 -0.024509592744781393 -0.0039513191043219651 -0.0399464271645378 0.047009990807684095 -0.033727682338202204 0.030098610492035563 0.036067076471146813 -0.046229654006928099 0.0043844998894094454 0.025048078001680164 -0.024895981669225829 -0.010737688982345306 0.0066699456285998467 0.0030347001640016378
leaf_weight=2.4329743864946134 0.94620616547763603 27.605508052743971 3.8150409411173305 15.476536195725201 2.2088159089907995 3.5323399170301846 0.25111373607069154 12.678624345688148 2.7539874170906842 1.3208189504221071 1.3890990908257652 0.34375522518530488 0.20206008246168483 37.229925269726664
leaf_count=409 156 364 754 1020 284 117 5 3375 222 42 138 27 9 265
internal_value=-0.00120682 0.00597041 -0.00208078 0.0417191 0.000401569 0.00191539 -0.0356488 -0.0383707 -0.0155394 2.39251e-05 -0.000840349 0.0192462 -0.0318404 4.53687e-05
internal_weight=112.187 93.5243 77.1015 16.4227 73.2865 71.0777 18.6625 18.0676 5.38902 67.5454 66.2245 0.594869 2.63503 64.8354
internal_count=7187 3140 1964 1176 1210 926 4047 4015 640 809 767 32 418 629
is_linear=0
shrinkage=0.05


Tree=83
num_leaves=15
num_cat=0
split_feature=71 72 58 96 72 71 65 65 79 35 98 102 12 83
split_gain=11.1367 9.63784 2.72841 2.61996 2.03342 1.62884 1.39973 1.22852 0.900728 0.693913 0.656743 0.737924 0.409348 0.406781
threshold=87.295501708984389 243.849479675293 1572.7238769531252 0.11280087754130365 1193.4086914062502 182.20648956298831 16.358708381652836 30.648148536682132 0.025807525962591175 35.687004089355476 0.031911849975585944 15.500000000000002 0.37147335708141332 0.00054970139171928178
decision_type=2 2 2 10 2 2 2 2 2 10 10 2 10 2
left_child=6 2 -2 4 7 -6 9 -3 13 -1 -9 -12 -7 -8
right_child=1 3 -4 -5 5 12 8 10 -10 -11 11 -13 -14 -15
leaf_value=-0.017889703530059694 -0.023680748770032022 0.039550383124127439 0.047395316604675726 -0.038647807010059813 -0.00012546648560890567 -0.036781694774937916 -0.043844587853800673 0.018647769303955463 -0.0034505689883849856 0.029581815018345649 -0.017935223178742646 0.021611774754123916 0.0089992957290200275 0.0048253943931941658
leaf_weight=0.53724019066430873 0.88835129793733258 3.8723876792937499 14.073572852648793 3.308987312950193 58.276143830036744 2.9335779042448844 14.772019239142537 4.0004365341737866 1.8034173802006979 0.66668839938938618 3.0881636138074104 0.71787090320140112 0.16579996049404133 0.24839573795907277
leaf_count=45 159 158 971 723 552 359 3801 99 101 50 97 33 1 22
internal_value=-0.000562481 0.00662108 0.041956 -0.000754963 0.0014601 -0.00227059 -0.0353885 0.0196986 -0.0390021 0.00989274 0.00647832 -0.00753134 -0.0327348 -0.0427888
internal_weight=109.353 91.3253 14.9619 76.3634 73.0544 61.3755 18.0278 11.6789 16.8238 1.20393 7.80647 3.80603 3.09938 15.0204
internal_count=7171 3152 1130 2022 1299 912 4019 387 3924 95 229 130 360 3823
is_linear=0
shrinkage=0.05


Tree=84
num_leaves=15
num_cat=0
split_feature=71 33 0 99 14 45 63 79 12 116 65 77 115 14
split_gain=10.2097 9.26781 2.77355 2.39553 1.67008 1.36412 1.23789 0.819824 0.739093 0.641928 0.930189 0.578232 0.54953 0.454109
threshold=87.295501708984389 243.849479675293 12.500000000000002 0.13444877415895465 0.009330350439995529 0.12963496893644336 203.53153991699222 0.027973395772278312 0.26785714924335485 1.469204366207123 43.155235290527351 0.02870879136025906 0.62066107988357555 0.011428944766521456
decision_type=2 8 2 8 10 10 2 2 10 2 2 2 2 10
left_child=5 2 -2 4 6 7 8 11 9 10 -3 13 -5 -1
right_child=1 3 -4 12 -6 -7 -8 -9 -10 -11 -12 -13 -14 -15
leaf_value=-0.046123881781079498 -0.024287980543274586 -0.033288643012075167 0.046106294608012813 -0.039321027584059164 0.031805283572774692 0.018006188493182942 -0.032483754649576049 -0.0027597226569710236 0.029305270912172485 0.0011477483155287742 0.0037978188014789285 -0.0069615657669993523 0.0030423295267831213 0.0046656205866225896
leaf_weight=13.076726683648307 0.93057043850421806 2.4409941427875301 13.973273430019615 3.8388897795230141 3.1207634692545971 0.5888492742087682 1.9822035469114769 1.6445273756980885 1.1485936939716328 57.249748263973743 2.9657633411698043 1.5225227125920344 0.7470886819064616 0.27415077574551183
leaf_count=3723 162 250 998 762 141 23 255 93 17 483 46 137 40 27
internal_value=-0.00109418 0.00585073 0.0404602 -0.00161663 0.000923002 -0.0353226 -0.000996249 -0.0381431 0.000468117 -0.000512575 -0.0155281 -0.041635 -0.0331106 -0.0448285
internal_weight=105.505 88.3979 14.9038 73.494 68.9081 17.1068 65.7873 16.5179 63.8051 62.6565 5.40676 14.8734 4.58598 13.3509
internal_count=7157 3154 1160 1994 1192 4003 1051 3980 796 779 296 3887 802 3750
is_linear=0
shrinkage=0.05


Tree=85
num_leaves=15
num_cat=0
split_feature=60 70 17 18 34 79 94 13 24 38 101 116 31 31
split_gain=9.7709 5.9734 5.70946 2.81198 1.76793 1.65237 1.29063 1.29206 0.98365 0.817494 0.510264 0.466052 0.418617 0.384515
threshold=1125.139587402344 239.15225982666018 0.0011501817498356106 7.0647001848556115e-05 38.71052551269532 0.027973395772278312 0.020353253930807117 0.013793759513646366 1.3550000190734866 0.030496916733682159 0.41122144460678106 0.40149745345115667 623.16873168945324 314.56086730957037
decision_type=2 2 10 10 8 2 10 8 10 10 10 2 10 10
left_child=1 2 -1 -4 -3 9 7 12 -5 -2 11 -10 -6 -13
right_child=5 4 3 8 6 -7 -8 -9 10 -11 -12 13 -14 -15
leaf_value=-0.035210356802493473 -0.045392015959340282 -0.0332709574796222 -0.0055577699798547431 -0.010979823868097319 0.003082585537795772 -0.0046697784456871203 -0.031945666662784027 0.031975987668184297 -0.0054166682188902509 -0.004345570018130014 -0.0065635597261452091 0.050216228529080233 -0.0064800272898303604 0.0051955056906702766
leaf_weight=2.3378333158325431 11.884282286977397 3.0074659432284525 3.0620029321871725 0.41814678488299506 44.501287811435759 4.2947118519805363 1.8519965927116562 2.4990360382944337 0.21485987538472429 1.5877148821018625 0.21363576501607795 15.398475108668208 14.299738736823199 0.74124861136078912
leaf_count=498 3756 407 102 48 370 171 392 67 21 191 8 1085 108 4
internal_value=-0.000279128 0.00659841 0.02832 0.0370491 -0.00106369 -0.0330806 0.000964818 0.00245592 0.0446115 -0.0411891 0.0465596 0.0475918 0.000687595 0.0485723
internal_weight=106.312 88.5457 22.3862 20.0484 66.1595 17.7667 63.1521 61.3001 16.9864 13.472 16.5682 16.3546 58.801 16.1397
internal_count=7228 3110 1766 1268 1344 4118 937 545 1166 3947 1118 1110 478 1089
is_linear=0
shrinkage=0.05


Tree=86
num_leaves=15
num_cat=0
split_feature=70 74 17 101 117 13 16 87 47 2 116 10 19 76
split_gain=9.45927 6.5978 5.71604 2.54727 2.15477 1.19086 0.969766 0.808585 0.545499 0.430839 0.697731 0.427181 0.651519 0.25772
threshold=239.15225982666018 0.95330384373664867 0.0011501817498356106 0.20917221903800967 9.2500000000000018 0.020842378959059719 0.019726852886378769 0.009051441680639984 0.4187574982643128 143.641716003418 1.9300535321235659 0.015660033561289314 0.020923692733049396 0.66057851910591137
decision_type=2 2 10 10 2 10 10 2 8 10 2 10 8 2
left_child=2 3 -1 5 -4 7 -6 9 -8 10 -2 12 -11 -5
right_child=1 -3 4 13 6 -7 8 -9 -10 11 -12 -13 -14 -15
leaf_value=-0.035000659866615429 -0.024322370810733768 -0.044148426165703775 -0.0060033981269074221 -0.036839930027882641 0.011008436269762421 0.031320561750307216 0.04989634457599787 -0.025535336723503662 -0.006923366458456497 0.01138746555359018 -7.3099973565711124e-06 0.022462683759396012 -0.018357854630830645 0.003994684547498923
leaf_weight=2.2938046557828811 2.1187111046165219 9.6507174635771644 2.2229201085865524 4.3731201353948554 2.6934283226728466 2.0078882630914441 14.215979065746065 2.1580091998912385 0.20029433304444033 4.3572857005055976 54.672743993112817 3.0441847236361355 1.8086446074303237 0.21817170223221172
leaf_count=509 237 3215 89 878 63 74 1093 261 23 40 588 35 88 5
internal_value=0.000291866 -0.00732585 0.029034 -0.00205236 0.0379795 0.000528261 0.0437097 -0.000818596 0.048709 0.000358604 -0.0013196 0.00982246 0.00131807 -0.0345321
internal_weight=106.036 84.4095 21.6264 74.7588 19.3326 70.1675 17.1097 68.1596 14.4163 66.0016 56.7915 9.21012 6.16593 4.59129
internal_count=7198 5421 1777 2206 1268 1323 1179 1249 1116 988 825 163 128 883
is_linear=0
shrinkage=0.05


Tree=87
num_leaves=15
num_cat=0
split_feature=74 33 29 22 64 48 116 93 71 5 65 117 91 4
split_gain=8.88462 7.66972 3.01976 2.20317 1.45307 1.40747 1.63195 0.988476 0.696008 0.667458 0.667125 0.54298 0.484725 0.450805
threshold=0.94943812489509594 243.849479675293 1062.310485839844 0.13829074054956439 16.358708381652836 0.0038127657026052479 1.1051909327507021 1.6676000086590651e-05 195.71339416503909 507.57017517089849 517.31613159179699 9.2500000000000018 0.013235239777714016 14.713973999023439
decision_type=2 8 2 10 2 8 2 8 2 10 2 2 10 10
left_child=1 2 -1 5 11 6 13 8 -8 -4 -7 -2 -9 -3
right_child=4 3 9 -5 -6 10 7 12 -10 -11 -12 -13 -14 -15
leaf_value=-0.023532357657054501 -0.013289566084791133 0.011113470234508982 0.046724811723196799 -0.033545372306136322 -0.043941453303722178 0.029468724336261576 0.00054369716796118153 -0.0078718259053744861 -0.02758216093609786 -0.0043874127563730287 -0.01453393334725551 0.035010232196364607 0.033643635295860064 -0.030597607537252953
leaf_weight=1.2177650274243195 0.35381064121611316 0.22925868630409141 12.388686355669048 3.9878415546845636 11.017127554630859 4.5647365441545835 60.646490968996659 0.48142751120030824 1.2812730683945108 0.49904962955042798 0.39907248551025976 0.25088001694530249 2.2216049421112984 4.4364450124558061
leaf_count=200 43 3 1022 808 3581 126 683 13 199 26 40 5 101 353
internal_value=-0.000423518 0.00490381 0.0375239 -0.00137579 -0.039792 0.000774516 -0.0012143 0.00102573 -0.000467288 0.0445722 0.0240872 0.0160791 0.0261205 -0.0269483
internal_weight=103.975 92.3537 14.1055 78.2482 11.6218 74.2603 69.2965 64.6308 61.9278 12.8877 4.96381 0.604691 2.70303 4.6657
internal_count=7203 3574 1248 2326 3629 1518 1352 996 882 1048 166 48 114 356
is_linear=0
shrinkage=0.05


Tree=88
num_leaves=15
num_cat=0
split_feature=66 31 96 34 116 31 14 5 123 50 68 90 54 4
split_gain=8.31953 5.62278 5.67646 1.66343 1.61695 1.20596 1.10398 1.07037 0.855135 0.782765 0.744092 0.550799 0.410363 0.361882
threshold=973.71258544921886 89.531368255615249 0.2086504325270653 39.016080856323249 0.14937219768762591 251.11666107177737 0.009330350439995529 492.50967407226568 59.150243759155281 0.0051203318871557721 34.703720092773445 0.0081680384464561957 0.9679870903491975 13.826340198516847
decision_type=2 8 10 10 2 10 8 8 10 10 2 10 10 10
left_child=1 2 4 13 8 -2 9 10 -1 -5 -6 -9 -7 -3
right_child=5 3 -4 6 7 12 -8 11 -10 -11 -12 -13 -14 -15
leaf_value=-0.020708211871636933 -0.043789455957772006 0.0075113452654320557 -0.035094732809451031 -0.027471726939032926 -0.0097638755816713326 -0.024808673427054988 0.026465571371742599 0.023244763222472955 0.023960060681406235 0.00021918059407044878 0.049689997029419904 -0.014042106216699466 0.003780418245643468 -0.034533475974746902
leaf_weight=1.3892269746866142 9.7914263473357988 0.22211166657507364 2.3134015072137109 1.6655214009806503 0.23582929000258168 1.0803929676767432 2.8990502092055968 1.0129580879583966 0.94361718930304039 59.638462467119098 13.255768885836003 1.0274100664537398 2.6184066797140986 3.2743978812359273
leaf_count=110 3505 7 584 226 16 319 111 39 10 557 1057 40 179 476
internal_value=-9.98821e-05 0.00562861 0.0281154 -0.00138538 0.0377272 -0.0352295 0.000663388 0.0432268 -0.000872358 -0.000961988 0.0480487 0.00602612 -0.00807285 -0.0307861
internal_weight=101.368 87.8778 20.1782 67.6995 17.8648 13.4902 64.203 15.532 2.33284 61.304 13.4916 2.04037 3.6988 3.49651
internal_count=7236 3233 1856 1377 1272 4003 894 1152 120 783 1073 79 498 483
is_linear=0
shrinkage=0.05


Tree=89
num_leaves=15
num_cat=0
split_feature=60 33 17 66 13 122 101 5 10 45 55 4 59 88
split_gain=7.67084 5.91499 4.73371 1.81628 1.74154 1.59382 1.48356 0.671712 0.605606 0.521427 0.566098 0.49156 0.444948 0.39139
threshold=1316.8518066406252 243.849479675293 0.0011501817498356106 38.758869171142585 0.0094788861460983771 -79.634696960449205 0.21347969025373462 507.57017517089849 0.99504950642585765 0.0014415955520235004 938.23406982421886 13.826340198516847 7385.0290527343759 0.21380496770143512
decision_type=2 8 10 2 8 10 8 10 10 8 10 10 2 10
left_child=1 2 -1 11 6 -4 9 13 -8 -5 -11 -3 -12 -7
right_child=-2 3 5 4 -6 7 8 -9 -10 10 12 -13 -14 -15
leaf_value=-0.032023750154121976 -0.040588943698892606 0.0089932608978001063 -0.010580159268120483 -0.023441150054251018 0.029871522857700908 0.050175388388292969 -0.035090094511852792 -0.0063061997941692358 0.013275665972869364 0.020608192090427316 -0.017775022685600095 -0.037657163639649265 0.00099405716428889262 -0.0056597516702557461
leaf_weight=1.7578434117604036 9.6203458108939213 0.26430781371891443 0.95211845333687861 1.2307725574355561 3.7250069896690539 11.580945191439236 3.1833962793461974 0.3473599557764836 0.23160932958126057 2.5353303684387347 2.3231530822813502 3.0866327863186598 62.406145320273936 0.12545153568498868
leaf_count=431 3421 8 81 175 155 1013 626 18 4 43 228 432 620 17
internal_value=-0.000296534 0.00422289 0.0321889 -0.00134145 0.000459617 0.0425345 -0.00145275 0.0472192 -0.0295459 0.000352903 0.00112528 -0.0327563 6.02503e-05 0.0491787
internal_weight=103.37 93.7501 14.7637 78.9864 75.6354 13.0059 71.9104 12.0538 3.41501 68.4954 67.2646 3.35094 64.7293 11.7064
internal_count=7272 3851 1560 2291 1851 1129 1696 1048 630 1066 891 440 848 1030
is_linear=0
shrinkage=0.05


Tree=90
num_leaves=15
num_cat=0
split_feature=86 33 17 117 99 13 116 43 50 96 5 5 115 120
split_gain=7.06975 5.5474 4.40346 1.77784 1.65348 1.36566 0.941647 0.886932 0.643198 0.500154 0.458449 0.434776 0.429416 0.401905
threshold=0.9531572461128236 243.849479675293 0.0011501817498356106 9.2500000000000018 0.026403013616800312 0.0072735929861664781 1.8776222467422488 0.038838613778352744 0.002896616118960083 0.2086504325270653 507.57017517089849 1235.9444580078127 0.56393876671791088 -174.49999999999997
decision_type=2 8 10 2 10 8 2 10 8 10 10 10 2 2
left_child=1 2 -1 -4 5 8 12 -8 -3 10 -5 -7 -6 -10
right_child=-2 4 3 9 6 11 7 -9 13 -11 -12 -13 -14 -15
leaf_value=-0.03145522360665335 -0.042450053713310648 -0.023370690672793959 -0.01279290253319755 0.049692439800797843 -0.039663942035195826 0.034459165548494146 0.021631973724359082 -0.017390817337229646 0.010956485427839991 -0.0072639272110038532 -0.0039006034737645058 -0.0022737847630589646 -0.0031381390035635452 -0.0010631708267379398
leaf_weight=1.6754771331325162 8.0262493193149549 1.9715573533903796 0.96850006934255262 11.108860810287291 3.8328139330260438 2.8516240604221816 1.5004962033126505 2.4917902210727334 6.9432883623521695 0.1686673716176309 0.26816285168752152 0.86924034263938654 1.1844314381014553 54.966632439987741
leaf_count=425 3177 343 75 1030 670 115 73 292 132 30 15 25 70 688
internal_value=-0.00022885 0.00392498 0.0315308 0.0416673 -0.00152842 0.00126169 -0.0204983 -0.00132893 -0.000646084 0.0468912 0.0482161 0.027214 -0.0329957 0.000437585
internal_weight=98.8278 90.8015 14.1897 12.5142 76.6119 67.6023 9.00953 3.99229 63.8815 11.5457 11.377 3.72086 5.01725 61.9099
internal_count=7160 3983 1575 1150 2408 1303 1105 365 1163 1075 1045 140 740 820
is_linear=0
shrinkage=0.05


Tree=91
num_leaves=15
num_cat=0
split_feature=86 72 49 22 49 116 116 115 31 70 68 3 10 36
split_gain=6.66566 5.11732 4.78747 1.73168 1.43753 1.21431 1.09643 0.783584 0.746059 0.633205 0.588683 0.528114 0.419581 0.333235
threshold=0.9531572461128236 239.45772552490237 0.20789377391338351 0.1639269217848778 0.019085601903498176 1.8776222467422488 0.40149745345115667 0.57162445783615123 251.11666107177737 1338.7419433593752 34.703720092773445 207.61489868164065 0.84503450989723217 515.80297851562511
decision_type=2 2 8 10 8 2 2 2 8 2 2 8 10 10
left_child=1 2 6 4 5 7 -1 12 13 -7 -8 -11 -3 -6
right_child=-2 3 -4 -5 8 9 10 -9 -10 11 -12 -13 -14 -15
leaf_value=-0.0095420134585462515 -0.042271472114510635 -0.035012335303882529 -0.031914805160271065 -0.033190628445801278 0.032359136156045964 0.020121653213996633 -0.008127417456472396 0.0048807425588151473 -0.015739444101537419 0.00017759367192436576 0.049819304707414809 -0.023658934447500377 0.0042872224600011373 -0.006061163141228774
leaf_weight=0.56783141288906058 7.7409026036038986 4.0211209317203602 1.7413693070411689 3.0809745392762116 4.4121487452648571 2.8568495502695432 0.18718618294224043 1.854925495572388 0.44910251302644599 57.729189126519486 9.8256784039549512 1.4205749586690206 0.55111466720700253 0.31235242192633439
leaf_count=60 3192 474 444 687 180 89 9 47 50 696 946 215 4 25
internal_value=-0.00059121 0.00346292 0.0320692 -0.00148709 0.000267009 -0.00179234 0.0444463 -0.0208986 0.023385 0.000488328 0.0480964 -0.000778695 -0.0303561 0.029204
internal_weight=96.7513 89.0104 12.3221 76.6884 73.6074 68.4338 10.5807 6.42716 5.1736 62.0066 10.0129 59.1498 4.57224 4.7245
internal_count=7118 3926 1459 2467 1780 1525 1015 525 255 1000 955 911 478 205
is_linear=0
shrinkage=0.05


Tree=92
num_leaves=15
num_cat=0
split_feature=74 72 58 99 90 72 47 116 98 63 81 47 115 45
split_gain=6.5511 5.6474 2.67065 2.06633 1.58655 1.31465 1.49247 1.36433 0.851216 0.594308 0.403764 0.350218 0.313738 0.253944
threshold=0.94943812489509594 243.849479675293 1572.7238769531252 0.12741079181432727 0.17969912290573123 1193.4086914062502 0.088725578039884581 1.84131395816803 0.031911849975585944 295.18238830566412 0.52083334326744091 0.4187574982643128 0.1867184713482857 1.0000000180025095e-35
decision_type=2 2 2 10 10 2 8 2 10 2 2 10 2 8
left_child=1 2 -1 5 -2 6 8 -7 -3 12 11 -8 -9 -6
right_child=4 3 -4 -5 13 7 10 9 -10 -11 -12 -13 -14 -15
leaf_value=-0.024415526172950997 -0.042829466359688401 0.016369159899606214 0.04539623219527842 -0.034457077249686954 0.033010682179171073 -0.031863918454150798 0.040151580044047591 -0.00050903293542520396 -0.018215245240232096 -0.026168386645688865 -0.007103950324023678 -0.003341915732032465 0.009254849117738757 -0.0057384437086394511
leaf_weight=0.9429391308221956 8.9599380535073543 2.3591016116552028 9.1854758933186513 3.3081059087999156 0.17728489357978183 2.5185353816486886 4.413987049832941 51.976523748831823 2.800149800023064 1.0767258794512589 0.2518502203747629 0.34612615313380946 8.7552569641266 0.26870491844601929
leaf_count=207 3531 84 961 789 2 370 190 601 117 186 14 16 66 19
internal_value=-0.000425922 0.00397045 0.0372869 -0.000784627 -0.0379588 0.00114719 0.0169859 -0.00157886 -0.00231116 0.000142848 0.0339304 0.0369579 0.00102567 0.0218415
internal_weight=97.3407 87.9348 10.1284 77.8064 9.40593 74.4983 10.1712 64.327 5.15925 61.8085 5.01196 4.76011 60.7318 0.44599
internal_count=7153 3601 1168 2433 3552 1644 421 1223 201 853 220 206 667 21
is_linear=0
shrinkage=0.05


Tree=93
num_leaves=15
num_cat=0
split_feature=72 74 17 101 72 47 116 68 5 1 24 71 116 83
split_gain=6.0465 5.25793 4.47556 2.08541 1.03943 1.09118 1.08807 0.943072 0.715022 0.632772 0.506572 0.46531 0.459887 0.30767
threshold=243.849479675293 0.95658457279205333 0.0011501817498356106 0.21347969025373462 1193.4086914062502 0.088725578039884581 1.7411925792694094 34.703720092773445 593.30627441406261 599.13333129882824 1.3550000190734866 827.07943725585949 0.23666230589151385 0.012743506580591204
decision_type=2 2 10 10 2 8 2 2 10 2 10 2 2 2
left_child=2 3 -1 4 5 8 -6 -4 -2 -7 -9 -8 -12 -5
right_child=1 -3 7 13 6 9 11 10 -10 -11 12 -13 -14 -15
leaf_value=-0.031336178833790182 -0.023536552526752075 -0.043039180614085293 -0.012467838973417626 -0.036475444927726718 -0.032201999179846896 -0.0055000201733096474 0.00074843680949909991 -0.0073734721516624307 0.010100608477057011 0.038280454800212492 -0.0066033330291226898 -0.024214172474645169 0.049529438764733098 0.0015943619339426557
leaf_weight=1.6598799750208844 1.2951031324919284 7.2771934673655769 0.32426916225813229 3.5031527988612643 1.7412336878478516 0.724291448947043 60.662396188359708 0.17163474042899807 4.071120772510767 3.6489890911616385 0.15015231724828382 0.92510046972893079 9.5495890099555236 0.50932681071571995
leaf_count=458 119 3223 29 872 297 34 676 31 82 173 15 166 993 39
internal_value=-0.000357201 -0.00516818 0.0316144 -0.00108735 0.00103886 0.0154276 -0.00137944 0.0437465 -0.000439414 0.0313555 0.0465701 -7.41854e-06 0.0481246 -0.032289
internal_weight=96.2134 84.3579 11.8555 77.0807 73.0682 9.7395 63.3287 10.1956 5.36622 4.37328 9.87138 61.5875 9.69974 4.01248
internal_count=7207 5681 1526 2458 1547 408 1139 1068 201 207 1039 842 1008 911
is_linear=0
shrinkage=0.05


Tree=94
num_leaves=15
num_cat=0
split_feature=74 33 55 101 13 122 67 80 108 34 32 0 102 65
split_gain=7.13973 5.08482 2.55606 1.80945 1.25127 0.87697 0.551488 0.526409 0.447312 0.435093 0.364595 0.312994 0.270814 0.264416
threshold=0.94943812489509594 243.849479675293 301.59893798828131 0.21347969025373462 0.0094788861460983771 123.557186126709 34.357757568359382 0.2264957278966904 0.22181638330221179 39.016080856323249 20.748447418212894 101.50000000000001 13.500000000000002 30.832298278808597
decision_type=2 8 10 10 10 8 2 2 2 8 8 2 2 2
left_child=1 2 -1 4 5 7 -6 9 12 -3 -7 -4 -5 -11
right_child=-2 3 11 8 6 10 -8 -9 -10 13 -12 -13 -14 -15
leaf_value=-0.02290478653762398 -0.041902196832621301 -0.020982579294482617 0.045156266769275449 -0.038184112025223961 -0.0049049908733829906 0.0069737034314213261 0.037275421029531013 0.021894187938821003 0.006608111584394713 0.006715216171874672 -0.031969444486389408 2.6591161129235907e-05 0.0043012454990177468 -0.0011260458534178785
leaf_weight=1.0594014616217453 8.5750931212678534 1.4448362586554129 8.7304279366508091 3.2882035002112389 0.74001498683355693 0.36307457322254688 2.241828927770257 1.7901041479781259 0.41248333640396584 12.568512555910273 1.9718530199024829 0.40121548878960389 0.20353613886982191 50.87415467062965
leaf_count=207 3616 157 984 865 15 9 118 24 22 158 319 28 16 636
internal_value=-0.000929259 0.00358619 0.035051 -0.00103951 0.000949304 -0.000614346 0.0282045 0.000627843 -0.030429 -0.000282241 -0.0256386 0.0433717 -0.0353014 0.000507472
internal_weight=94.6647 86.0896 10.191 75.8986 71.9944 69.0125 2.98184 66.6776 3.90422 64.8875 2.33493 9.13164 3.49174 63.4427
internal_count=7174 3558 1219 2339 1436 1303 133 975 903 951 328 1012 881 794
is_linear=0
shrinkage=0.05


Tree=95
num_leaves=15
num_cat=0
split_feature=74 33 55 45 22 33 116 47 63 98 5 77 118 47
split_gain=5.53471 4.92762 2.42475 1.53023 1.45583 1.27522 1.33597 0.600621 0.494185 0.443244 0.416157 0.346907 0.309178 0.296759
threshold=0.94943812489509594 243.849479675293 375.56864929199224 0.12963496893644336 0.1639269217848778 1140.2029418945315 1.9211003780364992 0.087700437754392638 295.18238830566412 0.031911849975585944 549.34127807617199 0.024912263266742233 0.055096207186579711 0.4187574982643128
decision_type=2 8 10 10 10 8 2 8 2 10 10 2 2 10
left_child=1 2 -1 11 5 7 -7 9 -8 -3 -4 -2 -6 -9
right_child=3 4 10 -5 12 6 8 13 -10 -11 -12 -13 -14 -15
leaf_value=-0.021920163421539282 -0.043528558968881553 0.014629404295809972 0.044839884610601552 0.022427045477825713 -0.035493602552540714 -0.030937853412237471 0.00055758879231865071 0.034113676532431143 -0.024869434377515778 -0.012385750875774839 -0.0021775745138465667 0.0056414082712195361 0.0049515018348332274 -0.0054011019716156345
leaf_weight=1.0646299219224591 7.8761700487229938 2.605751891154795 8.6075641303323174 0.4048086949624129 2.552738306112587 2.7649847783613941 59.976080731954426 3.3536393542308365 0.97281983867287536 1.6708665885962544 0.40005582128651518 0.15019144373945881 0.28613518690690387 0.25350039615295816
leaf_count=203 3536 80 1019 11 775 418 619 143 183 73 22 21 10 14
internal_value=-0.000593289 0.00342233 0.0345455 -0.0369384 -0.00119117 0.000411498 -0.0020327 0.01817 -0.000243157 0.00372764 0.0427428 -0.0420854 -0.0311891 0.0307671
internal_weight=92.9399 84.5088 10.0722 8.43117 74.4365 71.5976 63.7139 7.88376 60.9489 4.27662 9.00762 8.02636 2.83887 3.60714
internal_count=7127 3559 1244 3568 2315 1530 1220 310 802 153 1041 3557 785 157
is_linear=0
shrinkage=0.05


Tree=96
num_leaves=15
num_cat=0
split_feature=74 72 58 99 90 86 26 102 96 13 77 89 115 91
split_gain=5.29732 4.59781 2.19569 1.81411 1.61121 1.00836 1.04042 0.948035 0.953308 0.474937 0.352819 0.298429 0.300312 0.273401
threshold=0.94943812489509594 243.849479675293 1572.7238769531252 0.13444877415895465 0.17969912290573123 0.31142240762710577 0.12827056646347049 14.500000000000002 0.026818301528692249 0.0088647329248487967 0.024912263266742233 0.018667394295334819 0.36399339139461523 0.003556918585672975
decision_type=2 2 2 10 10 2 10 2 10 8 2 8 2 8
left_child=1 2 -1 5 10 7 -7 8 9 11 -2 -3 -13 -14
right_child=4 3 -4 -5 -6 6 -8 -9 -10 -11 -12 12 13 -15
leaf_value=-0.022506704015404083 -0.043668876633576451 0.0073249799221624199 0.044256828582313827 -0.035391677618192917 0.023479588411516129 -0.030070576305519764 -0.0011475338396605857 0.032563994968974615 -0.028525350586811798 0.027537214595207596 0.0055589866068117529 0.014224611618191383 0.0070477989509933892 -0.022818788449068376
leaf_weight=0.80976631166413238 7.6105795570183528 14.254447796382022 7.6631762026809156 2.6131174641195676 0.41246317536570121 2.3416794624645254 46.193117073038593 2.7723335041664532 0.99233557097613712 1.7130128047429014 0.15933059528470028 0.28288547694683019 0.53638554178178344 1.6638535584788767
leaf_count=192 3585 117 966 776 19 433 635 136 132 69 22 4 22 78
internal_value=-0.000609774 0.00339109 0.0361739 -0.000830625 -0.036636 0.000921342 -0.00312188 0.00950876 0.00478924 0.00795545 -0.0421406 0.00451185 -0.00910367 -0.0156106
internal_weight=90.0185 81.8361 8.47294 73.3632 8.18237 70.7501 48.5348 22.2153 19.4429 18.4506 7.76991 16.7376 2.48312 2.20024
internal_count=7186 3560 1158 2402 3626 1626 1068 558 422 290 3607 221 104 100
is_linear=0
shrinkage=0.05


Tree=97
num_leaves=15
num_cat=0
split_feature=86 72 50 96 122 83 15 102 25 46 111 49 77 33
split_gain=4.85477 3.88927 3.92047 1.20421 0.970211 0.943301 0.812157 0.577613 0.811114 0.51875 0.494336 0.413486 0.378148 0.251648
threshold=0.95920813083648693 243.849479675293 0.26965934038162237 0.11280087754130365 -110.1470375061035 0.0076073121745139369 0.013072453904896976 16.500000000000004 644.52407836914074 0.0079590566456317919 6969.6774902343759 0.0079494589008390921 0.069563999772071852 1288.546081542969
decision_type=2 2 8 10 10 2 8 2 10 8 2 10 2 10
left_child=1 2 4 5 -1 6 7 8 12 10 -10 -6 -3 -7
right_child=-2 3 -4 -5 11 13 -8 -9 9 -11 -12 -13 -14 -15
leaf_value=-0.0063344376814235704 -0.041312099512252051 -0.031847258225175631 -0.029310616524141988 -0.032884512506921863 -0.0054779966994847893 0.031248224067920129 -0.026430937122746436 0.023914177785533855 -0.01590402540975356 0.022342399755319198 0.00056094190144771543 0.049621529239318812 0.0051249513477840498 0.0042232068424426341
leaf_weight=0.6669239045586427 5.7211274363799012 1.973787089576944 1.5532604798208929 1.8946373779326666 0.1591416441369774 1.8603669870644801 2.1070006657391778 1.3832578805740912 3.9457990053342646 1.5344093951862294 57.563039654865861 7.6298150694929063 0.57825486105866719 1.7483188416808841
leaf_count=72 3077 325 443 606 29 106 358 121 259 34 694 974 29 23
internal_value=-0.000397671 0.00281956 0.0305635 -0.00125851 0.0434984 8.07018e-07 -0.00144008 -0.000276671 -0.00113824 0.000168904 -0.000732819 0.0480006 -0.0243855 0.0219126
internal_weight=90.3191 84.598 10.0091 74.5889 8.45588 72.6942 69.0855 66.9785 65.5953 63.0432 61.5088 7.78896 2.55204 3.60869
internal_count=7150 4073 1518 2555 1075 1949 1820 1462 1341 987 953 1003 354 129
is_linear=0
shrinkage=0.05


Tree=98
num_leaves=15
num_cat=0
split_feature=60 33 49 117 22 83 87 52 111 33 5 77 122 39
split_gain=4.67672 3.68742 3.29468 1.33716 1.33557 0.85767 0.75135 0.656161 0.808416 0.537139 0.488839 0.339941 0.331348 0.287671
threshold=1316.8518066406252 239.45772552490237 0.20789377391338351 9.2500000000000018 0.1639269217848778 0.0076073121745139369 0.013072453904896976 1.9761904478073122 6132.2617187500009 366.88476562500006 455.28343200683599 0.019419306889176372 -169.35871124267575 0.026147491298615936
decision_type=2 8 8 2 10 2 2 8 2 8 8 2 10 10
left_child=1 2 3 -1 5 6 7 -3 9 11 12 -9 -5 -2
right_child=13 4 -4 10 -6 -7 -8 8 -10 -11 -12 -13 -14 -15
leaf_value=-0.011389556258832905 -0.039964384060452281 0.02303750251776461 -0.028624329554593292 -0.004184822864021393 -0.03264472628602149 0.021276893678965975 -0.028303109233034862 -0.016356086561365345 0.00085889375732208146 -0.028248194178663394 -0.0050172469014407497 0.010558064924728128 0.049825434700951389 -0.00016105467396030132
leaf_weight=0.73635125311556837 6.3096589137567198 1.9463343643583346 1.3268804482650018 0.1404460568446656 2.2027844908880061 3.5902952426113179 1.4388420558534551 0.9533538303803647 57.835033680661581 3.2572094737552106 0.26236569043248881 1.9380278936587272 7.5942154477816084 0.49264535319525737
leaf_count=66 3329 81 427 19 695 141 273 109 607 400 12 25 1007 42
internal_value=-0.000443133 0.00299245 0.0299019 0.0408212 -0.00106109 0.000359396 -0.00105027 -4.15148e-05 -0.00108727 -0.0169527 0.0463602 -0.000238819 0.0484779 -0.0374718
internal_weight=90.0244 83.2221 10.0603 8.73338 73.1619 70.9591 67.3688 65.93 63.9836 6.14859 7.99703 2.89138 7.73466 6.8023
internal_count=7233 3862 1531 1104 2331 1636 1495 1222 1141 534 1038 134 1026 3371
is_linear=0
shrinkage=0.05


Tree=99
num_leaves=15
num_cat=0
split_feature=86 72 50 99 102 22 74 116 48 40 129 68 50 44
split_gain=4.57727 3.6423 3.46514 1.21579 0.941341 0.811645 0.801288 0.78304 0.679612 0.362698 0.31641 0.29971 0.2965 0.280078
threshold=0.95759403705596935 239.45772552490237 0.26965934038162237 0.13444877415895465 18.500000000000004 0.026388794183731083 0.4840353280305863 0.40149745345115667 0.0073952423408627519 1.0000000180025095e-35 -0.055392477661371224 34.703720092773445 0.10220979526638986 0.014108781237155201
decision_type=2 2 8 10 2 10 2 2 8 8 10 2 10 10
left_child=1 2 7 4 5 8 12 -1 10 -10 -3 -9 -7 -12
right_child=-2 3 -4 -5 -6 6 -8 11 9 -11 13 -13 -14 -15
leaf_value=-0.0074155327782399645 -0.040594726999103548 -0.012284556093346739 -0.027988734608545125 -0.030347609804626176 0.029428394715207831 -0.0073993273814769714 -0.031409033442307097 -0.0046532434978018237 -0.0093310569290539162 0.02634651578743781 -0.00083047033949371735 0.048742440225645181 0.018442351839916837 0.0082053236182366481
leaf_weight=0.43488141568377336 5.546391498646698 4.0511249713599602 1.3576154054608203 2.3657031581969923 1.6891697575338174 2.082672444870695 3.031166470143944 0.10042206500656892 0.35083290608599726 2.6747039742767811 48.204423685674563 7.0471956888213754 0.75248341332189728 9.3964696920011175
leaf_count=57 3207 281 417 651 149 68 535 10 26 81 666 962 24 73
internal_value=-0.000319263 0.0028033 0.0312363 -0.000972294 0.000391037 -0.000705876 -0.017055 0.0438659 0.0010141 0.0209192 -0.000281032 0.0475132 0.00247975 0.000758411
internal_weight=89.0853 83.5389 8.94011 74.5988 72.233 70.5439 5.86632 7.5825 64.6776 3.02554 61.652 7.14762 2.83516 57.6009
internal_count=7207 4000 1446 2554 1903 1754 627 1029 1127 107 1020 972 92 739
is_linear=0
shrinkage=0.05


Tree=100
num_leaves=15
num_cat=0
split_feature=86 33 24 66 117 94 13 5 115 108 116 44 120 31
split_gain=4.18117 3.32151 2.98757 1.39872 1.39564 0.946498 0.935984 0.476152 0.396205 0.670125 0.354037 0.288937 0.332179 0.341542
threshold=0.95885208249092113 243.849479675293 1.3550000190734866 38.758869171142585 9.2500000000000018 0.020353253930807117 0.0094788861460983771 507.57017517089849 0.10902029275894166 0.18864507973194125 0.40149745345115667 0.0042046145536005506 -194.49999999999997 37.43556213378907
decision_type=2 8 10 2 2 10 8 10 2 2 2 8 2 10
left_child=1 2 -1 -3 -4 6 8 10 9 -5 -6 -10 -13 -14
right_child=-2 3 4 5 7 -7 -8 -9 11 -11 -12 12 13 -15
leaf_value=-0.027445867929494706 -0.040332487745428428 -0.032378650947370108 -0.0084277023121791042 -0.028599055857462009 -0.005292110767666303 -0.029037610858975021 0.025808470517808199 -0.0046041838425454435 -0.016812061517815443 -0.001934463683314577 0.049407450546424037 0.017399541662262163 -0.015976366661882031 0.0036639139763036013
leaf_weight=1.3167055544909079 5.0912839447846627 2.436905274167656 1.0560544504551197 1.5981980937067444 0.11723475204780687 1.6564168815966684 2.7107482245191923 0.27870378806255747 0.7439489453099658 27.541742311557755 7.1231357576325536 3.2408166837412855 1.3854186596581701 32.888577985111624
leaf_count=414 3084 439 112 456 21 583 131 15 63 505 1025 22 77 236
internal_value=-0.000318122 0.00254994 0.0283361 -0.00121864 0.0388732 0.000269868 0.0013609 0.045726 1.46848e-05 -0.00429725 0.047987 0.00332469 0.00415016 0.0024396
internal_weight=89.1859 84.0946 9.89183 74.2028 8.57513 71.7659 70.1095 7.51907 67.3987 29.1399 7.24037 38.2588 37.5148 34.274
internal_count=7183 4099 1587 2512 1173 2073 1490 1061 1359 961 1046 398 335 313
is_linear=0
shrinkage=0.05


Tree=101
num_leaves=15
num_cat=0
split_feature=74 72 113 45 99 49 87 1 61 33 65 12 76 65
split_gain=4.0903 3.52315 2.08848 1.45725 1.27078 1.04552 0.673358 0.592663 0.53051 0.525689 0.512362 0.276423 0.253727 0.236481
threshold=0.9707201123237611 243.849479675293 2616.6906738281255 0.12963496893644336 0.13444877415895465 0.02009792905300856 0.0086835226975381392 4122.0051269531259 188.82078552246097 958.93426513671886 45.371795654296882 0.58434781432151806 0.66057851910591137 30.832298278808597
decision_type=2 2 2 10 10 8 2 2 2 8 2 10 2 2
left_child=1 2 -1 -2 5 6 7 10 13 11 -3 -7 -6 -9
right_child=3 4 -4 -5 12 9 -8 8 -10 -11 -12 -13 -14 -15
leaf_value=-0.02240935340319505 -0.042386114457910636 -0.03012468832489151 0.043330626613279903 0.022152588481994945 -0.033860635270697215 0.032610398851647342 -0.025633447819490687 0.0060854244189661776 0.026079130829639769 -0.008272148212219969 0.0023326258494285488 -0.0056347652055446984 0.0049272293979409432 -0.0011188152564527813
leaf_weight=0.80410640756599505 5.9995373499114057 1.888239037478342 6.3114549489691854 0.37613738514482964 2.2831589281558986 3.1959107778966422 1.6320275051984925 13.840189064969307 1.10813056398183 0.70413708768319327 1.869432723848149 0.23199253063648928 0.21762129082344461 48.11972197110299
leaf_count=210 3400 388 978 11 777 140 304 229 75 76 12 9 4 619
internal_value=-0.000409087 0.00275883 0.0340557 -0.0360914 -0.000615446 0.000792783 -0.000827133 0.00014769 0.00140993 0.0225625 -0.0168809 0.029334 -0.030042 0.000561515
internal_weight=88.5818 82.2061 7.11556 6.37567 75.0906 72.5898 68.4577 66.8257 63.068 4.13204 3.75767 3.4279 2.50078 61.9599
internal_count=7232 3821 1188 3411 2633 1852 1627 1323 923 225 400 149 781 848
is_linear=0
shrinkage=0.05


Tree=102
num_leaves=15
num_cat=0
split_feature=74 72 58 17 22 83 15 50 123 30 75 12 77 31
split_gain=3.82742 3.2072 2.00627 1.37383 1.32641 0.840554 0.65943 0.668489 0.743797 0.426796 0.29728 0.263011 0.23638 0.193159
threshold=0.95658457279205333 244.99747467041018 1572.7238769531252 0.17145191133022311 0.14820739626884463 0.0076073121745139369 0.013072453904896976 0.085475001484155669 -845.73458862304676 517.74331665039074 0.37522196769714361 0.58434781432151806 0.024912263266742233 630.85079956054699
decision_type=2 2 2 10 10 2 8 8 10 10 2 10 2 10
left_child=1 2 -1 12 5 6 7 8 -3 10 11 -9 -2 -10
right_child=3 4 -4 -5 -6 -7 -8 9 13 -11 -12 -13 -14 -15
leaf_value=-0.022238008018004601 -0.042221666711986607 -0.029360261589670318 0.04255523491962173 0.022390642025848749 -0.03131558060934516 0.023055702629165793 -0.024850398780340843 0.034800865343688807 0.0015506641097548469 -0.01128858760177731 -0.006769199692887422 -0.0049543165101746606 0.0044248009651067753 -0.0051414965989809158
leaf_weight=0.79283070284873147 5.9932042951695612 1.2134209978394128 5.9476969847455621 0.33810925134457637 2.3946008662460363 2.963266445323824 1.6992965488461766 2.1696644229814415 49.768947726348422 0.34878495323937375 0.24959540716372419 0.2167280027642845 0.096009783097542711 12.690724775660781
leaf_count=210 3506 191 968 19 803 133 334 87 720 58 26 14 15 77
internal_value=-0.000713747 0.00242743 0.0330458 -0.035067 -0.000777141 0.000667029 -0.000621941 0.000353876 -0.000875972 0.0202256 0.0263533 0.0307935 -0.0409658 0.00013134
internal_weight=86.8829 80.4556 6.74053 6.42732 73.715 71.3204 68.3572 66.6579 63.6731 2.98477 2.63599 2.38639 6.08921 62.4597
internal_count=7161 3621 1178 3540 2443 1640 1507 1173 988 185 127 101 3521 797
is_linear=0
shrinkage=0.05


Tree=103
num_leaves=15
num_cat=0
split_feature=72 60 96 66 117 13 101 4 50 4 25 79 93 38
split_gain=3.67017 2.97575 2.94618 0.931935 0.904033 0.877155 0.742231 0.610954 0.4629 0.553876 0.3125 0.305853 0.295887 0.287237
threshold=243.849479675293 1319.1955566406252 0.2086504325270653 38.758869171142585 9.2500000000000018 0.0092109800316393393 0.21347969025373462 13.826340198516847 0.10220979526638986 249.47641754150393 848.68276977539074 0.022474748082458976 1.5125000345506125e-06 0.03512906655669213
decision_type=2 2 8 2 2 8 10 10 8 8 10 2 8 10
left_child=2 3 4 7 -1 6 8 -2 10 -10 13 -3 -7 -5
right_child=1 11 -4 5 -6 12 -8 -9 9 -11 -12 -13 -14 -15
leaf_value=-0.0045573238598736968 0.013552197748862611 -0.038165100800833011 -0.027105559909655842 -0.026355005044136483 0.047794626530643564 -0.0033338171137687767 -0.026561329352268778 -0.03241781328533002 0.028069039915312417 -0.014045263024638542 0.0004457009513124516 0.0008278355271153754 0.028526366162102669 0.0046942347614822395
leaf_weight=0.74574416712857505 0.32349062059074585 5.1800562837161115 1.1687232756521559 1.0934100390877564 6.1678437222726643 0.66850501170847509 1.6046093943295989 2.3729136209003627 1.9091932054143388 0.37952756672166321 61.371003014966846 0.5018357274821027 2.6599223611410707 0.75208401447162021
leaf_count=95 8 3310 411 287 1016 12 546 435 99 32 755 40 152 11
internal_value=0.000257257 -0.00317267 0.0303716 -0.00025106 0.0422853 0.00101898 -0.000382438 -0.0247284 0.000648582 0.0189382 -0.000298184 -0.0351127 0.0228355 -0.0164988
internal_weight=86.8989 78.8166 8.08231 73.1347 6.91359 70.4383 67.1098 2.6964 65.5052 2.28872 63.2165 5.68189 3.32843 1.84549
internal_count=7209 5687 1522 2337 1111 1894 1730 443 1184 131 1053 3350 164 298
is_linear=0
shrinkage=0.05


Tree=104
num_leaves=15
num_cat=0
split_feature=86 33 49 101 122 87 61 3 47 128 83 5 12 18
split_gain=3.39776 2.75619 2.61417 1.02152 0.982707 0.624373 0.834153 0.556353 0.488747 0.43818 0.432923 0.398347 0.3357 0.240141
threshold=0.95920813083648693 239.45772552490237 0.20789377391338351 0.20917221903800967 -79.634696960449205 0.009051441680639984 144.23890686035159 91.040294647216811 0.093480359762907042 1282.2001953125002 0.012743506580591204 593.30627441406261 0.87500000000000011 5.329899977368769e-05
decision_type=2 8 8 10 10 2 2 10 8 8 2 10 10 8
left_child=1 2 4 5 -1 6 9 -6 13 -3 -5 -11 -10 -8
right_child=-2 3 -4 10 7 -7 8 -9 12 11 -12 -13 -14 -15
leaf_value=-0.007305315746612754 -0.03891990233666226 -3.1529364411625722e-05 -0.026719532974279481 -0.032839231426166793 0.047485962160635747 -0.024256224092537665 -0.0062057125249567295 -0.0044732465815773099 0.031770795781131997 -0.030584027905000324 0.0046517513697278334 0.0031329073085518168 -0.0082513153215740005 0.01126273476740914
leaf_weight=0.76082363491877902 4.3623621604638165 57.663789251586429 1.1392082901438705 2.4100246469024564 6.0604704932775322 1.4956341446377326 2.4113419647328529 0.37956004298757751 2.8903682415839298 1.2873294258024466 0.70388944540172804 1.1456686819437889 0.1931724241003393 4.0326254258397967
leaf_count=79 3094 944 426 789 988 260 29 35 145 268 35 30 12 79
internal_value=-0.000341505 0.00213789 0.0277386 -0.00106878 0.0385617 0.000327903 0.00119198 0.044234 0.0141787 -0.00106525 -0.0252938 -0.0184193 0.0278569 0.00477048
internal_weight=86.9363 82.5739 8.34006 74.2338 7.20085 71.1199 69.6243 6.44003 9.52751 60.0968 3.11391 2.433 3.08354 6.44397
internal_count=7213 4119 1528 2591 1102 1767 1507 1023 265 1242 824 298 157 108
is_linear=0
shrinkage=0.05


Tree=105
num_leaves=15
num_cat=0
split_feature=74 72 113 45 1 122 72 31 15 40 77 51 90 11
split_gain=3.19954 2.68455 1.57978 1.27743 1.11116 1.175 1.11919 0.661124 0.660959 0.327343 0.318348 0.29177 0.272136 0.172023
threshold=0.9707201123237611 239.45772552490237 2616.6906738281255 0.12963496893644336 3659.9638671875005 40.83375549316407 1196.108581542969 41.52388000488282 0.013072453904896976 0.08179993182420732 0.51749619841575634 13.500000000000002 0.0098613835871219652 0.20258964598178866
decision_type=2 2 2 10 2 10 2 8 8 10 2 2 10 10
left_child=1 2 -1 -2 5 11 7 -6 -8 -7 -9 -3 -11 -10
right_child=3 4 -4 -5 6 9 8 10 13 12 -12 -13 -14 -15
leaf_value=-0.019874266442784769 -0.041256550879847635 -0.03882449954709695 0.041387921390955054 0.019293099330167211 -0.0069077759621822277 -0.017665191173885292 0.00053389684745036776 0.035409008607331198 -0.027764347054534566 0.020219650500298871 -0.0062515714817686476 0.0013519518812126828 -0.0034735032125787352 0.0031535419941087933
leaf_weight=0.65313209407031436 5.1496375903952858 3.2284420195501293 4.9652861757203937 0.41794316866435099 1.0494386145146553 0.63089387887157533 60.155385658843443 3.1399039425887172 1.6914631561376148 1.3709174711257222 0.21090007293969382 0.43231089017353941 1.9786437151487914 0.31383540108799923
leaf_count=179 3376 897 943 10 61 125 831 201 444 14 9 74 21 3
internal_value=-0.000912606 0.00182525 0.0323395 -0.0344657 -0.000884523 -0.0177577 0.00128669 0.0231217 -0.000600576 0.00176344 0.0319527 -0.0348078 0.00864289 -0.0234863
internal_weight=85.3881 79.8206 5.61842 5.56758 74.2021 7.64121 66.5609 4.40024 62.1607 3.98046 3.3508 3.66075 3.34956 2.0053
internal_count=7188 3802 1122 3386 2680 1131 1549 271 1278 160 210 971 35 447
is_linear=0
shrinkage=0.05


Tree=106
num_leaves=15
num_cat=0
split_feature=72 74 17 22 68 13 122 50 72 96 22 30 116 31
split_gain=2.99943 2.95774 2.71628 1.04879 0.782253 0.734719 0.597188 0.47571 0.471345 0.443049 0.438371 0.346811 0.300694 0.240007
threshold=244.99747467041018 0.96899059414863598 0.0011501817498356106 0.1639269217848778 34.703720092773445 0.0094788861460983771 173.93003082275393 0.10220979526638986 1267.8930664062502 0.2086504325270653 0.025217849761247638 465.64930725097662 0.23666230589151385 609.21316528320324
decision_type=2 2 10 10 2 10 8 8 2 10 10 10 2 10
left_child=2 3 -1 5 -4 6 7 10 -7 12 13 -9 -6 -2
right_child=1 -3 4 -5 9 8 -8 11 -10 -11 -12 -13 -14 -15
leaf_value=-0.026744364095826319 0.002564022967160632 -0.039851665463516088 -0.011458386781188011 -0.028900506854167254 -0.004718803363838505 0.031574715519821675 -0.022792138011389101 0.02578890206384335 -0.0049629831806647555 -0.0068723099689714396 -0.016897846605413672 -0.009970578334803061 0.048263186331903518 -0.0039608774111072739
leaf_weight=1.1425533171277482 40.932989191962406 4.1837308784015468 0.29051672876812507 2.1693103938596314 0.10308358841575671 1.960298024117946 1.9301211769925419 1.8621662156656378 0.91386757674626995 0.15709950332529832 2.9048281543655312 0.30612584727350611 5.63340571266599 20.235495882341638
leaf_count=457 630 3127 31 789 14 125 375 100 43 32 303 57 985 148
internal_value=-0.000325118 -0.00335176 0.028211 -0.00075718 0.0406738 0.000491359 -0.00070219 0.000270845 0.0216749 0.044533 -0.000654296 0.0191868 0.046752 0.000376492
internal_weight=84.7256 77.3989 7.32666 73.2152 6.18411 71.0459 68.1717 66.2416 2.87417 5.89359 64.0733 2.16829 5.73649 61.1685
internal_count=7216 5697 1519 2570 1062 1781 1613 1238 168 1031 1081 157 999 778
is_linear=0
shrinkage=0.05


Tree=107
num_leaves=15
num_cat=0
split_feature=74 72 58 99 49 14 19 79 72 1 93 62 134 123
split_gain=4.05057 2.31271 1.66484 1.14019 0.854437 0.436383 0.584297 0.609523 0.411509 0.464766 0.263736 0.214174 0.161669 0.153664
threshold=0.95658457279205333 243.849479675293 1572.7238769531252 0.13444877415895465 0.019384348765015606 0.0018788105226121845 0.037893060594797141 0.06001687794923783 1193.4086914062502 599.13333129882824 3.822600046987646e-05 635.71685791015636 0.061868688091635711 256.94978332519537
decision_type=2 2 2 10 8 10 10 2 2 2 10 2 2 10
left_child=1 2 -1 4 5 6 11 -8 9 13 -9 12 -3 -6
right_child=-2 3 -4 -5 8 -7 7 10 -10 -11 -12 -13 -14 -15
leaf_value=-0.020801573067583963 -0.039948335446722605 -0.0028086464623037787 0.040818915011974322 -0.031457184326801356 -0.015105623344741659 0.014540567072293238 -0.02754235603954221 0.011643241140434867 -0.0084016186750247596 0.032286623524670419 -0.012898334897409325 -0.0064192508269789146 0.0032277047214662592 0.0094837310937007768
leaf_weight=0.70613819011486967 5.2705321232788256 16.107474173302762 4.656691278796643 1.8978684309404332 0.41970802936702911 3.2607107106596223 3.2342822235077611 1.7660075556486847 0.59850410860963155 2.9489252169150859 0.83208964951336373 10.646484479773788 30.83097133715637 0.26249599456787109
leaf_count=211 3536 247 955 754 30 121 540 47 57 152 89 78 363 2
internal_value=-0.00127685 0.00180226 0.0307111 -0.000714417 0.000534448 -0.000977631 -0.00198886 -0.0158141 0.0200005 0.0254852 0.00238303 -0.000342572 0.00114088 -0.00563095
internal_weight=83.4389 78.1684 5.36283 72.8055 70.9077 66.678 63.4173 5.83238 4.22963 3.63113 2.5981 57.5849 46.9384 0.682204
internal_count=7182 3646 1166 2480 1726 1485 1364 676 241 184 136 688 610 32
is_linear=0
shrinkage=0.05


Tree=108
num_leaves=15
num_cat=0
split_feature=86 72 17 22 13 91 23 122 122 83 46 33 62 111
split_gain=2.74896 1.8316 2.84865 1.2097 0.72738 0.697724 0.503917 0.402132 0.344463 0.33304 0.256922 0.238698 0.189643 0.234204
threshold=0.95920813083648693 259.88972473144537 0.0011501817498356106 0.04339671507477761 0.0094788861460983771 0.072368845343589797 15.500000000000002 -110.1470375061035 173.93003082275393 0.011766334529966118 0.0027223334182053809 368.79771423339849 635.71685791015636 6132.2617187500009
decision_type=2 2 10 10 8 10 2 10 8 2 8 10 2 2
left_child=1 2 -1 4 8 7 9 -4 10 -5 12 -12 13 -3
right_child=-2 3 5 6 -6 -7 -8 -9 -10 -11 11 -13 -14 -15
leaf_value=-0.028555241325498332 -0.037837468000212829 -0.010872455955343075 -0.0030907296037263488 -0.035561389347661156 0.025835789905643992 -0.011238138262678844 0.0067983392285013572 0.044273358590564568 -0.018578514402542823 0.0021488616266629604 0.021851217763026318 -0.0069884530190121308 -0.0058517106246401239 0.0018954112962165579
leaf_weight=1.3213127463823173 3.7400472903391337 2.8877995274961057 0.34735006222035636 3.0413821617839853 1.7414491459494446 0.28462917590513814 0.72889292205218215 5.3380007462110379 1.5206607232103042 0.55666294065304089 1.4324290482327331 0.46364902018103737 11.784585496643556 47.129692563670687
leaf_count=541 3097 202 50 890 116 45 103 1049 285 35 30 21 115 599
internal_value=-0.000854406 0.00135921 0.0236052 -0.0012112 0.000604238 0.0375903 -0.0241449 0.0413502 -0.000449469 -0.0305287 0.000263792 0.014821 -0.000411707 0.000959585
internal_weight=82.3185 78.5785 7.29129 71.2872 66.9603 5.96998 4.32694 5.68535 65.2188 3.59805 63.6982 1.89608 61.8021 50.0175
internal_count=7178 4081 1685 2396 1368 1144 1028 1099 1252 925 967 51 916 801
is_linear=0
shrinkage=0.05


Tree=109
num_leaves=15
num_cat=0
split_feature=74 72 113 124 96 66 86 47 65 111 4 100 125 31
split_gain=2.58419 2.29731 1.53651 1.20164 0.873444 0.768268 0.876867 0.608962 0.490326 0.4674 0.313298 0.242386 0.184442 0.183238
threshold=0.9707201123237611 244.99747467041018 2616.6906738281255 0.31933420896530157 0.11280087754130365 38.758869171142585 0.14835165441036227 0.088725578039884581 517.31613159179699 2923.601928710938 13.826340198516847 0.021526771597564224 -1.0000000180025095e-35 599.19329833984386
decision_type=2 2 2 10 10 2 2 8 2 2 10 10 2 10
left_child=1 2 -1 -2 5 10 7 11 -9 -8 -3 -7 -13 -11
right_child=3 4 -4 -5 -6 6 9 8 -10 13 -12 12 -14 -15
leaf_value=-0.019907419048976353 -0.039599426229401581 0.0084333733155568438 0.040654811838051717 0.021089528797060223 -0.030018888822098484 0.01506618297461444 -0.024085411531449649 0.032629869469183143 -0.010821425578472694 0.0021861097295090537 -0.030159589096788869 0.0070836084903677446 -0.011413977225488337 -0.0033426401885950047
leaf_weight=0.6557725491002192 4.5737715190043664 0.19389085005968709 4.4844943732023239 0.31617203995119769 1.4879060058156017 1.4341078302822978 1.1313687611836929 3.4868376993108554 0.26978254667483259 33.130448017036542 1.7739820616552604 1.4010107992216947 2.3304503608960658 25.724778504576534
leaf_count=202 3348 7 975 44 714 47 370 174 25 645 345 28 68 177
internal_value=-0.000826814 0.00157963 0.0309447 -0.032761 -0.00089962 0.000120818 0.00117693 0.0149494 0.0278904 -0.00108308 -0.0247968 0.00254102 -0.00443961 -0.0002459
internal_weight=82.3948 77.5048 5.14027 4.88994 72.3646 70.8767 68.9088 8.92219 3.75662 59.9866 1.96787 5.16557 3.73146 58.8552
internal_count=7169 3777 1177 3392 2600 1886 1534 342 199 1192 352 143 96 822
is_linear=0
shrinkage=0.05


Tree=110
num_leaves=15
num_cat=0
split_feature=86 72 50 122 92 72 59 128 98 1 38 63 16 44
split_gain=2.53978 1.98266 2.42398 0.792185 0.713529 0.735008 1.1209 0.563386 0.508199 0.459089 0.402641 0.320008 0.27589 0.183803
threshold=0.95920813083648693 239.45772552490237 0.26965934038162237 -88.528751373291001 0.038903040811419494 1193.4086914062502 6001.9108886718759 -147.62310791015622 0.023247853852808479 599.13333129882824 0.67486894130706798 219.70707702636722 0.019726852886378769 0.013626961037516596
decision_type=2 2 8 10 10 2 2 10 10 2 10 2 10 10
left_child=1 2 3 -1 5 7 -7 8 -3 -9 -11 13 -5 -8
right_child=-2 4 -4 12 -6 6 11 9 -10 10 -12 -13 -14 -15
leaf_value=-0.0079172618929062074 -0.036931850003931406 0.016051456989888784 -0.025338907626985364 -0.0031665373274918141 -0.02816465295346466 -0.030843557910090365 -0.0010124173570829206 -0.011600027311755802 -0.012535868033062766 0.032273817342479083 -0.0075200466555873707 -0.020818474956542394 0.047924201168038576 0.0056856263370492956
leaf_weight=0.47324295924045134 3.4569566377904257 1.7238044231198726 1.0773178723175076 0.15233272267505427 1.2793820168590162 2.1418081563897422 46.488489071372896 0.29305024910718014 2.6223436914151534 3.7669143246021122 0.35024203686043609 0.82456687709782173 4.440025876974687 12.065703249420038
leaf_count=67 3079 54 437 22 604 591 695 29 80 241 10 198 957 94
internal_value=-0.000215667 0.00186641 0.026986 0.040457 -0.000632249 0.000257086 -0.00173832 0.0130177 -0.000315777 0.0237871 0.0280806 -0.000195038 0.0459663 0.000440079
internal_weight=81.1562 77.6992 6.14292 5.0656 71.5563 70.2769 61.5206 8.75635 4.34615 4.41021 4.11716 59.3788 4.59236 58.5542
internal_count=7158 4079 1483 1046 2596 1992 1578 414 134 280 251 987 979 789
is_linear=0
shrinkage=0.05


Tree=111
num_leaves=15
num_cat=0
split_feature=74 33 56 45 101 33 111 1 76 5 11 3 13 10
split_gain=2.36557 1.74238 1.53653 1.18695 0.89918 0.615844 0.749676 0.485266 0.455154 0.342307 0.307567 0.303594 0.244357 0.23298
threshold=0.9707201123237611 245.34129333496097 12.500000000000002 0.12963496893644336 0.26107838749885565 1140.2029418945315 2923.601928710938 599.13333129882824 0.1651515141129494 507.57017517089849 0.95109993219375621 286.61773681640631 0.012655933853238823 0.99504950642585765
decision_type=2 8 2 10 10 8 2 2 2 10 10 8 10 10
left_child=1 2 -1 -2 5 7 -7 13 10 -4 -9 -8 -6 -3
right_child=3 4 9 -5 12 6 11 8 -10 -11 -12 -13 -14 -15
leaf_value=-0.021388016104579632 -0.039623742012734275 -0.020671958011748471 0.039774792581687486 0.019165128798834554 -0.032148016401950918 -0.028401489277433752 0.00066406936388094695 0.034434835755413069 0.0029600117673473864 -0.0021262873572024475 -0.0028152187734279471 -0.020233621595787902 0.0012877979263676616 0.009995474500725951
leaf_weight=0.73959073203150083 4.199222835013642 0.68576769309583951 4.3448546072468162 0.40924505982547987 1.7529736924916499 1.4012565987650294 60.616976888850331 2.6420866517582913 3.1075350460596383 0.42824903177097429 0.48479799740016449 0.7884014422306781 0.58857167907990504 0.23996910452842712
leaf_count=213 3399 123 998 12 810 406 703 149 67 40 22 192 46 1
internal_value=-0.000547075 0.00169196 0.0264633 -0.0319168 -0.000531796 0.00066893 -0.00099468 0.0135952 0.0184387 0.0362983 0.0293768 7.58285e-05 -0.0258733 -0.01166
internal_weight=82.4295 77.821 5.51269 4.60847 72.3083 69.9668 62.8066 7.16016 6.23442 4.7731 3.12688 61.4054 2.34155 0.925737
internal_count=7181 3770 1251 3411 2519 1663 1301 362 238 1038 171 895 856 124
is_linear=0
shrinkage=0.05


Tree=112
num_leaves=15
num_cat=0
split_feature=74 72 58 91 1 115 72 71 63 76 32 51 17 62
split_gain=2.32168 1.83965 1.44348 1.13784 0.775479 0.8496 0.818246 0.726918 0.709431 0.457894 0.379934 0.260807 0.163188 0.138902
threshold=0.9707201123237611 243.849479675293 1572.7238769531252 0.13122770190238955 3659.9638671875005 0.53629842400550853 1196.108581542969 182.20648956298831 41.883737564086921 0.99509802460670482 180.7494812011719 13.500000000000002 0.17145191133022311 635.71685791015636
decision_type=2 2 2 10 2 2 2 2 2 2 10 2 10 2
left_child=1 2 -1 -2 5 9 8 13 -6 11 -7 -3 -10 -8
right_child=3 4 -4 -5 6 10 7 -9 12 -11 -12 -13 -14 -15
leaf_value=-0.019712828273972884 -0.039677823961628993 -0.038140982756292685 0.039554103757677449 0.019853780730338839 -0.0072726348332751382 -0.0072577128838211651 0.0014928037655621014 -0.028304244327126211 0.035789811832025446 0.0096422990087966769 0.021966232903750646 0.0024002570527159473 -0.00058920843929332841 -0.0046904675261020112
leaf_weight=0.64549362822435696 4.118402703665196 2.9035142395878211 3.8935171063058078 0.32698120386339713 1.186081841704435 2.2706980744842444 51.461070423247293 1.2821363095426921 2.235445837490261 0.24568562582135189 0.71135496289934952 0.3149893064983188 0.30533413589000691 9.9912507827393693
leaf_count=211 3451 914 961 10 68 74 818 374 181 3 30 68 5 64
internal_value=-0.000894997 0.0013073 0.0290885 -0.0324571 -0.000792448 -0.016097 0.000908582 -0.000593622 0.0209713 -0.0299531 0.00347917 -0.0345448 0.0324863 0.000428487
internal_weight=81.892 77.4466 4.53901 4.44538 72.9076 6.44624 66.4613 62.7345 3.72686 3.46419 2.98205 3.2185 2.54078 61.4523
internal_count=7232 3771 1172 3461 2599 1089 1510 1256 254 985 104 982 186 882
is_linear=0
shrinkage=0.05


Tree=113
num_leaves=15
num_cat=0
split_feature=86 33 99 116 22 13 102 72 83 72 44 116 33 120
split_gain=2.15562 1.38546 1.71147 0.979032 0.633408 0.653331 0.588286 0.499966 0.377439 0.286222 0.237359 0.269443 0.200625 0.193587
threshold=0.96533280611038219 245.34129333496097 0.20263122767210009 0.40149745345115667 0.04339671507477761 0.0094788861460983771 16.500000000000004 524.08663940429699 0.0087746307253837603 1267.8930664062502 0.011981054209172727 1.7411925792694094 1288.546081542969 -194.49999999999997
decision_type=2 8 8 2 10 8 2 2 2 2 8 2 10 2
left_child=1 2 3 -1 5 10 8 -5 -6 -7 11 -3 -8 -12
right_child=-2 4 -4 7 6 9 12 -9 -10 -11 13 -13 -14 -15
leaf_value=-0.012926062085375431 -0.036566332239609471 -0.018313561134342956 -0.024014932190341752 0.043976427179422406 -0.032378787934339695 0.030539455700442444 0.019439455292453629 -0.002973466000097414 0.0027107965524845075 -0.0041126640572405207 0.013656054136129595 -0.0019601695302405219 -0.0087883083371150666 0.0012278591530462701
leaf_weight=0.566370700718834 2.9504329124465576 1.7557347009424109 0.91223244310822327 4.2457625484094024 2.6294655877281907 1.4894252293743182 0.61433454509824503 0.4995247108163311 0.78690907265990961 0.50106930034235109 2.569517518742944 34.394475219654851 0.29774289065971971 27.9832717460813
leaf_count=131 2960 359 375 1008 989 113 41 45 32 24 34 674 83 343
internal_value=-0.000513834 0.0012674 0.0221573 0.0326355 -0.000788391 0.00049271 -0.0173966 0.0393768 -0.0255127 0.0233581 -0.00052455 -0.003226 0.0104477 0.00267276
internal_weight=82.1963 79.2458 6.22389 5.31166 73.0219 68.6935 4.32845 4.74529 3.41637 1.99049 66.703 36.1502 0.912077 30.5528
internal_count=7211 4251 1559 1184 2692 1547 1145 1053 1021 137 1410 1033 124 377
is_linear=0
shrinkage=0.05


Tree=114
num_leaves=15
num_cat=0
split_feature=86 96 93 49 66 70 26 81 106 67 4 95 67 24
split_gain=2.10523 1.47404 2.33986 1.14346 0.586971 0.394488 0.459863 0.44633 0.320977 0.262458 0.259686 0.245704 0.226351 0.187033
threshold=0.95885208249092113 0.11280087754130365 5.4533498769160367e-05 0.010256470646709205 38.758869171142585 1128.3201293945315 0.12000360339879991 0.0086581707000732439 287.81512451171881 83.830169677734389 12.283439636230471 0.00019102909573120999 98.379909515380874 101.16666793823244
decision_type=2 10 10 10 2 2 10 2 2 2 8 10 2 8
left_child=1 2 4 12 10 7 -7 8 -6 -9 -1 -5 -4 -13
right_child=-2 -3 3 11 5 6 -8 9 -10 -11 -12 13 -14 -15
leaf_value=0.007941708114756401 -0.035912394942447357 -0.033149610925396304 -0.019763404983400918 -0.0049509176664015346 -0.0097353677182873046 -0.020316777516091067 6.882815045882453e-05 0.0084418539155509138 0.024925703065733745 -0.015278657659531411 -0.027710503052204488 0.041248987752742647 0.0091131771166788056 -0.0015098970010432959
leaf_weight=0.16895568440668174 3.0731581920408635 2.0545013238443053 0.70854903070721664 0.107207471737638 0.24519808928016518 1.8981985008576874 60.707626711926423 1.5153376082889738 3.3576016153674573 1.2323136888444421 1.6679141712374983 4.8337030207039788 0.37709858757443726 0.1951785695273428
leaf_count=4 3153 991 169 8 36 466 787 19 220 41 379 952 6 22
internal_value=-0.000854686 0.000939387 0.00226203 0.029374 -0.000496696 0.000414349 -0.00085896 0.0113763 0.0209642 -0.00343486 -0.0227877 0.0380288 -0.0101729 0.0396143
internal_weight=82.1425 79.0694 77.0149 6.22174 70.7931 68.9563 62.6058 6.35045 3.6028 2.74765 1.83687 5.13609 1.08565 5.02888
internal_count=7253 4100 3109 1157 1952 1569 1253 316 256 60 383 982 175 974
is_linear=0
shrinkage=0.05


Tree=115
num_leaves=15
num_cat=0
split_feature=86 16 33 112 66 5 13 122 75 4 61 26 120 31
split_gain=1.91286 1.46878 2.09251 1.09782 0.679895 0.506791 0.462383 0.371033 0.306005 0.254142 0.199655 0.292823 0.222935 0.21862
threshold=0.96533280611038219 0.11393394321203233 261.71339416503912 7.5000000000000009 38.758869171142585 549.34127807617199 0.0094788861460983771 173.93003082275393 0.76388889551162731 13.826340198516847 137.78295898437503 0.099978584796190276 -194.49999999999997 69.907310485839858
decision_type=2 10 8 2 2 10 8 8 2 10 2 10 2 10
left_child=1 2 3 -1 9 8 7 10 -5 -4 11 -6 -12 -14
right_child=-2 -3 4 5 6 -7 -8 -9 -10 -11 12 -13 13 -15
leaf_value=-0.017220707303885141 -0.035802632701213942 -0.032951146984838725 0.0070711584104125218 0.043448731806929902 -0.01939373613433755 -0.0041407705530644824 0.018631135430111866 -0.019806932034940123 -0.0045112609534964099 -0.030342067935057584 0.01956300112733966 -6.6290696160475706e-05 -0.013279319063641321 0.0052407849788948246
leaf_weight=0.51848791807424177 2.6949654816999091 2.0628132573328903 0.1582475770264854 4.2618710871320218 1.037886605481616 0.50259739288594563 2.4512283621588713 1.3163510345038947 0.16574981366284181 1.4281016032909972 1.5163757640402753 51.28599572670646 0.90226601180620392 9.5617655222304148
leaf_count=141 2919 1000 6 1035 288 46 133 308 27 359 17 758 46 75
internal_value=-0.000654843 0.00101492 0.0023685 0.029617 -0.00015189 0.036616 0.00079267 -0.000143336 0.041153 -0.0253189 0.000556329 -0.000806174 0.00611067 0.00262483
internal_weight=79.8647 77.1697 75.1069 5.44871 69.6582 4.93022 68.0719 65.6206 4.42762 1.58635 64.3043 52.3239 11.9804 10.464
internal_count=7158 4239 3239 1249 1990 1108 1625 1492 1062 365 1184 1046 138 121
is_linear=0
shrinkage=0.05


Tree=116
num_leaves=15
num_cat=0
split_feature=86 72 17 122 101 15 8 1 123 49 99 83 33 116
split_gain=1.88083 1.6098 1.89539 0.773936 0.626107 0.454462 0.597531 0.401588 0.516347 0.426263 0.309462 0.230834 0.225848 0.17071
threshold=0.96332675218582164 244.99747467041018 0.0011501817498356106 -79.634696960449205 0.26107838749885565 0.013072453904896976 533.53079223632824 3659.9638671875005 29.015679359436039 0.019852410070598129 0.25593107938766485 0.012743506580591204 366.88476562500006 0.40149745345115667
decision_type=2 2 10 10 10 8 8 2 10 8 10 2 10 2
left_child=1 2 -1 -4 5 6 7 8 -3 -9 13 -6 -10 -5
right_child=-2 4 3 10 11 -7 -8 9 12 -11 -12 -13 -14 -15
leaf_value=-0.023622988381956578 -0.035456342703680935 -0.02461126073490065 -0.007530389202884057 -0.0028406093612032869 -0.029752722157926976 -0.021518101066059232 0.02534927533402976 0.00010653570385781753 0.014722975879422749 0.022163731568900769 -0.0050765231592863969 0.0029708845557174179 -0.010154287998154484 0.047926155189586164
leaf_weight=0.89133726281579484 2.6951553233666337 2.5699140068609259 0.53290981554891903 0.059640061575920167 1.4933857425930899 1.3939058149699111 1.3637310391059134 63.050493248505518 1.2107794006587935 1.2695865281857539 0.11127798166126002 0.47259042970836151 0.66009777330327768 3.669515635818243
leaf_count=454 3005 402 69 11 698 324 83 978 13 115 18 37 39 977
internal_value=-0.000588809 0.00103415 0.0253673 0.0378902 -0.00102633 -9.14968e-05 0.000630964 -0.000215619 -0.0132642 0.000874558 0.0444465 -0.023537 0.00546597 0.0466853
internal_weight=81.4443 78.7492 5.26468 4.37334 73.4845 71.5185 70.1246 68.7609 4.44079 64.3201 3.84043 1.96598 1.87088 3.72916
internal_count=7223 4218 1529 1075 2689 1954 1630 1547 454 1093 1006 735 52 988
is_linear=0
shrinkage=0.05


Tree=117
num_leaves=15
num_cat=0
split_feature=86 33 24 122 66 13 101 4 16 120 50 68 25 5
split_gain=1.81309 1.58513 1.72428 0.797488 0.54153 0.573673 0.45787 0.445385 0.403627 0.314383 0.313244 0.22941 0.19913 0.164912
threshold=0.96435630321502697 245.34129333496097 1.3550000190734866 -79.634696960449205 38.758869171142585 0.0094788861460983771 0.23207931220531466 13.826340198516847 0.019726852886378769 -69.499999999999986 0.10220979526638986 34.703720092773445 707.69418334960949 1191.6126708984377
decision_type=2 8 10 10 2 8 8 10 10 2 8 2 10 10
left_child=1 2 -1 -4 7 6 10 -3 -5 -8 12 -10 -6 -7
right_child=-2 4 3 8 5 13 9 -9 11 -11 -12 -13 -14 -15
leaf_value=-0.022585715621116567 -0.035047062785310931 0.011361813582579091 -0.0075592406078534916 -0.0023508190415656998 -0.016177457366654571 0.02386640705370251 0.0062268234783077157 -0.029588688474373612 -0.0037605806104768062 -0.028556564127569063 0.019236339726638525 0.04797997854718445 -0.00012195860810608316 -0.0040095468552865015
leaf_weight=0.88125534052960475 2.5693896976299575 0.29745199158787627 0.61996811861172307 0.36414832487935189 0.98968594940379162 2.1205273331142958 0.47438994038384397 1.6696276873117311 0.078935410361737346 1.3574870834127057 1.0517575668636698 3.7291672624414787 66.298530709813349 0.32817994395736594
leaf_count=442 2978 9 98 46 300 132 38 432 5 617 81 1000 1057 16
internal_value=-0.000171276 0.00136275 0.0247106 0.0358058 -0.000716617 0.000136946 -0.00082994 -0.0216541 0.0424653 -0.0205309 -1.33745e-05 0.0463484 -0.000591547 0.0200511
internal_weight=82.8305 80.2611 5.67347 4.79222 74.5876 72.6206 70.1719 1.96708 4.17225 1.83188 68.34 3.8081 67.2882 2.44871
internal_count=7251 4273 1591 1149 2682 2241 2093 441 1051 655 1438 1005 1357 148
is_linear=0
shrinkage=0.05


Tree=118
num_leaves=15
num_cat=0
split_feature=60 101 33 116 13 66 14 5 79 124 51 4 1 10
split_gain=1.52881 1.04775 2.12672 1.04975 0.840096 0.439492 0.351631 0.325882 0.202516 0.197479 0.189452 0.183663 0.174914 0.16474
threshold=1319.1955566406252 0.20917221903800967 261.71339416503912 0.40149745345115667 0.012655933853238823 40.865631103515632 0.0050270757637918004 524.08663940429699 0.022474748082458976 0.31933420896530157 13.500000000000002 13.826340198516847 2391.140258789063 0.046587474644184119
decision_type=2 8 10 2 10 2 8 10 2 8 2 10 2 10
left_child=1 2 3 12 10 11 9 -5 13 -7 -3 -4 -1 -2
right_child=8 4 5 7 -6 6 -8 -9 -10 -11 -12 -13 -14 -15
leaf_value=-0.018750207732048264 -0.035271455132654478 -0.03475380898070702 0.0061128926466451792 0.043727706937446507 0.010824110590542828 0.00019814680209963493 0.015565108576537097 -0.0028585527858083931 0.00072303074394341527 -0.017628302110165552 0.0034259026278638314 -0.026734424765720806 0.0087387829411628322 -0.00056407328271239831
leaf_weight=0.5945408787811165 2.8000974620226771 2.7872198995901272 0.13428424205630918 3.6880583377787848 1.0156381981214506 60.475638441799681 2.7242459077388039 0.27987511735409487 0.48315623670350749 0.59406487277009645 0.17063529009465117 1.0831601581303401 0.18708549067378044 0.41181449982104812
leaf_count=176 3217 1169 6 1034 57 820 127 15 39 157 16 259 3 97
internal_value=-0.000821701 0.000927461 0.00247461 0.0316224 -0.0212712 -0.000101641 0.000648962 0.0405278 -0.0284892 -0.000256477 -0.0322422 -0.0219885 -0.0109587 -0.0320119
internal_weight=77.4295 73.7344 69.761 4.74956 3.97349 65.0114 63.7939 3.96793 3.69507 61.0697 2.95786 1.21744 0.781626 3.21191
internal_count=7192 3839 2597 1228 1242 1369 1104 1049 3353 977 1185 265 179 3314
is_linear=0
shrinkage=0.05


Tree=119
num_leaves=15
num_cat=0
split_feature=86 32 99 65 18 1 68 86 71 60 120 74 81 79
split_gain=1.61524 1.2216 1.25088 1.40894 0.736817 0.68715 0.62058 0.369959 0.372678 0.319822 0.243125 0.209135 0.207609 0.136969
threshold=0.96007847785949718 16.358708381652836 0.10600342974066736 39.342868804931648 5.329899977368769e-05 4122.0051269531259 34.703720092773445 1.0000000180025095e-35 182.20648956298831 274.50711059570318 -79.499999999999986 0.33004854619503027 0.48999999463558203 0.42703728377819067
decision_type=2 8 10 2 10 2 2 2 2 2 2 2 2 2
left_child=1 6 3 5 9 11 -1 10 13 -5 -7 -3 -11 -9
right_child=-2 2 -4 4 -6 7 -8 8 -10 12 -12 -13 -14 -15
leaf_value=-0.010913455434521067 -0.033704256985548096 0.0065254720568382624 -0.031253709991609722 -0.004910722536202396 0.035731846613805136 -0.0084222407266656505 0.041483184526853886 -0.0018129898949074696 -0.023018034473657221 0.025035598410280187 0.02466643325166799 -0.027374348427791864 -0.0059832200274166913 0.003217242386834128
leaf_weight=0.27038091106806028 2.4692871222505337 0.14193805819377248 2.0861784358858122 2.9013014405500135 3.1174181355163455 0.18996373587287951 1.649790726136416 40.185291736735962 0.83937992830760677 1.0680977250449357 1.3080270134378214 2.0616827504709363 0.28959426376968611 19.157681331038475
leaf_count=33 3034 4 1023 77 882 12 120 859 226 30 196 559 17 96
internal_value=-0.000341755 0.00118035 -8.11897e-05 0.00125129 0.0205368 -0.00125773 0.0328945 -8.37048e-05 -0.000852456 0.00473511 0.0187785 -0.0238355 0.0186878 -0.000162676
internal_weight=77.736 75.2667 73.3466 71.2604 7.37641 63.884 1.92017 61.6803 60.1824 4.25899 1.49799 2.20362 1.35769 59.343
internal_count=7168 4134 3981 2958 1006 1952 153 1389 1181 124 208 563 47 955
is_linear=0
shrinkage=0.05


Tree=120
num_leaves=15
num_cat=0
split_feature=86 72 50 99 87 23 92 60 13 99 10 67 117 108
split_gain=1.62036 1.42415 1.72869 0.684184 0.411765 0.463465 0.387017 0.268863 0.264227 0.275916 0.320064 0.220598 0.177253 0.172522
threshold=0.96533280611038219 188.73970794677737 0.26965934038162237 0.13444877415895465 0.0086835226975381392 12.500000000000002 0.00052604751545004557 1079.3492431640627 0.0094788861460983771 0.0017977863317355516 0.18834459781646731 32.28930854797364 9.7500000000000018 0.019316402263939384
decision_type=2 2 8 10 2 2 10 2 8 10 10 2 2 2
left_child=1 2 6 4 5 8 -1 -7 9 10 -3 -10 -8 -11
right_child=-2 3 -4 -5 -6 7 12 -9 11 13 -12 -13 -14 -15
leaf_value=-0.0051024961386941774 -0.034118705201638809 -0.025385960386625508 -0.021637358948021806 -0.027156847639883165 -0.019345242342159133 0.028746591620100168 -0.0030216919886867036 -0.0065623438028410185 -0.0040310437508118057 0.014967439475711962 0.0069171796333130052 0.02409588618592717 0.046988816894899067 0.00011447549894579217
leaf_weight=0.21046743472106744 2.3157381710479958 1.1561469662119623 0.75650819647125889 1.2825260720564973 1.4860942673403759 1.2799456508364517 0.063881830312311982 0.29012388247065235 0.67392696149181475 1.0196397536201391 0.65104482148308296 1.0755281528690828 2.902957790880464 61.67814906372223
leaf_count=34 2981 380 417 662 312 159 17 118 11 51 40 82 927 1021
internal_value=9.27017e-05 0.0015934 0.0275645 -0.000218641 0.000658976 0.001372 0.0416546 0.0222073 0.000555394 -9.02426e-05 -0.0154301 0.0157355 0.0454217 0.00058721
internal_weight=76.8427 74.5269 3.93382 70.5931 69.3106 67.8245 3.17731 1.57007 66.2544 64.505 1.80719 1.74946 2.96684 62.6978
internal_count=7212 4231 1395 2836 2174 1862 978 277 1585 1492 420 93 944 1072
is_linear=0
shrinkage=0.05


Tree=121
num_leaves=15
num_cat=0
split_feature=86 72 47 1 116 87 55 99 1 115 83 96 116 52
split_gain=1.42868 1.24938 1.60156 0.551369 0.47833 0.454721 0.418003 0.577872 0.377483 0.349683 0.288643 0.227093 0.195871 0.158813
threshold=0.96533280611038219 188.73970794677737 0.31372407078742987 599.13333129882824 0.40149745345115667 0.016261236742138866 665.09390258789074 0.13444877415895465 3659.9638671875005 0.58215266466140758 0.0076073121745139369 0.2086504325270653 1.1615963578224184 3.8918128013610844
decision_type=2 2 8 2 2 2 10 10 2 2 2 10 2 10
left_child=1 2 4 -3 -1 6 7 13 9 -8 12 -6 -10 -5
right_child=-2 3 -4 5 11 -7 8 -9 10 -11 -12 -13 -14 -15
leaf_value=-0.0079907560174754394 -0.033380197890186668 -0.026233474307876471 -0.021498767314681977 0.031135285781561536 0.046040821091845249 -0.023565741448950031 -0.026576438694628935 -0.014988119889180527 -0.016941568101331791 0.0014928209109611441 0.013716700882188855 -0.0039139018639462479 0.00023049609212710622 -0.00015353420529990648
leaf_weight=0.18846518557984371 2.1958857281133524 1.0848064445890475 0.74755834252573539 1.6591248864424413 2.7622023962903772 1.0147222878877062 1.54337713017594 0.42387143638916303 0.70687425578944285 1.7900453888578338 2.9430388831533483 0.083779610344208666 60.508502343611326 0.46699927060399193
leaf_count=37 2926 326 408 118 906 322 503 219 171 21 133 29 1012 8
internal_value=-0.000629433 0.000739425 0.0254927 -0.000889059 0.0395287 -0.000143432 0.000522835 0.0172468 -0.000351619 -0.0146371 0.000603849 0.043935 -0.000236913 0.0264121
internal_weight=78.1193 75.9234 3.78201 72.1414 3.03445 71.0566 70.0418 2.55 67.4918 3.33342 64.1584 2.84598 61.2154 2.12612
internal_count=7139 4213 1380 2833 972 2507 2185 345 1840 524 1316 935 1183 126
is_linear=0
shrinkage=0.05


Tree=122
num_leaves=15
num_cat=0
split_feature=72 47 74 99 49 117 33 87 14 123 78 92 55 2
split_gain=1.32372 1.5562 1.5373 0.593001 0.571997 0.480107 0.324993 0.313637 0.253942 0.2912 0.25807 0.18074 0.178833 0.129453
threshold=188.73970794677737 0.31372407078742987 0.96081683039665233 0.13444877415895465 0.02009792905300856 9.7500000000000018 958.93426513671886 0.0086835226975381392 0.0048553985543549069 -845.73458862304676 0.51832661032676708 0.00052604751545004557 301.59893798828131 136.4213790893555
decision_type=2 8 2 10 8 2 8 2 8 10 2 10 10 10
left_child=1 5 3 4 7 -1 12 8 9 10 -2 -7 -6 -11
right_child=2 -3 -4 -5 6 11 -8 -9 -10 13 -12 -13 -14 -15
leaf_value=-0.0062868512320486784 -0.025417464255543261 -0.021255191535391814 -0.033425448467914592 -0.023909013925655961 -0.005433972981951158 -0.0035487421262746532 -0.0081859450586605331 -0.018061941859731926 0.013084945371762614 -0.00093040825156158436 0.0085848099391304718 0.045721553770611788 0.026742644562019587 0.0044937154303212002
leaf_weight=0.27852021611761291 0.99712335091316251 0.7321013860637321 2.6136048198677591 1.5123647509608407 0.14936343033332367 0.051282735308632588 0.45885409548645828 1.3992584898369376 2.6932319486513725 50.738171677978251 0.21598955523222685 2.7367207308998331 2.6328874374739826 12.973015740630215
leaf_count=47 267 402 3200 770 18 10 76 295 115 762 8 947 171 142
internal_value=-3.7502e-06 0.025479 -0.0015839 -2.38333e-05 0.000795629 0.0391194 0.018619 -0.000295346 0.000330179 -0.000389381 -0.0182199 0.0441177 0.0240353 0.000226439
internal_weight=80.1825 3.79863 76.3839 73.7703 72.2579 3.06652 3.2411 69.0168 67.6175 64.9243 1.21311 2.788 2.78225 63.7112
internal_count=7230 1406 5824 2624 1854 1004 265 1589 1294 1179 275 957 189 904
is_linear=0
shrinkage=0.05


Tree=123
num_leaves=15
num_cat=0
split_feature=86 72 50 116 99 49 116 122 33 1 62 4 122 61
split_gain=1.35414 1.2092 1.48202 0.590071 0.497173 0.44673 0.293837 0.45743 0.279735 0.330381 0.23166 0.223946 0.208018 0.169873
threshold=0.96332675218582164 239.45772552490237 0.26965934038162237 0.40149745345115667 0.11743222549557687 0.02009792905300856 1.1051909327507021 40.83375549316407 958.93426513671886 599.13333129882824 621.53387451171886 14.713973999023439 -224.60557556152341 158.81378173828128
decision_type=2 2 8 2 10 8 2 10 10 2 2 10 10 2
left_child=1 2 3 -1 5 6 7 11 9 -7 13 -3 -5 -8
right_child=-2 4 -4 12 -6 8 10 -9 -10 -11 -12 -13 -14 -15
leaf_value=-0.0080016060420643291 -0.032610119953468193 0.0063325192572678034 -0.020744748896127058 -0.0018621338360035958 -0.022198245608022169 -0.0048323737901530585 0.0010541114310129473 0.0026567553496333863 -0.0090995372454153733 0.02904689765567189 -0.0049941576068834063 -0.030899626820815148 0.045467758244346533 0.012682079563472785
leaf_weight=0.3322694551898161 2.1060227396083055 0.12571391742676441 0.75631952635012556 0.16548498009797219 1.5696281441487361 0.61879465146921564 45.799361445649993 2.3243757113814354 0.33463192626368243 1.9136665201513094 15.33435090666171 1.5195977432886136 2.8403930655913427 2.3962860711617386
leaf_count=64 2973 2 421 18 683 33 943 37 48 141 255 454 981 113
internal_value=-0.000244901 0.0010633 0.0246049 0.0372932 -0.000595615 0.000190554 -0.000745501 -0.0124543 0.0167221 0.0217441 0.000167788 -0.0267364 0.0430477 0.00187829
internal_weight=78.1369 76.0309 4.09447 3.33815 71.9364 70.3668 67.4997 3.96969 2.86709 2.53246 63.53 1.64531 3.00588 48.1956
internal_count=7166 4193 1484 1063 2709 2026 1804 493 222 174 1311 456 999 1056
is_linear=0
shrinkage=0.05


Tree=124
num_leaves=15
num_cat=0
split_feature=74 124 72 58 22 102 13 38 78 61 46 116 77 72
split_gain=1.2875 0.887126 0.824711 0.890394 0.522857 0.801493 0.38049 0.262303 0.255013 0.201055 0.2118 0.229646 0.30611 0.158481
threshold=0.9707201123237611 0.31933420896530157 243.849479675293 1572.7238769531252 0.042040761560201652 15.500000000000002 0.0092109800316393393 0.57071429491043102 0.073692128062248244 368.24844360351568 0.0059461377095431098 1.3826634883880617 0.051344489678740508 1267.8930664062502
decision_type=2 10 2 2 10 2 10 10 2 2 8 2 2 2
left_child=2 -2 3 -1 6 7 9 -6 -7 10 11 12 -4 -8
right_child=1 -3 4 -5 5 8 13 -9 -10 -11 -12 -13 -14 -15
leaf_value=-0.016522508133488229 -0.035529422137263067 0.018134505815007872 -0.023460467662530172 0.034319708703440956 -0.031664510016991824 -0.0094372072733283335 0.025297578564996405 0.0036237974953999526 0.020955174061300791 -0.017488698506888015 0.015443857926716579 0.00080018238037748383 0.0025309165404166526 -0.0020610232234270598
leaf_weight=0.4902247284771869 2.9427929059020239 0.30607537325704459 1.3335109199397259 2.341620622202754 2.5758652193471785 0.36941749305697136 1.1767952213995148 0.39387830020859826 0.89869524398818612 0.58465884980978344 1.2977137407287944 56.37613633251749 1.8641420399071646 0.51304465171415348
leaf_count=203 3334 38 288 961 1046 133 109 7 93 114 31 686 36 20
internal_value=-0.000664955 -0.0273956 0.000939182 0.0235033 -0.00033892 -0.0155241 0.00090631 -0.0272503 0.0118442 9.90609e-05 0.000547919 -2.61661e-05 -0.011315 0.0193131
internal_weight=73.4646 3.24887 70.2157 2.83185 67.3839 4.23786 63.146 2.96974 1.26811 61.4562 60.8715 59.5738 3.19765 1.68984
internal_count=7099 3372 3727 1164 2563 1279 1284 1053 226 1155 1041 1010 324 129
is_linear=0
shrinkage=0.05


Tree=125
num_leaves=15
num_cat=0
split_feature=74 45 99 72 113 26 120 33 45 62 123 128 125 134
split_gain=1.19637 0.907704 0.878289 1.39162 0.888298 0.699972 0.423606 0.397838 0.173959 0.172369 0.143203 0.121022 0.115585 0.111632
threshold=0.9707201123237611 0.12963496893644336 0.13444877415895465 1193.4086914062502 3119.448608398438 0.12000360339879991 -43.499999999999993 341.03907775878912 0.0049807860050350436 621.53387451171886 23.468769073486332 331.57159423828131 161.50000000000003 0.061868688091635711
decision_type=2 10 10 2 2 10 2 10 10 2 8 10 2 2
left_child=2 -2 3 4 7 11 8 -1 -6 13 -9 -5 -8 -7
right_child=1 -3 -4 5 6 9 12 10 -10 -11 -12 -13 -14 -15
leaf_value=-0.020400660352053519 -0.035672038950744833 0.017498747450771353 -0.028248483680666132 -0.028255794257612172 0.015380311128706529 -0.0015697381883716698 0.038860011811295427 -0.0033623059612401724 -0.0074669139003839986 -0.0041012747579309795 0.015199266401373316 0.0010276245342592002 0.002436631687493382 0.0035424785164763044
leaf_weight=0.74997026682831203 2.7668080528965215 0.37133021024055768 1.4955596546060395 1.6160007290891361 0.50405777245759587 15.367257450765463 3.7908361700829154 1.2270510694943366 0.95274234865792096 15.448123674723318 1.6055045742541554 0.32884958264185105 0.37438592221587885 30.801513958023861
leaf_count=191 3403 12 915 555 53 265 1100 20 44 157 19 57 27 418
internal_value=-0.000502921 -0.0266722 0.000942631 0.00191741 0.0190587 -0.000821632 0.0299112 -0.000782716 0.00348092 0.000311507 0.00837919 -0.0246368 0.0366917 0.00184367
internal_weight=77.4 3.13814 74.2619 72.7663 9.20455 63.5617 5.62202 3.58253 1.4568 61.6169 2.83256 1.94485 4.16522 46.1688
internal_count=7236 3415 3821 2906 1454 1452 1224 230 97 840 39 612 1127 683
is_linear=0
shrinkage=0.05


Tree=126
num_leaves=15
num_cat=0
split_feature=86 99 33 89 122 66 13 19 5 7 120 26 64 54
split_gain=1.16461 0.787737 1.33822 0.853178 0.329242 0.300662 0.339679 0.233116 0.26247 0.236732 0.163463 0.176633 0.176476 0.162029
threshold=0.96533280611038219 0.20263122767210009 261.71339416503912 0.019520369358360771 -110.1470375061035 38.758869171142585 0.009756329935044052 0.037893060594797141 593.30627441406261 158.81378173828128 -194.49999999999997 0.099978584796190276 147.29709625244143 0.037991562858223922
decision_type=2 10 8 10 10 2 8 10 10 10 2 10 2 10
left_child=1 2 3 -1 -5 -4 7 10 9 -9 12 -12 -7 -3
right_child=-2 13 5 4 -6 6 -8 8 -10 -11 11 -13 -14 -15
leaf_value=-0.0084592055883528968 -0.031657152249110983 -0.029828995662450897 -0.018620950439056823 -0.0030700214380288107 0.041092457991866282 0.0021107490480739826 0.01701964884007787 -0.028125981886572005 -0.0015408711422174801 0.0064242566167250804 -0.01564428665405174 0.00029943779477589245 0.020767007791828856 0.0038112845509494092
leaf_weight=0.96403725876007129 1.888723678770474 1.4627919578342687 1.1426310116657976 0.32614771672524545 2.7599620767869055 4.3148559784167437 1.9422564270207647 1.2094730399548996 4.5601226689177565 0.22912846494000394 0.79598415055079286 52.188912214885931 0.97189417964545999 0.17587794363498677
leaf_count=210 2968 942 336 61 1026 119 125 549 200 28 94 504 13 1
internal_value=-0.000516866 0.000705008 0.00167367 0.0264984 0.0368161 -0.000184886 0.000405577 -0.000349565 -0.00897518 -0.0222453 0.000674834 -0.000225436 0.00829819 -0.0261423
internal_weight=74.9328 73.0441 71.4054 4.05015 3.08611 67.3553 66.2126 64.2704 5.99872 1.4386 58.2716 52.9849 5.28675 1.63867
internal_count=7176 4208 3265 1297 1087 1968 1632 1507 777 577 730 598 132 943
is_linear=0
shrinkage=0.05


Tree=127
num_leaves=15
num_cat=0
split_feature=86 101 93 116 83 69 93 47 71 137 37 109 31 0
split_gain=1.09906 0.788569 1.37119 0.885456 0.338233 0.328669 0.29429 0.4361 0.322903 0.217125 0.215387 0.158121 0.131064 0.124985
threshold=0.96533280611038219 0.20917221903800967 5.4533498769160367e-05 0.36663970351219183 0.012743506580591204 37.832799911499031 1.6676000086590651e-05 0.088725578039884581 182.20648956298831 35.676322937011726 0.16749174892902377 1.959817171096802 599.19329833984386 101.50000000000001
decision_type=2 10 10 2 2 2 10 8 2 2 8 2 8 2
left_child=1 2 5 10 -3 11 8 -8 12 -10 -4 -1 -7 -5
right_child=-2 4 3 13 -6 6 7 -9 9 -11 -12 -13 -14 -15
leaf_value=-0.023813278785106383 -0.031352461283676941 -0.028412024416243888 0.0089637244559238188 0.039265808279202188 0.0046260309426529112 0.0023660955368765336 -0.00032156045975807599 0.027474903490655889 0.0077850568487190814 -0.025305796942279149 -0.018476405450570551 -0.0023302635350686144 -0.0022864983176332375 -0.0011974016738972631
leaf_weight=1.075397772539872 1.8057481152354729 2.2152621478890064 0.4909324226900923 2.9133982809726153 0.69106971682049323 33.112952956929803 3.2873360428493461 1.4426264840876681 0.14915912796277453 1.0044392007403073 0.5823534333612771 1.875600373081397 26.224565422045998 0.13959790905937541
leaf_count=398 2927 1156 10 979 44 685 121 160 2 238 219 78 172 20
internal_value=-0.000625207 0.000514331 0.0016743 0.0266131 -0.021383 -0.000198096 0.000640585 0.0114717 -0.000379113 -0.019399 -0.00765543 -0.0142047 0.000306038 0.0375767
internal_weight=77.0104 75.2047 72.2984 4.12628 2.90633 68.1721 65.2211 4.72996 60.4911 1.1536 1.07329 2.951 59.3375 3.053
internal_count=7209 4282 3082 1228 1200 1854 1378 281 1097 240 229 476 857 999
is_linear=0
shrinkage=0.05


Tree=128
num_leaves=15
num_cat=0
split_feature=32 74 22 18 68 78 83 72 33 93 123 122 0 62
split_gain=1.14594 1.5349 0.811397 0.976661 0.466502 0.360434 0.31096 0.172463 0.171375 0.347185 0.193714 0.149059 0.123785 0.117045
threshold=16.358708381652836 0.9707201123237611 0.04339671507477761 0.0023281665053218607 34.703720092773445 0.66890382766723644 0.011766334529966118 1351.6320800781252 329.69192504882818 4.3410998841864064e-05 19.614416122436527 -110.1470375061035 94.500000000000014 621.53387451171886
decision_type=8 2 10 10 2 2 2 2 10 8 8 10 2 2
left_child=4 2 3 8 -1 6 -4 -6 -2 11 -11 -10 -5 -13
right_child=1 -3 5 12 7 -7 -8 -9 9 10 -12 13 -14 -15
leaf_value=-0.0091911864688760982 -0.015262347622252188 -0.034341143876039468 -0.031220100294415489 -0.0035397745326990375 0.042302611086691234 0.0076532805374554648 0.0041911926469000178 -0.0024085116317288887 -0.013818616012741531 -0.0016542604020467089 0.022423086490469965 0.0011942004046127446 0.030947679522732897 -0.0038564003321549471
leaf_weight=0.21893587813246984 0.79240498051512887 2.4287301024305625 2.5700236158445477 0.075884393998421173 1.3281457778066394 0.51610761194024224 0.4877960686571895 0.1237024682923219 1.0259690172970284 1.0275543549796555 1.6717571720946582 46.326382435800042 1.9762028300901873 14.141174314776434
leaf_count=29 113 3356 1189 28 96 203 32 27 256 50 71 645 923 147
internal_value=-0.000517231 -0.00167121 -8.36485e-05 0.00128793 0.0316674 -0.0204677 -0.0259304 0.0390645 -1.01644e-05 0.000409333 0.015288 -0.000477959 0.0289304 -3.04753e-05
internal_weight=74.7108 73.04 70.6113 67.0373 1.67078 3.57393 3.05782 1.45185 64.9852 64.1928 2.69931 61.4935 2.05209 60.4676
internal_count=7165 7013 3657 2233 152 1424 1221 123 1282 1169 121 1048 951 792
is_linear=0
shrinkage=0.05


Tree=129
num_leaves=15
num_cat=0
split_feature=101 72 90 74 66 13 35 30 62 65 48 28 0 94
split_gain=1.12787 1.32847 0.988287 0.945303 0.35063 0.394294 0.209866 0.188836 0.164812 0.162433 0.135713 0.157477 0.104616 0.104138
threshold=0.20917221903800967 382.68466186523443 0.0012172528658993544 0.96899059414863598 38.758869171142585 0.013072453904896976 34.703720092773445 347.55207824707037 74.079940795898452 7.6803960800170907 0.00023974810028448704 105.50000000000001 101.50000000000001 0.016316398046910766
decision_type=10 2 10 2 2 10 10 10 2 2 8 2 2 8
left_child=1 2 7 4 13 8 -4 -1 -6 -2 11 -10 -8 -3
right_child=9 3 6 -5 5 -7 12 -9 10 -11 -12 -13 -14 -15
leaf_value=-0.019867577156347006 0.0042208047096159076 -0.024437287378539892 -0.0044832574507343362 -0.030332732638042582 -0.013167932343239845 0.022254317422528709 0.039279303743847742 0.0083042426244558341 -0.015199145603954453 -0.03084830276103262 0.0075380111095908441 1.5308325932120147e-05 -0.0025763881705571858 0.0024930745823745107
leaf_weight=0.6521007731789713 0.12038541992660556 0.86777874012477574 0.09789545007515732 1.696016025089192 1.3594164215028275 1.0166743301087979 3.0062220913823698 0.24648411571979523 0.75084197701653366 2.4085434663575143 4.873190982034429 59.392591127136257 0.032143919961526879 0.23279513826128106
leaf_count=265 12 246 23 2776 111 83 1021 1 200 1573 85 736 12 9
internal_value=-0.000836774 0.000470023 0.0252854 -0.00129164 -0.000146396 0.000473683 0.0362115 -0.0118363 -0.000185277 -0.0284559 0.000281526 -0.000420107 0.0383082 -0.0202659
internal_weight=76.7531 74.2242 4.03485 70.1893 68.4933 67.3927 3.13626 0.898585 66.376 2.52893 65.0166 60.1434 3.03837 1.10057
internal_count=7153 5568 1322 4246 1470 1215 1056 266 1132 1585 1021 936 1033 255
is_linear=0
shrinkage=0.05


Tree=130
num_leaves=15
num_cat=0
split_feature=32 73 70 116 115 91 68 43 10 71 44 32 63 137
split_gain=1.00178 1.40639 0.569161 0.545408 1.04032 0.440689 0.432315 0.276079 0.205694 0.187837 0.171676 0.156948 0.119557 0.113183
threshold=16.358708381652836 104.11456680297853 186.66579437255862 1.8252021074295046 0.56393876671791088 0.0024685539538040762 34.703720092773445 0.084523811936378493 0.99504950642585765 208.2834396362305 0.021494373679161075 180.7494812011719 40.974487304687507 72.073478698730483
decision_type=8 2 2 2 2 8 2 10 10 2 8 10 2 2
left_child=6 -2 5 4 8 10 -1 -5 -4 -9 -3 -6 -7 -8
right_child=1 2 3 7 11 12 13 9 -10 -11 -12 -13 -14 -15
leaf_value=-0.009003178135571565 -0.033700939335119993 0.030827204679949718 -0.033565300590217083 0.015650072075937965 -0.0012850952209104058 -0.0066556542145988669 0.041122985070647489 -2.5095701712418782e-05 0.00315947300074015 -0.017698105352713517 -0.0047964557745515581 0.01893551807211899 0.0084371876857989355 0.00086805558614621962
leaf_weight=0.2145008174702524 2.2220992870861656 1.9584038129542016 2.8921347631257954 1.7747464255080547 2.0988714707782496 1.5959222831297668 1.148233641462866 57.056405227282085 0.24276261823251832 0.54425888432888214 0.10592849820386607 0.60552714217919845 1.6756570583675054 0.23780560080194835
leaf_count=37 2595 923 1297 231 152 57 83 1385 2 208 78 39 71 42
internal_value=-0.000325993 -0.0013969 7.73543e-05 -0.00129363 -0.0146645 0.0143929 0.0301791 0.000242442 -0.0306451 -0.000491247 0.0280305 0.00713183 0.00124016 0.0374748
internal_weight=74.3733 72.7727 70.5506 65.2147 5.8393 5.33591 1.60054 59.3754 3.1349 57.6007 2.06433 2.7044 3.27158 1.38604
internal_count=7200 7038 4443 3314 1490 1129 162 1824 1299 1593 1001 191 128 125
is_linear=0
shrinkage=0.05


Tree=131
num_leaves=15
num_cat=0
split_feature=86 32 110 72 66 66 25 40 97 38 62 93 47 70
split_gain=0.930862 0.85784 0.785627 1.0706 0.436095 0.376812 0.221043 0.368028 0.175015 0.170932 0.131319 0.1819 0.124967 0.119431
threshold=0.96533280611038219 16.358708381652836 364.57250976562506 382.68466186523443 38.758869171142585 16.597706794738773 644.52407836914074 0.38333334028720861 0.00091340849758125852 0.27598567306995397 120.0110321044922 5.4533498769160367e-05 0.021706826984882358 133.26831817626956
decision_type=2 8 2 2 2 2 10 8 8 10 2 8 8 2
left_child=1 5 -3 8 13 -1 -6 10 -4 -7 12 -12 -8 -5
right_child=-2 2 3 4 6 9 7 -9 -10 -11 11 -13 -14 -15
leaf_value=-0.0083407531066589432 -0.029603405753719361 -0.028740522048959119 -0.0048746363948280131 0.003250605286775959 -0.015861902458249175 0.038832885186947129 0.0071248909679665368 0.02249552410578717 0.030237601027195374 -0.00313792108831824 -4.8946338893172817e-05 0.017186674457608603 -0.015540419209340631 -0.026343667255811345
leaf_weight=0.20454340521246317 1.607902674586511 1.3395728191244405 0.11491738702170495 0.16861476330086489 1.1170644515077572 1.295404767966829 0.17080660443752882 0.857245730352587 2.3823171521071345 0.11333745159208763 64.103899066278245 0.56811596092302252 1.3727016764460132 1.0267915058066135
leaf_count=32 2934 787 24 6 420 124 18 13 984 4 1133 59 248 346
internal_value=-0.000234628 0.000778429 -0.000223173 0.000695313 -0.00065585 0.0289279 4.96061e-05 0.000543726 0.02769 0.0355553 -7.09183e-05 0.00036186 -0.0112171 -0.0225901
internal_weight=76.4432 74.8353 73.222 71.8825 69.3852 1.61329 68.1898 67.0728 2.49723 1.40874 66.2155 64.672 1.54351 1.19541
internal_count=7132 4198 4038 3251 2243 160 1891 1471 1008 128 1458 1192 266 352
is_linear=0
shrinkage=0.05


Tree=132
num_leaves=15
num_cat=0
split_feature=86 101 89 86 116 91 110 55 129 87 59 96 35 116
split_gain=0.891708 0.613134 1.0757 0.810265 0.354294 0.232199 0.230273 0.250722 0.178157 0.169751 0.134258 0.110382 0.103365 0.197878
threshold=0.96533280611038219 0.26107838749885565 0.019604232162237171 0.046999117359519012 0.29396766424179083 0.050794824957847602 364.57250976562506 515.85650634765636 0.026954374276101593 0.0074276360683143148 86929.023437500015 0.2086504325270653 102.65808486938478 1.3380094766616824
decision_type=2 10 10 2 2 10 2 10 10 2 2 10 10 2
left_child=1 2 6 4 -4 11 -1 -8 -3 10 12 -6 -9 -14
right_child=-2 8 3 -5 5 -7 7 9 -10 -11 -12 -13 13 -15
leaf_value=-0.019014942665266807 -0.029463775242143581 -0.027465078631514917 -0.0053809217068748541 -0.0082474605262367242 0.040226486561208086 -0.0014813012977030148 0.016876763077367192 0.0064483182942206068 0.00060884690661629378 -0.012902764535321853 0.013528829348337249 -0.0023266022471719579 -0.012727186790267324 -0.00017341041930865657
leaf_weight=0.60840947454562311 1.5590062328265037 1.4421569940168404 0.31998767098411862 1.2481644831714218 2.9604327786364601 0.30782208929304022 1.1638256412697945 4.2414698344073249 0.67985322047024954 1.6156138980877575 0.80766604485688631 0.048700835031922796 2.3261834553559302 56.323800658341497
leaf_count=258 2925 943 48 219 1056 38 36 99 146 219 136 30 275 737
internal_value=-0.000443424 0.000551417 0.00147261 0.0219695 0.0318819 0.0358904 -0.000320668 0.000129678 -0.0211566 -0.000418729 9.24397e-05 0.0391292 -0.00028916 -0.000876337
internal_weight=75.6531 74.0941 71.9721 4.88511 3.63694 3.31696 67.087 66.4786 2.12201 65.3147 63.6991 3.00913 62.8915 58.65
internal_count=7165 4240 3151 1391 1172 1124 1760 1502 1089 1466 1247 1086 1111 1012
is_linear=0
shrinkage=0.05


Tree=133
num_leaves=15
num_cat=0
split_feature=86 96 92 127 43 31 1 77 26 76 128 33 2 92
split_gain=0.8484 0.570406 1.23276 0.402548 0.408941 0.368577 0.313851 0.321809 0.282423 0.251882 0.189826 0.15695 0.126338 0.132695
threshold=0.96533280611038219 0.2086504325270653 0.0024828310124576096 -125.86561203002928 0.050641026347875602 89.531368255615249 599.13333129882824 0.66519173979759227 0.12000360339879991 0.25082781910896307 -147.62310791015622 368.79771423339849 999.26354980468761 0.00075296798604540538
decision_type=2 10 10 10 8 8 2 2 10 2 8 10 10 10
left_child=1 2 3 9 6 11 -5 10 -6 -1 -8 -4 13 -12
right_child=-2 -3 5 4 8 -7 7 -9 -10 -11 12 -13 -14 -15
leaf_value=-0.02287286761420209 -0.028947263453804883 -0.025525849827900599 0.036901088614164697 -0.012469558876653819 -0.016912955420656944 -0.00069126149772317884 -0.003213057192464043 -0.0083669060908253528 0.00015045577892604307 0.00096566978660156009 0.030659583466347042 -6.9953710257571642e-05 -0.0017591585952809582 0.0017636506108349957
leaf_weight=2.0830235647736113 1.5113891050568771 1.0378806573571626 2.3131711803143844 0.32681044214405019 1.5248790884506878 0.94081675214692939 0.45401445351308212 0.53794152277987439 60.893871205218602 1.6080868544522671 2.6241598025662838 0.31015803484478954 0.28979719337075938 0.58933624532073725
leaf_count=523 2920 901 947 65 488 105 26 19 812 44 247 9 45 35
internal_value=-0.000355116 0.000587749 0.00128485 -0.000331216 0.000647326 0.0264729 0.0133226 0.0171256 -0.000526514 -0.0144953 0.0215798 0.0337171 0.0247928 0.0270365
internal_weight=77.0453 75.5339 74.4961 70.9319 67.2408 3.56415 4.82206 4.49525 62.4188 3.69111 3.95731 2.62333 3.50329 3.2135
internal_count=7186 4266 3365 2304 1737 1061 437 372 1300 567 353 956 327 282
is_linear=0
shrinkage=0.05


Tree=134
num_leaves=15
num_cat=0
split_feature=72 47 73 15 23 16 117 9 8 4 92 123 33 116
split_gain=0.860088 1.01974 0.849387 0.453539 0.359842 0.41392 0.312986 0.216864 0.197326 0.183459 0.181515 0.13277 0.0953744 0.0969542
threshold=188.73970794677737 0.31372407078742987 104.11456680297853 0.016671297140419487 12.500000000000002 0.03097610175609589 9.7500000000000018 0.79057019948959362 533.53079223632824 30.832298278808597 0.00052604751545004557 -845.73458862304676 239.45772552490237 1.9550482630729678
decision_type=2 8 2 8 2 10 2 10 8 10 10 10 8 2
left_child=1 6 -2 4 5 8 -1 -6 9 -4 -8 -11 -7 -14
right_child=2 -3 3 -5 7 12 10 -9 -10 11 -12 -13 13 -15
leaf_value=-0.0047123092508870035 -0.029544226103335403 -0.017714825994186539 0.0048413773101661593 -0.022003123065328659 0.025654150787800745 0.0033892700356799831 -0.004039914321089598 -0.0072627433747690694 0.017154754423973274 -0.015563840992669015 0.042480616812094384 -0.00091617757017198201 -0.026544690670624805 0.0018914730344917153
leaf_weight=0.22037745028501365 1.5847803934884712 0.54438923351699475 14.265446173521921 1.3437392429914314 1.100805926369502 0.12349715083837387 0.049832918448373564 0.17727811049553555 0.72033135767560352 0.60259839944773474 1.9192023148643782 52.095337539882173 1.1164811555936465 0.20231178007088613
leaf_count=45 2230 381 444 624 175 20 12 143 39 261 916 1137 736 26
internal_value=-0.000210221 0.0232093 -0.00138378 -0.000364197 0.000351171 -0.000289038 0.0357487 0.0199045 0.000434314 4.68548e-06 0.0403391 -0.00137039 -0.0205133 -0.023248
internal_weight=76.0664 2.7338 73.3326 71.7478 70.4041 69.126 2.18941 1.27808 67.6837 66.9634 1.96904 52.6979 1.44229 1.31879
internal_count=7189 1354 5835 3605 2981 2663 973 318 1881 1842 928 1398 782 762
is_linear=0
shrinkage=0.05


Tree=135
num_leaves=15
num_cat=0
split_feature=86 101 93 115 66 108 102 68 93 42 4 37 24 63
split_gain=0.781007 0.586154 0.94362 0.639108 0.272368 0.187403 0.183347 0.179996 0.175659 0.138802 0.128754 0.126719 0.126615 0.0900902
threshold=0.96533280611038219 0.26107838749885565 5.4533498769160367e-05 0.4894006103277207 38.758869171142585 0.039232274517416961 14.500000000000002 34.703720092773445 2.5345000267407163e-06 0.0095847626216709631 12.283439636230471 0.20376268029212954 1.4580419659614565 29.92681980133057
decision_type=2 10 10 2 2 2 2 2 10 8 8 10 10 2
left_child=1 2 4 11 10 -3 9 -5 -8 13 -1 -4 -9 -6
right_child=-2 5 3 7 6 -7 8 12 -10 -11 -12 -13 -14 -15
leaf_value=0.0055923930882746421 -0.028140272653667454 -0.027688194340540675 0.0062266697014880757 -0.0043424039624145924 0.0054119196357420088 0.0013891903073875709 -0.0023893721593470823 -0.0025754645843127219 0.021506250044725062 -0.0085884489072426094 -0.021367166886834297 -0.015875617376989382 0.036610928376118693 -0.0001278252084635429
leaf_weight=0.11997527093626448 1.4368674680590618 1.3410919461166475 0.43557246372802128 0.093501753814053123 7.5000109944376154 0.60581225674832229 0.96789581689517834 0.085288332658820187 0.96521322231274098 3.3711364258197127 1.0700507487636057 0.46192459331359714 2.546424493775703 53.422385547426529
leaf_count=5 2924 997 32 37 493 106 106 31 146 223 347 180 947 593
internal_value=-0.00029224 0.000628934 0.00151476 0.0233682 1.60501e-05 -0.0212392 0.000581107 0.0328288 0.0128063 2.30274e-05 -0.0173367 -0.0075205 0.0349815 0.000630544
internal_weight=74.4232 72.9863 71.0394 3.62271 67.4167 1.9469 66.2266 2.72521 1.93311 64.2935 1.19003 0.897497 2.63171 60.9224
internal_count=7167 4243 3140 1227 1913 1103 1561 1015 252 1309 352 212 978 1086
is_linear=0
shrinkage=0.05


Tree=136
num_leaves=15
num_cat=0
split_feature=71 72 21 87 3 91 33 73 55 42 21 4 116 55
split_gain=0.760545 0.620371 0.750551 0.331406 0.311592 0.275856 0.258229 0.228301 0.184467 0.149978 0.133377 0.127423 0.116271 0.115684
threshold=52.749481201171882 244.99747467041018 0.077482432126998915 0.017095265910029415 193.74024963378909 0.00077382332528941344 99.687007904052749 104.11456680297853 515.85650634765636 0.014035260304808618 0.020737095735967163 30.832298278808597 0.23666230589151385 341.66561889648443
decision_type=2 2 8 2 8 8 10 2 8 8 10 10 2 10
left_child=-1 2 6 4 5 -3 -2 -7 13 11 -6 -10 -8 -9
right_child=1 3 -4 -5 10 7 12 8 9 -11 -12 -13 -14 -15
leaf_value=-0.027865734468346587 -0.0056643260529627548 -0.020505656138500312 -0.015829384673932464 -0.02143403399550408 0.016430042598385076 -0.019250584742868053 -0.0027588767989832983 -0.0054098832765795933 0.0043553002584379901 -0.010097525812986036 -0.0066154150687615923 -0.00096926377681024075 0.036589824602518382 0.019529069941904065
leaf_weight=1.4705830178863823 0.16124430927447964 0.74784669434302387 0.4755804197047836 0.87274557817727227 2.7252247099822848 0.56798374687787045 0.057911351905204245 0.14319616800639678 13.279209686850661 2.762581804447108 0.19552673178259272 51.746818646177417 1.9303309048991648 0.85249621793627739
leaf_count=2135 37 614 316 451 151 739 16 59 294 182 33 1111 958 50
internal_value=-0.000560613 0.000316855 0.0205145 -0.000665 -0.000130555 -0.000885518 0.0310285 -0.000385485 4.39192e-05 -0.000391462 0.0135935 0.00016758 0.034904 0.0150289
internal_weight=77.9893 76.5187 2.62507 73.8936 73.0209 70.1001 2.14949 69.3523 68.7843 67.7886 2.92075 65.026 1.98824 0.995692
internal_count=7146 5011 1327 3684 3233 3049 1011 2435 1696 1587 184 1405 974 109
is_linear=0
shrinkage=0.05


Tree=137
num_leaves=15
num_cat=0
split_feature=86 96 33 116 66 13 5 122 4 101 53 1 66 6
split_gain=0.729599 0.698716 0.878288 0.569641 0.369244 0.267319 0.230622 0.156629 0.144384 0.135301 0.125233 0.124197 0.24579 0.106297
threshold=0.96533280611038219 0.11280087754130365 261.71339416503912 0.40149745345115667 38.758869171142585 0.0094788861460983771 507.57017517089849 298.85276794433599 13.826340198516847 0.31085473299026495 506.29789733886724 15038.235351562502 182.45574951171878 32.28930854797364
decision_type=2 10 8 2 2 8 10 8 10 10 10 2 2 10
left_child=1 2 3 -1 8 7 9 10 -4 -5 -6 12 -12 -7
right_child=-2 -3 4 6 5 13 -8 -9 -10 -11 11 -13 -14 -15
leaf_value=-0.012585832524513275 -0.027919790497598348 -0.027328581469898638 0.0052754741774035489 0.036963297339811088 0.012583237343812285 -0.0012544443132305023 -0.0020175449220979557 -0.014544679273503336 -0.025008203471314279 -0.0027945472815700716 -0.0014446237356974681 0.0016584460807391455 -0.020245596598663665 0.019975632011212677
leaf_weight=0.36604072479531113 1.3817061727168027 1.2381624718545925 0.11513432767242082 2.2034156945301229 0.95220518414862354 0.63809946971014042 0.36030585807748128 0.87641066854121064 0.99861493828939274 0.085756499378476181 27.541680964641277 36.139812093751971 0.87360554293263604 1.3405298324069006
leaf_count=149 2957 994 7 1035 50 6 41 277 364 17 229 571 362 136
internal_value=-0.000682184 0.000195032 0.0010306 0.0237671 -0.000279483 0.000351805 0.030862 -0.000301209 -0.0208629 0.0350771 0.000105179 -0.000268017 -0.00269126 0.0150065
internal_weight=75.1115 73.7298 72.4916 3.01552 69.4761 68.3623 2.64948 66.3837 1.11375 2.28917 65.5073 64.5551 28.4153 1.97863
internal_count=7195 4238 3244 1242 2002 1631 1093 1489 371 1052 1212 1162 591 142
is_linear=0
shrinkage=0.05


Tree=138
num_leaves=15
num_cat=0
split_feature=32 74 22 18 68 39 83 72 13 122 31 134 31 3
split_gain=0.812468 1.06965 0.528883 0.5357 0.338453 0.244472 0.224995 0.177043 0.162356 0.190863 0.122491 0.115892 0.0914152 0.0861029
threshold=16.358708381652836 0.9707201123237611 0.04339671507477761 0.0023281665053218607 34.703720092773445 0.64495798945426952 0.0087746307253837603 1351.6320800781252 0.0036067968467250471 173.93003082275393 455.16294860839849 0.31814610958099371 623.16873168945324 38.919149398803718
decision_type=8 2 10 10 2 10 2 2 10 8 10 2 10 10
left_child=4 2 3 8 -1 6 -4 -6 9 11 -10 -2 -13 -5
right_child=1 -3 5 13 7 -7 -8 -9 10 -11 -12 12 -14 -15
leaf_value=-0.0078771962985176008 -0.0023288438521461715 -0.030996817410962718 -0.027124661270420927 0.026170538634564002 0.038744061797679835 0.0071151337621335603 0.0018800500931969286 -0.0030016201158405186 0.018535214980232435 -0.015661729333224995 0.00026528329649216871 0.0032103988455293624 -0.0028188131383607758 -0.0030613405883247414
leaf_weight=0.1828458699164911 23.155027644359507 1.8310464381065674 2.1134749738848768 1.4251530681503926 1.1199610823532564 0.42485100717749436 0.69463778927456576 0.13418453087797377 1.1271439379779615 0.90472205873811518 1.6650699587771667 31.420307962922379 6.9772382763912892 0.06499196687946085
leaf_count=32 393 3285 1204 912 91 193 33 30 96 278 24 454 63 28
internal_value=8.60068e-05 -0.000865737 0.000348369 0.00141501 0.0284835 -0.0168033 -0.0213402 0.0349274 0.000538046 -7.07366e-05 0.0105833 0.000405139 0.00207109 0.0241782
internal_weight=73.2407 71.8037 69.9726 66.7397 1.43699 3.23296 2.80811 1.25415 65.2495 62.4573 2.79221 61.5526 38.3975 1.49015
internal_count=7116 6963 3678 2248 153 1430 1237 121 1308 1188 120 910 517 940
is_linear=0
shrinkage=0.05


Tree=139
num_leaves=15
num_cat=0
split_feature=32 73 33 101 68 13 122 83 22 72 83 134 50 0
split_gain=0.868747 1.12299 0.533067 0.34647 0.327101 0.201409 0.188361 0.232814 0.186757 0.162793 0.141523 0.131739 0.135185 0.111517
threshold=16.358708381652836 104.11456680297853 234.849479675293 0.26107838749885565 34.703720092773445 0.013986697886139156 173.93003082275393 0.00044187926687300211 0.1639269217848778 1358.5483398437502 0.012743506580591204 0.31814610958099371 0.10360126569867135 101.50000000000001
decision_type=8 2 8 10 2 10 8 2 8 2 2 2 8 2
left_child=4 -2 8 5 -1 6 11 -8 13 -6 -5 -4 -13 -3
right_child=1 2 3 10 9 -7 7 -9 -10 -11 -12 12 -14 -15
leaf_value=-0.0076171807913226449 -0.031919030584705826 0.028648334519988047 -0.0029361593404701515 -0.025203143516150547 0.038372948717341183 0.016017511605248905 -0.021793000205850829 0.0078122515229153214 -0.0063354406908255959 -0.0027408869884639683 0.0021019424155240213 0.0010337392308674429 0.014680556099876039 -0.0017950948611001154
leaf_weight=0.17642473324667651 1.8437338690855529 1.4274097000888999 23.393995580059709 0.96901130993501172 1.1937019384931771 0.89376288454513897 1.0787643612129603 0.37004202709067602 0.14477631507907074 0.12824145413469512 0.43588764755986631 40.880036478396505 0.91284748192992893 0.21470315378974203
leaf_count=35 2617 923 745 841 98 54 520 37 106 30 36 1006 96 80
internal_value=-0.000128676 -0.00111173 0.000125276 -0.000731016 0.028869 -6.58985e-05 -0.000515251 -0.0141291 0.0215682 0.0349218 -0.0193801 -3.77653e-06 0.00166791 0.025495
internal_weight=74.0633 72.565 70.7212 68.9343 1.49837 67.5294 66.6357 1.44881 1.78689 1.32194 1.4049 65.1869 41.7929 1.64211
internal_count=7224 7061 4444 3335 163 2458 2404 557 1109 128 877 1847 1102 1003
is_linear=0
shrinkage=0.05


Tree=140
num_leaves=15
num_cat=0
split_feature=71 96 93 49 73 53 116 120 48 71 61 0 128 31
split_gain=0.674738 0.554837 0.990432 0.413462 0.268619 0.265277 0.316259 0.178063 0.151171 0.139203 0.186463 0.114358 0.0801992 0.075715
threshold=52.749481201171882 0.11280087754130365 5.4533498769160367e-05 0.010256470646709205 114.37179565429689 663.65014648437511 1.3826634883880617 -157.49999999999997 0.0001766446512192488 1206.3140258789065 144.23890686035159 101.50000000000001 -147.62310791015622 94.232173919677749
decision_type=2 10 10 8 2 8 2 2 8 2 2 2 8 10
left_child=-1 2 4 -4 -2 12 7 -7 -5 10 -8 -10 -6 -14
right_child=1 -3 3 8 5 6 9 -9 11 -11 -12 -13 13 -15
leaf_value=-0.027048002590949829 -0.020252064181270332 -0.025367826295541785 -0.0088079279701333106 -0.0039789990751542322 -0.0032196099609149752 -0.0012657160988912288 -0.00035722282853320833 -0.023461553150091845 0.034695414114449985 -0.015196565416094855 0.0085533597257966224 -0.0018016999614329299 0.020044796345476002 -0.00019620141597440316
leaf_weight=1.3407807621697418 0.6714235914114387 1.0604987669503305 0.34076480579096768 0.084222139790654516 0.27860565949231386 1.6956740072055256 56.879905531619443 1.2836312286090095 2.4054504665546124 0.43437379534589027 5.5386426761397152 0.12715530686546106 1.5172018345911054 0.54232233343645919
leaf_count=2169 877 1009 107 6 17 42 1188 394 934 188 132 21 101 29
internal_value=-0.000624097 0.000221784 0.000943021 0.0252677 -0.000448842 3.61697e-05 -0.000651418 -0.0143215 0.0309134 0.0002107 0.000555852 0.0328717 0.0137914 0.0163928
internal_weight=74.2007 72.8599 71.7994 2.95759 68.8418 68.1704 65.8322 2.97931 2.61683 62.8529 62.4185 2.53261 2.33813 2.05952
internal_count=7214 5045 4036 1068 2968 2091 1944 436 961 1508 1320 955 147 130
is_linear=0
shrinkage=0.05


Tree=141
num_leaves=15
num_cat=0
split_feature=32 74 22 93 68 102 32 126 72 12 44 0 62 62
split_gain=0.824606 0.990321 0.441442 0.67008 0.2941 0.202119 0.195783 0.177514 0.149949 0.114102 0.158126 0.105315 0.100175 0.0870575
threshold=16.358708381652836 0.9707201123237611 0.025217849761247638 4.3410998841864064e-05 34.703720092773445 11.500000000000002 35.370967864990241 -4430.7377929687491 1267.8930664062502 0.024896694347262386 0.014641931280493738 101.50000000000001 358.45581054687506 630.24749755859386
decision_type=8 2 10 10 2 2 10 2 2 8 8 2 2 2
left_child=4 2 3 9 -1 7 -5 -4 -7 10 13 -8 -6 -2
right_child=1 -3 5 6 12 8 11 -9 -10 -11 -12 -13 -14 -15
leaf_value=-0.0070834713163411799 0.00041428810519127107 -0.030657696341457041 -0.00072217100067536533 -0.0069538518919212144 0.036795018437658721 0.013489766778731947 0.026758619552238089 -0.025527558883845142 -0.0070836529672022256 -0.010195721196786342 0.006939667382705377 -0.0030299897703653898 -0.0014030022028068919 -0.0042319307366785377
leaf_weight=0.16278285370208312 43.334597876993939 1.7590067711425934 1.0236282608238982 0.12593496136832927 1.1247800022247245 0.3695794855011626 2.3968929434195165 2.0413379301899104 1.5075051861640529 1.7158417090540741 6.8012855668202965 0.11726784938946355 0.1090425670845433 12.0823802431114
leaf_count=37 704 3356 150 28 102 87 914 1049 282 105 175 18 24 112
internal_value=-0.000336309 -0.00126338 -0.000127601 0.00102307 0.0285357 -0.0131918 0.0218899 -0.0194588 0.000247824 -0.000162443 0.000271154 0.0249023 0.0343023 -0.000655768
internal_weight=74.6719 73.2753 71.5163 66.5742 1.39661 4.94205 2.6401 3.06497 1.87708 63.9341 62.2183 2.51416 1.23382 55.417
internal_count=7143 6980 3624 2056 163 1568 960 1199 369 1096 991 932 126 816
is_linear=0
shrinkage=0.05


Tree=142
num_leaves=15
num_cat=0
split_feature=65 74 98 31 86 18 34 66 44 15 14 123 0 127
split_gain=0.74032 0.985515 0.461968 0.580608 0.392594 0.27387 0.226766 0.204722 0.196513 0.183785 0.130756 0.179727 0.111696 0.0969756
threshold=16.358708381652836 0.9707201123237611 0.11337051540613176 89.531368255615249 1.0000000180025095e-35 4.6527000449714258e-05 515.85650634765636 16.597706794738773 0.011414187960326673 0.0087979566305875796 0.0050270757637918004 -974.30767822265614 18.500000000000004 -58.336761474609368
decision_type=2 2 10 8 2 8 10 2 8 8 8 10 2 8
left_child=4 2 3 5 7 -2 8 -1 -7 10 11 -5 -4 -10
right_child=1 -3 12 9 -6 6 -8 -9 13 -11 -12 -13 -14 -15
leaf_value=-0.0045648662660087609 -0.00047247945433620292 -0.030455184655789971 -0.025351373686997705 -0.016912690839081704 -0.0083695778949867683 -0.0026998932258674138 -0.0070738396711372414 0.037808928939527017 -0.0017399475175717478 -0.01444174520032899 0.0098965279902833419 0.00022696996098471326 0.00066765139908134697 0.031605692911762996
leaf_weight=0.099554050946607187 1.6569632661994536 1.6781822351331346 1.0956627982668568 0.56913206807802552 0.27496514833183017 0.34944961871951896 0.16242775093996886 1.240231755422428 0.12515149230603129 1.1793174980557513 2.379223857773467 59.777016690990429 0.45104143803473551 2.4674347395775844
leaf_count=31 89 3300 949 227 84 5 46 118 22 295 85 782 130 1012
internal_value=0.000255336 -0.000685771 0.000443432 0.00120198 0.0263928 0.0164042 0.0233323 0.034055 0.0263797 -0.000166001 0.000324814 -0.000207734 -0.020481 0.0299597
internal_weight=73.5058 71.891 70.2128 68.6661 1.61475 4.76143 3.10446 1.33979 2.94204 63.9047 62.7254 60.3461 1.5467 2.59259
internal_count=7175 6942 3642 2563 233 1174 1085 149 1039 1389 1094 1009 1079 1034
is_linear=0
shrinkage=0.05


Tree=143
num_leaves=15
num_cat=0
split_feature=72 17 73 15 117 13 124 4 55 6 24 75 39 37
split_gain=0.69413 0.827718 0.627178 0.324503 0.321229 0.305991 0.304377 0.163058 0.157477 0.156097 0.127266 0.106871 0.0759099 0.0761592
threshold=244.99747467041018 0.0011501817498356106 114.37179565429689 0.0087979566305875796 9.2500000000000018 0.00024481657601427292 0.31933420896530157 174.88477325439456 574.34469604492199 32.575269699096687 1.3550000190734866 0.3899152427911759 0.43299530446529394 0.20910493284463885
decision_type=2 10 2 8 2 8 8 8 8 10 10 2 10 10
left_child=1 -1 -2 5 -3 6 7 8 11 -7 -6 -4 13 -10
right_child=2 4 3 -5 10 9 -8 -9 12 -11 -12 -13 -14 -15
leaf_value=-0.016695704396309997 -0.027741553536383662 -0.003786906682094976 0.017979183856917661 -0.019162532264285957 -0.0027488132509778072 -0.0025814525581243598 -0.021336985203200876 -0.016526013521930824 -0.0023361367624379031 0.018223606398173664 0.039437038773769043 -0.0056025121630176797 0.0021645151859921515 0.0035044671687823378
leaf_weight=0.50007728551281561 1.1813785016129248 0.35617152281338382 0.93483996874421282 1.2541614896617819 0.058012990513816365 0.92842636312707272 0.74394332568043964 0.48720467498059505 35.424384180427296 2.3383843065239489 1.8010384152876211 0.12582310731522739 20.902590751764365 5.6774069248349397
leaf_count=463 2268 49 73 626 33 17 445 402 1327 175 984 73 147 85
internal_value=-0.000245095 0.0208263 -0.00134429 -0.000500277 0.0318549 0.000120583 -0.00072886 -0.000160819 0.000221592 0.0130916 0.0376196 0.0138205 -0.0002267 -0.0014653
internal_weight=72.7138 2.7153 69.9985 68.8172 2.21522 67.563 64.2962 63.5522 63.065 3.26681 1.85905 1.06066 62.0044 41.1018
internal_count=7167 1529 5638 3370 1066 2744 2552 2107 1705 192 1017 146 1559 1412
is_linear=0
shrinkage=0.05


Tree=144
num_leaves=15
num_cat=0
split_feature=65 74 16 92 102 68 72 87 47 125 18 34 62 21
split_gain=0.64201 0.856331 0.41093 0.561354 0.373004 0.317801 0.336645 0.167073 0.178185 0.142781 0.130969 0.123717 0.116958 0.102539
threshold=16.358708381652836 0.96899059414863598 0.031758718192577369 0.0023366904351860289 14.500000000000002 34.703720092773445 1267.8930664062502 0.0084389690309762972 0.18892279267311099 -146.49999999999997 5.329899977368769e-05 515.85650634765636 113.73213958740236 0.019748939201235775
decision_type=2 2 10 10 2 2 2 2 8 2 10 8 2 8
left_child=5 2 3 7 9 -1 -7 8 12 -4 -5 -10 -2 -14
right_child=1 -3 4 10 -6 6 -8 -9 11 -11 -12 -13 13 -15
leaf_value=-0.0087073412299370403 -0.012039995194021842 -0.029488670624607322 0.0012242222938479291 0.0030291878171614366 0.0091419783524198123 0.036538192896671706 -0.0062401290695395855 -0.014039312566429553 0.015322475813674378 -0.029398173920788091 0.026300187095387159 -0.0056681298356079891 -0.00120099606091516 0.0037990889803257463
leaf_weight=0.2061290203128 1.1603328322526056 1.5971224811510172 0.35730255409725953 1.1854201453388662 0.50833709281869222 1.240955513785593 0.25332798325689498 1.1971285881008942 1.9304498677374788 1.5121497722575432 1.4833632147056048 0.35306892835069437 50.110752092819894 11.829325830563901
leaf_count=34 89 3326 51 19 140 111 77 291 63 1071 928 81 795 102
internal_value=-0.000418378 -0.00128425 -0.000257988 0.000564623 -0.0172899 0.0235362 0.0296917 -0.000477475 -2.14221e-05 -0.0251585 0.0196068 0.0113392 -0.00060303 -0.00020089
internal_weight=74.9252 73.2248 71.6276 69.2498 2.37779 1.70041 1.49428 66.5811 65.3839 1.86945 2.66878 2.28352 63.1004 61.9401
internal_count=7178 6956 3630 2368 1262 222 188 1421 1130 1122 947 144 986 897
is_linear=0
shrinkage=0.05


Tree=145
num_leaves=15
num_cat=0
split_feature=65 73 99 33 68 72 16 73 3 116 120 13 39 73
split_gain=0.648616 0.852065 0.369436 0.433499 0.341006 0.20605 0.189802 0.150993 0.213031 0.228234 0.33572 0.114901 0.112475 0.0995818
threshold=16.358708381652836 104.11456680297853 0.10600342974066736 234.849479675293 34.703720092773445 1267.8930664062502 0.019726852886378769 1191.6126708984377 188.25541687011722 1.3826634883880617 -157.49999999999997 0.0036832537734881048 0.6912677288055421 550.80554199218761
decision_type=2 2 10 8 2 2 10 2 8 2 2 10 8 2
left_child=4 -2 3 6 -1 -6 -3 8 9 10 -5 -12 13 -11
right_child=1 2 -4 7 5 -7 -8 -9 -10 12 11 -13 -14 -15
leaf_value=-0.0088805816356675154 -0.029668267201861404 -0.0048799694897510631 -0.021696951852169955 0.002964596737547006 0.035399458030854279 -0.0045436775115084678 0.026658274411298918 -0.0089997862931227354 0.015079985644597222 -0.00070722758836954021 -0.025211581205437414 0.0035221856822490664 0.0080851174691532555 0.0071454202010891761
leaf_weight=0.21127612434793164 1.5612587395298749 0.26464496063999732 0.96244845757610065 2.0971652544103567 1.1996886834967879 0.13475769569049578 1.1408782370854167 3.7876684524817383 1.3209493604954321 51.98952184341033 1.5924293342977751 0.14370004652300838 3.5261937762843436 3.3704687769350121
leaf_count=37 2581 91 879 43 116 70 954 516 48 1267 493 11 74 89
internal_value=-0.000479129 -0.00134084 -0.000302933 0.000299166 0.0243369 0.0311473 0.0211599 -0.000434259 0.000202932 -0.000342142 -0.0107895 -0.0224152 0.000506761 -0.000110838
internal_weight=73.303 71.7573 70.1961 69.2336 1.54572 1.33445 1.40552 67.8281 64.0404 62.7195 3.83329 1.73613 58.8862 55.36
internal_count=7269 7046 4465 3586 223 186 1045 2541 2025 1977 547 504 1430 1356
is_linear=0
shrinkage=0.05


Tree=146
num_leaves=15
num_cat=0
split_feature=86 88 92 31 66 65 65 72 111 125 120 117 38 96
split_gain=0.508006 0.366306 0.678171 0.392021 0.329968 0.194408 0.172682 0.174486 0.134036 0.313609 0.210099 0.120569 0.0818659 0.0800487
threshold=0.96533280611038219 0.21380496770143512 0.003513462957926095 89.531368255615249 38.758869171142585 13.826340198516847 30.066038131713871 1267.8930664062502 6969.6774902343759 -11.499999999999998 -174.49999999999997 49.750000000000007 0.49074038863182073 0.052145883440971381
decision_type=2 10 10 8 2 2 2 2 2 2 2 2 10 10
left_child=1 2 4 11 5 -1 7 -6 9 -8 -11 -4 -7 -12
right_child=-2 -3 3 -5 6 12 8 -9 -10 10 13 -13 -14 -15
leaf_value=0.0068409503365721271 -0.025037715893172309 -0.022353511360991216 -0.0028820426638593365 -0.0048751860251795391 0.019836804363143227 -0.025858805547117752 0.0077620350334614598 0.0020920016979212425 -1.86415535703978e-05 0.0013256193806554892 -0.023350877219533318 0.033842589470699784 0.0021372391745424131 0.0027864728933897336
leaf_weight=0.20385317387990554 1.1015110746666312 0.80376340850489114 0.082555322442203205 0.69303281753673207 1.040591068624052 1.2111764121800659 1.5494506778777575 5.223942149488721 56.216091134265298 1.2751717588107565 2.1477110882115085 1.5477800857624968 0.13296011462807644 0.10482752125244577
leaf_count=9 2945 909 27 98 175 475 210 120 785 33 447 935 2 42
internal_value=-0.000804404 -9.80142e-05 0.000457586 0.0225222 -0.000594916 -0.0182581 7.0224e-05 0.00736445 -0.000781544 -0.00783562 -0.0148877 0.0315943 -0.0233591 -0.0216518
internal_weight=73.3344 72.2329 71.4291 2.32337 69.1058 1.54799 67.5578 6.26453 61.2933 5.07716 3.52771 1.63034 1.34414 2.25254
internal_count=7212 4267 3358 1060 2298 486 1812 295 1517 732 522 962 477 489
is_linear=0
shrinkage=0.05


Tree=147
num_leaves=15
num_cat=0
split_feature=32 73 33 68 22 118 14 122 72 89 13 16 86 19
split_gain=0.577666 0.834723 0.33759 0.331626 0.268649 0.22324 0.217387 0.164086 0.133512 0.129204 0.125286 0.124168 0.0904961 0.0865939
threshold=16.358708381652836 104.11456680297853 234.849479675293 34.703720092773445 0.042757019400596626 0.051587330177426345 0.0050270757637918004 173.93003082275393 1351.6320800781252 0.07254210859537126 0.83333334326744091 0.019726852886378769 0.046999117359519012 0.02089235465973616
decision_type=8 2 8 2 10 2 10 8 2 8 10 10 2 10
left_child=3 -2 9 -1 6 -6 7 13 -5 11 -9 -3 -7 -4
right_child=1 2 4 8 5 12 -8 10 -10 -11 -12 -13 -14 -15
leaf_value=-0.0087774596195931073 -0.029402425520066968 -0.0020713714242649116 0.0016901422878174003 0.034313013021041741 -0.021159728371930656 0.010855438937478347 0.01297426103963243 -0.019934299017459717 -0.0026225336047486368 -0.0054977833671192794 0.0060520171374801521 0.025902689249003338 -0.0072842041990083158 -0.0020215247594723533
leaf_weight=0.20853217330295581 1.5177825552527782 0.31799270666669932 30.219973264232976 1.0579991415143011 1.7658509783796028 0.57827929244376708 2.0781671786098732 0.77615355301531863 0.12535926888813254 0.12328105908818554 0.11691495031118393 1.0863903010031206 0.31991146731888875 30.648669356305618
leaf_count=38 2605 72 620 94 1188 48 135 421 30 100 1 920 98 829
internal_value=-0.000316409 -0.0011314 -8.38884e-05 0.0238544 -0.000754452 -0.0139208 1.19965e-06 -0.000635087 0.0309912 0.0178574 -0.0151325 0.0213415 0.00396083 -0.000181229
internal_weight=70.9413 69.5494 68.0316 1.39189 66.5039 2.66404 63.8399 61.7617 1.18336 1.52766 0.893069 1.40438 0.898191 60.8686
internal_count=7199 7037 4432 162 3340 1334 2006 1871 124 1092 422 992 146 1449
is_linear=0
shrinkage=0.05


Tree=148
num_leaves=15
num_cat=0
split_feature=32 74 22 33 6 40 34 134 59 62 36 27 72 118
split_gain=0.537409 0.780296 0.353991 0.43689 0.232311 0.168236 0.152622 0.140567 0.137248 0.132557 0.124293 0.121404 0.0924557 0.0910738
threshold=16.358708381652836 0.9707201123237611 0.12365502119064332 243.849479675293 16.249071121215824 0.38333334028720861 44.369388580322273 0.92711213231086742 846.58334350585949 120.0110321044922 330.57717895507818 2866.5761718750005 610.96966552734386 0.054308403283357627
decision_type=8 2 10 8 10 10 8 2 2 2 10 10 2 2
left_child=4 2 3 8 -1 6 -5 -6 -2 -8 -11 -12 -7 -4
right_child=1 -3 13 5 7 12 9 -9 -10 10 11 -13 -14 -15
leaf_value=-0.0067224408688932192 -0.0050463089670130887 -0.028224573096873332 -0.023192057837630422 -0.015035353098534796 0.032865982986986335 -0.0018923348505289848 -0.010399326755727177 -0.0034985477690314816 0.024521356959895088 0.0083093608676967374 -0.012913165873283792 0.00031688750026229157 0.020180424749691905 0.0015703391644976616
leaf_weight=0.15846118994522829 0.1115696121705686 1.4869076261529688 0.96655709986225591 0.71256895590340619 1.0129838803550226 0.453706276253796 1.8863912526285265 0.10098101102630597 1.4328439443488603 3.7818672278663135 0.78582908841781218 58.776094545319211 0.57550038956105709 0.30965526041109115
leaf_count=32 34 3340 1001 307 99 17 179 25 1027 81 238 735 9 20
internal_value=5.05261e-05 -0.000702867 0.000273885 0.000905412 0.0239916 0.000130842 -0.000301 0.0294739 0.0212416 8.45434e-05 0.000553524 -6.80033e-05 0.0143127 -0.0191335
internal_weight=72.5519 71.2795 69.7926 68.5164 1.27243 66.972 65.9428 1.11396 1.54441 65.2302 63.3438 59.5619 1.02921 1.27621
internal_count=7144 6988 3648 2627 156 1566 1540 124 1061 1233 1054 973 26 1021
is_linear=0
shrinkage=0.05


Tree=149
num_leaves=15
num_cat=0
split_feature=72 17 74 15 68 3 1 120 13 88 121 102 67 49
split_gain=0.559114 0.633983 0.513536 0.253232 0.225748 0.214419 0.233369 0.24552 0.240816 0.143575 0.114101 0.103337 0.0986297 0.085646
threshold=244.99747467041018 0.0011501817498356106 0.96899059414863598 0.016671297140419487 34.703720092773445 193.74024963378909 5269.9060058593759 -166.49999999999997 0.83333334326744091 0.21380496770143512 -28373.950195312496 16.500000000000004 32.658084869384773 0.018824893981218341
decision_type=2 10 2 8 2 8 2 2 10 10 2 2 2 8
left_child=1 -1 3 5 -3 6 7 -2 11 10 -6 -9 -7 -8
right_child=2 4 -4 -5 9 12 13 8 -10 -11 -12 -13 -14 -15
leaf_value=-0.01494637234009959 0.0020981307684531272 -0.0057884202426949022 -0.025260358744603296 -0.018230678228468446 -0.0019498144930949063 -0.0055888404154058081 -0.0001964920419216615 -0.027485238280523447 0.0074424791024365099 -0.003568883482897404 0.036953012985420315 0.0024866121345136312 0.016166971674728314 0.010296371385670453
leaf_weight=0.42545186553616021 1.8456343860016176 0.1298531963839199 1.1920895339280821 0.98841481833369371 0.098657053837087338 0.12377143406774749 58.936253993888386 1.6482013511704305 0.23724392300937314 0.075583224708679952 1.7016796370153309 0.14754663585335936 1.7395249371766111 1.0101496187853616
leaf_count=440 40 32 3116 530 52 22 729 921 22 27 937 49 110 132
internal_value=-0.000468988 0.0192377 -0.00144402 -0.000651257 0.0290489 -0.000117333 -0.000707042 -0.0112233 -0.0200214 0.0326346 0.0348862 -0.025014 0.0132746 0.000146362
internal_weight=70.3001 2.43122 67.8688 66.6767 2.00577 65.6883 63.825 3.87863 2.03299 1.87592 1.80034 1.79575 1.8633 59.9464
internal_count=7159 1488 5671 2555 1048 2025 1893 1032 992 1016 989 970 132 861
is_linear=0
shrinkage=0.05


Tree=150
num_leaves=15
num_cat=0
split_feature=101 33 9 82 116 5 66 14 122 24 58 63 134 102
split_gain=0.517467 0.553779 0.391075 0.374926 0.297217 0.365249 0.203844 0.16384 0.10252 0.0960191 0.0870958 0.0742368 0.080804 0.0730261
threshold=0.26107838749885565 261.71339416503912 0.96443030238151561 0.029454047791659835 0.40149745345115667 507.57017517089849 38.758869171142585 0.0016118421335704627 298.85276794433599 101.16666793823244 2391.140258789063 22.722260475158695 0.31814610958099371 11.500000000000002
decision_type=8 10 8 2 2 10 2 8 8 8 2 2 2 2
left_child=1 4 6 13 10 9 -3 8 11 -6 -1 -8 -13 -2
right_child=3 2 -4 -5 5 -7 7 -9 -10 -11 -12 12 -14 -15
leaf_value=-0.012999558770457449 -0.030478548879779521 -0.0169529871217526 -0.022634927308646611 0.0059785608986832571 0.034385564860540972 -0.0054937412111979731 0.0080230140786820628 0.010299930808499867 -0.013705641742647753 -0.0029374652085232215 0.0067813934399224216 -0.0027069906123704827 0.0011316903379485746 0.0017144355246482335
leaf_weight=0.34935479064006303 1.5540365432389074 0.73835621291072939 0.98068409124971267 0.67528670816682268 1.6502524771494791 0.47346531302900974 1.7943200473382592 2.9218127266503862 0.38335139799164508 0.025140585494227818 0.15075003562378697 21.033409420051612 35.335010742797749 0.079137959284707793
leaf_count=176 1331 278 2615 77 1025 346 140 159 232 14 9 272 423 29
internal_value=-0.000645955 0.00031889 -0.000762985 -0.019942 0.0192622 0.0254137 -6.55162e-05 0.000405477 -0.000252999 0.0329369 -0.0064911 6.58289e-05 -0.0003229 -0.0288599
internal_weight=68.1444 65.8359 63.1869 2.30846 2.64896 2.14886 62.2063 61.4679 58.5461 1.67539 0.500105 58.1627 56.3684 1.63317
internal_count=7126 5689 4119 1437 1570 1385 1504 1226 1067 1039 185 835 695 1360
is_linear=0
shrinkage=0.05


Tree=151
num_leaves=15
num_cat=0
split_feature=65 73 95 72 99 80 116 48 69 20 39 63 37 119
split_gain=0.50238 0.714353 0.296008 0.269881 0.181347 0.137258 0.155114 0.270196 0.1257 0.116897 0.0887524 0.0734819 0.0765272 0.0724922
threshold=16.358708381652836 109.64814758300783 0.00019102909573120999 227.849479675293 0.10600342974066736 0.2264957278966904 1.1051909327507021 0.00029020465444773441 60.020280838012702 0.020862359553575519 0.64495798945426952 350.69137573242193 0.31750674545764929 0.12031427770853044
decision_type=2 2 10 2 10 2 2 10 2 8 10 2 8 2
left_child=2 -2 8 9 5 6 7 -5 -1 -3 11 12 -8 -7
right_child=1 3 -4 4 -6 13 10 -9 -10 -11 -12 -13 -14 -15
leaf_value=-0.011907447100441122 -0.028048486235859371 0.021750233730311652 0.031866379195784826 -0.023882314078450248 -0.015906682056771548 0.014888074280534975 -0.00095301677969781618 0.00067731150498796398 0.0089931812203303853 -0.0050230669851624964 0.0046157630954372789 -0.012366734203642406 0.0061747470563488244 -0.0025455131538595355
leaf_weight=0.38022954313782864 1.3633612369012542 0.92976293491665152 0.89176368137123063 0.90791718722903114 0.88729256798978795 1.2138314054463979 50.671178770164261 2.5831656890222803 0.51672964272438549 0.11149732297053572 8.0139911377336812 0.3267973525216793 3.0661195701395618 0.46491752803558473
leaf_count=79 2632 906 81 529 761 32 1457 94 62 99 123 167 140 9
internal_value=-0.00020833 -0.00101713 0.0206148 -9.22913e-05 -0.000620036 -0.000188222 -0.000632072 -0.00960538 -0.0014733 0.0178271 1.68372e-05 -0.000736313 -0.000440947 0.0109121
internal_weight=72.3286 70.5398 1.78872 69.1765 68.1352 67.2479 65.5692 3.49108 0.896959 1.04126 62.0781 54.0641 53.7373 1.67875
internal_count=7171 6949 222 4317 3312 2551 2510 623 141 1005 1887 1764 1597 41
is_linear=0
shrinkage=0.05


Tree=152
num_leaves=15
num_cat=0
split_feature=101 72 74 44 13 66 3 86 51 26 94 28 42 3
split_gain=0.492372 0.579959 0.453904 0.325392 0.324576 0.219324 0.175809 0.178933 0.0941442 0.0809277 0.0747889 0.0737545 0.068984 0.0597366
threshold=0.26107838749885565 267.45576477050787 0.96899059414863598 0.019692006520926956 0.03637566231191159 38.758869171142585 207.61489868164065 0.49759615957736975 11.500000000000002 3.0186583899194378e-05 0.016496547497808937 3.5000000000000004 0.015560081694275142 28.486608505249027
decision_type=8 2 2 10 10 2 8 2 2 10 10 2 8 10
left_child=1 3 5 -1 8 10 11 -8 -2 -5 -3 -7 13 -13
right_child=4 2 -4 9 -6 6 7 -9 -10 -11 -12 12 -14 -15
leaf_value=-0.0083221296218404222 -0.029001920820423674 -0.020294060416089308 -0.023885182235256534 -0.0024313674215867237 0.006773370711289986 -0.010511422257517031 0.019376722705176336 -0.0057601542188761047 0.0023313833704752367 0.030417765215475956 0.0027307260516715609 0.0060781081500232773 -0.0064524136494786416 0.00026449105774340495
leaf_weight=0.27929712657350947 1.6310161631845397 0.70751525100786139 1.0245527853257943 0.050947367795742937 0.50857148395152751 0.60621316393371572 1.2952042594552029 0.48610652200295579 0.10869023107807141 1.548896766209509 0.17547899030614644 3.7906539920077185 2.5537837076990391 58.429421906679636
leaf_count=201 1403 274 2916 30 32 68 76 92 37 1006 8 197 119 724
internal_value=-0.000512626 0.000353959 -0.000554645 0.0223435 -0.0195493 0.000137497 0.000600574 0.0129124 -0.0269079 0.0288388 -0.0166981 7.56642e-05 0.000333053 0.000709216
internal_weight=73.1963 70.9481 69.0689 1.87914 2.24828 68.0444 67.1614 1.78131 1.73971 1.59984 0.882994 65.3801 64.7739 62.2201
internal_count=7183 5711 4474 1237 1472 1558 1276 168 1440 1036 282 1108 1040 921
is_linear=0
shrinkage=0.05


Tree=153
num_leaves=15
num_cat=0
split_feature=32 27 93 74 99 68 87 1 72 40 32 20 107 117
split_gain=0.454631 0.735058 0.50539 0.335664 0.283547 0.257811 0.193933 0.128724 0.121507 0.120896 0.0935984 0.0872079 0.0751061 0.0911522
threshold=16.358708381652836 548.39172363281261 4.3410998841864064e-05 0.96899059414863598 0.028739678673446182 34.703720092773445 0.0084389690309762972 4024.0949707031255 1358.5483398437502 0.017327156849205497 35.370967864990241 0.00012136389705119656 664.00686645507824 49.750000000000007
decision_type=8 10 8 2 10 2 2 2 2 10 10 10 2 2
left_child=5 7 3 6 10 -1 9 -2 -7 11 -4 -3 -11 -14
right_child=1 2 4 -5 -6 8 -8 -9 -10 12 -12 -13 13 -15
leaf_value=-0.0076950554509172073 -0.028967179012751074 0.0085252614294681877 -0.0036824400476798851 -0.021770181232405088 -0.0049094960930895042 0.032131701934878319 -0.014752331048796963 0.0038558661436855664 -0.0026885805512606889 0.0043006182725864889 0.026585722486041203 0.00047318758441769107 -0.012818345554857655 -0.00097440400365504686
leaf_weight=0.1782629583030938 1.6306992604222603 2.6016576416732269 0.035087315482086878 0.87930411205161263 0.68796978963655409 0.88622031273553126 1.2487985742045555 0.093964802799746283 0.12179833831032738 0.95500062467181024 1.9620152140269054 53.277832860971102 2.7986941207200289 3.1504500526934862
leaf_count=32 1561 255 8 2580 376 98 368 32 31 77 930 661 137 17
internal_value=-0.000263484 -0.000957969 6.73496e-05 -0.000941086 0.0180861 0.022195 -0.000324697 -0.02642 0.0286807 0.000189064 0.0250027 0.000991371 -0.00560838 -0.00758902
internal_weight=70.5078 69.3215 67.5968 64.9117 2.68507 1.18628 64.0324 1.72466 1.00802 62.7836 1.9971 55.8795 6.90414 5.94914
internal_count=7163 7002 5409 4095 1314 161 1515 1593 129 1147 938 916 231 154
is_linear=0
shrinkage=0.05


Tree=154
num_leaves=15
num_cat=0
split_feature=32 74 101 4 68 116 81 110 4 14 31 60 4 1
split_gain=0.530421 0.648235 0.317926 0.276547 0.26986 0.250869 0.239347 0.180263 0.117509 0.114789 0.0887765 0.0882291 0.0798913 0.073615
threshold=16.358708381652836 0.96899059414863598 0.25084732472896581 39.342868804931648 34.703720092773445 1.1615963578224184 0.0098524559289217013 364.57250976562506 26.375326156616214 0.01681741047650576 348.02781677246099 998.87503051757824 47.843925476074226 37848.468750000007
decision_type=8 2 10 10 2 2 2 2 10 10 10 2 8 2
left_child=4 2 3 5 -1 9 7 -5 -4 -2 -7 -9 -8 -12
right_child=1 -3 8 6 -6 10 12 11 -10 -11 13 -13 -14 -15
leaf_value=-0.0075141247215916741 -0.019783135363005914 -0.026933436884368014 0.0028519820391330049 -0.0062465149939228259 0.030496810203671829 0.0061237698905142069 0.010494328355813921 0.026877894327083741 -0.023021160255446291 0.0049969616510605391 0.00011594171507757007 -0.0030331328662696138 -0.0030310234073657534 -0.0071331324820727918
leaf_weight=0.1732896240428089 1.2747416491620231 1.3075086031458329 0.30620952090248355 0.14122841245261852 1.0238239271857308 4.8299261716601896 0.55496135447174311 1.654476278927177 0.98559516304521821 0.1578241247916593 54.23701702314429 0.064088120096130186 2.7342446978436787 2.7418955320026717
leaf_count=28 442 3389 58 41 126 560 8 889 939 25 393 33 59 244
internal_value=-0.000123552 -0.000860488 2.86961e-06 0.000607984 0.0240788 -0.000370508 0.0107319 0.0213269 -0.0183198 -0.0161212 0.000245411 0.0250571 0.00116565 -0.000349906
internal_weight=72.1868 70.9897 69.6822 68.3904 1.19711 63.2414 5.149 1.85979 1.2918 1.43257 61.8088 1.71856 3.28921 56.9789
internal_count=7234 7080 3691 2694 154 1664 1030 963 997 467 1197 922 67 637
is_linear=0
shrinkage=0.05


Tree=155
num_leaves=15
num_cat=0
split_feature=72 47 73 116 13 19 38 72 79 46 102 24 102 59
split_gain=0.472367 0.513558 0.429547 0.307362 0.187352 0.371919 0.421389 0.145305 0.126827 0.111846 0.105269 0.0830651 0.0763 0.0755273
threshold=243.849479675293 0.31372407078742987 114.37179565429689 0.40149745345115667 0.0036067968467250471 0.037893060594797141 0.024982418864965442 1191.6126708984377 0.16777042299509051 0.0027223334182053809 11.500000000000002 1.3550000190734866 2.5000000000000004 17775.442382812504
decision_type=2 8 2 2 10 8 10 2 2 8 2 10 2 2
left_child=1 3 -2 -1 5 9 8 -6 -7 13 12 -5 -8 -4
right_child=2 -3 4 11 7 6 10 -9 -10 -11 -12 -13 -14 -15
leaf_value=-0.0061357036606275641 -0.024650815421970396 -0.012812971025659151 -0.0025567810140456806 -0.0020912181112652584 0.019242670342020735 -0.029897703800073464 0.0026588945857151203 0.00086695334992344629 -0.0058766054104284959 0.011443091860570517 0.010912386269691005 0.035344894176137946 -0.010985974269123804 0.0010633982125806292
leaf_weight=0.25979645579354782 0.93469189057941449 0.41688191861612711 24.023769779450959 0.043565517349634209 0.98813306819647495 1.6181910789164242 1.5447810286423198 2.5635207056184299 1.461682266264688 1.0365740475826886 0.75376486248569552 1.4332787292078135 0.92580253619234998 33.054661171219777
leaf_count=84 2284 433 251 33 134 1568 42 85 294 28 94 967 113 777
internal_value=-0.000567129 0.0183723 -0.0014134 0.0278049 -0.000741074 -0.00141333 -0.0120474 0.00908382 -0.0227321 -7.54788e-05 0.00112378 0.0338421 -0.00414642 -0.000478089
internal_weight=71.0591 2.15352 68.9056 1.73664 67.9709 64.4192 6.30422 3.55165 3.07987 58.115 3.22435 1.47684 2.47058 57.0784
internal_count=7187 1517 5670 1084 3386 3167 2111 219 1862 1056 249 1000 155 1028
is_linear=0
shrinkage=0.05


Tree=156
num_leaves=15
num_cat=0
split_feature=65 73 73 117 55 72 5 111 4 19 67 72 89 37
split_gain=0.446717 0.609017 0.235966 0.206011 0.201421 0.435686 0.19623 0.454491 0.116674 0.103438 0.0997035 0.0949052 0.0729698 0.0679323
threshold=16.358708381652836 104.11456680297853 1191.6126708984377 9.2500000000000018 341.66561889648443 382.68466186523443 593.30627441406261 6132.2617187500009 55.971033096313484 0.024784548208117489 32.658084869384773 1358.7139892578127 0.019604232162237171 0.20910493284463885
decision_type=2 2 2 2 10 2 10 2 10 8 2 2 8 8
left_child=3 -2 4 -1 -3 12 7 -7 10 -4 -8 -5 -6 -9
right_child=1 2 9 11 5 6 8 13 -10 -11 -12 -13 -14 -15
leaf_value=-0.0035455582382547587 -0.026714078765537483 -0.017302639112224742 -0.0031720232127834293 0.03118876833367909 -0.00044605967436786109 -0.022023469737848841 -0.00019208421805401582 -0.00049292452839073411 -0.0028812244560495401 -0.021092555170752779 0.013557447907353512 -0.002378700926639778 0.024646419783479232 0.0061758039547213078
leaf_weight=0.41211498758639098 1.2370571338396974 0.54742162907495995 2.2604703481483734 0.82634194538695738 0.29354267701273662 1.4490571077913035 1.7281860730727192 49.894849448290188 1.8049455352011134 0.79674474563216779 4.2100351148110349 0.086867105710553005 1.1884978733141907 3.1286139301955691
leaf_count=87 2599 438 84 98 43 714 55 1032 125 709 223 37 950 22
internal_value=-0.000332213 -0.00104849 -0.000192534 0.0212311 0.000537813 0.000956203 0.0001345 -0.00096492 0.00709458 -0.01189 0.010105 0.0284214 0.0214991 7.59282e-06
internal_weight=69.8647 68.5394 67.3024 1.32532 64.2451 63.6977 62.2157 54.4725 7.74317 3.05722 5.93822 0.913209 1.48204 53.0235
internal_count=7216 6994 4395 222 3602 3164 2171 1768 403 793 278 135 993 1054
is_linear=0
shrinkage=0.05


Tree=157
num_leaves=15
num_cat=0
split_feature=65 73 101 72 72 68 40 108 102 81 93 5 14 134
split_gain=0.495264 0.570961 0.338769 0.268959 0.239924 0.17715 0.128385 0.123076 0.137032 0.145786 0.0903731 0.0774942 0.0667533 0.0780398
threshold=16.358708381652836 104.11456680297853 0.28033196926116949 1267.8930664062502 227.849479675293 34.703720092773445 0.38333334028720861 0.13077405840158465 16.500000000000004 0.025320513173937801 2.5345000267407163e-06 610.56643676757824 0.0011908069718629124 0.31814610958099371
decision_type=2 2 10 2 2 2 8 2 2 2 10 10 8 2
left_child=3 -2 4 5 -3 -1 7 8 9 -6 -10 -8 13 -9
right_child=1 2 -4 -5 6 -7 11 12 10 -11 -12 -13 -14 -15
leaf_value=-0.0047109832018170997 -0.026124673351545599 0.018347436213571707 -0.021143936321041987 -0.0068840901651422972 -0.022112632935549312 0.032884210692483956 -0.0018245488704130401 -0.0026644136185112258 -0.0060322870750183742 -0.002049016297172418 0.013169140205564653 0.01819126311733316 0.0069354834391099351 0.0011311006654379178
leaf_weight=0.10266820125980203 1.1834551804349747 0.82283299724804138 0.86594043637160112 0.26424300053622563 0.93985290575074021 1.0412976141669785 0.46809592534555022 19.995864536409499 0.31597569209407073 2.1319723788474221 0.3895996559294872 0.50487560272449628 2.4542829947895362 37.178753325715661
leaf_count=29 2546 904 886 82 644 115 39 624 103 67 102 10 124 844
internal_value=-0.000184859 -0.000968563 -0.000135143 0.022103 0.000459042 0.0288866 -4.67241e-05 -0.000430886 -0.00815323 -0.0121107 0.00607507 0.0125177 0.000184722 -0.000219299
internal_weight=68.6597 67.2515 66.068 1.40821 65.2021 1.14397 64.3793 63.4063 3.7774 3.07183 0.705575 0.972972 59.6289 57.1746
internal_count=7119 6893 4347 226 3461 144 2557 2508 916 711 205 49 1592 1468
is_linear=0
shrinkage=0.05


Tree=158
num_leaves=15
num_cat=0
split_feature=65 73 33 137 16 65 113 80 8 0 77 122 88 81
split_gain=0.427689 0.571041 0.213192 0.196776 0.181183 0.171609 0.163176 0.127783 0.138483 0.110339 0.107859 0.107523 0.0726232 0.0535889
threshold=16.358708381652836 104.11456680297853 234.849479675293 72.073478698730483 0.031758718192577369 30.066038131713871 3119.448608398438 0.34666667878627783 182.20648956298831 101.50000000000001 0.0082900589331984537 -72.464324951171861 0.019777638837695125 0.060120481997728355
decision_type=2 2 10 2 10 2 2 2 8 2 2 8 8 2
left_child=3 -2 6 11 7 -6 -3 8 12 -8 13 -1 -4 -10
right_child=1 2 4 -5 5 -7 9 -9 10 -11 -12 -13 -14 -15
leaf_value=-0.0026644452427123256 -0.026004445536659732 -0.0073152850302256878 -0.00010998216338511637 -0.0015053143815490844 0.0051689296965639273 -0.02074062587403146 0.024151336158330827 0.013038429375802536 -0.020086912458076745 -0.0024944037832918039 0.0012735169971188744 0.031033603976193636 0.008308497851904597 -0.0025815280660913759
leaf_weight=0.10161063133273274 1.1735997709038191 0.1708161371643645 60.242223720473703 0.66586657767766155 0.45414351546787546 0.99770789640024304 0.93732406978961058 0.83093899907544155 0.82603184081381131 0.26993559274706058 1.4428879328188484 0.84428960274089948 1.6745754063012999 1.0228693025419486
leaf_count=12 2591 122 1557 117 57 1013 904 17 317 85 102 100 150 17
internal_value=-4.16182e-05 -0.000771587 2.44367e-05 0.0198303 -0.000486908 -0.0138334 0.0147415 8.47775e-06 -0.000351982 0.0197626 -0.00903828 0.0279047 0.000246137 -0.0147079
internal_weight=71.6548 70.0431 68.8695 1.61177 67.4914 1.45185 1.37808 66.0395 65.2086 1.20726 3.29179 0.9459 61.9168 1.8489
internal_count=7161 6932 4341 229 3230 1070 1111 2160 2143 989 436 112 1707 334
is_linear=0
shrinkage=0.05


Tree=159
num_leaves=15
num_cat=0
split_feature=32 73 94 33 125 68 87 8 0 72 109 38 38 83
split_gain=0.344477 0.554949 0.220174 0.310073 0.203872 0.202986 0.13308 0.17542 0.124229 0.120046 0.102215 0.108875 0.0902899 0.0853295
threshold=16.358708381652836 104.11456680297853 0.028908645734190944 260.10711669921881 -120.49999999999999 34.703720092773445 0.009051441680639984 393.86604309082037 101.50000000000001 1351.6320800781252 0.047855934128165252 0.16720430552959445 0.2516233772039414 0.00054970139171928178
decision_type=8 2 8 10 2 2 2 8 2 2 2 10 8 2
left_child=5 -2 3 8 -4 -1 7 10 -3 -7 11 -5 -8 -12
right_child=1 2 4 6 -6 9 12 -9 -10 -11 13 -13 -14 -15
leaf_value=-0.007129948937076195 -0.025620566788344595 0.022896230609556395 0.0078163160360473632 -0.015772175120042194 -0.02281580284712395 0.028671452110521176 -0.018467561142532729 0.014611075729447021 -0.0029001932367067832 -0.0031829399819669488 -4.7721346839319315e-05 0.0025063427498460732 0.0023202203469083801 0.0090947796137231772
leaf_weight=0.16322734538698558 1.1552577687398287 1.1017314673226781 0.19868239932111464 1.0446292810374864 0.84626369760371634 0.90903572126990162 0.58674431525287096 1.0952505617169652 0.33747736364603032 0.13233086280524731 59.456861452868907 0.95962013263488177 0.48183205723762523 1.6661720392294217
leaf_count=35 2611 989 19 415 902 95 346 90 82 35 1466 18 2 83
internal_value=-2.97853e-05 -0.000642863 0.000149228 0.000635135 -0.0160174 0.0194308 -1.8477e-05 0.000377787 0.0181382 0.0250473 -9.31524e-05 -0.00909937 -0.0125038 0.000343885
internal_weight=70.1351 68.9305 67.7753 66.7303 1.04495 1.20459 65.2911 64.2225 1.43921 1.04137 63.1273 2.00425 1.06858 61.123
internal_count=7188 7023 4412 3491 921 165 2420 2072 1071 130 1982 433 348 1549
is_linear=0
shrinkage=0.05


Tree=160
num_leaves=15
num_cat=0
split_feature=32 73 68 87 16 44 36 27 72 128 125 67 55 121
split_gain=0.413085 0.540976 0.214365 0.207813 0.175663 0.327621 0.214247 0.128484 0.112634 0.0855472 0.0975028 0.085616 0.0649966 0.0611571
threshold=16.358708381652836 104.11456680297853 34.703720092773445 0.009051441680639984 0.11393394321203233 0.019777257926762108 521.47454833984386 1667.8111572265627 1351.6320800781252 -168.76655578613278 105.50000000000001 33.603672027587898 341.66561889648443 -45757.988281249993
decision_type=8 2 2 2 10 8 8 8 2 8 2 2 10 2
left_child=2 -2 -1 4 5 -3 9 -8 -4 -7 11 -11 -13 -14
right_child=1 3 8 -5 -6 6 7 -9 -10 10 -12 12 13 -15
leaf_value=-0.0068860735357645078 -0.025381793350454446 0.00016042233675777424 0.030458724315179417 -0.015887334214319825 -0.016044579370779584 -0.0031121218009389625 -0.013503805960169847 0.0065873937359935825 -0.00268641011110755 -0.0030250305899266164 0.00072527940322925566 -0.0020701699528733364 -0.0020225318155901563 0.028459130627849077
leaf_weight=0.15725587628548954 1.1060795112862241 62.901753617363283 0.91771931905532234 0.92033896743669075 0.51967197781777841 0.14432552340440452 0.36759290928603117 0.96048153896117594 0.12076037214137614 0.063978321559261864 0.56957272189902131 0.057087282650173043 0.040040992433206246 1.9475639197044061
leaf_count=35 2608 2005 101 499 692 64 210 26 28 20 35 17 26 861
internal_value=0.000247007 -0.000420658 0.0216017 0.000341882 0.000791391 0.00115572 0.0132796 -0.00238534 0.0271773 0.0193461 0.0210734 0.0245683 0.0261416 0.0273736
internal_weight=70.7942 69.5985 1.19574 68.4924 67.5721 67.0524 4.15064 1.32807 1.03848 2.82257 2.67824 2.10867 2.04469 1.9876
internal_count=7227 7063 164 4455 3956 3264 1259 236 129 1023 959 924 904 887
is_linear=0
shrinkage=0.05


Tree=161
num_leaves=15
num_cat=0
split_feature=101 72 116 74 82 14 122 62 47 51 72 0 71 108
split_gain=0.436394 0.397117 0.376661 0.323393 0.175857 0.109432 0.137031 0.0982298 0.0969591 0.0944381 0.0915015 0.0765491 0.0613637 0.0734562
threshold=0.26107838749885565 267.45576477050787 0.40149745345115667 0.96899059414863598 0.029454047791659835 0.009330350439995529 -72.464324951171861 621.53387451171886 0.18272327631711963 11.500000000000002 1267.8930664062502 101.50000000000001 112.71489334106447 0.20955064892768863
decision_type=8 2 2 2 2 10 10 2 8 2 2 2 2 2
left_child=1 2 -1 5 9 6 -3 8 12 -2 -7 -4 13 -8
right_child=4 3 11 -5 -6 10 7 -9 -10 -11 -12 -13 -14 -15
leaf_value=-0.0095225015257649672 -0.027923797276528356 -0.012304249808405322 0.0298920454959309 -0.02075506226352292 0.0025323807462078233 0.018045107277949696 -0.0067823475862286639 -0.0032033418158984501 0.012580264211521225 0.0027794081539573266 -0.0015880383856760613 -0.0027968257407835883 0.00024409476794839876 0.0066347166834730452
leaf_weight=0.35698285151738574 1.2201675641117606 1.1879542339302123 1.2534866741043513 0.86031810306303569 0.51754601747961704 0.5591919400030736 0.36294142826227371 13.556650335609445 0.89521177255664852 0.092003108482458518 0.71917001227848232 0.020217003766447195 41.701514711254276 6.3104185665142722
leaf_count=182 1333 367 1030 2933 69 111 96 191 97 30 38 13 415 263
internal_value=-0.000237399 0.000557597 0.0196094 -0.000197046 -0.0194781 0.000382826 -4.14791e-07 0.000421362 0.00146258 -0.0255 0.0111509 0.0283713 0.00100622 0.00511622
internal_weight=69.6138 67.7841 1.63069 66.1534 1.82972 65.2931 64.0147 62.8267 49.2701 1.31217 1.27836 1.2737 48.3749 6.67336
internal_count=7168 5736 1225 4511 1432 1578 1429 1062 871 1363 149 1043 774 359
is_linear=0
shrinkage=0.05


Tree=162
num_leaves=15
num_cat=0
split_feature=65 27 72 74 126 87 45 31 1 90 115 42 104 10
split_gain=0.351525 0.573896 0.305476 0.236112 0.193671 0.175808 0.183172 0.131786 0.0885971 0.0814101 0.0796627 0.0693006 0.0532436 0.0871096
threshold=16.358708381652836 548.39172363281261 382.68466186523443 0.97980883717536937 213.83769226074222 0.009051441680639984 0.0018214199808426204 70.998443603515639 3802.360229492188 0.0075052932370454082 0.21757273375988009 1.0000000180025095e-35 301.50000000000006 0.0056398550514131793
decision_type=2 10 2 2 2 2 10 10 2 10 2 10 2 10
left_child=4 8 -3 5 9 6 11 -8 -2 -1 12 -4 -9 -14
right_child=1 2 3 -5 -6 -7 7 10 -10 -11 -12 -13 13 -15
leaf_value=-0.0025949809683207059 -0.026585146159010239 0.020476545901720086 0.018056334579232353 -0.018883391775003026 -0.0040851250612448436 -0.015011261479420552 -0.011355848970729988 -0.0007383172410437048 0.0029688554281544731 0.026770491135087844 0.0052354822582118855 -0.0033470402645242783 -0.0021185631576377912 0.0078707178260470963
leaf_weight=0.080128664965740337 1.3721493832126714 0.80449527711607416 0.94969882628356461 0.67894039751263235 0.46850815619109187 0.87643216166179527 1.4448449294432055 51.871814644080587 0.075403186143375822 1.097268636425724 6.7337557264836496 0.12909039977239445 3.3169379954342721 3.9105255459289765
leaf_count=29 1529 931 113 2413 108 477 164 667 31 87 178 175 106 145
internal_value=-1.11041e-05 -0.000658433 0.000163108 -0.000356107 0.0178929 9.1863e-05 0.000499151 4.67814e-05 -0.0244617 0.0244981 0.000463205 0.0151171 -0.000158613 0.003586
internal_weight=73.81 72.1641 70.7165 69.912 1.64591 69.2331 68.3567 67.2779 1.44755 1.1774 65.833 1.07879 59.0993 7.22746
internal_count=7153 6929 5369 4438 224 2025 1548 1260 1560 116 1096 288 918 251
is_linear=0
shrinkage=0.05


Tree=163
num_leaves=15
num_cat=0
split_feature=86 65 99 89 69 125 32 18 121 29 32 116 38 31
split_gain=0.292304 0.268649 0.353534 0.292841 0.265406 0.217983 0.18535 0.131185 0.100096 0.106645 0.0964342 0.105788 0.205111 0.0828125
threshold=0.96533280611038219 16.358708381652836 0.10600342974066736 0.019604232162237171 49.214185714721687 11.500000000000002 515.85650634765636 0.00085459550609812151 -20254.869140624996 365.91563415527349 180.7494812011719 1.1615963578224184 0.13363095372915271 623.16873168945324
decision_type=2 2 10 8 2 2 8 8 2 2 8 2 10 10
left_child=1 5 3 10 -5 7 8 -1 -6 -10 11 12 -3 -13
right_child=-2 2 -4 4 6 -7 -8 -9 9 -11 -12 13 -14 -15
leaf_value=0.026332608872324106 -0.019984442213733532 -0.019855865873136373 -0.02143182095538862 -0.00984337948446261 -0.0033007905507829445 -0.0067281102891515931 -0.0072506997868487036 -0.003954984599205731 -0.0038499233613884503 0.025120221788559272 0.012293361001013593 0.00097859796091746983 0.00095389228166023379 -0.0033577126670232948
leaf_weight=1.1461692926823148 0.77329710229241655 1.014519310643663 0.87909112588385951 0.39261035667732302 0.13897104602074373 0.35345975204836566 0.16798567801015485 0.14700533082941558 0.082773514266590964 2.4338689799187705 0.49378814219380629 47.76652941229986 2.6645832915091887 13.220914495992472
leaf_count=97 2921 482 1038 241 56 65 41 29 29 1024 41 913 33 188
internal_value=7.08356e-05 0.000564466 -3.25276e-05 0.00054755 0.0133188 0.0161985 0.0182715 0.0226663 0.0214277 0.0233436 -0.0002746 -0.000556316 -0.00780158 -4.34257e-07
internal_weight=71.6756 70.9023 69.2556 68.3765 3.21621 1.64663 2.8236 1.29317 2.65561 2.51664 65.1603 64.6665 3.6791 60.9874
internal_count=7198 4277 4086 3048 1391 191 1150 126 1109 1053 1657 1616 515 1101
is_linear=0
shrinkage=0.05


Tree=164
num_leaves=15
num_cat=0
split_feature=86 101 48 116 36 65 77 129 74 127 116 91 48 46
split_gain=0.284809 0.237164 0.333147 0.207868 0.231324 0.167339 0.148436 0.140819 0.131353 0.129051 0.0706828 0.0692063 0.0589046 0.0561372
threshold=0.96533280611038219 0.20917221903800967 0.012551692780107261 1.1615963578224184 1338.7419433593752 39.342868804931648 0.054881395772099502 0.023644524626433853 0.33004854619503027 7.1054273576010031e-14 1.0000000180025095e-35 0.0024685539538040762 0.0004497631016420201 0.00025659849052317446
decision_type=2 10 8 2 10 2 2 8 2 8 2 8 10 8
left_child=1 2 3 5 7 8 -3 -5 -1 11 -11 -4 -8 -12
right_child=-2 6 9 4 -6 -7 12 -9 -10 10 13 -13 -14 -15
leaf_value=0.0049534680433680686 -0.020083132647458868 -0.02110806351419613 0.0068768763593070759 0.017393522601607758 -0.00013375437780054612 -0.00043794943651739404 0.0089843644661232423 -0.0011783737170677686 -0.024424447749775965 -0.0031492734249491563 -0.0015176304086863366 -0.010044039131455518 -0.0063002982791285954 0.022867239016383736
leaf_weight=0.10747921280562822 0.76796291522623406 1.0409450070001174 0.21809347631642506 2.1672369794978286 57.2896713251248 2.071015479741618 0.39071042562136415 1.3290716099436397 1.0224898752057923 0.066945837170352074 0.12750602519372445 0.27351374609861523 0.23088505372288637 1.8515620654507075
leaf_count=8 2956 1000 276 591 1061 24 38 96 547 29 8 64 152 354
internal_value=-0.000269233 0.000240969 0.000814706 -1.09082e-05 0.000721011 -0.010773 -0.0144 0.0116417 -0.0206164 0.0157511 0.0197426 -0.00295959 0.00292287 0.0213141
internal_weight=68.9551 68.1871 66.5246 63.987 60.786 3.20098 1.66254 3.49631 1.12997 2.53762 2.04601 0.491607 0.621595 1.97907
internal_count=7204 4248 3058 2327 1748 579 1190 687 555 731 391 340 190 362
is_linear=0
shrinkage=0.05


Tree=165
num_leaves=15
num_cat=0
split_feature=72 96 74 116 22 51 14 122 72 0 81 68 93 62
split_gain=0.317885 0.394805 0.315585 0.173422 0.16068 0.204211 0.1029 0.144663 0.0938197 0.0861886 0.0786018 0.0730718 0.0699423 0.0577795
threshold=234.06687927246097 0.2086504325270653 0.96899059414863598 0.23666230589151385 0.04339671507477761 12.500000000000002 0.0017406559200026097 -122.53968048095702 1267.8930664062502 101.50000000000001 0.10391363129019739 34.703720092773445 1.6676000086590651e-05 635.71685791015636
decision_type=2 8 2 2 10 2 10 10 2 2 2 2 10 2
left_child=1 3 4 -1 6 10 7 -2 -7 11 -6 -5 -8 -9
right_child=2 -3 -4 9 5 8 12 13 -10 -11 -12 -13 -14 -15
leaf_value=-0.0051922412239317449 -0.015678883274035143 -0.012002870553146708 -0.021201000047051295 -0.00205072821702446 -0.023244994232059901 0.013048949612232647 0.0020749791261191666 0.00084332499205117721 -0.0050734799897986273 -0.0030446843805865854 -0.00051178268043341015 0.032523034783120616 0.016527556976186471 -0.0034151569234068656
leaf_weight=0.11537612404208508 0.46870231488719483 0.3132686309691054 0.84423484840954088 0.042298249900340923 0.97033590899081834 0.35194567701546453 2.6006256746477443 51.614363274973584 0.7023276504187379 0.020598057250026502 0.52806453424273059 1.2104402025579473 0.54646420781500626 8.3894168820697796
leaf_count=74 269 408 3056 7 919 113 57 756 207 13 122 933 107 100
internal_value=-0.000133089 0.0166881 -0.000799362 0.0254757 -0.000227329 -0.0105773 0.000345214 -0.000174435 0.00438342 0.0293161 -0.0186449 0.0309635 0.00796474 0.000201703
internal_weight=68.7185 1.70198 67.0165 1.38871 66.1722 2.55267 63.6196 60.4725 1.05427 1.27334 1.4984 1.25274 3.14709 60.0038
internal_count=7141 1435 5706 1027 2650 1361 1289 1125 320 953 1041 940 164 856
is_linear=0
shrinkage=0.05


Tree=166
num_leaves=15
num_cat=0
split_feature=32 73 68 16 33 89 108 115 55 32 128 100 71 33
split_gain=0.300973 0.438159 0.211377 0.165273 0.279636 0.269517 0.239703 0.113564 0.106656 0.113159 0.106077 0.0859309 0.0632641 0.0619514
threshold=16.358708381652836 104.11456680297853 34.703720092773445 0.11393394321203233 1140.2029418945315 0.019604232162237171 0.13077405840158465 0.54619383811950695 341.66561889648443 515.85650634765636 119.5491065979004 0.48145702481269842 182.0091247558594 823.65689086914074
decision_type=8 2 2 10 8 8 2 2 10 10 10 10 2 10
left_child=2 -2 -1 4 5 7 10 13 -7 -10 -6 -4 -8 -3
right_child=1 3 11 -5 6 8 12 -9 9 -11 -12 -13 -14 -15
leaf_value=-0.0075449177410463683 -0.0238619808661968 -0.0098622791055015639 0.027389569864971486 -0.016244100548446778 -0.021970983590855017 -0.0041121063358727289 0.00019190414118279263 0.0069071242762428825 0.025268600066107157 -0.0040695631634630183 -0.0002667662568763006 -0.0026386344331099801 -0.0093866332802716463 0.0057366843141527573
leaf_weight=0.17440054513281189 0.99011012517439567 1.5327657696325321 0.84674638445721939 0.53920643471064877 0.86583363544195779 0.10246988432481918 56.64121567903203 2.3431123341433704 1.9002854047575963 0.087637314340099581 0.84183469766867347 0.085840708576142788 0.77709813590627064 0.12890603090636421
leaf_count=31 2608 136 117 846 661 23 1376 106 1057 11 123 10 111 31
internal_value=-0.000171733 -0.000748051 0.0184414 -4.78255e-05 0.000329354 0.00971295 -0.000783437 0.000916848 0.020815 0.0230461 -0.0153215 0.0246905 -9.61921e-05 -0.00695152
internal_weight=67.8575 66.7505 1.10699 65.7604 65.2212 6.09518 59.126 4.00478 2.09039 1.98792 1.70767 0.932587 57.4183 1.66167
internal_count=7247 7089 158 4481 3635 1364 2271 273 1091 1068 784 127 1487 167
is_linear=0
shrinkage=0.05


Tree=167
num_leaves=15
num_cat=0
split_feature=72 16 116 115 116 63 100 62 71 76 122 0 111 73
split_gain=0.304525 0.388455 0.337055 0.570387 0.208062 0.197795 0.12535 0.09308 0.130866 0.0956472 0.0874146 0.0775654 0.0604604 0.0643501
threshold=243.849479675293 0.21505891531705859 1.8252021074295046 0.50506180524826061 0.23666230589151385 12.914704322814943 0.021526771597564224 635.71685791015636 198.46562957763675 0.010647745802998545 -79.634696960449205 101.50000000000001 5221.8820800781259 529.41552734375011
decision_type=2 8 2 2 2 2 10 2 2 2 10 2 2 2
left_child=1 4 3 -2 -1 -4 -5 8 12 -10 -6 -12 13 -7
right_child=2 -3 5 6 10 7 -8 -9 9 -11 11 -13 -14 -15
leaf_value=-0.0062769368298811875 -0.030173099180808169 -0.012353505475678048 -0.017660482732090432 0.01096734724177985 -0.00087950081508876294 -0.012770283453176682 -0.0047930807098883962 -0.0035096736423512972 -0.0046172110442303819 0.018204491546569567 0.032734979371682064 -0.0025755951379012906 0.0011001800163694449 0.0034296997297120291
leaf_weight=0.14307120768353221 1.6024107438715862 0.32548582373419788 0.56108621177554496 0.79707410885021079 0.17485913581913326 0.62297373545879853 3.234731644319254 11.598995254258623 0.16356984444428135 0.80047729529906064 1.1756117030163293 0.018797630968037882 49.141914299456403 0.44060109579004347
leaf_count=98 1633 402 2278 45 41 169 265 224 47 165 968 13 730 82
internal_value=-0.000558519 0.015509 -0.00120226 -0.0119247 0.0240359 -7.77782e-05 -0.000116911 0.000353875 0.00128014 0.013953 0.0285157 0.0312588 0.000769061 -0.00764935
internal_weight=70.8017 1.83783 68.9638 5.63422 1.51234 63.3296 4.03181 62.7685 51.1695 0.964047 1.36927 1.19441 50.2055 1.06357
internal_count=7160 1522 5638 1943 1120 3695 310 1417 1193 212 1022 981 981 251
is_linear=0
shrinkage=0.05


Tree=168
num_leaves=15
num_cat=0
split_feature=101 72 13 17 73 66 35 14 35 122 110 111 48 31
split_gain=0.276466 0.35455 0.296863 0.229419 0.215285 0.0961013 0.0925337 0.0924005 0.0899934 0.076076 0.0767391 0.0787899 0.0688123 0.0649189
threshold=0.20917221903800967 274.36624145507818 0.012655933853238823 0.0011501817498356106 104.11456680297853 38.758869171142585 1423.0373535156252 0.0050270757637918004 34.703720092773445 298.85276794433599 1049.969909667969 6969.6774902343759 0.0023333521094173197 455.16294860839849
decision_type=8 2 10 10 2 2 10 10 10 8 2 2 10 10
left_child=1 3 6 -1 -3 -6 -2 9 -5 10 -7 -12 -4 -9
right_child=2 4 12 8 5 7 -8 13 -10 -11 11 -13 -14 -15
leaf_value=-0.0078586784657267202 -0.0259413272479341 -0.018623433758922961 0.010769598159575552 -0.0030702648465018197 -0.012341062193516963 0.010041433407960786 0.0031144235402076437 0.015474387641002266 0.027235638532329794 -0.011740435292289823 -0.0064699819122587161 0.000359138854895589 -0.0060127739919436382 0.0011325519773995947
leaf_weight=0.18593753105960686 1.3718685457133681 0.57570971542736415 0.63398896931903426 0.065063865156844147 0.52368827446480182 0.91123208071803574 0.086369822398410068 0.66146666626445894 1.156821238226257 0.36875156377209251 3.5480432673502937 58.272645864315564 0.18473212793469429 1.8356064751278607
leaf_count=153 1568 1940 32 22 251 29 73 141 1027 330 351 1184 33 14
internal_value=-0.000360931 0.000317028 -0.0145477 0.0191677 -0.000358129 7.59942e-05 -0.0236535 0.000358943 0.0249664 -7.82656e-05 0.000173427 -0.000129554 0.00575892 0.00827024
internal_weight=70.3819 68.105 2.27696 1.40782 66.6971 66.1214 1.45824 65.5977 1.22189 63.1007 62.7319 61.8207 0.818721 2.49707
internal_count=7148 5442 1706 1202 4240 2300 1641 2049 1049 1894 1564 1535 65 155
is_linear=0
shrinkage=0.05


Tree=169
num_leaves=15
num_cat=0
split_feature=101 92 74 63 50 109 106 65 69 22 0 116 62 23
split_gain=0.252911 0.347319 0.290797 0.211155 0.174568 0.128073 0.104176 0.103243 0.104212 0.092716 0.0872701 0.0775818 0.0611667 0.0572146
threshold=0.20917221903800967 0.003513462957926095 0.96899059414863598 88.005153656005874 0.10220979526638986 0.037965036928653724 277.66355895996099 517.74331665039074 49.214185714721687 0.041655339300632484 2.5000000000000004 0.097664620727300658 581.11849975585949 14.500000000000002
decision_type=10 10 2 2 8 2 2 2 2 10 2 2 2 2
left_child=1 2 4 10 9 13 -6 8 -8 11 -3 -1 -13 -2
right_child=5 3 -4 -5 6 -7 7 -9 -10 -11 -12 12 -14 -15
leaf_value=-0.010588526164644167 -0.022839912618226557 -0.0031573494313015087 -0.019856606500566382 -0.0041302398508486224 -0.0056720112529748375 0.0031362988490412701 -0.0030857356993277897 -0.004850634095347404 0.023538454602770598 -0.0098648499977829797 0.025758065828768568 0.0023084295731662613 -0.00086259102465373837 0.0024269000040415289
leaf_weight=0.65438201389042561 1.038199122151126 0.067157688317819875 0.85169241979019616 0.58443352708127339 0.13819604663876717 0.42825247833388846 0.19106546026887361 0.10650088411057357 1.0583297922858035 1.4232267320039671 1.3861954815074566 23.961343746923376 38.010756504314486 0.051607703993795329
leaf_count=118 1356 57 2869 94 35 200 45 33 142 260 959 672 297 41
internal_value=-0.000130206 0.000436137 -0.000315568 0.0169697 0.000232936 -0.0156949 0.0132118 0.0167271 0.0199052 -0.000268273 0.0236796 0.000101431 0.000380663 -0.0210546
internal_weight=69.9513 68.4333 66.3955 2.03779 65.5438 1.51806 1.49409 1.3559 1.2494 64.0497 1.45335 62.6265 61.9721 1.08981
internal_count=7178 5581 4471 1110 1602 1597 255 220 187 1347 1016 1087 969 1397
is_linear=0
shrinkage=0.05


Tree=170
num_leaves=15
num_cat=0
split_feature=16 48 61 116 115 43 113 65 127 33 134 137 62 35
split_gain=0.280144 0.31834 0.299223 0.144309 0.221789 0.21504 0.131142 0.131164 0.112388 0.102718 0.0878292 0.0628099 0.0716615 0.0554929
threshold=0.11393394321203233 0.012551692780107261 48.19391059875489 1.1051909327507021 0.56393876671791088 0.050641026347875602 330.58230590820318 517.31613159179699 49.722415924072273 877.57525634765636 1.0000000180025095e-35 54.879550933837898 635.71685791015636 50.703720092773445
decision_type=10 8 2 2 2 10 2 2 8 10 2 2 2 10
left_child=1 2 -1 4 -4 8 -3 9 10 -8 -5 -7 -13 -12
right_child=-2 6 3 5 -6 11 7 -9 -10 -11 13 12 -14 -15
leaf_value=-0.019551168338324754 -0.0199681018533431 -0.0064343397587407584 -0.019504448772184036 -0.0028246244093522842 0.0029003420998104552 -0.0026265041773544553 0.022860914822432171 -0.0056864081612034833 -0.0011544414875730828 -0.0032458012427612551 -0.0015862173206210282 0.0019430363197419512 -0.0026207018748263347 0.021818125129030756
leaf_weight=1.0114040487096634 0.765213210877845 0.14716946255066377 1.2885761527722928 0.2350176234904201 1.7053190317528786 17.122639585839352 2.0500460534240128 0.12721669921302226 1.024443803529721 0.17057888292765699 0.13855107588460658 34.475629021195346 10.414167201262897 1.4833853810996513
leaf_count=2732 1138 120 362 34 51 423 570 38 61 14 46 847 178 624
internal_value=-0.00029058 0.000193238 -0.000545743 1.71048e-05 -0.00921183 0.000576221 0.0149173 0.0177779 0.0119934 0.0204704 0.0171121 -0.000136193 0.000850239 0.0199764
internal_weight=72.1594 71.3941 68.8991 67.8877 2.9939 64.8938 2.49501 2.34784 2.8814 2.22062 1.85695 62.0124 44.8898 1.62194
internal_count=7238 6100 5358 2626 413 2213 742 622 765 584 704 1448 1025 670
is_linear=0
shrinkage=0.05


Tree=171
num_leaves=15
num_cat=0
split_feature=88 72 116 74 66 8 68 86 4 70 0 111 120 124
split_gain=0.34532 0.53802 0.332425 0.246988 0.157678 0.129555 0.12214 0.114278 0.0814128 0.0761161 0.0755122 0.0738923 0.196591 0.0739347
threshold=0.21380496770143512 264.58280944824224 0.23666230589151385 0.96899059414863598 38.758869171142585 517.74331665039074 34.703720092773445 0.1132478639483452 30.066038131713871 133.26831817626956 101.50000000000001 6969.6774902343759 -124.49999999999999 0.02942499611526728
decision_type=8 2 2 2 2 10 2 2 8 2 2 2 2 10
left_child=1 2 -1 4 9 8 -4 -7 -6 -3 -8 12 13 -10
right_child=-2 3 6 -5 5 7 10 -9 11 -11 -12 -13 -14 -15
leaf_value=-0.0093094340116277492 -0.022109974316774791 0.0033624557757810365 -0.0035015594412161673 -0.019134466484538457 0.0054810588833856698 0.01786796831307896 0.032497410630601034 -0.0027266014812222525 0.0088235124170676638 -0.018549741018184827 -0.0025426052796272548 -0.00025167799717221195 -0.016213694200246851 -0.0043238796268127285
leaf_weight=0.22772531514055927 0.78548625609255296 0.17005917348433186 0.074565047863870748 0.76965947481221419 4.6962822252535288 0.86395594384521135 1.37876620166935 0.69249800345278345 1.1487746671482457 0.66299120703479275 0.017261750006582477 57.484228418208659 1.6028194681857701 1.2611469377006868
leaf_count=145 1101 6 13 3122 106 74 1044 126 29 351 12 619 441 29
internal_value=-0.000392015 0.000151618 0.0220601 -0.000690822 -0.000211827 0.000177081 0.0287197 0.0112227 -0.000245799 -0.0146825 0.0311838 -0.00076384 -0.00658692 0.00269297
internal_weight=71.8362 71.0507 1.69832 69.3524 68.5828 67.7497 1.47059 1.55645 66.1933 0.83305 1.39603 61.497 4.01274 2.40992
internal_count=7218 6117 1214 4903 1781 1424 1069 200 1224 357 1056 1118 499 58
is_linear=0
shrinkage=0.05


Tree=172
num_leaves=15
num_cat=0
split_feature=32 74 66 68 109 33 121 0 73 73 19 81 134 76
split_gain=0.273851 0.375026 0.195188 0.175534 0.161937 0.206747 0.181858 0.0911357 0.0756996 0.150117 0.102352 0.0915006 0.0712925 0.0597889
threshold=16.358708381652836 0.9717058837413789 38.758869171142585 34.703720092773445 0.00035206096072215592 261.87803649902349 -17637.401367187496 101.50000000000001 518.31402587890636 1108.1145629882815 0.036114964634180076 0.078461539000272765 0.96897748112678539 0.52838164567947399
decision_type=8 2 2 2 2 10 2 2 2 2 8 2 2 2
left_child=3 2 -2 -1 6 7 -4 -6 10 -10 13 -12 -5 -7
right_child=1 -3 4 12 5 8 -8 -9 9 -11 11 -13 -14 -15
leaf_value=-0.0067384653134237625 -0.016315739903584339 -0.022239500412898367 0.0065777465018544024 0.025795239864091199 0.020688153343757468 0.0012444280824580592 -0.020804941608087605 -0.0020156292543793051 0.011956736742242504 -0.00068444615545375849 -0.016574269008863246 0.00043913540784456737 -0.0023890872463339652 -0.0023450328956890194
leaf_weight=0.1531283699441699 0.75553223583847184 0.91978388362622254 0.34872045018710196 0.84846874335198663 0.84430250129662343 42.112472170672845 0.75206326029728987 0.3658507444197312 3.0166160899971128 5.4126198785961606 0.7538468005805038 1.3473156087566165 0.07535079400986433 14.883669900707899
leaf_count=34 461 3366 34 109 955 502 921 45 161 217 301 10 24 86
internal_value=7.9193e-05 -0.000434606 0.000156168 0.0179794 0.000562179 0.000966541 -0.0131284 0.016018 0.00046699 0.00462779 -0.000193608 -0.00904111 0.0234495 0.000282823
internal_weight=72.5897 71.5128 70.593 1.07695 69.8375 68.7367 1.10078 1.21015 67.5265 8.42924 59.0973 2.10116 0.92382 56.9961
internal_count=7226 7059 3693 167 3232 2277 955 1000 1277 378 899 311 133 588
is_linear=0
shrinkage=0.05


Tree=173
num_leaves=15
num_cat=0
split_feature=86 33 18 16 16 102 68 40 14 2 124 31 116 116
split_gain=0.222461 0.205971 0.231778 0.208295 0.174332 0.176665 0.136174 0.135904 0.113645 0.175532 0.0866499 0.0857917 0.0728642 0.0666582
threshold=0.96533280611038219 245.34129333496097 0.039081793278455741 0.019726852886378769 0.03097610175609589 14.500000000000002 34.703720092773445 0.23611111193895343 0.0018788105226121845 186.66785430908206 -0.047786353155970566 419.03155517578131 0.40149745345115667 1.9867033362388613
decision_type=2 8 8 10 10 2 2 10 8 8 10 10 2 2
left_child=1 2 3 -1 7 13 -5 8 9 10 -3 -10 -8 -6
right_child=-2 4 -4 6 5 -7 12 -9 11 -11 -12 -13 -14 -15
leaf_value=-0.0036429646044217803 -0.0180325962262705 -0.0083182738043982157 -0.0099780143831525656 -0.00431653574663659 -0.022838408305867398 0.0063180441353867106 -0.0021069219365673613 0.012294959758230833 0.016270876177399609 -0.014949025683791084 0.00042337538276436196 0.0009090642446464973 0.030133082904451009 0.0010548519150306765
leaf_weight=0.54222071322146748 0.64499839712516305 1.9755863038444577 0.24898769773426455 0.093209631275385507 0.86410147161222883 0.39310067915357638 0.055297007376793661 1.3450773938093323 0.82128964582807329 1.0262912618927647 58.912797182667425 2.069207068241667 1.1922929385327732 0.24526709775091149
leaf_count=93 2910 346 422 18 847 91 18 24 171 245 924 26 1013 7
internal_value=0.000146936 0.000567343 0.0131026 0.0185569 -1.27944e-05 -0.0129703 0.0252556 0.000470281 4.17424e-05 -0.000471706 9.91885e-06 0.00833418 0.0284025 -0.0195601
internal_weight=70.4297 69.7847 2.13201 1.88302 67.6527 1.50247 1.3408 66.1502 64.8052 61.9147 60.8884 2.8905 1.24759 1.10937
internal_count=7155 4245 1564 1142 2681 945 1049 1736 1712 1515 1270 197 1031 854
is_linear=0
shrinkage=0.05


Tree=174
num_leaves=15
num_cat=0
split_feature=1 27 72 1 126 74 13 123 5 37 125 121 100 96
split_gain=0.233564 0.356167 0.214695 0.169727 0.168299 0.161727 0.115326 0.146222 0.0733677 0.0717452 0.0700781 0.0660485 0.0601285 0.0589084
threshold=171.44245147705081 597.08789062500011 382.68466186523443 4268.9233398437509 132.51698303222659 0.97980883717536937 0.0033594244159758095 -1118.336975097656 1182.740905761719 0.24283374845981601 8.5000000000000018 -28373.950195312496 0.052235554903745658 0.00087708150385878991
decision_type=2 10 2 2 2 2 8 10 8 8 2 2 8 8
left_child=4 3 -3 -2 -1 6 7 -4 9 13 11 -8 -10 -9
right_child=1 2 5 -5 -6 -7 10 8 12 -11 -12 -13 -14 -15
leaf_value=-0.0070780365367180452 -0.024217913312419858 0.017754784491541074 -0.016209023810504024 0.0062019834852278678 0.021291778100459634 -0.016398042565861096 -0.0027590788672329225 0.0081595177946967891 -0.0012720558334309428 0.0060626647329733744 -0.0017779629330540879 0.014815167343976397 -0.014432601439801438 -0.00058837413367629596
leaf_weight=0.1645024097233535 1.2232261665048998 0.65850898021017101 0.46494927196181279 0.14327033859444771 1.0196072792168704 0.55402159113145799 0.32126348279416639 0.99521900236140837 2.4266592798521738 3.8315984625369301 0.99321313636028197 1.6890742191462766 0.57667593893711444 54.129581660148688
leaf_count=246 1390 969 329 67 54 2429 19 139 97 48 68 138 502 716
internal_value=-0.000186685 -0.000693584 -1.64244e-05 -0.0197555 0.0159143 -0.000456202 -7.63909e-05 -0.000594788 -0.000222029 0.000219085 0.0081552 0.0120231 -0.00677296 -0.000287873
internal_weight=69.1914 68.0073 66.6408 1.3665 1.18411 65.9823 65.4282 62.4247 61.9597 58.9564 3.00355 2.01034 3.00334 55.1248
internal_count=7211 6911 5454 1457 300 4485 2056 1831 1502 903 225 157 599 855
is_linear=0
shrinkage=0.05


Tree=175
num_leaves=15
num_cat=0
split_feature=101 72 123 74 66 89 14 116 115 94 10 60 25 65
split_gain=0.300215 0.245517 0.258908 0.207665 0.132028 0.111068 0.110603 0.0722962 0.0891253 0.0676315 0.0572851 0.089412 0.054172 0.0533509
threshold=0.26107838749885565 382.68466186523443 -55.953622817993157 0.96899059414863598 38.758869171142585 0.019604232162237171 0.009330350439995529 1.2661086320877077 0.56393876671791088 0.016496547497808937 0.52630025148391735 502.46466064453131 1432.9322509765627 7.6803960800170907
decision_type=10 2 10 2 2 8 10 2 2 10 10 2 10 2
left_child=1 2 -1 4 9 -4 7 8 -6 -3 11 -9 -8 -2
right_child=13 3 5 -5 6 -7 12 10 -10 -11 -12 -13 -14 -15
leaf_value=-0.0086716703435592273 0.0023904311062152473 -0.017732910479032402 -0.0014819082819071822 -0.018011768516095653 -0.013864376257516162 0.025352585142111996 -0.001889941496563279 0.0067054502980407674 0.00094315339325806323 0.0028925840310652785 -0.0021411780442224617 0.00031216724505990891 0.015734228973173434 -0.020938002674698499
leaf_weight=0.38799711043247942 0.063720223959534361 0.54831437327084032 0.33985775965265808 0.66614887390460253 1.0667431158653919 1.1920108647027519 0.32900822133524243 5.3805674347095183 1.767205183918122 0.20439763541799039 16.643427570816129 39.072951097681653 0.65401496971026063 1.0484532007685627
leaf_count=301 10 279 96 2895 229 983 31 47 41 9 99 691 112 1307
internal_value=-0.000537115 3.68762e-05 0.0142306 -0.000579177 -0.000134809 0.0211652 0.000227342 -0.000131338 -0.00679305 -0.0136773 0.00028208 0.0012165 0.0118571 -0.0191025
internal_weight=69.3648 68.2526 1.91987 66.3328 65.6666 1.53187 64.9139 63.9309 2.83395 0.752712 61.0969 44.4535 0.983023 1.11217
internal_count=7130 5813 1380 4433 1538 1079 1250 1107 270 288 837 738 143 1317
is_linear=0
shrinkage=0.05


Tree=176
num_leaves=15
num_cat=0
split_feature=32 73 117 98 89 67 116 19 96 72 66 9 125 31
split_gain=0.252593 0.332577 0.208144 0.174346 0.143946 0.118209 0.0943375 0.0677955 0.110565 0.117078 0.0665857 0.0645392 0.0640905 0.0545393
threshold=16.358708381652836 110.83229827880861 9.2500000000000018 0.16173712164163592 0.019604232162237171 32.658084869384773 0.93645283579826366 0.037893060594797141 0.0054053734056651601 1267.8930664062502 16.597706794738773 0.79057019948959362 -170.49999999999997 599.19329833984386
decision_type=10 2 2 8 8 2 2 10 10 2 2 10 2 10
left_child=2 -2 -1 4 7 -6 -7 13 9 -9 -4 -8 -5 -3
right_child=1 3 10 12 5 6 11 8 -10 -11 -12 -13 -14 -15
leaf_value=-0.006343409436054246 -0.021840551338782575 0.0013534242198422891 -0.0024861282436136251 0.0032183992319704197 -0.0038782472242604102 -0.0024702332599503534 0.021009216114711154 0.0055291265406116124 -0.00083135137737003109 -0.020055681737232083 0.025668322576429915 -0.0027930271780231448 -0.018536439752506663 -0.0016242089826049258
leaf_weight=0.33725850825430714 0.8446249215194247 34.924161645249114 0.051533692749217153 0.097724103863583878 0.69274612898880095 0.38730590083287086 1.2616262922238091 0.1220049427356561 4.4088987997674849 0.77158951506135054 0.83980411977972835 0.080604322822182328 0.72184766555437718 25.890803543152288
leaf_count=99 2612 969 8 25 110 41 1000 20 258 816 108 68 913 174
internal_value=-0.00037163 -0.000885425 0.0162109 -0.000323456 8.0902e-05 0.0100824 0.0150465 -0.000430277 -0.00536667 -0.0154873 0.0235867 0.0189976 -0.0155993 7.99862e-05
internal_weight=71.4325 70.2039 1.2286 69.3593 68.5397 2.42228 1.72954 66.1175 5.30249 0.893594 0.891338 1.34223 0.819572 60.815
internal_count=7221 7006 215 4394 3456 1219 1109 2237 1094 836 116 1068 938 1143
is_linear=0
shrinkage=0.05


Tree=177
num_leaves=15
num_cat=0
split_feature=86 101 97 93 29 72 13 108 100 116 24 24 71 39
split_gain=0.1952 0.160631 0.190059 0.130565 0.107935 0.115387 0.0956968 0.135727 0.0810665 0.0804328 0.0748201 0.0622028 0.0553553 0.0587049
threshold=0.96533280611038219 0.26107838749885565 0.018887934274971489 4.9296499128104194e-05 365.91563415527349 382.68466186523443 0.013606071937829258 0.089410979300737395 0.01778315752744675 1.9867033362388613 1.3550000190734866 19.055555343627933 111.2160110473633 0.0039814359042793521
decision_type=2 10 10 10 2 2 8 2 8 2 10 10 2 10
left_child=1 2 4 -4 -1 -6 7 8 -7 11 -5 -3 13 -9
right_child=-2 9 3 10 5 6 -8 12 -10 -11 -12 -13 -14 -15
leaf_value=-0.01376652546326268 -0.017357280264873709 -0.019794364290909167 -0.002347416836747124 -0.0032867020076498155 0.012436417593195191 0.004085393889893341 0.011367184988814207 0.0070965235371676996 -0.013945843785943943 0.003781222691761202 0.021867667203839664 0.0028075318202684628 -0.00035531213619913551 -0.001668607643663729
leaf_weight=0.37777239779825222 0.61543391217128274 0.8070709072635498 0.71588043263181944 0.070110378321260103 0.92475617170566593 0.32111347200407125 0.80555838538566504 4.379310598698793 1.6912385074101619 0.19792528556718025 1.0805917949764987 0.097138644792721607 55.048507646832149 2.4641997191647533
leaf_count=269 2950 999 113 52 430 33 81 340 432 19 691 45 534 179
internal_value=-0.000175756 0.000223371 0.000635777 0.0132397 8.71334e-05 0.000372271 1.32262e-05 -0.000302831 -0.0106675 -0.0133959 0.0195195 -0.017167 0.000198424 0.00413004
internal_weight=69.5966 68.9812 67.879 1.86658 66.0125 65.6347 64.7099 63.9044 2.01235 1.10213 1.1507 0.90421 61.892 6.84351
internal_count=7167 4217 3154 856 2298 2029 1599 1518 465 1063 743 1044 1053 519
is_linear=0
shrinkage=0.05


Tree=178
num_leaves=15
num_cat=0
split_feature=96 72 116 74 66 121 8 70 94 42 3 63 92 40
split_gain=0.23458 0.310576 0.234698 0.195844 0.155652 0.153462 0.125645 0.144106 0.0686957 0.0500958 0.0634877 0.0501548 0.0493947 0.0454137
threshold=0.11280087754130365 267.45576477050787 0.23666230589151385 0.96899059414863598 38.758869171142585 -13930.500976562498 393.86604309082037 1358.5483398437502 0.016496547497808937 0.0091905551962554472 29.620854377746586 50.826848983764656 2.5699999923745058e-06 0.015665902756154541
decision_type=8 2 2 2 2 2 10 2 10 8 8 2 10 8
left_child=1 2 -1 4 8 -2 9 -8 -3 10 -6 13 -11 -12
right_child=5 3 -4 -5 6 -7 7 -9 -10 12 11 -13 -14 -15
leaf_value=-0.0081909153795162986 0.0048227942409215727 -0.018384950931874412 0.024661381548794825 -0.017627623494005942 0.0047876905737182828 -0.022884739324727676 0.017442344782651571 -0.0052630420234116796 0.003009633709941784 0.0025369651182856178 -0.0015886196772862801 0.00072040457368777438 -0.0085977496571841196 -0.0098651606954273854
leaf_weight=0.19514904834795643 0.27792978270736057 0.64300911995815013 1.0501149478950536 0.67631424017599684 5.3093307107046703 0.84985809630597831 1.0601773591479275 0.49634258190053504 0.16546600044239312 0.89178905406151843 19.27696216173354 31.67858305608388 2.2929977475723717 0.90110550803365086
leaf_count=125 46 349 1058 3087 212 1163 84 128 6 63 291 427 141 36
internal_value=-0.000663844 -0.000124187 0.0181579 -0.00075973 -0.000304024 -0.016999 0.000116487 0.0109755 -0.0147633 -0.000337912 4.78257e-05 -0.000518862 -0.00561868 -0.0024066
internal_weight=65.7651 64.6373 1.24526 63.3921 62.7158 1.12779 61.9073 1.55652 0.808475 60.3508 57.166 51.8567 3.18479 20.1781
internal_count=7216 6007 1183 4824 1737 1209 1382 212 355 1170 966 754 204 327
is_linear=0
shrinkage=0.05


Tree=179
num_leaves=15
num_cat=0
split_feature=63 33 123 119 134 134 87 71 100 88 10 89 63 63
split_gain=0.253035 0.323857 0.147935 0.175419 0.10091 0.126498 0.086051 0.084598 0.0720759 0.0717755 0.0601214 0.0560604 0.065133 0.0622805
threshold=12.914704322814943 260.10711669921881 67.288635253906264 0.26459912955760961 0.31814610958099371 0.96897748112678539 0.0086835226975381392 352.74844360351568 0.5051904320716859 0.030004220083355907 0.5012953281402589 0.014234718866646292 40.974487304687507 29.92681980133057
decision_type=2 10 10 2 2 2 2 2 10 8 8 10 2 2
left_child=2 4 3 -1 -2 8 7 9 -6 11 -8 13 -13 -3
right_child=1 6 -4 -5 5 -7 10 -9 -10 -11 -12 12 -14 -15
leaf_value=-0.025271563458848637 -0.0018388220158261472 0.0044372577037020402 0.0032322822440428015 0.0053289535987459174 0.027240484196883338 -0.0035621246713648347 -0.015361127470039156 0.011111305752173022 -0.0024603332582140928 -0.009701822365723858 0.001808642911250592 -0.0011701756297353308 0.0063340080381276672 -0.0012195034468094924
leaf_weight=1.1591513596213179 0.39762147105648082 4.4452903838828197 0.59372069654637005 0.21379488128877699 1.0765741914801763 0.18969433245365497 0.54708991538791329 0.68573468466638487 0.054274861089652293 0.94200511426606581 0.47859208285808574 4.5452362015930685 5.8398931545962114 45.868805684076506
leaf_count=3516 184 371 152 572 400 178 369 105 11 347 2 82 139 744
internal_value=-0.000193142 0.000451102 -0.014476 -0.0202688 0.0173519 0.0214326 -0.000269772 5.89046e-05 0.0253293 -0.000239466 -0.0104117 6.22459e-05 0.00323536 -0.000642991
internal_weight=67.0375 65.0708 1.96667 1.37295 1.71816 1.32054 63.3526 62.327 1.13085 61.6412 1.02568 60.6992 10.3851 50.3141
internal_count=7172 2932 4240 4088 773 589 2159 1788 411 1683 371 1336 221 1115
is_linear=0
shrinkage=0.05


Tree=180
num_leaves=15
num_cat=0
split_feature=65 73 124 87 94 65 12 116 100 134 58 115 99 10
split_gain=0.215616 0.316304 0.15858 0.142673 0.0968731 0.147707 0.161631 0.122769 0.110057 0.0775547 0.0705492 0.0694868 0.0646372 0.0510323
threshold=16.358708381652836 104.11456680297853 0.0050001884810626515 0.009051441680639984 0.028908645734190944 39.342868804931648 0.009756329935044052 1.1051909327507021 0.021526771597564224 0.96897748112678539 364.64735412597662 0.56393876671791088 0.022014429792761806 0.52630025148391735
decision_type=2 2 8 2 10 2 10 2 8 2 2 2 10 10
left_child=2 -2 -1 4 5 7 10 11 -8 -4 -7 -3 -10 -9
right_child=1 3 9 -5 -6 6 8 13 12 -11 -12 -13 -14 -15
leaf_value=-0.0045275532160628205 -0.021309676555451334 -0.017024988799128241 0.025074285082642957 -0.015223202233156749 -0.013007981495712083 -0.0034624239852863955 0.011992698009701097 0.00096928272242691616 -0.0083562073166028022 -0.0026491772125476435 0.019596150218886568 0.0025548920949185604 0.0040242865690736972 -0.0022367946162935408
leaf_weight=0.38941684874589444 0.81658180433441785 0.64105607398960174 0.68801350575813558 0.53876600439252698 0.36761307403503352 0.073744911700486138 0.46894164243713055 45.879729861524538 1.7943059024401011 0.089557300962042063 1.4586346556025089 0.30772074591368437 0.93627126317005593 15.884046839026267
leaf_count=108 2587 382 80 473 704 21 17 1715 47 41 902 41 7 129
internal_value=-0.000240843 -0.00071727 0.0152971 -0.000167529 0.000171579 0.000432418 0.00811614 -0.000265635 0.000490267 0.0221872 0.0175574 -0.0126222 -0.00417032 0.000122261
internal_weight=70.3344 69.1674 1.16699 68.3508 67.8121 67.4445 4.7319 62.7126 3.19952 0.777571 1.53238 0.948777 2.73058 61.7638
internal_count=7254 7025 229 4438 3965 3261 994 2267 71 121 923 423 54 1844
is_linear=0
shrinkage=0.05


Tree=181
num_leaves=15
num_cat=0
split_feature=101 48 74 82 123 134 66 23 3 74 96 50 60 60
split_gain=0.230435 0.388632 0.233271 0.141612 0.12592 0.091942 0.0917942 0.101858 0.085048 0.0839052 0.0630949 0.0574747 0.0779665 0.0685228
threshold=0.31085473299026495 0.012551692780107261 0.9717058837413789 0.029454047791659835 -121.78976440429686 0.94481638073921215 38.758869171142585 12.500000000000002 22.796210289001468 0.79908257722854625 0.2086504325270653 0.012256000656634571 998.87503051757824 863.39218139648449
decision_type=8 8 2 2 8 2 2 2 10 2 10 10 2 2
left_child=1 2 6 -2 -3 10 -1 8 -8 -9 -6 -10 13 -13
right_child=3 4 -4 -5 5 -7 7 9 11 -11 -12 12 -14 -15
leaf_value=-0.010865935714328416 -0.021697063369210859 -0.0040658722704733224 -0.018467928296860194 0.0032410536095155945 0.027201140495832134 0.00017724432116464464 0.0088382326943401181 0.016864360504916947 -0.0049482940820888121 -0.0048655108972025197 -0.0021872707372309571 0.00045547769090428818 0.0068476929544392696 -0.004661755609135238
leaf_weight=0.83195066047483024 0.90784400970733148 0.2377486145705916 0.72218482141033646 0.48367954281275161 1.2418776716804121 0.43536146949918464 1.7026830723916635 0.58815648758900252 4.8338436359335892 0.11343284764734562 0.045620766497449838 46.881231770879822 3.1685849633504395 6.5802706093527368
leaf_count=365 1180 74 3011 60 432 169 521 159 522 103 50 325 185 54
internal_value=-4.269e-05 0.000491457 -0.000305759 -0.0152982 0.0182113 0.0216497 0.000174977 0.000484087 0.000156406 0.0125564 0.0256588 -0.000221743 0.00026057 -0.000248405
internal_weight=68.7745 67.3829 65.4223 1.39152 1.96061 1.72286 64.7002 63.8682 63.1666 0.701589 1.2875 61.4639 56.6301 53.4615
internal_count=7210 5970 5245 1240 725 651 2234 1869 1607 262 482 1086 564 379
is_linear=0
shrinkage=0.05


Tree=182
num_leaves=15
num_cat=0
split_feature=65 74 66 86 94 93 49 66 116 76 69 113 76 44
split_gain=0.247901 0.287982 0.16669 0.13062 0.1066 0.110261 0.106839 0.088659 0.0731342 0.0656249 0.0488812 0.0734741 0.0769465 0.064067
threshold=16.358708381652836 0.9717058837413789 38.758869171142585 1.0000000180025095e-35 0.028908645734190944 4.3410998841864064e-05 0.012300566304475071 16.597706794738773 0.40149745345115667 0.77155527472496044 38.665632247924812 332985.59375000006 0.0062959145288914451 0.011814672965556385
decision_type=2 2 2 2 10 10 8 2 2 2 2 2 2 8
left_child=3 2 -2 7 5 10 -7 -1 -9 -8 -4 13 -13 -12
right_child=1 -3 4 -5 -6 6 9 8 -10 -11 11 12 -14 -15
leaf_value=-0.0033872260245824751 -0.01568268619406436 -0.020318560446809644 -0.004195053862566361 -0.0028520949254979434 -0.013243947849140757 -0.0026840342340240914 0.018681054344402936 -0.0024762306262631744 0.026883874213489312 -0.0010500636956761549 -0.0019968231506079116 -0.001270703108345066 0.0095336772207216761 0.0015575636009780795
leaf_weight=0.075574170739854507 0.63193964154925097 0.77488761099812009 4.5411862237378946 0.45728080626577139 0.38370273789041576 0.88862536405213122 1.0808005373110061 0.061975328484550118 0.8094160963955801 0.40090437038452353 20.847451358931721 2.2953081106534219 3.4060689613979775 29.208052947971737
leaf_count=27 441 3323 431 79 849 81 655 11 108 216 238 96 198 418
internal_value=0.000128065 -0.000452988 9.91135e-05 0.0158948 0.00049966 0.000790501 0.00959294 0.0217627 0.0245883 0.0150705 0.000293624 0.000726681 0.00564342 6.7093e-05
internal_weight=65.8632 64.4589 63.684 1.40425 63.0521 62.6684 2.37033 0.946966 0.871391 1.4817 60.2981 55.7569 5.70138 50.0555
internal_count=7171 6946 3623 225 3182 2333 952 146 119 871 1381 950 294 656
is_linear=0
shrinkage=0.05


Tree=183
num_leaves=15
num_cat=0
split_feature=32 74 22 89 118 68 32 72 22 98 71 44 89 38
split_gain=0.186367 0.266176 0.137577 0.167417 0.127325 0.126849 0.125168 0.0813085 0.0710361 0.0680429 0.0603775 0.0691103 0.0973511 0.0675891
threshold=16.358708381652836 0.9717058837413789 0.041655339300632484 0.019604232162237171 0.040364442393183715 34.703720092773445 515.85650634765636 1351.6320800781252 0.020952147431671623 0.10325440391898157 106.37179565429689 0.0042046145536005506 0.0065036138985306033 0.010502642020583155
decision_type=8 2 10 8 2 2 8 2 10 10 2 8 10 10
left_child=5 2 3 10 -4 -1 8 -7 -5 -6 13 -12 -13 -2
right_child=1 -3 4 6 9 7 -8 -9 -10 -11 11 12 -14 -15
leaf_value=-0.0059873929835408679 -0.0018064238919473338 -0.019626786468853387 -0.01809777600286008 0.018837829808156972 -0.005752150474667741 0.023012926468054945 -0.0067481337146008515 -0.002922157694399536 -0.0032015177870047956 0.0077522087009349334 -0.0067539332114162414 0.007500353486978445 -0.00049023488199887604 0.0097128833067268178
leaf_weight=0.13393930700840428 1.6668669607897748 0.76466262970643484 0.9579959562979633 1.4395727548981074 1.1281747094762975 0.74045013822615147 0.15491510528954666 0.11824296289705671 0.12458562580286514 0.66127606660302252 2.9779344677517647 3.0926894089207044 54.538596030208282 2.2060542966210051
leaf_count=33 242 3325 1187 951 119 95 55 32 22 173 242 73 467 198
internal_value=-2.71857e-05 -0.000451756 3.8449e-05 0.000557845 -0.00928589 0.0150534 0.0127111 0.0197909 0.0165184 0.000228352 4.46762e-05 -0.000379765 5.91776e-05 0.0054018
internal_weight=70.706 69.7133 68.9487 66.2012 2.74745 0.992632 1.71907 0.858693 1.56416 1.78945 64.4821 60.6092 57.6313 3.87292
internal_count=7214 7054 3729 2250 1479 160 1028 127 973 292 1222 782 540 440
is_linear=0
shrinkage=0.05


Tree=184
num_leaves=15
num_cat=0
split_feature=72 17 62 66 19 86 111 8 121 123 75 124 11 134
split_gain=0.176619 0.32747 0.219888 0.146158 0.1322 0.101442 0.15274 0.0974367 0.0922834 0.0703925 0.0565343 0.0587234 0.0635341 0.0477265
threshold=382.68466186523443 0.0010396881261840465 120.0110321044922 38.758869171142585 0.44097504019737249 0.14835165441036227 2923.601928710938 517.74331665039074 -10267.306640624998 14.212990283966066 0.38334609568119055 -0.083193100988864885 0.95598846673965465 0.96897748112678539
decision_type=2 8 2 2 8 2 2 10 2 10 2 8 8 2
left_child=1 -1 10 -4 8 7 -7 -5 -3 -6 11 -2 -13 -10
right_child=2 4 3 5 9 6 -8 -9 13 -11 -12 12 -14 -15
leaf_value=-0.01325621619620602 0.002955665357277953 -0.0029757863742606223 -0.015216440591260268 0.0018110747436348952 -0.0091521931959232979 -0.016160720956380232 -0.00017908259786871721 0.015952039770513259 0.027838901954149505 0.0069916124439261627 0.0026295712622126629 -0.020513637293899527 0.00056327680172031712 -0.00023602664562798314
leaf_weight=0.35989534523105193 0.10034603638632689 0.097778923111036753 0.60535753198200737 4.7839953904040149 0.221560393256368 0.53420587512664397 59.619304875246598 0.79837030675844278 1.1199674736126324 0.51132005525869317 0.18174725724384178 1.4502345410292028 0.3573534879833461 0.14502862686640572
leaf_count=614 94 66 383 117 154 882 1683 85 849 11 6 2032 16 214
internal_value=-0.000378562 0.0106611 -0.000922551 -0.000310577 0.0177239 5.26432e-05 -0.000582955 0.00594967 0.0234811 -0.000353973 -0.0139623 -0.0159035 -0.0176303 0.025937
internal_weight=70.8865 2.45555 68.4309 66.3412 2.09566 65.7359 60.1535 5.58237 1.36278 0.73288 2.08968 1.90793 1.80759 1.265
internal_count=7206 1908 5298 3150 1294 2767 2565 202 1129 165 2148 2142 2048 1063
is_linear=0
shrinkage=0.05


Tree=185
num_leaves=15
num_cat=0
split_feature=96 49 33 74 33 12 87 116 115 61 71 10 93 78
split_gain=0.184633 0.228528 0.187461 0.170489 0.0941719 0.083495 0.0778729 0.0545233 0.109012 0.0797965 0.0607673 0.0563195 0.0515965 0.0494489
threshold=0.11280087754130365 0.019673242233693603 958.93426513671886 0.9707201123237611 99.687007904052749 0.87500000000000011 0.006996086100116373 1.1051909327507021 0.56393876671791088 151.05451965332034 106.37179565429689 0.82089108228683483 4.9296499128104194e-05 0.061732169240713126
decision_type=10 8 8 2 8 10 2 2 2 2 2 8 8 2
left_child=1 3 4 6 -3 12 7 8 11 10 13 -1 -6 -9
right_child=-2 2 -4 -5 5 -7 -8 9 -10 -11 -12 -13 -14 -15
leaf_value=-0.015948635792406778 -0.017585773018900245 -0.0043084122096576404 -0.0069447768646709171 -0.01680208624033111 0.00022753161808495168 -0.0035243560291654446 -0.010083917903171057 0.0080687684360879041 0.0019120582135145406 0.0085486403837390489 -0.00055163491225511342 0.0022163053216110624 0.024544320608738318 -0.0017366484891754527
leaf_weight=1.0666784188360898 0.55075828610279032 0.093895599740789426 0.42143524062703352 0.617911749475751 0.26021120004588705 0.074921145103871933 0.99877447696053323 2.8603757959645 2.1527952605392784 1.815031483711208 54.910873259272194 0.26042286067968246 1.444794216833543 1.4739509225764775
leaf_count=318 1109 169 159 2920 69 7 327 408 28 285 638 3 627 77
internal_value=-0.000525063 -0.000136564 0.0127212 -0.000765436 0.0180217 0.0203258 -0.000363997 -6.20154e-05 -0.00538827 0.000323466 -6.62342e-05 -0.0129634 0.0222893 0.00503383
internal_weight=69.0028 68.4521 2.29526 66.1568 1.87382 1.77993 65.5389 64.5401 3.4799 61.0602 59.2452 1.3271 1.70501 4.33433
internal_count=7144 6035 1031 5004 872 703 2084 1757 349 1408 1123 321 696 485
is_linear=0
shrinkage=0.05


Tree=186
num_leaves=15
num_cat=0
split_feature=65 74 95 66 80 26 33 12 0 71 83 17 111 5
split_gain=0.180574 0.245297 0.13518 0.12215 0.088591 0.150969 0.13004 0.0829035 0.068742 0.0425592 0.041318 0.0404892 0.0402098 0.109481
threshold=16.358708381652836 0.9707201123237611 0.00019102909573120999 38.758869171142585 0.34666667878627783 0.0085038878023624438 278.80555725097662 0.65833333134651195 101.50000000000001 124.03684234619142 0.00054970139171928178 0.0054497921373695144 6969.6774902343759 593.30627441406261
decision_type=2 2 10 2 2 10 10 10 2 2 2 10 2 10
left_child=2 3 9 -2 5 -5 8 -6 -7 -1 -3 -4 13 -8
right_child=1 10 11 4 7 6 12 -9 -10 -11 -12 -13 -14 -15
leaf_value=-0.0083605863465448845 -0.013869748620013597 -0.020506971243437561 -0.0015097755040374182 -0.015871384582364444 0.015391408694928874 0.017328517299954632 -0.013806641236758874 -0.0052633541385161842 -0.0022817451002594561 0.0044871003016969365 0.0024178693267882822 0.023192564745667932 0.00036654215947072919 0.00050109945836296723
leaf_weight=0.22673748151282669 0.55305329116526891 0.72851483331760292 0.05558061454212293 0.4638849806797215 0.70710166505887073 0.66072454623645072 0.91418386467557766 0.11683494067983702 0.32634134113322943 0.44651342363795266 0.0036001454864162943 0.60538319275656249 59.120704059925629 4.2170823763881344
leaf_count=68 433 3357 24 821 29 963 325 107 41 70 9 59 731 146
internal_value=-2.20992e-05 -0.000485727 0.013655 -5.93152e-06 0.000313011 1.10976e-05 0.000361933 0.0111826 0.0129596 -0.00225047 -0.0190634 0.021457 -2.7239e-05 -0.00388405
internal_weight=69.1462 67.812 1.33421 67.0799 66.5269 65.7029 65.239 0.823937 0.987066 0.673251 0.732115 0.660964 64.252 5.13127
internal_count=7183 6962 221 3596 3163 3027 2206 136 1004 138 3366 83 1202 471
is_linear=0
shrinkage=0.05


Tree=187
num_leaves=15
num_cat=0
split_feature=32 22 78 74 18 89 24 81 134 33 113 71 36 104
split_gain=0.18836 0.274794 0.154772 0.125219 0.118205 0.108484 0.104164 0.0926647 0.0885492 0.0672799 0.0609233 0.0657207 0.0448322 0.0424635
threshold=16.358708381652836 0.04339671507477761 0.66890382766723644 0.9707201123237611 0.00085459550609812151 0.019604232162237171 14.289473533630373 0.023392613045871261 0.96897748112678539 329.69192504882818 1812.1896972656252 227.66603851318362 91.239074707031264 301.50000000000006
decision_type=8 10 2 2 8 10 10 2 2 10 2 2 8 2
left_child=4 3 7 5 8 9 -7 -3 -1 12 -11 13 -2 -12
right_child=1 2 -4 -5 -6 6 -8 -9 -10 10 11 -13 -14 -15
leaf_value=0.023420351097879169 0.0031434712445495444 -0.024460683702199556 0.0064338828201083789 -0.014177746487245776 -0.0051340157611613618 -0.0022037029372479994 0.018080767620441605 -0.0021854518906630326 -0.0034023526777476453 0.0090766981009615753 -0.00011629298192853157 -0.0079201858182819471 -0.013526622906886068 0.0036537151178638902
leaf_weight=0.69029787660110742 0.12520142045104776 1.1050660318869625 0.24596503941575054 0.47947066091000934 0.17207690823124722 0.71215808592387364 0.65386503966874443 0.87548354823957186 0.098474586353404447 0.95367127857752976 51.332032368532964 1.4529492057627056 0.42625261784996837 7.7300641248148159
leaf_count=101 31 2125 213 2256 32 28 956 196 27 21 587 178 119 322
internal_value=-6.20939e-05 -0.000507633 -0.0147446 0.000208362 0.0152141 0.000535691 0.0110439 -0.018651 0.0200417 0.000132673 0.000386055 0.000103771 -0.0101552 0.000429744
internal_weight=67.053 66.0922 2.22651 63.8657 0.960849 63.3862 1.36602 1.98055 0.788772 62.0202 61.4687 60.515 0.551454 59.0621
internal_count=7192 7032 2534 4498 160 2242 984 2321 128 1258 1108 1087 150 909
is_linear=0
shrinkage=0.05


end of trees

feature_importances:
Column_72=108
Column_33=83
Column_74=67
Column_31=64
Column_116=63
Column_66=62
Column_79=58
Column_60=55
Column_86=54
Column_32=46
Column_13=45
Column_118=44
Column_68=43
Column_77=42
Column_1=41
Column_62=40
Column_65=40
Column_83=39
Column_99=39
Column_22=38
Column_70=36
Column_101=34
Column_4=33
Column_34=32
Column_102=32
Column_113=32
Column_123=31
Column_71=30
Column_93=30
Column_115=30
Column_122=30
Column_14=29
Column_58=29
Column_120=28
Column_73=27
Column_96=27
Column_38=26
Column_18=25
Column_0=24
Column_5=24
Column_50=24
Column_89=24
Column_16=23
Column_17=23
Column_49=23
Column_39=21
Column_81=21
Column_10=20
Column_87=20
Column_63=19
Column_94=19
Column_128=19
Column_47=18
Column_3=17
Column_8=17
Column_125=17
Column_43=16
Column_44=16
Column_55=16
Column_111=16
Column_12=15
Column_19=15
Column_46=15
Column_78=15
Column_90=15
Column_134=15
Column_26=14
Column_67=14
Column_117=14
Column_124=14
Column_24=13
Column_40=13
Column_108=13
Column_121=13
Column_11=12
Column_15=12
Column_45=12
Column_98=12
Column_27=11
Column_76=11
Column_88=11
Column_92=11
Column_112=11
Column_25=10
Column_30=10
Column_48=10
Column_69=10
Column_9=9
Column_20=9
Column_36=9
Column_37=9
Column_59=9
Column_61=9
Column_75=9
Column_91=9
Column_110=9
Column_127=9
Column_6=8
Column_23=8
Column_51=8
Column_82=8
Column_109=8
Column_28=7
Column_35=7
Column_56=7
Column_100=7
Column_29=6
Column_54=6
Column_137=6
Column_2=5
Column_21=5
Column_42=5
Column_64=5
Column_80=5
Column_95=5
Column_104=5
Column_119=5
Column_53=4
Column_126=4
Column_7=3
Column_52=3
Column_97=3
Column_106=3
Column_129=3
Column_84=1
Column_107=1
Column_114=1

parameters:
[boosting: gbdt]
[objective: cross_entropy]
[metric: cross_entropy]
[tree_learner: serial]
[device_type: cpu]
[data_sample_strategy: bagging]
[data: ]
[valid: ]
[num_iterations: 188]
[learning_rate: 0.05]
[num_leaves: 15]
[num_threads: 4]
[seed: 26006]
[deterministic: 1]
[force_col_wise: 0]
[force_row_wise: 1]
[histogram_pool_size: -1]
[max_depth: -1]
[min_data_in_leaf: 10]
[min_sum_hessian_in_leaf: 0.001]
[bagging_fraction: 0.8]
[pos_bagging_fraction: 1]
[neg_bagging_fraction: 1]
[bagging_freq: 1]
[bagging_seed: 19736]
[bagging_by_query: 0]
[feature_fraction: 0.8]
[feature_fraction_bynode: 1]
[feature_fraction_seed: 22478]
[extra_trees: 0]
[extra_seed: 25246]
[early_stopping_round: 0]
[early_stopping_min_delta: 0]
[first_metric_only: 0]
[max_delta_step: 0]
[lambda_l1: 0]
[lambda_l2: 1]
[linear_lambda: 0]
[min_gain_to_split: 0]
[drop_rate: 0.1]
[max_drop: 50]
[skip_drop: 0.5]
[xgboost_dart_mode: 0]
[uniform_drop: 0]
[drop_seed: 12177]
[top_rate: 0.2]
[other_rate: 0.1]
[min_data_per_group: 100]
[max_cat_threshold: 32]
[cat_l2: 10]
[cat_smooth: 10]
[max_cat_to_onehot: 4]
[top_k: 20]
[monotone_constraints: ]
[monotone_constraints_method: basic]
[monotone_penalty: 0]
[feature_contri: ]
[forcedsplits_filename: ]
[refit_decay_rate: 0.9]
[cegb_tradeoff: 1]
[cegb_penalty_split: 0]
[cegb_penalty_feature_lazy: ]
[cegb_penalty_feature_coupled: ]
[path_smooth: 0]
[interaction_constraints: ]
[verbosity: -1]
[saved_feature_importance_type: 0]
[use_quantized_grad: 0]
[num_grad_quant_bins: 4]
[quant_train_renew_leaf: 0]
[stochastic_rounding: 1]
[linear_tree: 0]
[max_bin: 255]
[max_bin_by_feature: ]
[min_data_in_bin: 3]
[bin_construct_sample_cnt: 200000]
[data_random_seed: 19427]
[is_enable_sparse: 1]
[enable_bundle: 1]
[use_missing: 1]
[zero_as_missing: 0]
[feature_pre_filter: 1]
[pre_partition: 0]
[two_round: 0]
[header: 0]
[label_column: ]
[weight_column: ]
[group_column: ]
[ignore_column: ]
[categorical_feature: ]
[forcedbins_filename: ]
[precise_float_parser: 0]
[parser_config_file: ]
[objective_seed: 10829]
[num_class: 1]
[is_unbalance: 0]
[scale_pos_weight: 1]
[sigmoid: 1]
[boost_from_average: 1]
[reg_sqrt: 0]
[alpha: 0.9]
[fair_c: 1]
[poisson_max_delta_step: 0.7]
[tweedie_variance_power: 1.5]
[lambdarank_truncation_level: 30]
[lambdarank_norm: 1]
[label_gain: ]
[lambdarank_position_bias_regularization: 0]
[eval_at: ]
[multi_error_top_k: 1]
[auc_mu_weights: ]
[num_machines: 1]
[local_listen_port: 12400]
[time_out: 120]
[machine_list_filename: ]
[machines: ]
[gpu_platform_id: -1]
[gpu_device_id: -1]
[gpu_device_id_list: ]
[gpu_use_dp: 0]
[num_gpu: 1]

end of parameters

pandas_categorical:null
