tree
version=v4
num_class=1
num_tree_per_iteration=1
label_index=0
max_feature_idx=137
objective=cross_entropy
feature_names=Column_0 Column_1 Column_2 Column_3 Column_4 Column_5 Column_6 Column_7 Column_8 Column_9 Column_10 Column_11 Column_12 Column_13 Column_14 Column_15 Column_16 Column_17 Column_18 Column_19 Column_20 Column_21 Column_22 Column_23 Column_24 Column_25 Column_26 Column_27 Column_28 Column_29 Column_30 Column_31 Column_32 Column_33 Column_34 Column_35 Column_36 Column_37 Column_38 Column_39 Column_40 Column_41 Column_42 Column_43 Column_44 Column_45 Column_46 Column_47 Column_48 Column_49 Column_50 Column_51 Column_52 Column_53 Column_54 Column_55 Column_56 Column_57 Column_58 Column_59 Column_60 Column_61 Column_62 Column_63 Column_64 Column_65 Column_66 Column_67 Column_68 Column_69 Column_70 Column_71 Column_72 Column_73 Column_74 Column_75 Column_76 Column_77 Column_78 Column_79 Column_80 Column_81 Column_82 Column_83 Column_84 Column_85 Column_86 Column_87 Column_88 Column_89 Column_90 Column_91 Column_92 Column_93 Column_94 Column_95 Column_96 Column_97 Column_98 Column_99 Column_100 Column_101 Column_102 Column_103 Column_104 Column_105 Column_106 Column_107 Column_108 Column_109 Column_110 Column_111 Column_112 Column_113 Column_114 Column_115 Column_116 Column_117 Column_118 Column_119 Column_120 Column_121 Column_122 Column_123 Column_124 Column_125 Column_126 Column_127 Column_128 Column_129 Column_130 Column_131 Column_132 Column_133 Column_134 Column_135 Column_136 Column_137
feature_infos=[0:79973] [0:107387464] [6.9524784088134766:1434.8333740234375] [0:696] [-1.203703761100769:1434.8333740234375] [6.9524784088134766:1443.69189453125] [6.9524784088134766:1443.69189453125] [6.9524784088134766:1443.69189453125] [6.9524784088134766:1443.69189453125] [0:1] [0:1] [0:1] [0:1] [0:1] [0:1] [0:1] [2.193200089095626e-05:1.9037708044052124] [0:0.99571478366851807] [0:1.9037708044052124] [2.193200089095626e-05:1.9915750026702881] [1.362500029244984e-06:1.9037708044052124] [1.8729999737843173e-06:1.9037708044052124] [2.0840000161115313e-06:1.9037708044052124] [0:27] [1:79973] [6.9524784088134766:107387464] [0:1.9999972581863403] [6.9524784088134766:107387464] [0:74896] [0:106034368] [6.9524784088134766:1442.8333740234375] [0:696] [-13.565573692321777:1442.8333740234375] [6.9524784088134766:1443.69189453125] [2.3641510009765625:1443.69189453125] [6.9524784088134766:1443.69189453125] [6.9524784088134766:1443.69189453125] [0:1] [0:1] [0:1] [0:1] [0:1] [0:1] [0:1] [2.2110000372776994e-06:1.9917522668838501] [0:0.93804830312728882] [0:1.9917522668838501] [2.3439999949914636e-06:1.9917522668838501] [1.6999990748445271e-08:1.9917522668838501] [1.623000002837216e-06:1.9917522668838501] [2.3439999949914636e-06:1.9917522668838501] [0:24] [1:74896] [6.9524784088134766:106034368] [0:1.9999806880950928] [6.9524784088134766:106034368] [1:79973] [0:25306] [6.9524784088134766:107387464] [0:14382488] [6.9524784088134766:1442.8333740234375] [6.9524784088134766:1430.1473388671875] [0:696] [0:696] [2.4344263076782227:1442.8333740234375] [-13.565573692321777:1430.1473388671875] [6.9524784088134766:1443.69189453125] [2.3641510009765625:1430.1473388671875] [6.9524784088134766:1443.69189453125] [6.9524784088134766:1430.1473388671875] [6.9524784088134766:1443.69189453125] [6.9524784088134766:1430.1473388671875] [6.9524784088134766:1443.69189453125] [6.9524784088134766:1442.8333740234375] [0:1] [0:1] [0:1] [0:1] [0:1] [0:1] [0:1] [0:1] [0:1] [0:1] [0:1] [0:1] [0:1] [0:1] [1.6063799193943851e-05:1.9917522668838501] [2.2110000372776994e-06:1.9037708044052124] [0:0.99571478366851807] [0:0.83213174343109131] [9.999965300266922e-10:1.9917522668838501] [0:1.9037708044052124] [1.4629999895987567e-06:1.9917522668838501] [1.6999990748445271e-08:1.9037708044052124] [1.9540000266715651e-06:1.9917522668838501] [1.623000002837216e-06:1.9037708044052124] [2.1193000065977685e-05:1.9917522668838501] [2.0840000161115313e-06:1.9037708044052124] [2.5266999728046358e-05:1.9917522668838501] [2.3439999949914636e-06:1.9915750026702881] [1:27] [0:21] [1:79973] [1:25306] [6.9524784088134766:107387464] [6.9524784088134766:7191244] [0:1.9999972581863403] [0:1.9998902082443237] [6.9524784088134766:107387464] [6.9524784088134766:14252031] [1:99122] [13.904956817626953:107755440] [0:1] [0:1] [0:1.9999974966049194] [0.5:100] [0.004999999888241291:0.81610339879989624] [0.0007995598716661334:0.62212282419204712] [-87137:87016] [-94248824:98197832] [-1392:1384] [-1392:1384] [-0.79955452680587769:0.80254775285720825] [-87016:92121] [-98197832:103789264] [-1384:1392] [-1384:1392] [-0.80254775285720825:0.79955452680587769] [0:1] [0:1] [0:1] [0:1] [0:1] [4:6] [0:1] [35.5:97.5]
tree_sizes=1684 1724 1716 1722 1726 1724 1729 1720 1734 1734 1736 1740 1748 1744 1734 1735 1731 1739 1750 1734 1755 1741 1738 1738 1744 1753 1731 1744 1756 1750 1744 1753 1757 1750 1755 1755 1757 1763 1751 1742 1745 1758 1754 1755 1740 1774 1769 1749 1746 1751 1752 1753 1749 1744 1756 1768 1760 1770 1767 1762 1767 1737 1741 1749 1746 1759 1753 1761 1758 1761 1768 1761 1764 1749 1748 1757 1763 1751 1753 1754 1751 1778 1762 1763 1753 1774 1759 1752 1762 1755 1756 1757 1767 1760 1756 1753 1748 1747 1770 1747 1763 1771

Tree=0
num_leaves=15
num_cat=0
split_feature=115 5 5 101 9 2 5 6 6 39 115 16 31 38
split_gain=1306.39 477.616 969.638 209.914 181.093 153.407 145.321 108.884 128.516 92.562 71.7907 66.3799 56.5985 45.1139
threshold=0.030048470944166187 91.263515472412124 119.61271286010744 0.021410876885056499 0.99723756313323986 50.721380233764656 134.57527160644534 31.2744255065918 30.858586311340336 0.0002881376567529515 0.28397572040557867 0.0019117612391710284 633.50677490234386 0.034504536539316184
decision_type=2 10 10 10 10 10 8 8 8 10 2 8 10 8
left_child=1 7 3 9 13 -5 -6 8 11 -3 12 -1 -2 -4
right_child=10 2 4 5 6 -7 -8 -9 -10 -11 -12 -13 -14 -15
leaf_value=-1.5583155198897403 -1.8144301014807649 -1.816969285956066 -1.8207461540215961 -1.4910231782391525 -1.5031149239039496 -1.8083989374779292 -1.8399831201422752 -1.8078013938884703 -1.5169524669493397 -1.5666108896517763 -1.8488413428108539 -1.7962756960995818 -1.686191523080925 -1.6947899793037866
leaf_weight=2.4477806687355104 112.23074366152287 9.4239555746316892 65.600521922111511 71.108028426766396 8.6896213740110362 3.9164490699768058 4.4060052037239084 97.911226749420166 6.3642297387123099 4.8955613374710074 404.74053357541561 19.337467283010483 8.3224542737007123 6.9761749058961859
leaf_count=20 917 77 536 581 71 32 36 800 52 40 3307 158 68 57
internal_value=-1.7912 -1.70832 -1.65511 -1.54083 -1.77582 -1.50758 -1.61179 -1.78269 -1.69783 -1.72222 -1.83877 -1.76044 -1.80478 -1.80748
internal_weight=826.371 301.077 175.016 89.344 85.6723 75.0245 13.0956 126.061 28.1495 14.3195 525.294 21.7852 120.553 72.5767
internal_count=6752 2460 1430 730 700 613 107 1030 230 117 4292 178 985 593
is_linear=0
shrinkage=1


Tree=1
num_leaves=15
num_cat=0
split_feature=115 73 73 9 101 61 73 6 6 39 115 77 90 46
split_gain=1071.31 387.45 617.914 158.856 116.569 110.006 96.343 96.3187 88.3754 79.1642 79.1154 58.6836 51.0267 47.3288
threshold=0.029888383112847808 89.214183807373061 119.2478370666504 0.99768540263175975 0.022090824320912365 50.387964248657234 144.70734405517581 31.2744255065918 30.858586311340336 0.0002881376567529515 0.28397572040557867 0.31764577329158789 0.0035590031184256081 1.5534999988631173e-06
decision_type=2 2 2 10 10 2 2 8 8 10 2 2 8 10
left_child=1 7 4 -4 9 -6 -5 8 12 -3 11 -2 -1 -13
right_child=10 2 3 6 5 -7 -8 -9 -10 -11 -12 13 -14 -15
leaf_value=0.19538888805976548 -0.022293724820962205 -0.018778219852599462 -0.010205408122972784 0.23779791416802698 0.23293927083268351 -0.019621327840716976 -0.045524263534536584 -0.020706569620572792 0.22398471150490731 0.20382796980413725 -0.056152418088929706 -0.047223628402063393 -0.0001016058507236213 0.14449623411553236
leaf_weight=2.951885908842093 110.71721263974905 10.131118625402449 75.776656404137611 10.568453252315519 83.882786989212036 4.3852446973323813 3.6663601398468009 97.687434330582619 6.9345139116048804 5.4363636672496787 387.78481408953667 4.1349829360842696 21.481558322906494 9.1066150814294797
leaf_count=21 916 84 625 71 560 36 31 807 47 38 3300 33 176 72
internal_value=-9.04468e-05 0.0710966 0.115602 0.0192831 0.198118 0.220313 0.166626 0.00387221 0.0786914 0.0665695 -0.0450594 -0.0101851 0.03027 0.0855154
internal_weight=834.646 322.902 193.847 90.0115 103.836 88.268 14.2348 129.055 31.368 15.5675 511.744 123.959 24.4334 13.2416
internal_count=6817 2496 1445 727 718 596 102 1051 244 122 4321 1021 197 105
is_linear=0
shrinkage=0.05


Tree=2
num_leaves=15
num_cat=0
split_feature=2 5 5 39 5 47 31 5 34 36 44 122 8 121
split_gain=1022.64 443.859 486.005 140.199 138.718 117.07 68.5139 82.8597 54.8427 143.116 63.2724 43.4032 39.5802 37.2231
threshold=50.445377349853523 91.263515472412124 134.57527160644534 0.0002881376567529515 118.19547271728517 0.045532580465078361 482.86038208007818 175.364616394043 1407.5217895507815 1397.931579589844 0.0079731261357665079 -8.6005115509033185 116.47505187988283 -840732.99999999988
decision_type=8 10 10 10 10 10 10 10 8 10 10 10 10 2
left_child=1 8 3 4 5 -3 -2 12 9 13 -11 -7 -8 -1
right_child=6 2 -4 -5 -6 11 7 -9 -10 10 -12 -13 -14 -15
leaf_value=0.11286895831814332 -0.052991755727090618 0.0047995519399589284 -0.0296075873569174 0.21238686473512006 -0.016234729985667745 0.023884201354585313 0.01467320860417535 -0.030134553891253937 -0.035745104709102186 -0.041350202493575017 0.22751386513450558 0.18886705612797761 0.16795362634264599 -0.0080915939686558302
leaf_weight=5.9149193912744513 412.97251792997122 12.330974139273165 43.735272109508514 68.246058978140354 16.467262960970402 4.6638612225651732 8.231409929692747 51.357489392161369 56.288004346191883 2.3799812644720069 10.115626424551008 49.992329433560371 8.0992135405540449 78.299164466559887
leaf_count=50 3621 96 368 410 135 28 65 439 469 19 70 296 61 655
internal_value=0.00187685 0.0669917 0.116725 0.15883 0.113037 0.144587 -0.0453664 0.00125103 0.00311858 0.0258728 0.177035 0.175471 0.0959977 0.00162911
internal_weight=829.094 348.433 195.436 151.7 83.4544 66.9872 480.661 67.6881 152.998 96.7097 12.4956 54.6562 16.3306 84.2141
internal_count=6782 2596 1333 965 555 420 4186 565 1263 794 89 324 126 705
is_linear=0
shrinkage=0.05


Tree=3
num_leaves=15
num_cat=0
split_feature=115 5 5 9 6 5 115 61 4 19 17 31 77 0
split_gain=871.19 242.499 344.661 108.938 83.0063 77.6073 67.4295 65.1289 56.9305 54.1067 47.0391 45.3267 42.7674 47.4618
threshold=0.030048470944166187 91.263515472412124 118.19547271728517 0.99723756313323986 31.2744255065918 144.70734405517581 0.28397572040557867 50.652069091796882 30.895639419555668 0.019026443362236026 0.002243661787360907 530.31628417968761 0.0069808240514248618 283.50000000000006
decision_type=2 10 10 10 8 10 2 2 10 10 10 10 2 2
left_child=1 4 7 12 8 -5 11 9 10 -3 -1 -2 -4 -14
right_child=6 2 3 5 -6 -7 -8 -9 -10 -11 -12 -13 13 -15
leaf_value=0.1788779720260267 -0.034374859116445548 0.053557532303141281 -0.031882475877528599 0.17998592964775312 -0.018781764977592024 -0.047184928907653016 -0.055226604656726977 -0.037810537966995711 0.16744138031262323 0.16227723519674847 -0.0051314789985652592 0.029904670827014892 -0.026780704188343454 0.14649472455230567
leaf_weight=3.1945461332798031 75.876464813947678 14.167159676551817 56.948554962873459 13.36045189201832 95.329841822385788 4.6114172339439383 359.8156406506896 4.3990536257624617 9.7655566334724409 109.88369520008564 19.89599896222353 41.711688600480556 7.2885115668177587 7.0075631737709045
leaf_count=20 654 102 484 72 806 41 3309 38 53 581 165 333 62 55
internal_value=-0.000764316 0.0595699 0.0915803 0.0157782 0.00492654 0.122281 -0.0445063 0.143701 0.0722376 0.150389 0.0266945 -0.0115133 -0.0124085 0.0621789
internal_weight=823.256 345.852 217.666 89.2165 128.186 17.9719 477.404 128.45 32.8561 124.051 23.0905 117.588 71.2446 14.2961
internal_count=6775 2479 1435 714 1044 113 4296 721 238 683 185 987 601 117
is_linear=0
shrinkage=0.05


Tree=4
num_leaves=15
num_cat=0
split_feature=2 73 73 39 73 52 24 1 116 34 35 128 43 36
split_gain=746.282 288.098 298.883 101.96 97.0479 82.6398 63.8139 52.5647 47.6932 45.4482 108.709 38.816 54.9663 36.9182
threshold=50.445377349853523 85.931549072265639 134.57527160644534 0.0003406193718547002 118.19547271728517 874.00000000000011 104.1428565979004 36363.582031250007 1.8329319357872011 1407.5217895507815 1397.931579589844 0.77777609229087841 0.99650776386260997 1412.0000000000002
decision_type=8 2 2 10 2 10 10 2 2 8 10 10 10 10
left_child=1 9 3 4 5 8 -2 13 -3 10 11 -1 -13 -8
right_child=6 2 -4 -5 -6 -7 7 -9 -10 -11 -12 12 -14 -15
leaf_value=-0.02467392237094243 -0.053204520122341448 -0.010184733807511413 -0.030321236309513867 0.16081641647097367 -0.020399160293273197 -0.012073787005777357 -0.0038206245704342522 -0.042011923299894283 0.14096358104238579 -0.037586587367425803 0.14943816361218248 -0.012897409916244988 0.13229444195373091 0.089833455761132178
leaf_weight=57.934073194861412 362.95994441211224 5.5652632266283026 41.867889896035194 77.12385182082653 18.377355955541134 12.275965645909308 26.092926882207394 47.192397572100163 60.023062974214554 53.809294305741787 12.782806716859339 15.189949974417688 10.213983014225958 16.546981498599052
leaf_count=500 3440 32 366 386 153 92 213 432 304 465 77 128 79 124
internal_value=-0.00104109 0.052063 0.0889936 0.117817 0.0820594 0.106193 -0.0438883 -0.00607561 0.128178 -0.00119136 0.0193602 -0.0021271 0.0482784 0.0337488
internal_weight=817.956 365.163 215.233 173.365 96.2416 77.8643 452.792 89.8323 65.5883 149.93 96.1208 83.338 25.4039 42.6399
internal_count=6791 2582 1333 967 581 428 4209 769 336 1249 784 707 207 337
is_linear=0
shrinkage=0.05


Tree=5
num_leaves=15
num_cat=0
split_feature=115 5 5 2 78 5 47 31 6 5 7 33 35 122
split_gain=711.902 159.286 244.576 73.5323 76.3369 86.3724 77.0093 71.7951 71.7587 68.2443 41.3511 35.0175 31.7172 30.3806
threshold=0.030276007950305942 91.263515472412124 149.83280181884768 50.445377349853523 0.00033636073931120341 118.19547271728517 0.048371333628892905 482.86038208007818 31.2744255065918 175.364616394043 30.858586311340336 1358.5483398437502 1418.371765136719 -8.6005115509033185
decision_type=2 10 10 10 2 10 10 10 8 10 10 8 8 10
left_child=1 8 3 4 5 6 -3 -2 10 -9 11 -1 -11 -8
right_child=7 2 -4 -5 -6 -7 13 9 -10 12 -12 -13 -14 -15
leaf_value=0.18871161987321483 -0.051303303215824762 -0.0063478010799566734 -0.031526382603667927 -0.0035952963280901779 0.14465358687006075 -0.016264269475986141 0.0080132488045940309 0.085992917442568872 -0.014934867210160969 -0.038700925658349261 0.11237684481586452 -0.022115536163970932 0.089092730730566339 0.13636972124024815
leaf_weight=1.2581236511468858 371.6528819873929 13.423576734960077 42.485097385942936 15.546006441116331 82.97375301271677 19.377502106130123 5.1690704971551886 17.802628204226494 96.224219143390656 45.017472788691521 20.261308260262012 14.446583859622478 4.4772562757134429 54.432653367519379
leaf_count=10 3652 95 383 134 394 164 27 123 832 407 120 120 37 253
internal_value=0.000161235 0.0516213 0.0763733 0.100423 0.109611 0.0769333 0.101549 -0.0427193 0.00767153 0.00474334 0.066921 0.00505993 -0.0256053 0.125554
internal_weight=804.548 365.598 233.408 190.923 175.377 92.4028 73.0253 438.95 132.19 67.2974 35.966 15.7047 49.4947 59.6017
internal_count=6751 2532 1450 1067 933 539 375 4219 1082 567 250 130 444 280
is_linear=0
shrinkage=0.05


Tree=6
num_leaves=15
num_cat=0
split_feature=115 5 5 115 6 100 9 31 39 134 5 28 50 5
split_gain=614.719 175.655 187.481 70.044 64.2434 49.0925 50.0698 43.785 41.1121 44.2712 39.316 33.1636 47.5291 39.73
threshold=0.030048470944166187 91.263515472412124 128.78022003173831 0.28397572040557867 31.2744255065918 0.021320459432899955 0.99489471316337597 530.31628417968761 0.0004503496020333842 0.94481638073921215 158.91459655761722 1015.5000000000001 0.017706038430333141 123.88419723510744
decision_type=2 10 10 2 8 10 10 10 10 2 10 2 10 10
left_child=1 4 5 7 -1 6 -3 -2 -4 10 -10 12 -7 -14
right_child=3 2 8 -5 -6 11 -8 -9 9 -11 -12 -13 13 -15
leaf_value=0.056875298404396049 -0.031973363629343908 -0.031187322076262861 -0.047652215216179739 -0.054092145201198774 -0.022227159426214047 -0.018870922244053484 0.096804591798990147 0.032016904877672087 0.15502635155162706 -0.026727213287349883 0.013699720086805421 0.13729966761191545 0.11271538561577331 -0.02019104303354614
leaf_weight=34.24186310172081 70.191535167396069 13.540415830910208 26.967476546764374 315.05799148976803 93.483762882649899 9.1837617456912977 15.488009653985499 41.845713578164577 8.7354849353432673 16.363052286207676 10.384528107941149 67.619503028690815 59.562862381339073 5.8918905556201926
leaf_count=233 657 109 244 3267 817 62 89 316 44 146 95 303 269 52
internal_value=-0.0014804 0.0464374 0.0721128 -0.0420484 -0.000743552 0.099016 0.0380519 -0.00800131 -0.00207337 0.0329236 0.0827644 0.111104 0.0858694 0.100628
internal_weight=788.558 361.463 233.737 427.095 127.726 171.286 29.0284 112.037 62.4505 35.4831 19.12 142.258 74.6385 65.4548
internal_count=6703 2463 1413 4240 1050 884 198 973 529 285 139 686 383 321
is_linear=0
shrinkage=0.05


Tree=7
num_leaves=15
num_cat=0
split_feature=2 5 5 39 5 24 50 5 46 33 33 123 34 137
split_gain=592.805 168.722 183.005 67.6913 78.8363 58.7504 54.9919 44.1005 56.9957 41.6022 88.5309 36.1979 36.1868 38.999
threshold=50.445377349853523 91.263515472412124 149.83280181884768 0.0002881376567529515 123.88419723510744 101.16666793823244 0.00444331904873252 175.364616394043 1.5475000054721024e-06 1407.5217895507815 1397.931579589844 497.90069580078131 1365.4043579101565 89.334369659423842
decision_type=8 10 10 10 10 10 10 10 10 8 10 8 10 2
left_child=1 9 3 4 6 -2 -3 8 -7 10 -1 12 13 -8
right_child=5 2 -4 -5 -6 7 11 -9 -10 -11 -12 -13 -14 -15
leaf_value=0.00052132451501325729 -0.05272297251032429 -0.02012307818586076 -0.035156117879225381 0.12052980327566454 -0.026011099579228966 -0.010545892917463145 -0.047264605746756422 -0.037587115035191965 0.11324891748849138 -0.033738548952257447 0.12969760248638518 -0.053012598277000535 0.12465569993140982 0.10030620050914499
leaf_weight=82.657577753067017 324.44634417444468 11.146448098123072 34.477343700826168 90.971097901463509 20.644434928894043 26.98928190022707 7.1376677975058582 51.485716328024864 13.06592373549938 51.846343301236629 14.800929747521876 3.2396532222628585 53.668143294751644 9.2515146732330305
leaf_count=715 3450 81 325 397 183 234 35 489 84 466 80 17 244 42
internal_value=-0.0015804 0.04352 0.0702447 0.088864 0.0605742 -0.0427675 0.081799 -0.00729416 0.0316106 0.00206245 0.0212572 0.0973607 0.104963 0.0370154
internal_weight=795.828 379.841 230.536 196.059 105.088 415.987 84.4434 91.5409 40.0552 149.305 97.4585 73.297 70.0573 16.3892
internal_count=6842 2585 1324 999 602 4257 419 807 318 1261 795 338 321 77
is_linear=0
shrinkage=0.05


Tree=8
num_leaves=15
num_cat=0
split_feature=2 5 5 31 5 39 5 53 136 86 123 120 40 122
split_gain=533.663 164.262 164.627 63.3725 49.163 37.2526 58.964 51.0711 35.431 33.6987 80.4057 28.9035 42.0832 28.4141
threshold=50.445377349853523 91.263515472412124 134.57527160644534 520.47225952148449 175.364616394043 0.0002881376567529515 123.88419723510744 2025081.5625000002 1.0000000180025095e-35 0.99462628364562999 0.59583818912506115 386.50000000000006 0.0015009636408649387 -8.6005115509033185
decision_type=8 10 10 10 10 10 10 10 2 2 10 2 10 10
left_child=1 9 5 11 8 6 7 13 -5 -1 -11 -2 -13 -3
right_child=3 2 -4 4 -6 -7 -8 -9 -10 10 -12 12 -14 -15
leaf_value=-0.019798673328974139 -0.05337175081780117 -0.0061338916849249994 -0.025438605671273897 -0.029417378449958283 -0.025425119976333024 0.10920838981607206 -0.024251844935097702 -0.0265350956442096 0.10728538236480101 -0.020390066147167582 0.091924141180995234 -0.033306874096510154 0.10871465018265343 0.10087546643789783
leaf_weight=85.604513242840767 308.00111225247383 6.6279529929161063 39.474935375154018 6.2990101128816613 42.564139723777771 92.850833758711815 15.537725888192652 9.7032422274351102 14.538652561604977 36.487549677491188 26.902393773198128 20.602257147431377 5.8764796033501616 75.769485048949718
leaf_count=762 3407 37 379 44 404 391 138 75 86 306 200 206 52 334
internal_value=0.000252213 0.041845 0.0673625 -0.0404108 0.00535279 0.08567 0.064547 0.0796273 0.0665068 0.000572524 0.0279629 -0.0490756 0.00102153 0.0922974
internal_weight=786.84 388.959 239.964 397.882 63.4018 200.489 107.638 92.1007 20.8377 148.994 63.3899 334.48 26.4787 82.3974
internal_count=6821 2622 1354 4199 534 975 584 446 130 1268 506 3665 258 371
is_linear=0
shrinkage=0.05


Tree=9
num_leaves=15
num_cat=0
split_feature=2 5 5 115 33 115 132 34 47 47 7 68 9 34
split_gain=490.748 147.56 160.091 66.3919 46.5883 71.5094 52.3834 46.603 43.3595 38.808 37.8736 36.6113 31.121 23.3186
threshold=50.445377349853523 86.490345001220717 158.91459655761722 0.28397572040557867 1407.5217895507815 0.025815581902861599 0.99617826938629161 1365.4043579101565 0.021064370870590213 0.014560233335942032 30.548342704772953 174.96810150146487 0.99489471316337597 1361.6320800781252
decision_type=8 10 10 2 8 2 2 10 10 10 8 2 10 10
left_child=1 4 8 11 5 6 7 -1 12 -9 -8 -2 -3 -10
right_child=3 2 -4 -5 -6 -7 10 9 13 -11 -12 -13 -14 -15
leaf_value=-0.0072334024513214775 0.047154325660032054 -0.02794403626660032 -0.039581731577029794 -0.054476372334431193 -0.038334210319690643 -0.02119420228976026 0.1661788022417677 -0.040481750856849241 0.051273271145842271 0.16165173762129947 -0.037694307714134026 -0.022657692035698389 0.070983149004853641 0.098449099753889685
leaf_weight=6.9709267988801029 22.089209772646427 14.71853616833687 31.936128847301006 261.08178309351206 51.028913140296936 48.55262103676796 1.6838218271732301 2.2860579192638424 36.643664866685867 19.447441376745701 14.119874186813831 100.18329508602619 15.303917750716208 140.55917337536812
leaf_count=57 147 119 316 3078 473 437 11 19 195 109 120 966 82 629
internal_value=-0.000331132 0.0396275 0.0636275 -0.0402782 -0.000371993 0.0206304 0.0657189 0.104856 0.0796472 0.139545 -0.00737569 -0.00976555 0.0231466 0.0890361
internal_weight=766.605 383.251 239.161 383.354 144.09 93.0607 44.5081 28.7044 207.225 21.7335 15.8037 122.273 30.0225 177.203
internal_count=6758 2567 1341 4191 1226 753 316 185 1025 128 131 1113 201 824
is_linear=0
shrinkage=0.05


Tree=10
num_leaves=15
num_cat=0
split_feature=115 5 5 115 94 33 115 132 66 16 3 9 109 9
split_gain=476.151 104.763 118.181 68.4438 40.9257 37.8665 53.2612 54.3135 52.5359 35.906 33.9675 52.5273 29.5213 31.872
threshold=0.030048470944166187 91.263515472412124 134.57527160644534 0.22451132535934451 0.00032683000608813023 1410.5380859375002 0.024649572558701042 0.99617826938629161 1371.4871826171877 0.0010366399656049909 10.22630023956299 0.99036917090415966 1.9865578413009646 0.99565845727920543
decision_type=2 10 10 2 10 10 2 2 2 10 10 10 2 10
left_child=1 5 10 4 -2 6 7 8 -1 -10 12 -12 -3 -14
right_child=3 2 -4 -5 -6 -7 -8 -9 9 -11 11 -13 13 -15
leaf_value=-0.014273617276118833 -0.042379222994541714 0.098103310370257449 -0.017980400000594209 -0.0525000774163948 0.019810521549055729 -0.032402900487155849 -0.018150854116587914 -0.021223282124992495 -0.039291968740115153 0.1620003622720611 0.064716892765534426 -0.044779710631824232 -0.035427376136976448 0.076322500042057928
leaf_weight=7.1288287118077305 43.381302893161774 118.32530615478754 41.671569377183914 269.42767213284969 64.537938542664051 46.83741706609726 38.368204474449158 12.717783406376837 2.1097932308912304 18.427627488970757 54.274037912487984 12.900411099195479 9.133332811295988 17.042329765856266
leaf_count=59 441 502 413 3284 528 442 327 108 18 94 279 99 74 82
internal_value=0.000640466 0.0401777 0.0586274 -0.0390646 -0.00534804 0.00279084 0.0238659 0.0632594 0.10148 0.140458 0.0737225 0.0433404 0.0874513 0.0374614
internal_weight=756.284 378.937 253.347 377.347 107.919 125.59 78.7522 40.384 27.6662 20.5374 211.675 67.1744 144.501 26.1757
internal_count=6750 2497 1449 4253 969 1048 606 279 171 112 1036 378 658 156
is_linear=0
shrinkage=0.05


Tree=11
num_leaves=15
num_cat=0
split_feature=115 5 5 39 47 6 5 41 116 133 48 5 128 123
split_gain=417.93 126.339 129.481 55.9534 55.3876 44.9831 43.1472 42.3704 27.8327 27.0855 26.3992 25.7197 24.6053 22.5713
threshold=0.22451132535934451 174.83229827880862 91.263515472412124 0.00036168655788060283 0.040111750364303596 31.2744255065918 123.88419723510744 0.0028933517169207339 1.8329319357872011 0.99621212482452404 1.8556999634711249e-06 590.91680908203136 25.415779113769535 -230.59211730957028
decision_type=2 8 10 10 10 10 10 10 2 2 10 10 10 10
left_child=1 2 5 4 -4 -1 8 -5 -6 -8 -9 -3 -7 -13
right_child=-2 11 3 7 6 12 9 10 -10 -11 -12 13 -14 -15
leaf_value=0.044283795618454129 -0.051652372963096972 -0.04545231003923083 -0.022593373699846681 0.095716003429750784 -0.016422676846984903 -0.026639443809118729 -0.022908074094871278 -0.055936601236678166 0.081563935901234313 0.10439401869052532 0.08477696484438936 0.069477141316569596 0.054137666667526431 -0.020440404940819452
leaf_weight=39.354866839945316 263.44101987034082 59.988541632890701 29.20789759606123 103.84728780388832 7.6883827522397032 88.883582599461079 22.86514795571566 7.7780631184577924 73.771529249846935 4.0652263388037673 4.3745297789573669 9.8044759854674357 9.595518082380293 18.842766918241978
leaf_count=263 3352 603 247 463 43 832 184 68 317 23 22 98 77 194
internal_value=-0.00116055 0.026597 0.0387888 0.0599209 0.0379193 -0.000243207 0.0542831 0.0854718 0.0722287 -0.000641783 -0.00268986 -0.0270762 -0.0183037 0.0116392
internal_weight=743.509 480.068 391.432 253.598 137.598 137.834 108.39 116 81.4599 26.9304 12.1526 88.6358 98.4791 28.6472
internal_count=6786 3434 2539 1367 814 1172 567 553 360 207 90 895 909 292
is_linear=0
shrinkage=0.05


Tree=12
num_leaves=15
num_cat=0
split_feature=2 10 115 3 36 36 39 47 92 26 47 24 17 137
split_gain=389.459 90.6226 57.0935 56.1368 39.5121 64.4991 36.8534 41.2472 28.1894 27.5762 30.9917 27.2289 26.2497 46.81
threshold=50.445377349853523 0.0006220169016160072 0.22451132535934451 10.883542060852053 1407.5217895507815 1397.931579589844 0.0003406193718547002 0.045532580465078361 0.00022923749929759654 0.30246958136558538 0.021155578084290031 281.50000000000006 0.029177753254771236 70.73569488525392
decision_type=8 10 2 10 8 10 10 10 10 10 10 10 10 2
left_child=1 4 9 6 5 12 7 -3 -5 -2 -11 -12 -1 -14
right_child=2 3 -4 8 -6 -7 -8 -9 -10 10 11 -13 13 -15
leaf_value=-0.019048442578915858 -0.037447623662952609 -0.010941521727609829 -0.053317533343756308 -0.0083615120741305764 -0.034298683484488737 0.11830863634380376 0.089726300480221191 0.065109727066977874 0.059501515056682254 -0.047221706237068194 0.010893143202825757 0.10004702928669318 -0.050603601214603125 0.086468351108693622
leaf_weight=48.403116911649704 51.571722134947777 24.844527691602707 230.53080132603645 46.531330950558186 48.375526800751686 13.411844030022619 90.079008124768734 59.894532233476639 21.655986808240414 16.198477171361446 39.663837656378746 10.034195229411123 8.5050171017646807 17.85245593637228
leaf_count=452 547 192 3094 385 478 62 372 287 112 169 298 86 84 131
internal_value=-0.000760537 0.0342251 -0.0389072 0.0524778 0.00159675 0.0214545 0.0674233 0.0429448 0.01374 -0.0104157 0.0109834 0.0305119 0.00274681 0.0420051
internal_weight=727.552 379.553 347.999 243.005 136.548 88.1724 174.818 84.7391 68.1873 117.468 65.8965 49.698 74.7606 26.3575
internal_count=6749 2555 4194 1348 1207 729 851 479 497 1100 553 384 667 215
is_linear=0
shrinkage=0.05


Tree=13
num_leaves=15
num_cat=0
split_feature=114 5 5 100 9 6 104 20 5 41 85 127 133 5
split_gain=361.216 85.9961 108.878 45.2126 39.0384 38.2912 36.6697 45.659 32.8718 32.6591 41.6895 52.2843 32.1312 36.0976
threshold=0.48399507999420172 180.7494812011719 91.263515472412124 0.021467195823788646 0.99489471316337597 31.2744255065918 418.50000000000006 0.00039364045369438832 590.91680908203136 0.00018425517919240522 1.0000000180025095e-35 -16.980248451232907 0.93870902061462413 115.68498992919923
decision_type=2 8 10 10 10 10 2 10 10 10 2 10 2 10
left_child=1 2 5 4 -4 -1 7 -5 -3 -10 11 -11 13 -9
right_child=-2 8 3 6 -6 -7 -8 12 9 10 -12 -13 -14 -15
leaf_value=0.046208631962152323 -0.044278608873843758 -0.053058909806746248 -0.033439726632302796 -0.046460521131292211 0.062849403556259634 -0.016690067993723294 0.090722158763114791 0.066391067863015532 -0.034832121509033705 -0.042097124843655825 -0.039865124516357035 0.19192894230273039 0.098632631196588841 -0.00437855304783542
leaf_weight=31.618835970759392 280.5051766782999 38.358188144862652 23.246860049664974 10.998439684510229 17.626438364386559 92.71355926990509 88.730567209422588 44.438664764165878 15.410023532807829 2.9932321086525908 5.5594947040081015 6.7866704165935507 32.204502090811729 29.665161415934563
leaf_count=207 3611 432 207 100 90 883 380 188 180 31 59 66 141 227
internal_value=-2.22097e-05 0.0282057 0.0377271 0.0568771 0.00859383 -0.000453306 0.0663677 0.047335 -0.0227509 0.0155371 0.0651731 0.123042 0.0573814 0.0383796
internal_weight=720.856 440.351 371.243 246.911 40.8733 124.332 206.037 117.307 69.1076 30.7494 15.3394 9.7799 106.308 74.1038
internal_count=6802 3191 2423 1333 297 1090 1036 656 768 336 156 97 556 415
is_linear=0
shrinkage=0.05


Tree=14
num_leaves=15
num_cat=0
split_feature=114 5 5 100 58 118 9 5 6 69 116 41 124 100
split_gain=350.452 85.3976 104.955 42.0792 38.6426 37.274 28.9799 28.9636 27.9792 32.0724 27.0743 26.9542 28.8654 29.7718
threshold=0.48575037717819219 180.7494812011719 91.263515472412124 0.021603761240839962 1662541.1875000002 0.086072854697704329 0.99489471316337597 590.91680908203136 31.2744255065918 30.858586311340336 1.8329319357872011 0.00025680541875772184 -0.0041445649694651357 0.32093669474124914
decision_type=2 8 10 10 2 2 10 10 10 2 2 10 8 8
left_child=1 2 8 6 5 10 -4 -3 9 -1 -5 -9 -13 -14
right_child=-2 7 3 4 -6 -7 -8 11 -10 -11 -12 12 13 -15
leaf_value=-0.018698981031539646 -0.046108733565054322 -0.052775360125778326 -0.031482993876022089 -0.036183262333903926 0.08872559471535682 -0.018228406535426244 0.05360134092113622 -0.034277248343995301 -0.016449540890600297 0.079545767745611159 0.062095629277284028 -0.025534580181744156 0.15580416098183519 -0.038615922528810215
leaf_weight=14.180680528283117 267.94304718077183 38.8963308557868 22.078933075070381 6.8710874617099753 84.438007973134518 19.526874296367168 16.683093391358852 15.065744660794737 91.678866274654865 18.033821262419224 105.03675562888384 5.9864563047885895 6.8353226035833332 2.1734758168458947
leaf_count=117 3604 459 202 47 356 149 86 179 883 91 535 64 60 22
internal_value=-0.000982826 0.02608 0.0353937 0.0536986 0.0622761 0.0447424 0.00556419 -0.0248208 -0.00235664 0.0370379 0.0557943 0.0118845 0.0575066 0.109726
internal_weight=715.428 447.485 378.528 254.635 215.873 131.435 38.762 68.9573 123.893 32.2145 111.908 30.061 14.9953 9.0088
internal_count=6854 3250 2466 1375 1087 731 288 784 1091 208 582 325 146 82
is_linear=0
shrinkage=0.05


Tree=15
num_leaves=15
num_cat=0
split_feature=115 5 5 39 104 132 6 116 134 41 6 127 34 7
split_gain=324.256 99.2455 81.0246 45.632 50.3198 59.6172 38.9288 37.0946 31.9238 25.8398 22.8385 22.5646 20.2073 19.6239
threshold=0.22451132535934451 174.83229827880862 91.263515472412124 0.0002881376567529515 1422.5000000000002 1.0000000180025095e-35 31.2744255065918 1.8478199243545534 0.061868688091635711 0.0028933517169207339 30.665631294250492 2.9631773233413701 1416.1473388671877 36.450819015502937
decision_type=2 8 10 10 2 2 10 2 2 10 10 8 10 10
left_child=1 2 6 4 5 7 -1 -4 -7 -5 -10 -11 -9 -8
right_child=-2 -3 3 9 -6 8 13 12 10 11 -12 -13 -14 -15
leaf_value=0.043193800006187555 -0.050483011234946001 -0.02657888325059414 -0.039067757620209788 0.080180575908832347 -0.042940407626116062 0.06673584174944712 0.029539260294650257 0.081654184967438467 0.068642819713011505 -0.051877475064156624 -0.055731948306721159 0.087726192601659925 -0.028493143621787814 -0.027033221384947317
leaf_weight=38.373184762895107 225.29777515679598 84.337046898901463 7.1624460965394965 104.75935949385166 19.528777413070202 8.8053957223892194 18.252247244119644 71.430419407784939 3.4621771275997189 7.0312712267041189 23.786441624164581 3.525864377617836 3.9448055773973456 76.144831888377666
leaf_count=248 3364 910 52 468 178 40 158 323 14 62 169 20 30 759
internal_value=-0.00128579 0.0223271 0.0330478 0.0495701 0.0298462 0.042091 0.00137475 0.0652935 -0.0113545 0.0727347 -0.0380585 -0.00169637 0.075592 -0.0158996
internal_weight=695.842 470.544 386.207 253.437 138.12 118.592 132.77 82.5377 36.054 115.316 27.2486 10.5571 75.3752 94.3971
internal_count=6795 3431 2521 1356 806 628 1165 405 223 550 183 82 353 917
is_linear=0
shrinkage=0.05


Tree=16
num_leaves=15
num_cat=0
split_feature=115 5 5 134 5 47 6 40 128 32 78 5 1 41
split_gain=309.86 85.488 73.1293 33.4843 34.7276 32.7298 30.3673 28.1629 26.3948 46.3341 25.7866 25.3784 25.2153 23.9357
threshold=0.28397572040557867 174.83229827880862 91.263515472412124 0.94481638073921215 124.58281707763673 0.014227462466806175 31.2744255065918 0.00071237812517210852 0.90401446819305431 37.931547164916999 0.020980047062039379 590.91680908203136 3411.805053710938 0.00018425517919240522
decision_type=2 8 10 2 10 10 10 10 10 10 2 10 2 10
left_child=1 2 6 5 -5 -4 -1 10 -8 -10 -6 -3 -11 -13
right_child=-2 11 3 4 7 -7 8 -9 9 12 -12 13 -14 -15
leaf_value=0.039340001299146748 -0.04978626324920081 -0.042024192644950414 -0.013283526096857651 0.048005774790685213 -0.050443891064655022 0.070980422797575979 -0.03398423233013638 0.069601807387689799 -0.017660228665254622 0.035593168790895899 0.069516864673589654 -0.038532563201139347 0.19219977459422602 0.049222254407854389
leaf_weight=38.273601680994034 210.26213112846017 55.007307171821594 12.270694985985754 69.330691032111645 26.884125865995887 135.65034836530685 56.726473741233349 7.6981227770447722 24.619078852236271 6.8561717420816404 4.4344647899270049 12.05043099820614 3.7698095887899399 18.364595972001553
leaf_count=240 3285 634 99 326 246 643 580 44 247 53 28 138 27 171
internal_value=0.000559093 0.0230474 0.0330396 0.0484945 0.0270046 0.0639481 0.00249287 -0.0105804 -0.0130991 0.0205254 -0.031833 -0.0220239 0.102906 0.014334
internal_weight=682.198 471.936 386.514 256.268 108.347 147.921 130.245 39.0167 91.9715 35.2451 31.3186 85.4223 10.626 30.415
internal_count=6761 3476 2533 1386 644 742 1147 318 907 327 274 943 80 309
is_linear=0
shrinkage=0.05


Tree=17
num_leaves=15
num_cat=0
split_feature=115 2 39 36 35 79 26 47 101 137 35 36 75 8
split_gain=286.084 45.5156 49.8012 48.9734 59.218 34.8362 29.6158 34.0114 29.2183 36.3292 28.6952 25.8634 27.9135 25.0187
threshold=0.28397572040557867 49.418815612792976 0.00036168655788060283 1410.3917236328127 1397.931579589844 0.00037273680209182208 0.30246958136558538 0.021019782871007923 0.12125447764992715 70.73569488525392 1374.3891601562502 1412.0000000000002 0.0031128423288464551 53.666038513183601
decision_type=2 8 10 10 10 2 10 10 10 2 10 10 2 10
left_child=1 2 3 4 8 -4 -3 -8 -1 -10 -11 12 -9 -5
right_child=-2 6 5 13 -6 -7 7 11 9 10 -12 -13 -14 -15
leaf_value=-0.0032555693245873243 -0.050243297229926299 -0.034778001871068852 0.067289175169731041 -0.030360453945230279 0.086032459691415056 -0.042775993204694288 -0.045550540293804752 0.09263834468365395 -0.043103938796790003 0.029745174181275189 0.12709329880928091 0.06860412229372316 -0.016572114991223671 0.027967328179259524
leaf_weight=73.306529104709625 204.89124280959368 49.447940088808537 94.365169696509838 59.828604497015476 39.716996125876904 7.1117614060640326 17.664016999304295 6.1921092346310607 7.7176375463604918 18.04322869330645 13.163948573172091 25.843293324112892 30.41153771430254 25.446271911263466
leaf_count=567 3343 573 461 535 181 78 201 32 70 112 61 162 254 186
internal_value=-0.00110839 0.0204523 0.03007 0.0173986 0.0343377 0.0592334 -0.00472863 0.0140192 0.0154455 0.0498643 0.0734801 0.0313218 0.00387488 -0.0128328
internal_weight=673.15 468.259 338.7 237.223 151.948 101.477 129.559 80.111 112.231 38.9248 31.2072 62.4469 36.6036 85.2749
internal_count=6816 3473 2251 1712 991 539 1222 649 810 243 173 448 286 721
is_linear=0
shrinkage=0.05


Tree=18
num_leaves=15
num_cat=0
split_feature=114 5 5 5 108 2 92 33 2 132 66 48 100 132
split_gain=266.995 66.2853 71.1535 32.6049 33.4936 26.0815 35.791 24.556 29.5261 34.6518 39.4975 32.6531 24.0515 24.7269
threshold=0.48399507999420172 180.7494812011719 91.263515472412124 110.83229827880861 0.43522934615612036 37.116430282592781 0.00075794351869262766 1410.5380859375002 45.625726699829109 1.0000000180025095e-35 1371.4871826171877 1.9545000213838652e-06 0.021603761240839962 1.0000000180025095e-35
decision_type=2 8 10 10 2 10 8 10 10 2 2 10 10 2
left_child=1 2 7 -4 -5 6 -2 8 9 10 -1 -12 -6 -14
right_child=5 -3 3 4 12 -7 -8 -9 -10 -11 11 -13 13 -15
leaf_value=-0.014177283055899638 0.13004170870270165 -0.024272842734682314 0.063452032683934262 -0.023317966980623901 0.0017403155123405724 -0.046837984966283566 -0.033757278066339484 -0.032266282476951992 -0.034238418721859079 -0.023561664036799056 -0.036139788613513475 0.11316159248247958 0.075966516811763807 0.00050330749546212276
leaf_weight=12.348358705639837 4.1522608473896954 61.422634046524763 133.81674854457378 25.339092068374157 26.892139501869678 222.09316885843873 8.6320039629936218 39.247562445700169 20.787591923028231 17.52876079082489 3.8150921985507038 23.640628755092621 46.036149963736534 14.129504233598707
leaf_count=102 37 751 615 207 207 3457 115 411 225 159 32 129 226 94
internal_value=-0.000160493 0.02347 0.03158 0.0467998 0.0265894 -0.0428374 0.0250183 -0.000473671 0.0157048 0.0340896 0.0594331 0.0918745 0.0412153 0.0585425
internal_weight=659.882 425.004 363.582 246.214 112.397 234.877 12.7843 117.368 78.1204 57.3328 39.8041 27.4557 87.0578 60.1657
internal_count=6767 3158 2407 1349 734 3609 152 1058 647 422 263 161 527 320
is_linear=0
shrinkage=0.05


Tree=19
num_leaves=15
num_cat=0
split_feature=115 5 5 39 52 132 67 116 8 137 134 67 41 5
split_gain=251.649 81.6038 58.5356 33.1041 34.5817 45.8419 33.0586 25.7925 24.0612 35.922 21.8882 23.8501 17.6021 17.0822
threshold=0.28397572040557867 174.83229827880862 91.263515472412124 0.0003406193718547002 1452.5000000000002 1.0000000180025095e-35 31.2744255065918 1.8478199243545534 62.797708511352546 87.292655944824233 0.061868688091635711 30.665631294250492 0.0040568117983639249 590.91680908203136
decision_type=2 8 10 10 10 2 2 2 10 2 2 2 10 10
left_child=1 2 6 4 5 7 -1 -4 -5 -10 -7 -12 -11 -3
right_child=-2 13 3 8 -6 10 -8 -9 9 12 11 -13 -14 -15
leaf_value=0.037386249737344154 -0.04988270163081733 -0.04407976294477392 -0.028400626951855218 0.075991410257630121 -0.033770475446111857 0.060019822694757766 -0.016441003971846693 0.06437688706611594 -0.045432999773834165 0.079814641769717171 0.065298690195113862 -0.054425815968079598 -0.035101268414032674 0.0043966680093815418
leaf_weight=40.950990773737431 187.51888293027878 51.484563373029232 7.7453716248273841 83.172079555690289 20.331499949097633 7.0071614980697623 88.128221251070499 75.145609520375729 11.230153709650038 18.442558094859127 4.1708292663097408 22.478820517659187 3.4225185588002196 27.539933614432812
leaf_count=258 3322 629 60 367 184 33 904 358 95 89 17 168 26 292
internal_value=-0.0011972 0.0186607 0.0282182 0.0421446 0.0251934 0.0356793 0.000792077 0.0554725 0.061716 0.0246636 -0.013262 -0.0340042 0.0610785 -0.027342
internal_weight=648.769 461.25 382.226 253.147 136.879 116.548 129.079 82.891 116.267 33.0952 33.6568 26.6496 21.8651 79.0245
internal_count=6802 3480 2559 1397 820 636 1162 418 577 210 218 185 115 921
is_linear=0
shrinkage=0.05


Tree=20
num_leaves=15
num_cat=0
split_feature=2 39 24 5 30 78 122 36 75 45 5 130 44 134
split_gain=236.983 48.3361 47.8527 39.6292 43.522 34.198 31.5579 25.1738 27.3411 24.6649 40.4366 24.6777 22.5937 23.8791
threshold=50.445377349853523 0.0002881376567529515 102.25000000000001 123.88419723510744 1407.5544433593752 0.0022368862992152576 -24.137930870056149 1412.0000000000002 0.0069703764747828254 0.027279402129352096 100.58281707763673 1.0000000180025095e-35 0.0016887168749235573 0.94481638073921215
decision_type=8 10 10 10 10 2 10 10 2 8 10 2 10 2
left_child=1 3 -2 4 6 -3 -1 -4 -9 10 12 -11 13 -8
right_child=2 5 7 -5 -6 -7 9 8 -10 11 -12 -13 -14 -15
leaf_value=-0.035310018335955422 -0.048998128584847721 0.065865624185362653 -0.023275780944267313 -0.036138836464933141 -0.023381119413008564 -0.0054001211095451437 -0.0054450573867963403 -0.040083779145948358 0.066571411646052903 0.031457374884353934 0.062439940281335343 0.094560292874192431 -0.019351680304027258 0.11776957459907141
leaf_weight=15.063965830951927 192.87059155106544 92.038129270076752 50.088753119111061 33.64463447779417 42.994441941380501 20.375833541154861 8.6540675610303861 7.7535814419388798 19.307451672852039 33.328494019806385 38.231857739388943 30.640349254012108 47.18854421377182 6.0811277329921714
leaf_count=160 3372 446 579 342 413 176 80 81 117 220 176 157 400 35
internal_value=-0.000238424 0.0258232 -0.0357442 0.0137151 0.0213924 0.0530145 0.0322055 -0.00240706 0.0356729 0.0385787 0.0227222 0.0626732 -0.00240219 0.0496578
internal_weight=638.262 368.241 270.02 255.827 222.183 112.414 179.188 77.1498 27.061 164.124 100.156 63.9688 61.9237 14.7352
internal_count=6754 2605 4149 1983 1641 622 1228 777 198 1068 691 377 515 115
is_linear=0
shrinkage=0.05


Tree=21
num_leaves=15
num_cat=0
split_feature=115 73 73 3 132 37 116 18 35 130 6 100 8 128
split_gain=214.57 71.9531 47.6523 29.4085 37.2617 26.6901 25.2986 23.8506 35.4467 29.9281 24.9587 19.6969 26.2373 18.5976
threshold=0.22451132535934451 180.7494812011719 89.214183807373061 9.323493957519533 1.0000000180025095e-35 0.0088823144324123877 1.8329319357872011 0.00023999350378289821 1410.5380859375002 1.0000000180025095e-35 32.575269699096687 0.0038711130619049077 36.650272369384773 -50.697731018066399
decision_type=2 2 2 8 2 10 2 10 10 2 10 8 10 8
left_child=1 2 7 -4 5 -5 -7 -1 9 10 -9 12 -2 -3
right_child=11 13 3 4 -6 6 -8 8 -10 -11 -12 -13 -14 -15
leaf_value=-0.01474689799449864 0.18970882434314884 0.030912828822392616 0.060063185938623975 0.0071030813915703862 -0.011076661245736171 -0.042701576622441451 0.068573963402850199 0.060249852690054409 -0.040329609657406201 0.11417478086851399 -0.049960971778684304 -0.050728654616723573 -0.029660678414734437 -0.0420087775149613
leaf_weight=83.096092447638512 1.0654466114938248 9.611778758466242 96.891728207468987 37.103466793894768 49.127175882458687 4.8950828388333312 62.490729637444019 11.783028215169908 12.099284633994101 12.654937483370302 7.6486608162522307 168.48975467309356 3.380601555109024 54.940409485250711
leaf_count=812 14 109 479 258 361 44 316 66 130 62 77 3241 61 692
internal_value=-0.00086352 0.0176025 0.0259401 0.0385561 0.0246901 0.0414519 0.0599844 0.00100313 0.0302935 0.0573383 0.0165468 -0.0479262 0.0480903 -0.0308449
internal_weight=615.278 442.342 377.79 250.508 153.616 104.489 67.3858 127.282 44.1859 32.0866 19.4317 172.936 4.44605 64.5522
internal_count=6722 3406 2605 1458 979 618 360 1147 335 205 143 3316 75 801
is_linear=0
shrinkage=0.05


Tree=22
num_leaves=15
num_cat=0
split_feature=115 5 5 39 90 132 5 4 123 127 116 66 4 19
split_gain=197.418 51.5765 57.1347 34.6918 32.7014 33.8914 24.3039 23.9572 23.0024 23.2638 21.7829 25.0777 21.6803 20.5445
threshold=0.28397572040557867 174.83229827880862 91.263515472412124 0.0003406193718547002 0.002502401359379292 1.0000000180025095e-35 610.56643676757824 36.858585357666023 -147.5830154418945 -16.980248451232907 1.8478199243545534 1416.1473388671877 31.47038555145264 0.0038586769951507453
decision_type=2 8 10 10 10 2 10 8 10 10 2 2 10 8
left_child=1 2 12 4 -4 10 -3 -7 9 -8 -6 -12 -1 -2
right_child=13 6 3 -5 5 7 8 -9 -10 -11 11 -13 -14 -15
leaf_value=0.024736439584702948 0.044337735183639079 -0.042269753633678755 -0.033879337332252887 0.058830977975484824 -0.031454266897314918 -0.03555972191561084 -0.042030357332242439 0.05673672103106845 -0.02484542677441574 0.10358350929490352 0.064272675813693586 -0.049420156328277516 -0.018252790830783773 -0.050767403770033449
leaf_weight=43.867233216762543 5.1524158492684355 48.446898564696312 22.038875922560692 108.47998041659594 7.0776684433221808 24.749704644083977 3.1621226221323004 8.6959161758422834 14.819012589752672 8.8780249282717723 69.560445673763752 4.4933922365307799 83.733599036931992 160.84518342837691
leaf_count=290 85 636 201 556 58 181 37 40 177 76 320 32 885 3247
internal_value=-0.00115616 0.0161082 0.0237292 0.0378075 0.0208077 0.0315288 -0.0214252 -0.010612 0.0163406 0.0650503 0.0488186 0.0568075 -0.00339632 -0.0475676
internal_weight=614 448.003 372.697 245.096 136.616 114.577 75.3061 33.4456 26.8592 12.0401 81.1315 74.0538 127.601 165.998
internal_count=6821 3489 2563 1388 832 631 926 221 290 113 410 352 1175 3332
is_linear=0
shrinkage=0.05


Tree=23
num_leaves=15
num_cat=0
split_feature=115 5 5 5 3 6 100 5 132 47 85 120 126 19
split_gain=200.346 49.7228 39.8923 31.5517 29.5167 24.8599 23.2924 28.0586 23.0173 23.983 19.5877 22.7624 20.8538 19.4527
threshold=0.28397572040557867 180.7494812011719 91.263515472412124 590.91680908203136 8.7996406555175799 31.2744255065918 0.0038711130619049077 48.707345962524421 1.0000000180025095e-35 0.014227462466806175 1.0000000180025095e-35 541.50000000000011 5254.9816894531259 0.012307103723287584
decision_type=2 8 10 10 10 10 8 10 2 10 2 2 2 10
left_child=1 2 5 -3 13 -1 7 -2 9 -6 11 12 -5 -4
right_child=6 3 4 10 8 -7 -8 -9 -10 -11 -12 -13 -14 -15
leaf_value=0.033740816626667447 0.17639894714695142 -0.052700872216357025 -0.035812804922299518 0.073226473494234626 -0.02689393317681282 -0.013111702762980119 -0.050825550235279029 -0.039474262213738377 -0.0014765063503809558 0.043953650696168883 -0.040660904826658045 0.1370958877434543 -0.035611423509033922 0.072111605699097109
leaf_weight=40.963816970586777 1.6121064797043789 35.974416617304087 3.8899716883897772 6.9613034129142823 12.57047466188669 86.048527486622334 152.14802506938577 2.8854982517659664 53.785811930894852 121.63616163656116 9.3078537061810476 3.9919788911938658 8.9160981327295286 61.546152368187904
leaf_count=251 19 524 29 72 120 912 3216 53 386 665 109 31 101 294
internal_value=0.00103484 0.0181389 0.0250476 -0.0219719 0.0364724 0.00214463 -0.0474256 0.0559145 0.0261622 0.0371679 0.0164066 0.0438073 0.0136189 0.0652534
internal_weight=602.238 445.593 380.441 65.1517 253.429 127.012 156.646 4.4976 187.992 134.207 29.1772 19.8694 15.8774 65.4361
internal_count=6782 3494 2657 837 1494 1163 3288 72 1171 785 313 204 173 323
is_linear=0
shrinkage=0.05


Tree=24
num_leaves=15
num_cat=0
split_feature=115 73 73 47 28 20 33 137 6 30 9 73 134 17
split_gain=184.931 45.724 38.3831 25.7673 26.1139 29.0867 24.7025 26.1712 25.6835 25.6148 22.0623 21.624 20.3504 24.9038
threshold=0.28397572040557867 174.83229827880862 85.931549072265639 0.021271795965731147 1227.5000000000002 0.00039364045369438832 1416.1473388671877 45.990879058837898 36.450819015502937 1374.6429443359377 0.99593573808670055 611.74948120117199 0.99585920572280895 0.012104863300919535
decision_type=2 2 2 10 2 10 10 2 8 10 10 2 2 10
left_child=1 2 6 10 5 -5 7 -1 9 -9 -4 -3 13 -11
right_child=-2 11 3 4 -6 -7 -8 8 -10 12 -12 -13 -14 -15
leaf_value=0.17417160278953467 -0.047932013818753123 -0.041140139008094573 -0.033395486010595873 -0.026913846329016018 0.066016676622823942 0.037816610087868748 -0.044220744903870769 -0.00013573740914499746 -0.029576614729454328 -0.020074266538267785 0.040263051140064079 0.013956222801008767 -0.042870075509879715 0.10483838487006676
leaf_weight=1.4077573493123043 152.97102854773402 45.370705429464579 23.15750278159976 19.700446449220181 70.537040874361992 113.98900605738163 24.047307211905718 41.585057951509953 31.398340292274952 4.6919691711664262 16.555237203836441 28.259906355291605 3.3435069471597663 17.918421223759651
leaf_count=14 3356 640 219 154 347 610 260 337 357 50 87 304 37 84
internal_value=-0.000729536 0.0156794 0.0228649 0.0343517 0.0414859 0.0281489 0.000244408 0.0112315 0.00719346 0.0244697 -0.00245437 -0.0200901 0.0624365 0.0791649
internal_weight=594.933 441.962 368.332 243.939 204.226 133.689 124.392 100.345 98.9373 67.539 39.7127 73.6306 25.9539 22.6104
internal_count=6856 3500 2556 1417 1111 764 1139 879 865 508 306 944 171 134
is_linear=0
shrinkage=0.05


Tree=25
num_leaves=15
num_cat=0
split_feature=46 5 39 95 34 130 98 5 69 132 6 73 80 126
split_gain=167.281 67.7818 32.8214 31.2527 33.4023 33.5897 29.9533 29.0421 24.1229 25.633 22.9335 16.5114 22.6033 27.7184
threshold=1.519249963166658e-05 180.7494812011719 0.00036168655788060283 2.028999915637542e-06 1416.1473388671877 0.0086294354405254143 0.0043298301752656707 96.65808486938478 30.548342704772953 1.0000000180025095e-35 32.696172714233406 550.80554199218761 0.002695437404327095 5254.9816894531259
decision_type=10 8 10 10 10 2 10 10 2 2 10 2 2 2
left_child=1 2 3 10 5 8 -6 -4 -5 -10 -1 -3 -13 -14
right_child=-2 11 7 4 6 -7 -8 -9 9 -11 -12 12 13 -15
leaf_value=0.015212728706097993 -0.051323390818891791 -0.05106163033202861 -0.014309265618271998 0.11548705833779381 0.11274944298746051 0.081614576736219302 -0.048173838459953967 0.054998339289068887 0.032464283845404174 -0.017903448969949963 -0.035279403357643714 -0.038925176525078549 0.089788796330814602 -0.026477317137023948
leaf_weight=42.147390507161617 123.83999700471759 38.201078277081251 17.360094420611858 5.5498297289013854 2.3527927994728115 28.804301232099533 21.742537725716829 99.624527432024479 78.117816917598248 36.336355291306973 46.185273177921772 22.188494667410851 9.5084323957562464 9.3202352225780469
leaf_count=322 2807 651 129 30 12 159 225 577 527 293 475 376 101 121
internal_value=-1.14347e-05 0.0139616 0.0227692 0.0128247 0.0251367 0.0339697 -0.0285938 0.0446792 0.0219536 0.0164572 -0.0112868 -0.027849 -0.00552938 0.033804
internal_weight=581.279 457.439 378.221 261.236 172.904 148.808 24.0953 116.985 120.004 114.454 88.3327 79.2182 41.0172 18.8287
internal_count=6805 3998 2749 2043 1246 1009 237 706 850 820 797 1249 598 222
is_linear=0
shrinkage=0.05


Tree=26
num_leaves=15
num_cat=0
split_feature=114 2 5 94 39 35 7 16 130 137 9 73 60 63
split_gain=160.981 31.3771 28.863 28.5806 24.8591 30.0793 42.9368 24.556 24.2711 34.0961 23.3536 22.8492 20.5227 18.75
threshold=0.48399507999420172 36.70062446594239 180.7494812011719 0.039423756301403053 0.00041493955359328544 1410.3917236328127 46.952684402465827 0.0020436625927686696 1.0000000180025095e-35 54.879550933837898 0.99036917090415966 611.74948120117199 1432.4592895507815 7.375420570373536
decision_type=2 10 8 8 10 10 10 8 2 2 10 2 2 2
left_child=2 3 4 -2 5 6 8 -6 13 -10 -9 -4 -7 -1
right_child=1 -3 11 -5 7 12 -8 10 9 -11 -12 -13 -14 -15
leaf_value=-0.0072462202149109495 0.11485440069098572 -0.045163236053061544 -0.049794344840544527 -0.033047712569852943 0.060319933517864757 -0.017442877908620005 -0.015122258438517042 0.044524947147321192 -0.048311799346253181 0.085620898363911457 -0.035031757843752578 0.015451537943644116 0.080575081055358655 0.046936250706927959
leaf_weight=28.484507527202368 5.1825529746711227 168.01372499763966 25.585836805403233 6.2066992893815049 68.405388094484806 76.68141757696867 43.343380596488714 19.4400988034904 4.7162420339882365 40.674388498067856 15.850892454385756 26.366455938667059 4.7483748644590369 34.66514154151082
leaf_count=207 45 3505 442 106 356 687 388 118 44 205 146 310 25 224
internal_value=-0.000642738 -0.039696 0.0174256 0.0380918 0.0227694 0.0136142 0.0266987 0.0430417 0.0433847 0.0709634 0.0088115 -0.0170148 -0.010819 0.0227645
internal_weight=568.365 179.403 388.962 11.3893 337.01 233.313 151.884 103.696 108.54 45.3906 35.291 51.9523 81.4298 63.1496
internal_count=6808 3656 3152 151 2400 1780 1068 620 680 249 264 752 712 431
is_linear=0
shrinkage=0.05


Tree=27
num_leaves=15
num_cat=0
split_feature=115 73 73 128 36 115 132 34 7 41 4 78 96 137
split_gain=157.859 38.0366 30.0761 22.0159 21.6615 28.3252 25.0202 25.3128 22.8472 22.2823 21.4339 17.2471 24.017 26.7111
threshold=0.22451132535934451 134.57527160644534 85.931549072265639 -30.434754371643063 1410.5380859375002 0.025815581902861599 1.0000000180025095e-35 1365.4043579101565 30.548342704772953 1.0000000180025095e-35 38.200859069824226 0.00033636073931120341 0.0010113070020452144 64.856914520263686
decision_type=2 2 2 8 10 2 2 10 8 10 8 2 10 2
left_child=1 2 4 -3 5 6 7 -1 -8 -9 -6 12 -4 -14
right_child=-2 3 11 -5 10 -7 8 9 -10 -11 -12 -13 13 -15
leaf_value=-0.011451900259677846 -0.046651123523356305 0.028641338901980246 -0.025497315187152998 -0.028347717690231197 -0.035337995137614389 -0.016711547400578362 0.11055105594810875 0.10191338729238737 -0.039315565718597033 -0.045976013193352372 0.14346587973489422 0.050340608149032962 0.053469769027709127 0.0023143356507784414
leaf_weight=8.1740195080637914 136.05547412857413 21.746557869017124 21.680604368448257 66.41314871609211 37.247272700071335 35.793244503438473 2.1283964067697498 23.63708928972483 12.776014924049377 2.2692859545350066 0.77920141816139121 90.885123454034328 58.451862551271915 44.872376952320337
leaf_count=57 3352 217 190 854 444 371 10 118 123 20 7 483 289 268
internal_value=4.87808e-05 0.0150081 0.022611 -0.0141265 0.00281506 0.016844 0.0412068 0.0642946 -0.0123088 0.0877316 -0.0280919 0.0338065 0.0214813 0.0314888
internal_weight=562.91 426.854 338.694 88.1597 122.805 84.7781 48.9848 34.0804 14.9044 25.9064 38.0265 215.89 125.005 103.324
internal_count=6803 3451 2380 1071 1150 699 328 195 133 138 451 1230 747 557
is_linear=0
shrinkage=0.05


Tree=28
num_leaves=15
num_cat=0
split_feature=46 5 39 34 130 50 41 48 131 114 4 7 40 43
split_gain=135.784 60.2622 27.1814 24.454 31.1046 26.0019 24.429 23.2654 20.1372 18.3559 18.5003 17.5126 17.0931 16.412
threshold=3.5159999924871958e-06 174.83229827880862 0.00041493955359328544 1410.3917236328127 0.0086294354405254143 0.016428656876087192 0.0016727538895793261 1.5768499679325034e-06 0.99619111418724071 0.44326664507389074 37.743314743041999 30.548342704772953 0.00074474338907748472 0.99729821085929882
decision_type=10 8 8 10 2 8 10 10 2 2 10 10 10 10
left_child=1 2 3 4 8 -6 -4 -8 11 -5 -11 -1 -13 -12
right_child=-2 -3 6 9 5 -7 7 -9 -10 10 13 12 -14 -15
leaf_value=0.088343984274599802 -0.049528079191200038 -0.027312856630356947 0.055003791268109309 -0.045175698212480853 -0.024498510397172699 0.078468336510848863 -0.056977306238561246 0.047969667238829561 0.074322243341487779 -0.012157162348968711 0.080447003533152331 -0.0056744738450454184 0.062628644894730953 -0.04133480080774532
leaf_weight=4.9007778838276854 115.40863846614957 80.810614969581366 78.012857861816883 25.756360054016113 6.9906212352216235 32.876053441315889 10.13592951372266 9.0617531612515432 10.227889779955147 39.018793161958456 10.794163361191748 108.06875050067902 8.9994484297931177 2.9281330481171599
leaf_count=26 2909 1301 434 265 77 192 102 56 68 350 62 860 46 34
internal_value=-0.00163133 0.0113516 0.0203885 0.0115946 0.022105 0.0602554 0.0427059 -0.00751751 0.0102339 -0.011432 0.00558086 0.00429899 6.22025e-05 0.0534181
internal_weight=543.991 428.582 347.772 250.561 172.064 39.8667 97.2105 19.1977 132.197 78.4974 52.7411 121.969 117.068 13.7223
internal_count=6782 3873 2572 1980 1269 269 592 158 1000 711 446 932 906 96
is_linear=0
shrinkage=0.05


Tree=29
num_leaves=15
num_cat=0
split_feature=115 5 5 128 43 6 19 109 127 47 25 43 125 5
split_gain=127.871 28.4104 30.3786 19.0642 34.8211 19.5691 18.4522 18.3876 16.3716 16.8814 28.3766 19.1325 17.3057 16.1258
threshold=0.22451132535934451 128.78022003173831 91.263515472412124 0.77777609229087841 0.99595543742179882 31.2744255065918 0.0038586769951507453 1.9827295541763308 -18.454680442810055 0.021565761417150501 25177.076171875004 0.95161637663841259 -100.49999999999999 45.582815170288093
decision_type=2 8 10 10 10 10 8 2 10 10 10 10 2 10
left_child=1 2 3 5 -5 -1 13 -4 -3 -10 11 12 -11 -2
right_child=6 8 7 4 -6 -7 -8 -9 9 10 -12 -13 -14 -15
leaf_value=0.023267951271591345 0.12370469324615202 -0.047822151020024753 0.040209644220133359 -0.017944238183138405 0.063006390948524907 -0.033756262294461346 -0.049738243186617015 -0.0019658400975395961 -0.047686051752441047 0.073408087585478163 0.059662655742967502 -0.050443345857995862 -0.0061346881590497023 -0.037266794582932437
leaf_weight=20.762479022145271 2.0808076411485663 21.487506855279207 146.84089267998934 25.567803718149662 25.894590571522713 48.6299834176898 119.88273476436734 31.207683265209198 14.574122745543717 7.6813941262662402 19.607171043753624 17.653941761702299 31.6096854172647 2.4368223547935486
leaf_count=138 20 329 794 266 179 580 3252 219 195 68 156 218 303 55
internal_value=-0.00171653 0.0117276 0.0197735 0.000400785 0.0232127 -0.0166062 -0.0459286 0.0328476 -0.00961436 -0.000183691 0.00935816 -0.00869329 0.0108519 0.0458586
internal_weight=535.918 411.517 298.903 120.855 51.4624 69.3925 124.4 178.049 112.614 91.1263 76.5522 56.945 39.2911 4.51763
internal_count=6772 3445 2176 1163 445 718 3327 1013 1269 940 745 589 371 75
is_linear=0
shrinkage=0.05


Tree=30
num_leaves=15
num_cat=0
split_feature=114 2 94 118 29 101 66 20 130 126 30 113 34 74
split_gain=116.789 23.8351 22.7687 22.638 28.9483 40.1744 37.7372 33.5016 42.8795 37.5168 29.895 20.7091 19.8822 18.8733
threshold=0.48575037717819219 37.116430282592781 0.039423756301403053 0.22056324034929278 1621070.0000000002 0.015338277444243433 1416.1473388671877 0.0003143157518934459 1.0000000180025095e-35 -150195.86718749997 1424.305114746094 46295.953125000007 1410.3917236328127 0.99130725860595714
decision_type=2 10 8 2 2 10 2 10 2 2 8 2 10 2
left_child=3 2 -2 4 6 10 7 9 13 -1 -6 -10 -13 -9
right_child=1 -3 -4 -5 5 -7 -8 8 11 -11 -12 12 -14 -15
leaf_value=0.047419757026098561 0.089250294703737548 -0.042618627932703872 -0.038845089603998101 -0.029598073222096746 -0.02036912032052364 0.058752203447422449 -0.051346444596215714 0.022970337858871072 -0.03878251377452005 -0.054901823004070163 0.086541239678650655 0.075144795644869936 -0.036845468350945758 -0.018281732581792439
leaf_weight=11.777827873826025 6.2013138644397232 139.88886002451181 5.8699609227478513 25.794326666742563 35.65106813237071 78.976283207535744 23.215939022600651 66.439263671636581 4.4121449552476397 29.65394277125597 6.9589120447635642 50.631911523640156 3.7078973166644564 46.146266795694828
leaf_count=103 49 3396 114 284 371 484 275 462 84 413 32 285 36 407
internal_value=0.000153953 -0.0367981 0.0287543 0.0148588 0.0181394 0.0378591 0.00786234 0.0145328 0.0242762 -0.0253828 -0.00132483 0.0585171 0.0669754 0.00604995
internal_weight=535.326 151.96 12.0713 383.366 357.571 121.586 235.985 212.769 171.337 41.4318 42.61 58.752 54.3398 112.586
internal_count=6795 3559 163 3236 2952 887 2065 1790 1274 516 403 405 321 869
is_linear=0
shrinkage=0.05


Tree=31
num_leaves=15
num_cat=0
split_feature=115 5 39 52 73 100 35 35 21 128 18 104 35 124
split_gain=118.312 27.7116 22.5241 24.2068 22.0847 19.8729 19.8696 26.1472 24.0977 17.7652 17.19 21.4431 16.6201 15.271
threshold=0.28397572040557867 180.7494812011719 0.00041493955359328544 284.75000000000006 611.74948120117199 0.021603761240839962 1410.3917236328127 1397.931579589844 0.0025597766507416968 -8.2691397666931135 0.00021418550022644925 26.183333396911625 1390.431579589844 0.099906716495752348
decision_type=2 8 10 10 2 10 10 10 10 8 10 2 10 8
left_child=1 2 6 9 -3 -5 7 10 -9 -4 11 -1 -12 -6
right_child=-2 4 3 5 13 -7 -8 8 -10 -11 12 -13 -14 -15
leaf_value=-0.042340784405255932 -0.045599200114160882 -0.049914141823703927 0.04033102762553252 -0.0020038096386451776 -0.019033020874118206 0.063506825360402169 -0.010985892465892181 -0.046110518800822495 0.071792878404149607 -0.037454006168471797 0.048775316909203371 0.011681515333370631 -0.032162533229233854 0.054576609261778722
leaf_weight=25.149408753961325 112.78995735943317 28.923277124762535 12.196001991629599 14.143049262464045 15.980600818991659 61.336240112781525 81.752922505140305 4.3135915622115126 31.027091152966022 15.549416139721872 34.074145957827568 60.810176979750395 7.0094214752316466 11.118717581033708
leaf_count=221 3277 537 82 85 202 353 756 48 160 161 192 482 70 101
internal_value=-0.000560993 0.0121137 0.0173785 0.0368511 -0.0202619 0.051366 0.00902839 0.0191102 0.0565291 -0.00304861 0.00834093 -0.00442907 0.0345301 0.0120361
internal_weight=516.174 403.384 347.361 103.225 56.0226 75.4793 244.137 162.384 35.3407 27.7454 127.043 85.9596 41.0836 27.0993
internal_count=6727 3450 2610 681 840 438 1929 1173 208 243 965 703 262 303
is_linear=0
shrinkage=0.05


Tree=32
num_leaves=15
num_cat=0
split_feature=46 5 95 132 88 137 37 100 28 18 35 71 7 133
split_gain=116.214 42.013 24.0383 23.5027 22.7825 25.1374 21.6384 19.9648 19.2926 18.0066 18.6755 32.6619 21.3774 24.9493
threshold=4.9790000957727906e-06 180.7494812011719 1.5229500149871458e-06 1.0000000180025095e-35 0.0016883463249541821 89.334369659423842 0.0040212415624409923 0.019228945486247543 3735.0000000000005 1.4565000014954423e-06 1410.5380859375002 53.661996841430671 46.952684402465827 0.99621212482452404
decision_type=10 8 10 2 10 2 10 10 2 8 10 2 10 2
left_child=1 2 6 8 -5 -6 7 -1 9 -4 12 -12 13 -11
right_child=-2 -3 3 4 5 -7 -8 -9 -10 10 11 -13 -14 -15
leaf_value=-0.024831543183190849 -0.049511694793204455 -0.024940111576426796 0.066333546595319218 0.049672905557625262 -0.023260917015631655 0.086968174847160559 -0.048109215090625324 0.057521712837648058 -0.037937384780649244 0.075901124210015533 -0.022755066195946538 0.04453856314512962 0.0081937933402382434 0.011144544926486264
leaf_weight=14.051517728716137 96.4562963321805 67.038676001131535 36.77479525655508 17.101157993078232 58.416368130594492 4.6839203238487235 23.276624765247107 13.544119123369454 8.7450620755553228 49.275122571736574 38.881534494459629 31.956147097051144 34.057252682745457 21.673495262861252
leaf_count=178 2893 1225 228 108 513 21 248 82 76 282 392 222 240 143
internal_value=-0.000316477 0.0110866 0.0179905 0.0233457 0.000140122 -0.0138495 -0.0135926 0.016186 0.0317149 0.0347439 0.0277996 0.0077997 0.0410909 0.056549
internal_weight=515.932 419.476 352.437 301.565 80.2014 63.1003 50.8723 27.5956 221.363 212.618 175.844 70.8377 105.006 70.9486
internal_count=6851 3958 2733 2225 642 534 508 260 1583 1507 1279 614 665 425
is_linear=0
shrinkage=0.05


Tree=33
num_leaves=15
num_cat=0
split_feature=6 5 39 8 34 73 81 11 35 89 69 33 98 130
split_gain=102.582 32.4692 22.6903 18.6773 16.8352 16.5334 17.1927 22.3803 15.5735 14.9326 17.605 21.7912 25.2416 17.2384
threshold=44.748853683471687 180.7494812011719 0.00036168655788060283 62.797708511352546 1375.817077636719 550.80554199218761 0.00015615652228007096 0.0045031604822725066 1360.7073364257815 6.4842686697375043e-05 46.952684402465827 1416.1473388671877 0.004079668316990138 0.0086294354405254143
decision_type=8 10 8 10 10 2 2 8 10 10 2 10 10 2
left_child=1 2 9 -4 8 -3 -7 -8 -5 -1 11 13 -13 -11
right_child=-2 5 3 4 -6 6 7 -9 -10 10 -12 12 -14 -15
leaf_value=-0.055064122741613632 -0.048281865595518648 -0.049541415374999065 0.051136979361422856 0.004511481447837115 -0.048841405360783581 -0.031715214684380703 0.096555689028020752 -0.019597461678311192 0.089820757138869001 0.016501633887658435 -0.0129052324803732 0.083326944009647283 -0.044011013564060196 0.059066683235126885
leaf_weight=8.2784790210425836 93.214340664446354 29.836004471406341 65.427443649619818 21.494097091257576 9.1900016069412214 17.167241076007485 7.3015520405024263 7.7292851749807605 6.1746197976171961 113.07586716115475 62.285662639886141 3.7191227823495892 22.29904668405652 29.632811430841684
leaf_count=85 2814 672 429 147 89 337 67 106 40 907 569 20 265 221
internal_value=-0.00129578 0.00964821 0.0156961 0.0352914 0.00655642 -0.0233738 0.00163601 0.0393298 0.0260183 0.00720795 0.00966722 0.0180268 -0.0233985 0.0256896
internal_weight=496.826 403.611 341.577 102.286 36.8587 62.0341 32.1981 15.0308 27.6687 239.291 231.013 168.727 26.0182 142.709
internal_count=6768 3954 2772 705 276 1182 510 173 187 2067 1982 1413 285 1128
is_linear=0
shrinkage=0.05


Tree=34
num_leaves=15
num_cat=0
split_feature=46 5 95 32 37 19 56 18 34 130 83 7 40 95
split_gain=107.568 32.8762 22.55 17.9899 17.5185 23.7753 16.078 21.3059 28.808 30.5772 15.9714 15.7687 16.1701 23.59
threshold=4.9790000957727906e-06 174.83229827880862 1.5229500149871458e-06 1410.4298095703127 0.0040212415624409923 0.017262636683881286 3206.0000000000005 1.5534999988631173e-06 1415.1473388671877 0.0086294354405254143 6.5139360231114565e-05 30.548342704772953 0.00045392656465992337 2.3576500325361853e-06
decision_type=10 8 10 10 10 10 2 8 10 2 2 10 10 10
left_child=1 2 4 6 5 -1 7 -4 9 11 -3 -9 13 -13
right_child=-2 10 3 -5 -6 -7 -8 8 -10 -11 -12 12 -14 -15
leaf_value=-0.03171231536921168 -0.0492026273707157 -0.024394643951950502 0.055518954496630815 -0.039357386586121118 -0.045430355494326113 0.060795582804818796 -0.029138528404581084 0.092147931266410285 -0.0336164151037543 0.069815674659282262 0.061209392160601617 -0.016467073683734595 0.059790692828484565 0.025948304496371574
leaf_weight=13.135694341734053 86.453014634549618 69.707969464361668 57.462016239762306 10.021859202533959 21.599426969885826 12.745683941990135 11.793885812163351 5.8285563029348841 20.764207441359758 33.701442133635283 4.9547829665243617 55.6397949680686 16.207582820206881 77.028062235563993
leaf_count=171 2810 1260 375 120 246 79 99 30 227 198 63 428 90 559
internal_value=0.00115995 0.0118579 0.0185233 0.0237706 -0.0131866 0.0144115 0.0261756 0.028722 0.0211313 0.0273107 -0.0179799 0.0176623 0.0141508 0.00816954
internal_weight=497.044 410.591 335.928 288.447 47.4808 25.8814 278.426 266.632 209.17 188.405 74.6628 154.704 148.875 132.668
internal_count=6755 3945 2622 2126 496 250 2006 1907 1532 1305 1323 1107 1077 987
is_linear=0
shrinkage=0.05


Tree=35
num_leaves=15
num_cat=0
split_feature=46 7 118 119 130 34 94 94 65 4 131 121 137 90
split_gain=97.0896 25.54 19.293 22.3191 18.1888 32.321 25.6869 18.1441 16.0791 17.6523 20.3887 20.0338 21.9979 20.4481
threshold=1.519249963166658e-05 174.88477325439456 0.13426872342824939 0.032194381579756744 0.0086294354405254143 1416.1473388671877 0.00012759519449900838 0.00028490414842963224 37.931547164916999 32.575269699096687 0.99135681986808788 -1360617.9374999998 65.37909317016603 0.0017468368168920281
decision_type=10 8 2 2 2 10 10 10 2 10 2 2 2 8
left_child=1 2 3 -1 8 7 -7 -6 9 10 -5 -11 -13 -14
right_child=-2 -3 -4 4 5 6 -8 -9 -10 11 -12 12 13 -15
leaf_value=0.058422283223158705 -0.049821652689408018 -0.047778425633425228 -0.015536789657526804 0.0054364750125353812 0.011982683156984971 0.047770831945127254 -0.050333359400901737 0.072126420896322069 0.040446766987620675 0.070714405374995085 0.069430232540611744 0.0021412084279781056 0.040444506145536789 -0.056035387621680956
leaf_weight=28.650560688227415 81.416456766426563 17.441158698871732 52.147339342162013 65.06258979998529 18.928894428536296 9.8457592464983481 16.458288218826056 39.020987359806895 27.110354401171207 5.7711448520421973 14.45213117264211 59.038393860682845 5.6005165874958029 40.379808094352484
leaf_count=203 2823 445 591 544 197 77 218 252 228 31 84 583 44 427
internal_value=-0.000396811 0.00976467 0.0125065 0.0169672 0.01285 0.0324296 -0.0132077 0.0530174 0.00514873 -6.48917e-05 0.0177855 -0.0129207 -0.0181404 -0.0436732
internal_weight=481.324 399.908 382.467 330.319 301.669 84.2539 26.304 57.9499 217.415 190.305 79.5147 110.79 105.019 45.9803
internal_count=6747 3924 3479 2888 2685 744 295 449 1941 1713 628 1085 1054 471
is_linear=0
shrinkage=0.05


Tree=36
num_leaves=15
num_cat=0
split_feature=46 5 7 46 89 88 33 130 80 137 4 7 76 10
split_gain=92.265 31.708 19.225 20.0609 17.4444 27.1341 32.1929 28.7198 13.9499 13.6126 13.5309 13.465 14.8474 11.977
threshold=1.519249963166658e-05 174.83229827880862 46.952684402465827 1.6735000372136712e-06 4.4377704398357316e-05 0.0021236526081338529 1416.1473388671877 0.0086294354405254143 0.00044024133239872759 54.879550933837898 37.931547164916999 30.548342704772953 0.0091180307790637034 0.0035730244126170878
decision_type=10 8 10 10 10 10 10 2 2 2 10 10 2 10
left_child=1 2 4 8 -1 -6 7 10 -4 -9 11 -7 -13 -3
right_child=-2 13 3 -5 5 6 -8 9 -10 -11 -12 12 -14 -15
leaf_value=-0.037287372652276572 -0.050270810626544198 -0.045481195314661556 -0.023730847680118357 0.04203341551342038 0.05356418771735251 0.080267741326772613 -0.044083314426969208 -0.024272403789394378 0.026408392608699774 0.083649798434927133 0.056041532985847367 -0.017434581228571066 0.024800019068025966 -0.0039735960266848386
leaf_weight=10.20249482989311 76.927021991461515 28.119770834222436 64.582982175052166 19.517015341669321 65.981680985540152 4.5162974968552581 19.07040474191308 2.893195420503619 16.704893868416548 22.343252174556255 13.965077001601456 50.454925328493118 33.939064864069223 43.638397770002484
leaf_count=115 2798 672 627 99 470 24 241 24 122 128 88 458 200 670
internal_value=-0.000530273 0.00923635 0.015893 -0.00222368 0.0240425 0.0271383 0.0150101 0.0240799 -0.0132314 0.0708237 0.0120417 0.00458429 -0.000358405 -0.0206407
internal_weight=472.856 395.929 324.171 100.805 223.366 213.164 147.182 128.112 81.2879 25.2364 102.875 88.9103 84.394 71.7582
internal_count=6736 3938 2596 848 1748 1633 1163 922 749 152 770 682 658 1342
is_linear=0
shrinkage=0.05


Tree=37
num_leaves=15
num_cat=0
split_feature=46 73 73 47 132 18 33 43 123 130 3 73 41 85
split_gain=81.788 24.1506 16.3863 19.0498 22.7203 17.9123 19.2747 19.2211 25.6122 18.8422 16.6016 14.8398 15.251 17.5032
threshold=1.519249963166658e-05 180.7494812011719 89.214183807373061 0.022161708213388923 1.0000000180025095e-35 0.00018812700000125918 1407.5217895507815 0.99461355805397045 1.1357002258300783 1.0000000180025095e-35 8.7596616744995135 550.80554199218761 0.00018425517919240522 1.0000000180025095e-35
decision_type=10 2 2 10 2 10 8 8 10 2 10 2 10 2
left_child=1 2 5 -4 -5 7 9 -1 -9 -7 -6 -3 -13 -14
right_child=-2 11 3 4 10 6 -8 8 -10 -11 -12 12 13 -15
leaf_value=-0.038475113266794328 -0.049482525475857068 -0.050557407275610124 -0.01021535333261606 0.038821031784583487 0.057111643150212922 0.0076022728836844817 -0.03938949772201681 -0.027307778609522267 0.06062883925372442 0.07934240444405212 -0.014247070763893123 -0.033872628402480752 0.062215975798446135 -0.034434193028885236
leaf_weight=43.296991109848022 73.981752455234528 24.583763681352139 40.115228559821844 128.11460982449353 9.0729487836360914 21.888330847024918 9.2959467954933626 17.612874351441864 13.977426331490276 15.031420074403284 41.713705528527498 17.147603834047914 12.520777406170966 6.3775935601443043
leaf_count=556 2816 560 368 795 61 185 133 224 105 85 332 391 121 95
internal_value=-0.00154773 0.00740259 0.0125908 0.0207216 0.0276768 -0.0021631 0.0220355 -0.0171905 0.0122671 0.0381325 -0.000642299 -0.0214343 -0.000743405 0.0295083
internal_weight=474.731 400.749 340.119 219.016 178.901 121.103 46.2157 74.8873 31.5903 36.9198 50.7867 60.6297 36.046 18.8984
internal_count=6827 4011 2844 1556 1188 1288 403 885 329 270 393 1167 607 216
is_linear=0
shrinkage=0.05


Tree=38
num_leaves=15
num_cat=0
split_feature=46 5 39 5 48 137 41 128 121 76 34 130 137 6
split_gain=80.05 25.9396 20.4566 22.0742 20.107 21.573 14.4633 18.2102 14.1617 17.8934 13.3637 22.6132 17.141 23.9419
threshold=1.519249963166658e-05 174.83229827880862 0.00041493955359328544 96.65808486938478 2.0324999923104774e-06 97.085403442382827 0.00018425517919240522 462.62562561035162 -198729.39062499997 0.0021379094105213885 1415.1473388671877 0.0086294354405254143 59.891363143920906 31.017621994018558
decision_type=10 8 8 10 8 2 10 8 2 2 10 2 2 10
left_child=1 2 4 -4 5 -1 -3 -8 9 -6 11 12 -10 -14
right_child=-2 6 3 -5 8 -7 7 -9 10 -11 -12 -13 13 -15
leaf_value=-0.025053930061558878 -0.049305118603459319 -0.035975160584329466 -0.020257668733424189 0.046085779511007285 0.091090637216132808 0.045072034522605595 0.035715012069809593 -0.048059801297311494 0.026763829366121313 -0.0090515836766888857 -0.026901664175705275 0.062054594296497269 0.019997189215493896 -0.050264273781823014
leaf_weight=66.765120018273592 70.208263199776411 44.534311842173338 14.514767771586774 72.543062776327133 11.931288775056602 12.139522109180687 19.461355516687036 8.5240051206201333 50.5407375395298 6.5534080080687991 18.860140446573496 22.00224631652236 23.749447379261255 22.937277674674988
leaf_count=667 2799 982 147 480 85 85 245 158 401 49 226 134 137 221
internal_value=-0.000499097 0.00827715 0.0143516 0.0349202 0.00663176 -0.013836 -0.0185671 0.00942047 0.0169687 0.0569446 0.0112466 0.0174545 0.00683268 -0.0148526
internal_weight=465.265 395.057 322.537 87.0578 235.479 78.9046 72.5197 27.9854 156.575 18.4847 138.09 119.23 97.2275 46.6867
internal_count=6816 4017 2632 627 2005 752 1385 403 1253 134 1119 893 759 358
is_linear=0
shrinkage=0.05


Tree=39
num_leaves=15
num_cat=0
split_feature=46 5 41 5 85 100 32 7 104 45 88 137 130 44
split_gain=80.7437 24.2506 17.4125 16.5592 22.0473 17.7048 14.5087 15.671 17.3749 15.2865 19.0235 25.7866 27.551 26.0812
threshold=1.519249963166658e-05 180.7494812011719 0.00018425517919240522 1110.8609619140627 1.0000000180025095e-35 0.32093669474124914 1410.4298095703127 46.952684402465827 118.75000000000001 0.00046822661533951765 0.0021236526081338529 50.151784896850593 1.0000000180025095e-35 0.0045961719006299981
decision_type=10 8 10 10 2 8 10 10 2 8 8 2 2 8
left_child=1 6 -3 -4 5 -5 7 9 -9 -1 -11 -12 -13 -14
right_child=-2 2 3 4 -6 -7 -8 8 -10 10 11 12 13 -15
leaf_value=-0.039340156893836159 -0.049138827653019614 -0.04256437032651323 -0.039161160758754109 0.10454787739231218 -0.038667669957439504 -0.038319418738175175 -0.043028761856774525 -0.038670638921708834 0.011185722445480183 0.049832089340924875 -0.03882782374477009 0.0080888231240324095 -0.040053269073487899 0.071582090505024176
leaf_weight=8.1321488581597787 67.103853879496455 33.646651206538081 9.5909245200455207 9.3862816393375397 5.4299047440290442 2.1815507151186475 9.4908838011324388 20.825062278658152 86.695679564028978 63.89773003757 17.243996880948544 84.918867815285921 5.3964752554893485 37.570234030485153
leaf_count=77 2801 866 203 72 82 27 123 264 661 471 226 619 70 236
internal_value=0.00114792 0.00980629 -0.0191743 0.0108946 0.0397449 0.0766997 0.0150718 0.016897 0.00126197 0.024597 0.02726 0.0170489 0.0248261 0.056969
internal_weight=461.51 394.406 60.2353 26.5887 16.9977 11.5678 334.171 324.68 107.521 217.159 209.027 145.13 127.886 42.9667
internal_count=6798 3997 1250 384 181 99 2747 2624 925 1699 1622 1151 925 306
is_linear=0
shrinkage=0.05


Tree=40
num_leaves=15
num_cat=0
split_feature=36 5 39 71 33 60 123 125 41 12 65 100 6 70
split_gain=74.3744 21.1969 15.8165 20.5596 16.5343 16.1112 16.4675 13.529 13.3854 13.3445 13.1976 16.0593 12.0102 11.3969
threshold=1344.7073364257815 174.83229827880862 0.00036168655788060283 62.797708511352546 1376.7454223632815 1394.182556152344 231.843132019043 -95.499999999999986 0.0064309346489608296 0.0027192499255761509 36.358932495117195 0.13622856885194781 32.849071502685554 36.916666030883796
decision_type=10 8 10 2 10 2 8 2 8 10 2 10 10 2
left_child=13 2 5 -4 8 6 10 9 -5 -3 11 -2 -7 -1
right_child=1 7 3 4 -6 12 -8 -9 -10 -11 -12 -13 -14 -15
leaf_value=0.015532071127558009 -0.0040382029068655621 -0.018406084471899394 0.049629197483140979 0.046877501774525487 -0.047576188477972632 0.008115900162042387 -0.052850331636361381 -0.031890461593332767 -0.046129114784522418 0.066319126906842371 0.041831333495654217 0.036995613896331957 -0.034643658832822978 -0.050409704643138514
leaf_weight=6.7421252354979506 73.099102281033993 9.8699516076594609 55.616004757583141 15.61405204981566 11.072014179080723 30.743872631341219 7.5022781528532496 45.879945596680045 4.170108199119567 7.2682750616222611 43.348615013062954 34.267796825617552 33.50376670062542 72.701044974848628
leaf_count=126 602 154 391 81 110 308 65 966 37 71 310 212 376 3006
internal_value=-0.00108823 0.00831917 0.0137106 0.0317335 -0.00106754 0.00659446 0.0151449 -0.0179129 0.0259973 0.019201 0.0188556 0.00927891 -0.0143715 -0.0446899
internal_weight=451.399 371.956 308.938 86.4722 30.8562 222.465 158.218 63.0182 19.7842 17.1382 150.716 107.367 64.2476 79.4432
internal_count=6815 3683 2492 619 228 1873 1189 1191 118 225 1124 814 684 3132
is_linear=0
shrinkage=0.05


Tree=41
num_leaves=15
num_cat=0
split_feature=6 89 105 10 127 137 4 6 8 9 21 46 121 77
split_gain=70.3489 20.6702 25.9355 23.1799 27.2374 20.4791 25.8866 19.707 19.136 16.6341 12.9072 15.7851 12.5882 11.9826
threshold=46.797708511352546 0.0017934461357071998 1232.5000000000002 0.0069492736365646133 -11.414059162139891 64.856914520263686 30.922856330871586 32.658084869384773 62.869352340698249 0.99489471316337597 0.018313376232981685 1.5534999988631173e-06 -667598.84374999988 0.0010899776825681331
decision_type=8 8 2 10 10 2 10 10 10 10 10 10 2 2
left_child=1 2 8 10 -5 -6 -7 9 -1 -4 12 -12 -3 -9
right_child=-2 3 7 4 5 6 -8 13 -10 -11 11 -13 -14 -15
leaf_value=0.052045820112431133 -0.047322056169887917 0.06155255677679361 -0.029733040213938612 -0.040609907679361325 0.046156312247795483 0.039047267529053957 -0.030728399920757155 -0.042071518715027491 -0.020531090737928991 0.055950400625651431 0.045070133290986095 -0.017181248907739293 -0.031550788619531742 0.028714727653419869
leaf_weight=68.181044807657599 65.157925602048635 2.9037346877157679 7.3152941763401058 17.81917367130518 53.417724089697003 24.075705813243985 27.291784293949604 25.723504278808832 9.9101645164191705 18.076088700443506 15.558678423985837 25.530218899250031 76.349616480991244 6.9312774147838345
leaf_count=555 2752 28 88 349 398 192 284 313 102 109 114 388 1049 54
internal_value=0.000262679 0.00854465 0.0240643 -0.000214899 0.0150258 0.0247813 0.00209627 -0.00129523 0.0426923 0.0310736 -0.0157379 0.00690157 -0.0274151 -0.0266397
internal_weight=444.242 379.084 136.137 242.947 122.604 104.785 51.3675 58.0462 78.0912 25.3914 120.342 41.0889 79.2534 32.6548
internal_count=6775 4023 1221 2802 1223 874 476 564 657 197 1579 502 1077 367
is_linear=0
shrinkage=0.05


Tree=42
num_leaves=15
num_cat=0
split_feature=46 7 132 36 47 16 7 6 34 16 97 41 127 32
split_gain=67.8066 20.0579 15.565 24.3587 19.8194 17.7183 19.8613 13.8992 12.9404 18.7249 14.7005 14.459 17.6517 11.9511
threshold=1.519249963166658e-05 174.88477325439456 1.0000000180025095e-35 1358.6656494140627 0.014227462466806175 0.0018463993328623476 170.32367706298831 30.95268535614014 1416.1473388671877 0.0014795198803767564 1.9584999790822626e-06 0.0082305916585028189 7.0631866455078134 1410.4298095703127
decision_type=10 8 2 8 8 8 10 10 8 10 10 10 10 10
left_child=1 2 4 -4 7 -5 -7 -1 10 -10 -6 13 -13 -12
right_child=-2 -3 3 5 8 6 -8 -9 9 -11 11 12 -14 -15
leaf_value=0.053052967632453422 -0.048694626413765499 -0.048578774366092946 0.076827850939216291 0.024000130017234434 -0.039509855076755598 -0.036004785987915462 0.061125229359675952 -0.039857720941566664 0.039286002685244542 -0.042459068992581978 0.033546127144408446 -0.057433969976276346 0.053968894829951111 -0.036147960878765789
leaf_weight=3.9800087884068516 59.195757329463959 13.840850794687865 6.964142093434929 21.374136224389076 7.5741707105189553 58.781639596447349 4.8679252266883841 21.895043535158038 10.55205398052931 16.908268300816417 189.27453866042197 9.4016077704727632 4.474781008437275 5.5722754709422579
leaf_count=25 2809 449 62 181 94 666 24 289 106 258 1550 136 45 78
internal_value=0.000580195 0.00845764 0.0107686 -0.00693528 0.0168118 -0.0146095 -0.0277457 -0.0241242 0.021238 -0.0107706 0.0253326 0.0278627 -0.0202964 0.0313786
internal_weight=434.657 375.461 361.621 91.9878 269.633 85.0237 63.6496 25.8751 243.758 27.4603 216.297 208.723 13.8764 194.847
internal_count=6772 3963 3514 933 2581 871 690 314 2267 364 1903 1809 181 1628
is_linear=0
shrinkage=0.05


Tree=43
num_leaves=15
num_cat=0
split_feature=36 5 5 26 100 18 5 132 2 44 6 48 11 128
split_gain=61.6409 20.3314 20.4937 14.7701 18.12 14.4563 16.1272 13.943 12.1683 11.0575 19.5809 14.8666 10.2934 10.2281
threshold=1344.7073364257815 118.19547271728517 94.869350433349624 0.30246958136558538 0.021603761240839962 0.00060864599072374414 61.582815170288093 1.0000000180025095e-35 109.35296630859376 0.0016887168749235573 32.658084869384773 2.0220500118739442e-06 0.046693313866853721 -21.913998603820797
decision_type=8 8 10 10 10 10 10 2 10 10 10 8 8 8
left_child=-1 2 5 13 -5 9 -7 8 -6 10 -2 -12 -9 -3
right_child=1 3 -4 4 7 6 -8 12 -10 -11 11 -13 -14 -15
leaf_value=-0.044596657458002703 0.070564562932641503 0.0048365577342510437 0.032601235376400042 -0.032167053225303714 0.040960749710944475 -0.003648507814127358 0.061195989937958474 -0.044354545762189189 -0.039136435115660596 -0.023014010747679697 -0.042898831172053876 0.038806110577567443 0.029544985418264155 -0.047182421840840164
leaf_weight=68.435916032642126 9.4085950851440447 13.182496968656777 101.23082045465708 24.838032893836498 40.533492296934128 19.640324339270592 17.53988841176033 12.111353347077968 4.5552123356610528 53.024598397314548 13.722423296421768 8.0103238206356746 6.4996891282498828 30.888290276750922
leaf_count=3061 63 190 691 295 312 199 108 143 55 594 193 67 56 691
internal_value=-0.00150371 0.00690119 0.0161079 -0.00855667 0.00326933 0.00219456 0.0277437 0.0173704 0.0321951 -0.00928498 0.0140803 -0.0124015 -0.0183555 -0.0318604
internal_weight=423.621 355.186 222.577 132.609 88.5378 121.346 37.1802 63.6997 45.0887 84.1659 31.1413 21.7327 18.611 44.0708
internal_count=6718 3657 1915 1742 861 1224 307 566 367 917 323 260 199 881
is_linear=0
shrinkage=0.05


Tree=44
num_leaves=15
num_cat=0
split_feature=36 71 32 32 6 105 28 94 33 31 18 65 70 20
split_gain=58.7321 17.4859 13.8208 13.2612 23.3703 15.4506 15.157 17.3947 13.6422 13.6174 20.1204 22.567 11.0822 12.6473
threshold=1344.7073364257815 180.94191741943362 1410.4298095703127 34.752981185913093 32.696172714233406 1232.5000000000002 570.50000000000011 0.00036265185917727655 1417.666687011719 98.43103408813478 0.00018812700000125918 32.658084869384773 36.916666030883796 0.039081793278455741
decision_type=10 2 10 10 10 2 2 10 8 10 10 2 2 8
left_child=12 2 3 4 9 6 7 -5 -9 -2 11 -11 13 -1
right_child=1 -3 -4 5 -6 -7 -8 8 -10 10 -12 -13 -14 -15
leaf_value=0.082148003360162744 0.042007847120646445 -0.045560210817414987 -0.047942521753177127 -0.040655809546449657 -0.027068767070267754 -0.019920037310711181 0.049876110807909546 0.027801564371484257 -0.048046327542799284 -0.022173723829988182 0.048510441499397261 0.0585910415498819 -0.049053872222400617 -0.040926577379770936
leaf_weight=2.876979060471057 30.3649016097188 13.755985124036668 9.0107593424618226 11.201021101325749 48.924843575805426 19.353244304656982 47.61101639084518 88.567274674773216 5.4525644797831765 55.351831454783678 18.019112423062325 9.2379259187728149 61.576460063457489 3.6053747702389956
leaf_count=20 234 446 127 195 580 201 366 634 72 591 135 81 3003 100
internal_value=-0.000351223 0.00779662 0.0100621 0.011765 0.00146787 0.0213825 0.0267082 0.0158542 0.0229435 0.0139551 0.00326456 -0.00990519 -0.0425668 0.0173747
internal_weight=424.909 356.85 343.094 334.084 161.899 172.185 152.832 105.221 94.0198 112.974 82.6089 64.5898 68.0588 6.48235
internal_count=6785 3662 3216 3089 1621 1468 1267 901 706 1041 807 672 3123 120
is_linear=0
shrinkage=0.05


Tree=45
num_leaves=15
num_cat=0
split_feature=46 7 95 37 100 106 18 34 130 20 7 65 40 95
split_gain=59.9253 17.2361 13.4325 14.1173 13.7315 12.4411 16.6165 21.4459 14.9717 18.9778 15.3748 16.0423 13.0078 14.2009
threshold=3.5159999924871958e-06 174.88477325439456 1.5229500149871458e-06 0.0034064309438690548 0.019228945486247543 22582209.000000004 1.7935000187208063e-06 1416.1473388671877 0.0086294354405254143 0.00026838209305424249 30.548342704772953 37.931547164916999 0.0016963594825938346 2.6707499500844283e-06
decision_type=10 8 10 10 10 2 8 10 2 10 10 2 10 10
left_child=1 2 3 4 -1 6 -4 8 10 -10 -8 12 13 -12
right_child=-2 -3 5 -5 -6 -7 7 -9 9 -11 11 -13 -14 -15
leaf_value=-0.020183153857500292 -0.045990984690754029 -0.046008713079104827 0.037424286538543981 -0.035079137295166721 0.054331721241106468 -0.047588043117204881 0.081847352429388939 -0.040141022269288583 -0.034061132038127183 0.056477329506730227 -0.021157379475503946 0.048787844827379433 0.037232564062442561 0.013145208090665619
leaf_weight=11.835727522149684 55.995410401374102 12.690751945599912 72.792320253327489 28.624615220353007 11.107732888311146 6.7455169390887013 5.7434851527214041 18.564724367111921 6.2517516538500777 33.622554684057832 71.75318687222898 17.264916053041816 18.240258768200874 50.670232864096761
leaf_count=179 2867 441 654 383 80 90 29 297 83 236 656 148 188 455
internal_value=0.00171155 0.00911699 0.0112219 -0.012183 0.0166546 0.0152501 0.0168434 0.00996093 0.0147045 0.0417961 0.00789056 0.00470286 -0.00101428 -0.0069683
internal_weight=421.903 365.908 353.217 51.5681 22.9435 301.649 294.903 222.111 203.546 39.8743 163.672 157.929 140.664 122.423
internal_count=6786 3919 3478 642 259 2836 2746 2092 1795 319 1476 1447 1299 1111
is_linear=0
shrinkage=0.05


Tree=46
num_leaves=15
num_cat=0
split_feature=46 7 124 2 128 94 48 41 43 75 10 18 32 100
split_gain=56.2065 15.3782 11.8548 14.519 21.3551 14.3066 10.9016 10.0666 10.1613 16.1381 16.6938 14.0724 14.3964 16.7754
threshold=1.519249963166658e-05 174.88477325439456 0.20144751667976382 42.082429885864265 -46.616151809692376 2.0335500039436742e-06 1.4560000067831427e-06 0.017294159159064296 0.99729821085929882 0.0034021872561424975 0.008932561147958042 0.00023999350378289821 37.931547164916999 0.014990516006946565
decision_type=10 8 8 10 8 10 10 10 10 2 10 10 10 10
left_child=1 2 5 -4 -5 -1 -7 8 9 -8 11 12 13 -11
right_child=-2 -3 3 4 -6 6 7 -9 -10 10 -12 -13 -14 -15
leaf_value=-0.045808848845737563 -0.048007126965600104 -0.045420316236249737 0.055955725580214791 0.070059834167901236 -0.028779112460968915 -0.042838560279754176 0.040602687555011931 -0.049641185786941079 -0.0069859588665874333 0.04663323010222005 0.025269952092759791 0.046543472460882473 0.057127004938197071 -0.028203937762657512
leaf_weight=11.672506993636487 49.765601795166731 11.972218260169027 27.671278275549412 7.0026730094105005 16.240526497364048 9.0316635984927398 52.173597229644656 5.8797452878206959 57.102806417271495 7.5455642789602271 80.082024749368429 10.139026766642926 5.6684316378086796 64.353587238118052
leaf_count=166 2831 446 264 56 268 133 428 89 576 59 616 80 44 764
internal_value=0.00131185 0.00812043 0.0100509 0.0321456 0.00266049 0.00625286 0.00848341 0.0102667 0.011712 0.0165757 0.00890827 -0.00614751 -0.0135396 -0.0198181
internal_weight=416.301 366.536 354.563 50.9145 23.2432 303.649 291.976 282.945 277.065 219.962 167.789 87.7066 77.5676 71.8992
internal_count=6820 3989 3543 588 324 2955 2789 2656 2567 1991 1563 947 867 823
is_linear=0
shrinkage=0.05


Tree=47
num_leaves=15
num_cat=0
split_feature=33 73 127 39 10 73 114 118 128 62 101 134 29 127
split_gain=52.6253 14.9895 16.4579 17.3795 14.4962 13.6125 13.5338 11.2301 11.1466 10.9172 10.0826 10.9065 10.0222 9.54906
threshold=1344.7073364257815 118.19547271728517 -55.62641525268554 0.0003406193718547002 0.077171217650175108 92.371795654296889 0.48575037717819219 0.10297491028904916 0.70844531059265148 82.66742324829103 0.11566900834441186 0.47727273404598242 45.94206619262696 -0.33196683228015894
decision_type=8 2 10 10 10 2 2 2 8 2 10 2 2 8
left_child=12 5 -3 4 -4 8 -5 -7 13 -10 11 -6 -1 -2
right_child=1 2 3 6 10 7 -8 -9 9 -11 -12 -13 -14 -15
leaf_value=0.016900873205816586 0.0078879184948445914 -0.049259551588660661 -0.037562083009284854 0.028198043386307471 0.033964749428776253 0.034840723088860728 -0.031195481929979459 -0.0092204638090296748 0.039094568986857307 -0.004118522289091763 0.11070254488403307 -0.049385415158121747 -0.050651822080646919 -0.033786908016908507
leaf_weight=5.6661328468471757 27.198675144463778 17.23188579455018 35.215960571542382 56.315157696604729 9.3254461679607648 94.920967640355229 10.656177496537564 16.596977453678846 29.859586922451854 27.437453091144562 1.5291081909090269 5.3333914056420317 50.404926110059023 26.171623315662146
leaf_count=84 270 452 659 517 48 650 234 131 252 304 20 55 2838 354
internal_value=0.00095052 0.00804205 -0.00503622 0.00176009 -0.0198925 0.016011 0.0184277 0.0282595 0.0035257 0.0186857 0.0184957 0.00242189 -0.0436489 -0.012794
internal_weight=413.863 357.792 135.607 118.375 51.4039 222.185 66.9713 111.518 110.667 57.297 16.1879 14.6588 56.0711 53.3703
internal_count=6868 3946 1985 1533 782 1961 751 781 1180 556 123 103 2922 624
is_linear=0
shrinkage=0.05


Tree=48
num_leaves=15
num_cat=0
split_feature=46 5 73 114 85 87 39 5 8 66 7 33 77 132
split_gain=50.125 15.0531 14.2433 11.712 13.8968 12.4081 11.6579 15.0324 14.8174 13.1698 11.9295 14.2525 16.7755 19.0939
threshold=1.519249963166658e-05 180.7494812011719 550.80554199218761 0.45527213811874395 1.0000000180025095e-35 0.0094788861460983771 0.00041493955359328544 96.65808486938478 62.869352340698249 1375.817077636719 46.952684402465827 1410.3917236328127 2.8639756237680562e-05 1.0000000180025095e-35
decision_type=10 8 2 2 2 2 8 10 10 2 10 10 2 2
left_child=1 6 -3 4 5 -4 10 -8 -9 -10 11 12 13 -1
right_child=-2 2 3 -5 -6 -7 7 8 9 -11 -12 -13 -14 -15
leaf_value=0.043447846368809773 -0.048695855071949228 -0.047889861064979833 0.09718957387096637 -0.027402499811286569 -0.030727397653373425 -0.011824914903097119 -0.02040598927234382 0.054368044108934921 0.027037779442624501 -0.048790929958226516 -0.013096263219736837 -0.0092703630297990176 -0.048872734260346884 -0.0022448197356775795
leaf_weight=65.998352512717247 44.873579886741936 21.610035379417241 7.2321469523012656 14.284546129405497 5.1353791728615752 3.531168520450592 13.398870982229708 42.347065702080727 20.514499064534906 6.8182760030031195 63.784682327881455 51.03065363317728 6.7565553300082675 34.563975285738707
leaf_count=455 2798 652 55 400 63 51 147 355 146 68 618 576 72 293
internal_value=0.000513416 0.00681747 -0.0178745 0.00446199 0.0330188 0.0634598 0.0110523 0.0269166 0.0361763 0.00706755 0.00502494 0.0123607 0.022637 0.0278755
internal_weight=401.88 357.006 51.7933 30.1832 15.8987 10.7633 305.213 83.0787 69.6798 27.3328 222.134 158.35 107.319 100.562
internal_count=6749 3951 1221 569 169 106 2730 716 569 214 2014 1396 820 748
is_linear=0
shrinkage=0.05


Tree=49
num_leaves=15
num_cat=0
split_feature=6 5 73 18 116 91 7 99 48 137 130 35 6 73
split_gain=43.1124 15.051 13.0003 10.8904 11.153 11.9257 9.68256 11.9366 13.7539 8.92086 10.5502 12.6288 10.1136 9.87725
threshold=46.831670761108406 180.7494812011719 611.74948120117199 0.0033840414835140113 0.1172853820025921 0.00070397320087067794 46.952684402465827 0.020845565944910053 1.5229500149871458e-06 36.028966903686531 0.0086294354405254143 1405.148864746094 31.2744255065918 53.262624740600593
decision_type=8 10 2 8 2 10 10 10 10 2 2 10 10 2
left_child=1 3 -3 4 -1 -6 9 8 -8 -7 13 -12 -13 -11
right_child=-2 2 -4 -5 5 6 7 -9 -10 10 11 12 -14 -15
leaf_value=0.051634459623421315 -0.046214177298764432 -0.047697388262920463 0.0029128696216074133 -0.037599756987569358 -0.048689221959434023 -0.037037721580584486 -0.034640087479672031 -0.043964273826630103 0.016403635024127637 -0.022626416291609636 0.07381640135912336 0.050392871308739789 -0.0087176395431051729 0.018212440874458221
leaf_weight=15.833711152896283 43.550519486889243 21.383769101463258 29.047493400983512 10.519136660732327 7.5392864169552913 6.1452434174716464 15.70138134434819 13.220422649756072 62.189380937255919 16.214461347088218 17.025344621390104 12.528962001204492 15.025640618056057 110.02440227102488
leaf_count=149 2663 707 527 269 87 90 210 144 457 181 118 106 169 890
internal_value=0.000137636 0.0059805 -0.0190569 0.0102111 0.0120594 0.00960738 0.0114218 -0.00181511 0.00580547 0.0182088 0.0204003 0.0410844 0.0189832 0.0128304
internal_weight=395.949 352.399 50.4313 301.967 291.448 275.615 268.075 91.1112 77.8908 176.964 170.819 44.5799 27.5546 126.239
internal_count=6767 4104 1234 2870 2601 2452 2365 811 667 1554 1464 393 275 1071
is_linear=0
shrinkage=0.05


Tree=50
num_leaves=15
num_cat=0
split_feature=6 8 39 97 72 132 69 38 94 114 133 2 94 52
split_gain=41.8747 11.3956 23.3818 16.9036 15.065 13.6965 17.599 11.6 11.5488 10.9692 10.8637 17.1543 10.8069 14.2896
threshold=46.831670761108406 62.797708511352546 0.00039830338209867483 2.6414500098326247e-05 1409.474548339844 1.0000000180025095e-35 46.952684402465827 1.0000000180025095e-35 0.039423756301403053 0.44326664507389074 0.99621212482452404 40.637275695800788 0.00032683000608813023 290.50000000000006
decision_type=8 10 8 8 2 2 2 10 8 2 2 10 10 8
left_child=1 2 4 -4 5 6 7 8 10 -6 -1 -12 -3 -14
right_child=-2 12 3 -5 9 -7 -8 -9 -10 -11 11 -13 13 -15
leaf_value=0.061712155544094517 -0.045298187635530458 -0.024271838373152943 0.050523306454353704 -0.02359583896979477 -0.042078219978972285 -0.0082253640488212081 -0.02908601439598223 -0.041137319971881137 -0.040415865705523746 -0.00062466350645174157 -0.018036594213230062 0.073578597648627286 -0.00034990047919747168 0.088443447913566176
leaf_weight=39.742528731003404 42.465827175416052 48.316384574398398 50.27237500436604 8.4422459881752712 22.835887517780066 42.485616140067577 11.273621914908288 3.7491495329886666 3.3075225781649342 48.381351061165333 13.174337213858964 7.0599796874448648 41.206818785518408 4.089771404862403
leaf_count=280 2694 837 481 135 338 411 136 50 96 485 93 45 624 25
internal_value=0.000956307 0.00677535 0.0123206 0.0396495 0.00380157 0.0145128 0.0267976 0.0364855 0.0416525 -0.0143154 0.0467668 0.0158887 -0.00804975 0.00940434
internal_weight=386.803 344.338 250.725 58.7146 192.01 120.793 78.3071 67.0335 63.2844 71.2172 59.9768 20.2343 93.613 45.2966
internal_count=6730 4036 2550 616 1934 1111 700 564 514 823 418 138 1486 649
is_linear=0
shrinkage=0.05


Tree=51
num_leaves=15
num_cat=0
split_feature=46 118 120 132 70 136 8 8 47 66 137 52 20 5
split_gain=39.0303 13.769 12.9734 13.7657 18.3562 14.0845 20.1408 12.1499 11.5581 19.0622 14.0055 12.5991 20.1009 12.1789
threshold=3.5159999924871958e-06 0.24689045548439029 1444.0000000000002 1.0000000180025095e-35 1358.5483398437502 1.0000000180025095e-35 53.666038513183601 175.1664962768555 0.035200214013457305 1416.1473388671877 48.000000000000007 290.50000000000006 0.00026838209305424249 62.832298278808601
decision_type=10 2 2 2 2 2 10 10 8 2 2 10 10 8
left_child=1 2 3 8 -5 -6 -7 -8 10 11 -1 12 -10 -12
right_child=-2 -3 -4 4 5 6 7 -9 9 -11 13 -13 -14 -15
leaf_value=0.022156187194180825 -0.044915488275436753 -0.03671958124482351 0.039662965780700915 0.062197713889169663 -0.054882892923642047 -0.035272403718629546 0.040309322217603812 -0.04300208878040554 -0.030767243635642302 -0.041404556527881546 0.04410371016986607 0.05124284119312153 0.023481194866699574 -0.040829259989324344
leaf_weight=20.494253188371658 44.593620590865612 18.312566110864282 26.421018937602639 6.3335981210693708 20.706640165299177 28.817240316420794 21.23299149423838 4.5784391351044169 19.562328901141882 12.018352969549595 4.0677458718419066 28.518059678375721 102.25458169914782 29.098445618525147
leaf_count=199 2914 304 312 59 289 305 145 147 441 210 36 219 883 350
internal_value=-0.00145282 0.00432173 0.00674646 0.00370193 -0.0136763 -0.0207864 -0.00710809 0.0244788 0.0103049 0.0169293 -0.00968086 0.0218356 0.01459 -0.0294265
internal_weight=387.01 342.416 324.104 297.683 81.6689 75.3353 54.6287 25.8114 216.014 162.353 53.6604 150.335 121.817 33.1662
internal_count=6813 3899 3595 3283 945 886 597 292 2338 1753 585 1543 1324 386
is_linear=0
shrinkage=0.05


Tree=52
num_leaves=15
num_cat=0
split_feature=46 7 118 119 132 33 136 8 94 47 47 6 120 128
split_gain=41.0047 14.38 11.8134 14.5581 11.3448 20.8211 14.4923 19.0253 12.039 9.75669 8.3992 8.24659 8.1801 12.2638
threshold=1.519249963166658e-05 174.88477325439456 0.13426872342824939 0.032194381579756744 1.0000000180025095e-35 1358.5483398437502 1.0000000180025095e-35 53.666038513183601 2.0335500039436742e-06 0.014227462466806175 0.012391134165227415 30.95268535614014 -85.499999999999986 239.11111450195315
decision_type=10 8 2 2 2 8 2 10 10 8 10 10 2 8
left_child=1 2 3 -1 8 -6 -7 10 -5 11 -8 -10 -11 -14
right_child=-2 -3 -4 4 5 6 7 -9 9 12 -12 -13 13 -15
leaf_value=0.05032008321279801 -0.048130283453870777 -0.04761251981551641 -0.016101722012760774 -0.048874905335584765 0.074747820870614601 -0.054776870561865566 0.045100807158868432 0.032032373229915471 0.045199250372314953 0.039530952532752808 -0.038562290103266804 -0.036458875266274768 0.019529160609090896 -0.0268090698492453
leaf_weight=21.43966893479228 37.829882125370204 11.07254763226956 43.478604314848781 6.28770688176155 5.8380156829953185 17.35844861716032 2.5444541983306435 21.320526352152228 3.0421524792909649 41.274909825995564 25.08745015412569 13.173880003392695 119.04362914618105 15.324534412473438
leaf_count=211 2795 467 575 113 39 242 25 187 20 353 266 185 1071 226
internal_value=0.000600509 0.00604734 0.00795613 0.0115843 0.00833769 -0.00855305 -0.0168884 -0.00262559 0.0145 0.0168196 -0.0295521 -0.0194041 0.0202548 0.0140853
internal_weight=384.116 346.287 335.214 291.735 270.296 72.1489 66.3109 48.9524 198.147 191.859 27.6319 16.216 175.643 134.368
internal_count=6775 3980 3513 2938 2727 759 720 478 1968 1855 291 205 1650 1297
is_linear=0
shrinkage=0.05


Tree=53
num_leaves=15
num_cat=0
split_feature=36 124 132 105 6 66 33 106 11 68 95 58 54 39
split_gain=37.2303 14.5384 11.5195 15.2294 19.901 15.1393 12.4103 13.7258 12.3853 12.2419 9.80199 14.9599 9.46174 9.09373
threshold=1344.7073364257815 0.35579495131969457 1.0000000180025095e-35 1232.5000000000002 30.95268535614014 1416.1473388671877 1358.5483398437502 15121.566894531252 0.00418417388573289 1423.0373535156252 2.6707499500844283e-06 1662541.1875000002 0.45326592028141027 0.000571183889405802
decision_type=8 10 2 2 10 2 8 2 8 2 10 2 10 10
left_child=1 -1 3 5 -5 8 -4 -8 -2 -10 11 -9 -11 -6
right_child=2 -3 6 4 13 -7 7 10 9 12 -12 -13 -14 -15
leaf_value=-0.046463114578688722 0.02583212435251081 0.079696665799368807 0.063087161642322212 0.055119606283943946 -0.042192031657142547 -0.025322546940693032 -0.042142072540720048 -0.0427507856406866 -0.033699517907994907 -0.034787006143671743 0.032415363413662912 0.01788767656355186 0.08916656505117522 0.025626063008526902
leaf_weight=46.125953552313149 166.40332208294421 1.5138469422236074 4.5317643135786048 7.165202058851718 29.547771973535419 18.449078756384552 28.027699259109795 19.68015119433403 17.020236791111532 1.7076837122440327 15.803561808541415 19.192901611328125 3.3683306910097599 5.2005511838942757
leaf_count=3033 1514 31 24 50 408 311 430 303 324 30 123 177 24 62
internal_value=-4.57421e-06 -0.0408981 0.00589595 0.0113663 -0.0158438 0.0169269 -0.00966157 -0.0143539 0.0211738 -0.0135068 0.000391636 -0.0131138 0.0486037 -0.0316092
internal_weight=383.738 47.6398 336.098 248.862 41.9135 206.949 87.2361 82.7043 188.5 22.0963 54.6766 38.8731 5.07601 34.7483
internal_count=6844 3064 3780 2723 520 2203 1057 1033 1892 378 603 480 54 470
is_linear=0
shrinkage=0.05


Tree=54
num_leaves=15
num_cat=0
split_feature=46 7 48 37 19 22 68 130 68 21 7 66 136 105
split_gain=34.7291 11.3096 9.63629 12.8517 8.93586 8.81318 12.6392 20.8541 13.4766 10.5536 10.5638 11.2415 17.682 10.318
threshold=1.519249963166658e-05 174.88477325439456 1.5229500149871458e-06 0.0032658406998962168 0.017262636683881286 0.020819405093789104 1414.323669433594 1.0000000180025095e-35 1410.5380859375002 0.00061804577126167725 30.548342704772953 1397.3392333984377 1.0000000180025095e-35 1089.0000000000002
decision_type=10 8 8 10 10 8 2 2 2 8 10 2 2 2
left_child=1 2 3 4 -1 13 7 9 -9 -7 -11 -12 -13 -4
right_child=-2 -3 5 -5 -6 6 -8 8 -10 10 11 12 -14 -15
leaf_value=-0.018512207925350393 -0.046553584731925217 -0.043996811972274806 0.028613699976280056 -0.036788322209403153 0.050376910961028899 0.052618024969484783 -0.042487900620314101 0.047764046168399972 -0.043876558584542744 0.05911146595750745 -0.028107071597578404 -0.048843293616618523 0.033678702749575136 -0.00034920554427797507
leaf_weight=8.274638522416355 35.315790285356343 10.439579920843242 91.495407472364604 25.985910192131996 8.8253769613802415 6.0767405889928332 13.796614492312072 33.219480381347239 3.7556720674037924 4.1289194151759139 54.966204036958516 8.2010281756520289 21.200091872364283 46.029372708871961
leaf_count=126 2821 451 920 378 68 33 253 293 53 25 608 102 193 444
internal_value=-9.47964e-05 0.00490611 0.00660213 -0.015186 0.0178607 0.00996265 0.00135214 0.00623589 0.0375456 -0.00627 -0.0108564 -0.0149329 0.00981088 0.0189873
internal_weight=371.711 336.395 325.955 43.0859 17.1 282.87 145.345 131.548 36.9752 94.573 88.4962 84.3673 29.4011 137.525
internal_count=6768 3947 3496 572 194 2924 1560 1307 346 961 928 903 295 1364
is_linear=0
shrinkage=0.05


Tree=55
num_leaves=15
num_cat=0
split_feature=33 98 48 37 104 17 4 72 128 94 130 35 4 48
split_gain=30.5864 12.7156 9.9291 12.5086 11.3137 14.7182 12.8111 10.6964 11.8427 13.6574 10.3559 16.4065 12.8308 10.5895
threshold=1344.7073364257815 0.00041960270027630037 1.5229500149871458e-06 0.0034064309438690548 285.50000000000006 0.0014734441065229478 32.797708511352546 1417.666687011719 -394.66456604003901 0.00042240798939019447 1.0000000180025095e-35 1407.5217895507815 30.648148536682132 2.6939999315800382e-06
decision_type=8 8 8 10 2 10 10 2 8 10 2 8 10 10
left_child=1 -1 3 -2 7 6 -6 8 -4 -10 12 -12 -11 -14
right_child=2 -3 4 -5 5 -7 -8 -9 9 10 11 -13 13 -15
leaf_value=0.055414777746352388 0.013466652784136782 -0.047141471656210257 0.08162767670769866 -0.040711271377985525 0.020688393377156916 0.033429921414825196 -0.043910687197781198 -0.035499443096118015 -0.033633366239002781 0.057226102537087577 0.044153858781216006 -0.035706908087274281 -0.024451746980695035 0.0096621649096003907
leaf_weight=2.4393846364691845 17.939970731735229 39.724583473056555 3.8502601403743029 23.904189370572567 16.263375245034698 72.001179394312203 12.870839796960352 17.4513951074332 21.736405145376921 7.7293894011527291 32.719117999076843 7.1485620932653537 41.529503999277949 48.062882216647267
leaf_count=35 211 2901 51 363 155 673 183 347 544 51 303 112 405 496
internal_value=-0.000523512 -0.0400617 0.00474211 -0.0177112 0.00813226 0.0214274 -0.00836015 0.000594559 0.00465736 0.00229387 0.0081884 0.0293109 -0.0006745 -0.0062463
internal_weight=365.371 42.164 323.207 41.8442 281.363 101.135 29.1342 180.228 162.776 158.926 137.189 39.8677 97.3218 89.5924
internal_count=6830 2936 3894 574 3320 1011 338 2309 1962 1911 1367 415 952 901
is_linear=0
shrinkage=0.05


Tree=56
num_leaves=15
num_cat=0
split_feature=46 7 39 75 94 95 11 137 50 121 76 71 8 33
split_gain=30.4937 11.0664 8.72208 17.4847 11.4249 10.8316 10.8032 10.4253 9.01063 8.31111 17.1903 8.36201 19.446 11.1984
threshold=1.519249963166658e-05 174.88477325439456 0.00041493955359328544 0.0032733312109485273 0.00032683000608813023 2.028999915637542e-06 0.00079670862760394822 97.085403442382827 0.020978484302759174 -667598.84374999988 0.0021379094105213885 52.858585357666023 48.54248237609864 1407.5217895507815
decision_type=10 8 8 2 10 10 10 2 10 2 2 2 10 8
left_child=1 2 5 6 -5 7 -4 -1 -6 10 -7 12 13 -11
right_child=-2 -3 3 4 8 9 -8 -9 -10 11 -12 -13 -14 -15
leaf_value=-0.022457559719535326 -0.046122623144833286 -0.046477287214148441 0.054779879848951024 -0.014310940699306482 0.063631316667741036 0.086761056461022459 -0.013440926465925299 0.026881241965472442 0.00034902050343252827 0.022846915151589778 -0.033472420814027529 0.020481568352823873 -0.041103186052958776 -0.028362052871385046
leaf_weight=65.136990920640528 31.770421767607331 9.3630227940157038 33.259820988401771 40.415084821172059 9.5496553089469689 7.736010277643798 6.5691400971263638 11.897664980962871 12.074202421121297 44.473767830058932 3.8449908550828695 51.054254477843642 24.887136980891228 13.028239598497747
leaf_count=837 2762 447 354 544 70 41 65 100 163 345 33 447 324 216
internal_value=-9.43867e-05 0.00441804 0.00602767 0.0180637 0.00131923 0.000449999 0.0434744 -0.0145906 0.0298734 0.00848452 0.0473549 0.00478398 -0.00507234 0.010958
internal_weight=365.06 333.29 323.927 101.868 62.0389 222.059 39.829 77.0347 21.6239 145.024 11.581 133.443 82.3891 57.502
internal_count=6748 3986 3539 1196 777 2343 419 937 233 1406 74 1332 885 561
is_linear=0
shrinkage=0.05


Tree=57
num_leaves=15
num_cat=0
split_feature=6 127 40 97 37 92 133 34 130 6 95 91 74 29
split_gain=30.7374 7.96203 7.81954 12.8117 12.5113 8.75124 12.8778 11.7476 12.7115 11.2017 9.44277 8.25981 8.25075 8.01172
threshold=46.831670761108406 -55.62641525268554 0.0001447121976525523 2.6825000531971459e-06 0.088672105222940459 1.5924999843264234e-06 0.99140444397926342 1415.1473388671877 0.0086294354405254143 30.665631294250492 2.6707499500844283e-06 0.019160520285367969 0.99484154582023632 191032.87500000003
decision_type=8 8 8 10 10 10 2 10 2 10 10 10 2 2
left_child=1 -1 3 -3 -4 6 12 8 9 -7 -11 -10 -5 -12
right_child=-2 2 4 5 -6 7 -8 -9 11 10 13 -13 -14 -15
leaf_value=-0.041063029438546478 -0.045839002877956614 -0.036755556191090354 0.028200724758120684 -0.0020276221806141592 -0.038623408284650274 0.053699434856923745 -0.038038045181831737 -0.035718390898087392 0.0098821226220708273 -0.016608823192328145 -0.0011060107964738211 0.057883165702301315 0.057855807048273769 0.039148671512554169
leaf_weight=8.2638316173106414 32.107899658381939 18.776727095246315 61.237546982243657 7.7798210522159961 7.0150770945474497 7.6553348759189239 5.2897698581218711 18.531076305545866 21.021061313338578 76.674544860608876 47.650586212985218 15.31435428932309 20.371389508247375 15.665094032883642
leaf_count=233 2681 288 667 118 182 80 76 311 240 792 659 183 187 146
internal_value=0.000103407 0.0046812 0.00597474 0.00191662 0.0208739 0.00513621 0.0284372 0.00116767 0.00505594 -0.00152502 -0.00490441 0.0311217 0.0418047 0.00930734
internal_weight=363.354 331.246 322.982 254.73 68.2526 235.953 33.441 202.512 183.981 147.646 139.99 36.3354 28.1512 63.3157
internal_count=6843 4162 3929 3080 849 2792 381 2411 2100 1677 1597 423 305 805
is_linear=0
shrinkage=0.05


Tree=58
num_leaves=15
num_cat=0
split_feature=46 118 119 20 121 132 36 136 8 44 36 127 4 76
split_gain=27.3464 10.5954 12.0393 13.5217 11.0994 7.60223 16.073 13.1896 20.011 7.64481 7.58232 7.65469 10.9198 10.4752
threshold=1.519249963166658e-05 0.13426872342824939 0.032194381579756744 5.7102699429378852e-05 -1360617.9374999998 1.0000000180025095e-35 1358.6656494140627 1.0000000180025095e-35 53.666038513183601 0.0011324881925247612 1358.6656494140627 -21.020492553710934 23.684668540954593 0.0096978861838579195
decision_type=10 2 2 10 2 2 10 2 10 10 8 10 8 2
left_child=1 2 -1 4 -4 10 -7 -8 9 -9 -5 12 -12 -13
right_child=-2 -3 3 5 -6 6 7 8 -10 -11 11 13 -14 -15
leaf_value=0.045242156938888257 -0.045807781269676287 -0.018903509321678464 0.038116687446588436 -0.028710521226034499 -0.050996225485954061 0.065075283932860092 -0.054027063194570513 0.034019325047544839 0.034717677294473281 -0.039195302227889778 0.052208116198786229 0.0082227685318993181 -0.047259138460543859 0.035101357250851666
leaf_weight=18.06736989505589 30.082208606414497 45.457614458166063 3.5760842878371504 9.460822891443966 16.675931857898831 6.0544030517339698 14.858770679682491 3.3768878392875221 20.704028148204088 23.739473668858409 2.8559073228389007 97.422620482742786 9.2682769466191512 57.553461417555809
leaf_count=221 2839 689 27 163 512 52 227 25 161 282 21 1033 147 453
internal_value=-0.000974663 0.00325014 0.00685486 0.00408312 -0.0342076 0.00737053 -0.00666816 -0.0145112 -0.00137768 -0.029192 0.0128424 0.0153519 -0.0216364 0.0183657
internal_weight=359.154 329.072 283.614 265.547 20.252 245.295 68.7336 62.6792 47.8204 27.1164 176.561 167.1 12.1242 154.976
internal_count=6852 4013 3324 3103 539 2564 747 695 468 307 1817 1654 168 1486
is_linear=0
shrinkage=0.05


Tree=59
num_leaves=15
num_cat=0
split_feature=36 124 39 121 122 47 62 20 44 7 33 94 132 6
split_gain=29.4797 10.5637 9.33415 13.4328 12.3408 11.15 10.2219 12.4791 9.13216 10.9577 8.52066 11.8017 9.06193 10.3393
threshold=1344.7073364257815 0.35579495131969457 0.00041493955359328544 152477.21093750003 -60.671041488647454 0.021155578084290031 110.13062667846681 0.00041987934673670685 0.0006831210048403592 46.952684402465827 1416.1473388671877 0.00013421025505522269 1.0000000180025095e-35 30.665631294250492
decision_type=8 10 8 2 10 10 2 10 8 8 10 10 2 10
left_child=1 -1 4 6 -2 -5 -4 -8 -6 10 12 -12 -10 -14
right_child=2 -3 3 5 8 -7 7 -9 9 -11 11 -13 13 -15
leaf_value=-0.045744875789734123 -0.042630673222811763 0.066676880376061828 0.037325381350574539 -0.021891499158427516 -0.049594420468141442 0.049914932471073405 -0.035674714174134224 0.015255346396832334 0.02652274691636762 -0.013536886206028165 0.047925714624389222 -0.040835834290819141 0.059950982100869077 -0.015232500360554249
leaf_weight=38.271627018228173 15.495347663760183 1.3478874880820502 14.664984997361897 5.7884829128161064 7.1103824488818637 34.507017578929663 22.098728320561349 24.2355748238042 80.522394327446818 57.246236864477396 4.101521739736202 13.71306083537638 4.3803279697895041 29.597841644659638
leaf_count=3060 271 29 182 66 121 372 351 247 672 771 35 262 24 317
internal_value=-0.00028844 -0.0403729 0.00489024 0.0172967 -0.0010863 0.0393195 0.00234903 -0.00927579 0.00238599 0.00458578 0.0124693 -0.0189388 0.0174776 -0.00410329
internal_weight=353.081 39.6195 313.462 101.295 212.167 40.2955 60.9993 46.3343 196.672 189.561 132.315 17.8146 114.501 33.9782
internal_count=6780 3089 3691 1218 2473 438 780 598 2202 2081 1310 297 1013 341
is_linear=0
shrinkage=0.05


Tree=60
num_leaves=15
num_cat=0
split_feature=46 2 39 11 5 100 91 77 94 121 94 10 37 35
split_gain=26.697 8.7747 8.96168 8.87302 10.7958 10.8524 9.71068 8.96658 8.3098 8.39607 7.86106 6.83157 7.10594 6.21173
threshold=1.519249963166658e-05 45.95549392700196 0.0002881376567529515 0.00064795010257512342 66.620906829833999 0.014990516006946565 0.00070397320087067794 0.014134451746940615 2.8737500770148476e-06 152477.21093750003 0.00013892670540371912 0.018237249925732616 0.0028486667433753614 1414.323669433594
decision_type=10 8 10 10 10 8 10 2 10 2 10 10 10 10
left_child=1 3 10 4 5 -1 -6 -8 -4 13 -3 12 -11 -10
right_child=-2 2 8 -5 6 -7 7 -9 9 11 -12 -13 -14 -15
leaf_value=0.052110715248019614 -0.047022444608463811 -0.039896692332601236 -0.048395335478629918 -0.046220182988197737 -0.028231840249397913 -0.012280256965350157 0.028368841470404541 -0.048447668478758942 -0.0090989341222111903 0.0506107066506492 -0.004773738398013894 0.06745137746286875 -0.018748153849987667 0.037603721904450244
leaf_weight=6.4758681654930106 26.949548105709255 25.493696725927293 5.3621569946408263 5.5501875393092623 8.1781967077404243 51.763011462986469 106.59641257859766 3.0582682341337195 39.101911701261997 5.4648596551269311 40.758855484426022 8.9285133816301805 7.7525479570031166 7.6572366040199986
leaf_count=37 2767 610 115 99 117 613 980 31 548 52 520 63 118 86
internal_value=-0.000141477 0.00391384 -0.00544664 0.0111462 0.0132053 -0.0043615 0.0218513 0.025808 0.00645101 0.0113504 -0.0186812 0.0359799 0.0114716 -0.000823724
internal_weight=349.091 322.142 140.52 181.622 176.072 58.2389 117.833 109.655 74.2672 68.9051 66.2526 22.1459 13.2174 46.7591
internal_count=6756 3989 2112 1877 1778 650 1128 1011 982 867 1130 233 170 634
is_linear=0
shrinkage=0.05


Tree=61
num_leaves=15
num_cat=0
split_feature=6 6 66 58 134 137 66 137 33 137 65 127 62 17
split_gain=24.0231 8.06811 9.89196 17.0295 15.2567 15.9476 12.9494 12.3899 12.6919 11.8642 11.6414 8.56758 8.55051 8.41293
threshold=46.831670761108406 31.836424827575687 1405.148864746094 219635.04687500003 0.90623369812965404 57.945634841918952 1400.2258911132815 46.167200088500984 1385.7977294921877 87.292655944824233 38.054365158081062 -7.5084047317504874 71.397628784179702 0.0011346016544848683
decision_type=8 10 2 2 2 2 2 2 10 2 2 8 2 10
left_child=1 11 3 4 5 -3 -6 -5 9 -9 -4 -1 -12 -10
right_child=-2 2 10 7 6 -7 -8 8 13 -11 12 -13 -14 -15
leaf_value=-0.035079153196895703 -0.044269823732645215 -0.017028857704479674 -0.028682433755222461 -0.051623193936416172 -0.046164417718719902 0.047863871205041875 0.040544144235802243 -0.051208579087971808 -0.039758126039688715 0.021242593554442461 -0.024802325307479525 0.019775435931705308 0.042338197286028667 0.04839827241374673
leaf_weight=6.8274141997098923 27.768681509420276 21.448760665953159 53.107144892215729 4.3754069693386546 30.660398529842496 15.45208864379674 4.195901818573474 7.1892626360058811 2.1569071989506474 17.22986835706979 6.8913954906165626 88.431722466833889 11.267141947522758 42.43368093855679
leaf_count=133 2694 399 721 44 632 171 31 103 41 175 94 971 104 441
internal_value=-0.00054822 0.00347638 -0.00187216 0.00561959 -0.0116241 0.0106906 -0.034887 0.0224103 0.0277746 -0.00126325 -0.0169967 0.0155203 0.0168929 0.0433555
internal_weight=339.436 311.667 216.408 145.142 71.7571 36.9008 34.8563 73.3851 69.0097 24.4191 71.2657 95.2591 18.1585 44.5906
internal_count=6754 4060 2956 2037 1233 570 663 804 760 278 919 1104 198 482
is_linear=0
shrinkage=0.05


Tree=62
num_leaves=15
num_cat=0
split_feature=46 6 60 8 65 19 42 33 33 34 116 131 91 76
split_gain=26.376 10.9826 12.9557 12.1917 14.4109 11.39 9.87596 9.87313 9.51733 9.78561 9.49607 9.38415 10.5853 18.641
threshold=1.519249963166658e-05 31.836424827575687 1394.182556152344 62.797708511352546 32.658084869384773 0.0137607678771019 0.0011570773203857245 1412.5584106445315 1405.148864746094 1413.7432861328127 1.9852818846702578 0.99135681986808788 0.0033993414836004381 0.0043636939954012641
decision_type=10 8 2 8 2 8 10 10 10 10 2 2 8 2
left_child=1 11 3 4 5 -3 -4 -5 -6 -10 -9 12 13 -1
right_child=-2 2 6 7 8 -7 -8 10 9 -11 -12 -13 -14 -15
leaf_value=0.058312173481586509 -0.046687251009941887 0.048389787010291424 -0.033027505589951628 -0.026374169836167128 0.035010940852781669 -0.044490737966894796 0.022297030986091548 -0.014680673814105961 -0.024106772508616991 0.036485460720887368 0.043513142520797542 0.060971929139187343 -0.00018975852531446052 -0.02587988246564334
leaf_weight=23.134885996580127 25.502062105108052 3.3592724949121502 41.76957041118294 40.045785239897668 61.543850776739419 13.801676833070813 9.1959704011678678 14.367017189040782 16.351333944126967 9.818141231313346 12.041448959149418 10.879607489332555 54.693030508235097 8.3713939152657968
leaf_count=198 2843 21 665 863 617 198 131 202 168 94 90 82 567 108
internal_value=0.00125454 0.00521649 -0.000928635 0.00567447 0.016232 -0.0246459 -0.022808 -0.0109804 0.0244173 -0.000867878 0.0124734 0.0191538 0.013237 0.0358339
internal_weight=344.875 319.373 222.294 171.329 104.874 17.1609 50.9655 66.4543 87.7133 26.1695 26.4085 97.0789 86.1993 31.5063
internal_count=6847 4004 3049 2253 1098 219 796 1155 879 262 292 955 873 306
is_linear=0
shrinkage=0.05


Tree=63
num_leaves=15
num_cat=0
split_feature=6 5 5 122 128 88 105 88 27 137 137 36 76 32
split_gain=20.5043 7.79217 11.2016 12.5457 11.8429 8.18196 17.7121 11.0335 11.3199 10.8121 12.4993 14.9943 9.42857 14.4868
threshold=46.831670761108406 180.7494812011719 590.91680908203136 1195.0089111328127 10.836656093597414 0.0020599099807441239 1127.0000000000002 0.0030700265197083358 23790.808593750004 50.151784896850593 64.856914520263686 1416.5828247070315 0.0045228414237499246 32.658084869384773
decision_type=8 10 10 8 8 8 2 10 8 2 2 10 2 8
left_child=1 5 -3 -4 -5 6 -1 -7 9 -9 11 -11 13 -8
right_child=-2 2 3 4 -6 7 12 8 -10 10 -12 -13 -14 -15
leaf_value=0.043235197672104667 -0.04295329191288362 -0.046768586729559129 -0.025134069967679987 0.072188573654574845 -0.038417937246803618 -0.03871621731538491 0.047455820549468349 -0.032167585325470996 0.070107019690249059 0.034727108564606333 -0.0059185962339395916 -0.03874089519336571 -0.032151093909249855 -0.020967787654937516
leaf_weight=37.601933909580112 26.33790987636894 17.608980299904943 14.561902259476481 7.8847940871492046 2.6044664466753602 16.144372163340449 14.776486426591871 20.530283779837191 5.1264734454452983 47.197324474342167 86.960612597875297 7.2625796291977158 16.290368219837546 14.338829282671215
leaf_count=400 2716 690 379 72 75 230 90 306 31 463 856 120 194 186
internal_value=-0.00144681 0.00221948 -0.0173739 0.00429042 0.0437717 0.00541236 0.0183331 -0.000509077 0.00339119 0.00086206 0.00584923 0.0244078 -0.00277637 0.014181
internal_weight=335.227 308.889 42.6601 25.0512 10.4893 266.229 83.0076 183.222 167.077 161.951 141.421 54.4599 45.4057 29.1153
internal_count=6808 4092 1216 526 147 2876 870 2006 1776 1745 1439 583 470 276
is_linear=0
shrinkage=0.05


Tree=64
num_leaves=15
num_cat=0
split_feature=46 40 46 73 34 132 116 73 52 2 70 92 8 3
split_gain=21.9004 9.77459 10.3332 9.56992 9.29149 7.92757 7.70722 9.70832 15.7072 9.09674 7.3881 7.3381 12.4752 7.2368
threshold=1.519249963166658e-05 0.0001447121976525523 1.377499984300812e-06 180.7494812011719 52.458660125732429 1.0000000180025095e-35 1.8329319357872011 66.703720092773452 1414.5000000000002 38.14979553222657 1358.5483398437502 1.7835000107879753e-06 48.54248237609864 8.834696292877199
decision_type=10 10 8 2 10 2 2 2 10 8 2 10 10 10
left_child=1 2 13 5 -3 6 9 11 -9 -4 -7 -8 -13 -1
right_child=-2 4 3 -5 -6 10 7 8 -10 -11 -12 12 -14 -15
leaf_value=0.0021495861466588827 -0.046199501240017746 -0.044406149411474707 0.01736314297480207 -0.034891385590277893 0.02486643918786359 0.040965132450497203 0.048512671922255196 0.037189807694786456 -0.017833209835546145 -0.050818887115941264 -0.017643383701449009 0.015247738112406737 -0.043503384816060288 -0.041488872056067508
leaf_weight=15.404606463387607 22.845961537212133 4.3209433518350115 8.9293245226144808 14.189486943185328 64.734839864075184 5.1532452972605816 4.8744115345180026 66.250381922349334 15.428354511037467 8.8902684180065972 43.809362867847085 18.932324152439833 15.660016678273676 23.397893165238202
leaf_count=198 2773 114 110 547 741 43 42 529 170 128 512 171 267 423
internal_value=-2.05312e-05 0.00352059 -0.00125451 0.00331576 0.0199599 0.00637 0.0124459 0.016965 0.0267065 -0.017546 -0.0107785 -0.00335735 -0.011824 -0.0245456
internal_weight=332.821 309.975 240.92 202.117 69.0558 187.928 138.965 121.145 81.6787 17.8196 48.9626 39.4668 34.5923 38.8025
internal_count=6768 3995 3140 2519 855 1972 1417 1179 699 238 555 480 438 621
is_linear=0
shrinkage=0.05


Tree=65
num_leaves=15
num_cat=0
split_feature=46 7 84 116 91 4 4 34 93 48 137 37 4 88
split_gain=18.9562 6.98144 6.14981 7.62046 7.3924 6.85801 8.812 10.4612 11.993 10.4825 10.0083 13.6111 13.8827 12.7775
threshold=1.519249963166658e-05 174.88477325439456 0.029357897117733959 0.21014975756406787 0.00070397320087067794 37.931547164916999 37.832799911499031 1410.3917236328127 1.533500039840874e-06 1.5331499980675292e-06 64.856914520263686 0.0037616312038153414 34.636320114135749 0.029317547567188743
decision_type=10 8 2 2 10 10 10 10 10 10 2 10 10 10
left_child=1 2 3 -1 -5 6 7 10 9 -9 -6 12 -12 -13
right_child=-2 -3 -4 4 5 -7 -8 8 -10 -11 11 13 -14 -15
leaf_value=0.033790742607684977 -0.043913904066589037 -0.041006573611023778 -0.03771628463808685 -0.044440839228168438 0.026810261352118343 0.032231814993439113 -0.051965233418209925 -0.047667833292360143 -0.041337608149380783 0.015008702075783068 0.007508562244167457 -0.022760366532026663 0.072968497234684168 0.037730758662966407
leaf_weight=21.02901601139456 22.141014140564948 7.7564981025643638 7.4778686976060262 6.9188410751521578 58.998911838047206 19.699661975726485 6.2799813598394385 7.2518397457897654 22.962954775430262 33.888193532824516 39.211852245032787 54.94448586832732 9.3055767454206926 9.4124713623896223
leaf_count=323 2789 447 171 122 584 209 77 135 411 307 335 676 70 100
internal_value=-0.00028006 0.00301914 0.00430103 0.00551076 0.00318194 0.00460399 0.00223409 0.00388969 -0.0132143 0.00309158 0.0103084 0.00152334 0.0212837 -0.0134714
internal_weight=327.279 305.138 297.382 289.904 268.875 261.956 242.256 235.976 64.103 41.14 171.873 112.874 48.5174 64.357
internal_count=6756 3967 3520 3349 3026 2904 2695 2618 853 442 1765 1181 405 776
is_linear=0
shrinkage=0.05


Tree=66
num_leaves=15
num_cat=0
split_feature=6 114 114 39 73 116 128 76 63 123 129 18 73 101
split_gain=19.4114 9.55645 9.83721 8.3852 12.2129 12.0517 8.71959 9.91412 7.77355 7.98588 7.54612 6.66061 6.37474 5.64058
threshold=46.831670761108406 0.59929579496383678 0.48649300634860998 0.00041493955359328544 96.65808486938478 1.7468973994255068 0.70844531059265148 0.0096978861838579195 9.2015399932861346 4.3616201877594003 0.15954545140266421 0.00042755249887704855 126.74089813232423 0.30820688605308538
decision_type=8 2 2 10 2 2 10 2 2 8 8 8 2 10
left_child=1 2 3 5 -5 -1 7 -7 -6 -10 13 -3 -9 -11
right_child=-2 11 -4 4 8 6 -8 12 9 10 -12 -13 -14 -15
leaf_value=-0.037131594473142016 -0.043320478659046646 0.082129739554346881 -0.023900859111497565 -0.031277654186176694 0.052425353485911097 -0.019346357704167098 0.016741498451049348 0.030942891761987612 -0.0082702961774989425 0.045118090959015804 -0.025501580962339634 0.0040263746241928095 -0.013400962455360176 -0.031733840207711049
leaf_weight=19.607002681586891 22.832144760061055 5.4210894703865025 32.124673130922019 10.191291915252803 18.396529138088226 56.576436031609774 68.966930061578751 20.887215912342072 21.748734126798809 27.426448536571119 4.5768609056249252 4.9364854544401178 12.142827615141867 1.9101084847934533
leaf_count=317 2673 73 882 132 262 731 677 165 272 233 102 77 152 39
internal_value=0.000143647 0.00352925 0.00178775 0.00501114 0.0179082 -0.00115295 0.00350048 -0.00676295 0.0250032 0.0151749 0.0300165 0.0485372 0.014726 0.0392331
internal_weight=327.745 304.913 294.555 262.43 84.25 178.18 158.573 89.6065 74.0587 55.6622 33.9134 10.3576 33.03 29.3366
internal_count=6787 4114 3964 3082 1040 2042 1725 1048 908 646 374 150 317 272
is_linear=0
shrinkage=0.05


Tree=67
num_leaves=15
num_cat=0
split_feature=7 18 118 16 109 76 127 9 32 125 94 8 124 131
split_gain=15.9591 9.32071 8.14614 8.07914 19.5964 10.057 12.6838 10.0196 10.6733 9.69351 10.6798 8.29239 8.22695 7.60277
threshold=174.88477325439456 0.0033840414835140113 0.24689045548439029 0.0021188504761084919 1.9865578413009646 0.0079437894746661204 -71.362739562988267 0.99743479490280162 32.658084869384773 -1280.4999999999998 0.0013169943122193219 64.707344055175795 -0.018957264721393582 0.99619111418724071
decision_type=8 8 2 10 2 2 10 10 8 2 10 10 8 2
left_child=1 2 3 4 11 9 -7 -6 -9 -5 -11 12 -1 -10
right_child=-2 -3 -4 5 7 6 -8 8 13 10 -12 -13 -14 -15
leaf_value=-0.032949257861632136 -0.047683264322866716 -0.037666706557237584 -0.030254148071376153 0.060967190955432252 -0.027315816173830162 -0.04419272075888632 0.016808037698168535 0.059004956457769077 -0.03376450591604576 -0.035684592905748325 -0.00084593094456955522 -0.032984831924252681 0.055209487714569044 0.04296437141378795
leaf_weight=2.2131481301039457 16.512874589767307 13.537992584053425 15.989598136860875 3.384039820637553 22.75027378462255 8.4739116653799993 87.062059104442596 8.6742312312126142 9.1252906061708945 36.767163638491184 52.804678489454091 2.6508996528573325 35.113675689324737 3.7728797122836104
leaf_count=28 1876 1114 281 30 274 273 910 57 152 589 645 85 406 33
internal_value=-0.00127679 0.0014068 0.00336221 0.00543593 0.0182037 -0.000340204 0.0109956 -0.00473807 0.0192277 -0.0119837 -0.0153825 0.0431337 0.0492591 -0.00984386
internal_weight=318.833 302.32 288.782 272.792 84.3004 188.492 95.536 44.3227 21.5724 92.9559 89.5718 39.9777 37.3268 12.8982
internal_count=6753 4877 3763 3482 1035 2447 1183 516 242 1264 1234 519 434 185
is_linear=0
shrinkage=0.05


Tree=68
num_leaves=15
num_cat=0
split_feature=46 85 121 44 20 49 4 65 137 90 36 130 8 34
split_gain=17.4556 6.56438 6.57439 9.92881 8.22115 6.1522 6.05642 8.30182 11.4462 16.243 9.0289 14.6434 17.021 8.30977
threshold=3.5159999924871958e-06 1.0000000180025095e-35 1658562.2500000002 4.5502414650400176e-05 5.7102699429378852e-05 3.2762499131422378e-06 31.47038555145264 34.703720092773445 65.37909317016603 0.0017468368168920281 1387.4155273437502 0.0075967577286064633 53.666038513183601 1416.1473388671877
decision_type=10 2 2 10 10 10 10 2 2 10 8 2 10 10
left_child=1 2 4 -4 -1 -5 -6 8 13 -10 -9 12 -12 -8
right_child=-2 -3 3 5 6 -7 7 10 9 -11 11 -13 -14 -15
leaf_value=-0.026387997060339015 -0.039846373781926216 -0.041419900523508753 -0.035110996628743812 0.057723992611537892 0.016950776782247781 -0.0251764187529885 0.015240925030005403 0.05306645573211495 0.026244505908448668 -0.048493360094187726 -0.031804378230672552 -0.054046522061896411 0.030196952565786583 -0.03287347990405546
leaf_weight=20.72285369457677 23.482200483325869 6.7250483632087699 3.7966965697705772 15.306230628862979 79.495996467769146 2.0166730415076008 41.731239105574787 10.597131120972334 8.9073848128318769 28.765964596532285 14.020951011218129 8.080814269371329 41.848785538226366 10.377919398248194
leaf_count=586 2900 160 58 195 787 60 376 142 63 457 207 101 438 205
internal_value=0.000717132 0.0040995 0.00531185 0.0315058 0.00310995 0.0472257 0.00571453 0.000209263 -0.00998216 -0.0306008 0.0124531 0.00500972 0.0143516 0.00522004
internal_weight=315.876 292.394 285.669 21.1196 264.549 17.3229 243.826 164.33 89.7825 37.6733 74.5477 63.9506 55.8697 52.1092
internal_count=6735 3835 3675 313 3362 255 2776 1989 1101 520 888 746 645 581
is_linear=0
shrinkage=0.05


Tree=69
num_leaves=15
num_cat=0
split_feature=33 124 118 18 66 26 132 136 34 68 32 54 137 101
split_gain=15.7512 7.89862 6.52739 9.32015 9.18356 7.7258 5.91514 10.4644 8.07767 11.1714 10.7994 7.93507 7.10503 7.96358
threshold=1344.7073364257815 0.35579495131969457 0.1012713983654976 1.4424999790207951e-06 1416.1473388671877 0.30246958136558538 1.0000000180025095e-35 1.0000000180025095e-35 1397.3392333984377 1358.5483398437502 67.684989929199233 1.9906562566757204 52.064678192138679 0.040680037811398513
decision_type=8 10 2 8 2 10 2 2 10 2 10 10 2 8
left_child=1 -1 3 -2 6 -4 11 -8 9 -9 -10 12 13 -5
right_child=2 -3 5 4 -6 -7 7 8 10 -11 -12 -13 -14 -15
leaf_value=-0.042668037186537153 0.034688646443407321 0.064910840624682484 -0.042809498904561274 0.022841621059791182 -0.033537481607558997 -0.0017925407710869632 -0.049654305579645328 0.035982562790935417 0.072796445187267814 -0.023158956104499404 -0.037738363319775876 -0.023269436812501113 0.021305182067110837 -0.042145855523949088
leaf_weight=26.144598344340924 24.845284275710583 0.94935618015006085 14.233658637385814 7.7848405595868853 15.054116486571727 46.983129929751158 10.692002142313866 10.001704190857707 6.7018428519368154 28.310776636935771 2.3763709841296077 13.484225359745322 97.73020742693916 9.3507526093162578
leaf_count=2868 347 20 319 93 340 602 190 83 41 384 42 157 1066 239
internal_value=-0.000985639 -0.0367222 0.00249719 0.00641669 0.00277639 -0.0118643 0.00587195 -0.00728213 0.00310619 -0.00719714 0.0429886 0.0118349 0.0161211 -0.01299
internal_weight=314.643 27.094 287.549 226.332 201.487 61.2168 186.433 58.0827 47.3907 38.3125 9.07821 128.35 114.866 17.1356
internal_count=6791 2888 3903 2982 2635 921 2295 740 550 467 83 1555 1398 332
is_linear=0
shrinkage=0.05


Tree=70
num_leaves=15
num_cat=0
split_feature=49 114 95 37 100 11 42 32 66 97 114 18 114 2
split_gain=14.2496 13.7185 6.32102 9.59722 7.67289 7.07493 11.8304 10.4873 9.6398 9.52807 8.26521 7.39365 5.74478 5.63528
threshold=0.0056053134612739095 0.45373401045799261 1.5229500149871458e-06 0.0032658406998962168 0.019228945486247543 0.0033841044642031197 0.00033446167071815586 31.47038555145264 1411.8029785156252 0.00050177876255474995 0.44326664507389074 0.00020156500249868262 0.39210116863250738 76.721435546875014
decision_type=10 2 10 10 10 8 8 10 2 10 2 8 2 8
left_child=2 -2 3 4 -1 6 7 10 -9 -7 11 -4 -5 -11
right_child=1 -3 5 12 -6 9 -8 8 -10 13 -12 -13 -14 -15
leaf_value=-0.018226270781835769 0.014345068159841504 -0.043967749960739155 -0.043252907254268599 0.044479296706263542 0.046737215287113276 -0.041117141495975451 0.034580607044487024 0.0059753144377741345 -0.023769857957611065 -0.040356154739593801 0.05333844579581562 0.034022180459218752 -0.043027081339725298 0.028889793198952282
leaf_weight=8.7413631579838711 13.821501992642878 32.669209660496563 4.8993985671550044 1.2513865567743803 7.6563485004007807 16.225202216766778 37.253160812426358 101.53529430367053 36.098871106281877 2.8974495073780391 16.043823984917253 5.5184194911271343 20.849259366281331 11.526299136225134
leaf_count=217 225 2631 65 9 71 575 423 1090 601 71 193 53 412 137
internal_value=-0.00143083 -0.0266946 0.00299363 -0.0155182 0.0130491 0.00611896 0.00953481 0.00367388 -0.00194147 -0.0159138 0.031888 -0.00292484 -0.0363613 0.013265
internal_weight=316.987 46.4907 270.496 38.4984 16.3977 231.998 201.349 164.096 137.634 30.649 26.4616 10.4178 22.1006 14.4237
internal_count=6773 2856 3917 709 288 3208 2425 2002 1691 783 311 118 421 208
is_linear=0
shrinkage=0.05


Tree=71
num_leaves=15
num_cat=0
split_feature=46 118 120 109 20 127 123 116 10 28 9 7 137 4
split_gain=15.5066 8.12731 9.20544 7.50034 6.95607 7.62057 7.36275 6.51779 7.82557 8.85699 11.0159 7.30407 7.19464 16.8362
threshold=1.519249963166658e-05 0.13001298904418948 1247.5000000000002 1.9947842359542849 5.7102699429378852e-05 133.50919342041018 -27.59075832366943 1.8168216347694399 0.0096308435313403624 1199.5000000000002 0.99565845727920543 48.54248237609864 52.064678192138679 36.358932495117195
decision_type=10 2 2 2 10 10 8 2 10 2 10 10 2 10
left_child=1 2 4 -4 -1 6 -6 -8 9 12 -11 -10 -9 -14
right_child=-2 -3 3 -5 5 -7 7 8 11 10 -12 -13 13 -15
leaf_value=-0.028239257638572879 -0.044993362351183716 -0.018154740187419863 0.050890870298601371 -0.026230045890489936 0.027686622879592445 0.096212633592141911 -0.028024138529558169 -0.037229955098165304 0.033837450342063473 -0.035602866371275625 0.033377779752246241 -0.0029406047508474618 -0.014631945856188154 0.056656308890598653
leaf_weight=16.249448797199875 17.906706820242107 42.835029768291861 16.124664291739467 3.2069124719128004 27.001699795946479 1.255855475552379 17.466103040613234 21.009915099479258 31.672576197423041 6.5867422688752439 24.651964666321874 22.751479822210968 53.80995578225702 8.7606781013309938
leaf_count=503 2832 726 230 63 261 19 274 400 309 82 289 197 560 71
internal_value=-0.00110229 0.00172035 0.00517697 0.0374364 0.00233022 0.00476103 0.00377803 0.000191316 0.00325069 -0.00416429 0.0181799 0.0186871 -0.0126318 -0.00391647
internal_weight=311.29 293.383 250.548 19.3316 231.216 214.967 213.711 186.709 169.243 114.819 31.2387 54.4241 83.5805 62.5706
internal_count=6816 3984 3258 293 2965 2462 2443 2182 1908 1402 371 506 1031 631
is_linear=0
shrinkage=0.05


Tree=72
num_leaves=15
num_cat=0
split_feature=46 19 12 8 40 46 130 36 137 19 122 131 30 16
split_gain=16.9715 5.9739 6.59414 7.80576 6.54511 8.9769 5.82482 6.86683 7.65513 7.36573 6.72379 8.38815 9.65528 7.13569
threshold=1.519249963166658e-05 0.46402725577354437 0.10762548446655275 180.94191741943362 0.00015588889073114845 1.377499984300812e-06 0.0086294354405254143 1407.5217895507815 71.749347686767592 0.040835406631231315 7.4581480026245126 0.99619111418724071 1392.466491699219 0.0061830258928239354
decision_type=10 8 8 10 10 8 2 8 2 10 8 2 8 10
left_child=1 2 3 4 5 -1 10 8 -8 -9 11 12 -7 -13
right_child=-2 -3 -4 -5 -6 6 7 9 -10 -11 -12 13 -14 -15
leaf_value=-0.022452919328196111 -0.047577097970159771 -0.037956712675374586 0.086805979925004842 -0.045157097498403437 0.019467380305907469 0.004673980786445351 0.056530112997281293 0.018268007607276409 -0.025328287456452367 -0.03609794563707934 -0.034688025081763996 0.056782664256406525 -0.034627093708208982 0.0031923642296952646
leaf_weight=34.19460042566061 16.781556200236082 7.7423350713215759 1.386874884366988 7.0775329298339775 57.972540668211877 72.700006850063801 15.378885966725649 24.223630845546726 2.8529638117179266 7.2881236849352709 11.952829403802751 10.988327665254475 18.847453912720084 13.154130486771463
leaf_count=529 2783 271 21 465 691 709 133 231 37 160 174 99 306 138
internal_value=-0.000177363 0.00276244 0.00402837 0.0033022 0.00473677 0.000628043 0.00517826 0.0195081 0.0430698 0.00497055 -0.000514456 0.00328329 -0.00370391 0.0288721
internal_weight=302.542 285.76 278.018 276.631 269.553 211.581 177.386 49.7436 18.2318 31.5118 127.643 115.69 91.5475 24.1425
internal_count=6747 3964 3693 3672 3207 2516 1987 561 170 391 1426 1252 1015 237
is_linear=0
shrinkage=0.05


Tree=73
num_leaves=15
num_cat=0
split_feature=6 6 131 60 52 134 50 34 51 42 123 128 131 69
split_gain=13.1668 6.56163 8.0775 7.70707 8.71459 9.70142 10.4795 8.9211 8.49222 8.35301 7.70418 6.99101 6.01816 5.88004
threshold=46.831670761108406 31.836424827575687 0.99135681986808788 1394.182556152344 290.50000000000006 0.90623369812965404 0.024743665941059593 1400.2258911132815 4.5000000000000009 0.0011570773203857245 0.18770725280046466 5.7875375747680673 0.99135681986808788 31.143082618713382
decision_type=8 10 2 2 8 2 10 10 2 10 8 10 2 2
left_child=1 2 11 4 5 8 -7 -8 -3 -5 -6 13 -10 -1
right_child=-2 3 -4 9 10 6 7 -9 12 -11 -12 -13 -14 -15
leaf_value=-0.0042134818137229864 -0.040841716513680182 -0.024293401335266862 0.055764295138201636 -0.031363812518107291 -0.004840365810777761 0.0054713068505195892 -0.054757682803189357 0.017761828509494038 0.026824215319091793 0.021908294896890546 0.033809907516560316 -0.01658366979623915 -0.031952308057730042 0.028321722449350842
leaf_weight=21.214392529800534 17.759862893261015 13.718414744362233 9.1159637165255827 35.577679553069174 20.722562498413026 19.409979100339115 22.401497118640695 4.6721797436475745 35.507768027950078 8.4482607655227167 32.174177344888449 20.345508566591889 4.0928262430243185 37.969579065684229
leaf_count=310 2631 338 89 594 228 288 518 54 391 135 363 247 79 463
internal_value=-0.000262111 0.00239713 0.0136115 -0.0026994 0.00264465 -0.00605133 -0.0225129 -0.0420559 0.00845016 -0.0208817 0.0188596 0.00814731 0.0201121 0.0167833
internal_weight=303.131 285.371 88.6454 196.725 152.699 99.8027 46.4837 27.0737 53.319 44.0259 52.8967 79.5295 39.6006 59.184
internal_count=6728 4097 1109 2988 2259 1668 860 572 808 729 591 1020 470 773
is_linear=0
shrinkage=0.05


Tree=74
num_leaves=15
num_cat=0
split_feature=6 118 88 109 76 116 126 38 69 126 58 4 124 137
split_gain=14.0502 5.94255 6.60366 12.272 9.02566 9.09572 11.0559 9.09371 8.49218 8.25633 8.97063 7.40013 6.22651 5.99649
threshold=46.797708511352546 0.22056324034929278 0.0021236526081338529 1.9865578413009646 0.0086274561472237127 1.9267270565032961 -150195.86718749997 0.011656062677502634 48.658084869384773 -862733.37499999988 128147.70312500001 37.886302947998054 -0.017974500544369217 52.064678192138679
decision_type=8 2 8 2 2 2 2 10 2 2 2 8 8 2
left_child=1 2 3 12 9 6 -6 -7 -5 -4 13 -12 -1 -11
right_child=-2 -3 4 8 5 7 -8 -9 -10 10 11 -13 -14 -15
leaf_value=-0.025852507116908272 -0.039930126801476173 -0.024495376955039429 0.05388243276398777 0.012524606249196527 0.045897532396516248 0.034091302172870007 -0.034906271626450512 -0.0035996062506569691 -0.037229279951362819 -0.03571476740018871 -0.032289777649088025 0.045186695869503635 0.045198769089706735 0.011220396957810788
leaf_weight=2.7762185325846076 20.396437044255435 18.547690493520349 3.696778178215026 28.007424732670188 4.5754682496190098 41.081645234487951 17.316768038086593 25.539525629486889 11.180551984347401 7.3440177948214105 49.962556113488972 2.4252825714647761 30.452847810462117 35.991102529224008
leaf_count=38 2762 330 30 274 58 392 458 265 175 243 783 22 402 535
internal_value=-0.000880482 0.00210776 0.00408948 0.0168059 -0.0008736 0.0106757 -0.0167511 0.0198028 -0.00224362 -0.0111598 -0.0142029 -0.0279238 0.0386807 0.00264012
internal_weight=299.294 278.898 260.35 72.417 187.933 88.5134 21.8922 66.6212 39.188 99.4197 95.723 52.3878 33.2291 43.3351
internal_count=6767 4005 3675 889 2786 1173 516 657 449 1613 1583 805 440 778
is_linear=0
shrinkage=0.05


Tree=75
num_leaves=15
num_cat=0
split_feature=33 123 12 8 126 40 49 130 36 131 95 54 33 7
split_gain=13.4553 7.92238 6.27066 7.90175 6.07922 5.23391 6.95761 7.04579 11.1946 9.04099 8.63684 9.51765 9.33949 9.20939
threshold=1344.7073364257815 -1335.0769042968748 0.10762548446655275 180.7494812011719 -117617.35156249999 0.0001447121976525523 2.4744999791437299e-06 0.0086294354405254143 1405.148864746094 0.99619111418724071 2.6215000161755601e-06 0.046420181170105941 1394.037292480469 30.548342704772953
decision_type=8 8 10 8 2 8 8 2 10 2 10 10 10 10
left_child=1 -1 3 5 -4 6 -2 9 -9 10 13 12 -12 -8
right_child=2 -3 4 -5 -6 -7 7 8 -10 -11 11 -13 -14 -15
leaf_value=0.063783916405396934 -0.039819870560613757 -0.046671929708177684 0.11598782175722822 -0.045907565634712787 -0.022965281418156135 0.014030266545449858 0.050058463650079016 0.04953416227920418 5.8498184515530386e-05 0.019049978961512309 0.028220107748273566 0.019728879731968629 -0.054223209705162347 -0.027899542500899085
leaf_weight=0.8994047068990767 10.625548613257704 20.47270716261119 1.242637026589364 8.013213054277001 0.77899194043129583 64.072923599276692 3.1267343983054152 15.626191984862087 36.611656698398292 28.141580043360591 4.3222389798611394 31.372388747520745 9.6371630737557989 63.41151668690145
leaf_count=12 216 2825 18 583 47 801 25 158 516 297 39 294 168 811
internal_value=-0.00208097 -0.0393803 0.000928377 0.000140633 0.0725647 0.00168907 -0.00225828 1.3047e-05 0.0155109 -0.00583812 -0.0122122 0.0045775 -0.0285163 -0.0235492
internal_weight=298.355 21.3721 276.983 274.961 2.02163 266.948 202.875 192.249 52.2378 140.012 111.87 45.3318 13.9594 66.5383
internal_count=6810 2837 3973 3908 65 3325 2524 2308 674 1634 1337 501 207 836
is_linear=0
shrinkage=0.05


Tree=76
num_leaves=15
num_cat=0
split_feature=7 88 118 83 95 75 75 124 123 121 5 134 74 38
split_gain=12.0819 7.21015 6.26699 5.63746 5.34019 8.36857 4.98315 7.4934 6.46941 7.5558 6.53852 6.32213 5.77276 4.91641
threshold=174.88477325439456 0.080977611243724837 0.24689045548439029 6.5139360231114565e-05 1.5029499991214836e-06 0.0030452993232756857 0.024955515749752525 0.20144751667976382 0.38762880861759191 -214844.63281249997 69.832798004150405 0.94481638073921215 0.99529409408569347 0.012883569579571487
decision_type=8 8 2 2 10 2 2 10 8 2 10 2 2 10
left_child=1 2 3 4 5 -1 8 11 10 12 -6 -8 -10 -4
right_child=-2 -3 13 -5 6 -7 7 -9 9 -11 -12 -13 -14 -15
leaf_value=0.017562316155687974 -0.046707772043961329 -0.039068433912886259 -0.039734812960357746 0.056301875046057305 -0.021772512769207875 -0.041473772779737357 0.0031442720514916148 0.051508181121714902 -0.018965182334356057 0.013628113182922326 0.0095762666758044714 -0.030601995602136275 0.072489220182977501 0.018677191780849891
leaf_weight=9.1820965763181466 12.747495045885442 9.661146729718892 13.15160003770143 4.2186239361762992 23.864834512583911 14.199023392051457 31.681056345812976 4.1622824780642977 1.6620398201048363 86.724089631810784 49.249855205416679 23.470575957093388 8.6738670766353589 4.161749980878084
leaf_count=147 1919 707 255 53 369 238 562 32 21 1073 569 521 64 308
internal_value=-0.000927873 0.00128317 0.00284057 0.00483634 0.00375935 -0.0185201 0.00609976 -0.00630353 0.0104345 0.0188281 -0.000811768 -0.0115062 0.0574074 -0.0254407
internal_weight=296.81 284.063 274.402 257.088 252.87 23.3811 229.489 59.3139 170.175 97.06 73.1147 55.1516 10.3359 17.3134
internal_count=6838 4919 4212 3649 3596 385 3211 1115 2096 1158 938 1083 85 563
is_linear=0
shrinkage=0.05


Tree=77
num_leaves=15
num_cat=0
split_feature=7 88 50 40 11 79 130 34 6 6 134 31 5 133
split_gain=11.3028 6.46321 6.92778 6.88174 7.752 9.63202 6.78646 11.9527 10.0379 7.0721 6.87022 11.6186 9.97729 6.75755
threshold=174.88477325439456 0.080977611243724837 0.13570561259984973 0.0001447121976525523 0.0033841044642031197 0.056800758466124542 0.0086294354405254143 1405.148864746094 32.107116699218757 30.665631294250492 0.061868688091635711 70.055591583251967 149.83280181884768 0.99621212482452404
decision_type=8 8 8 10 10 2 2 10 10 10 2 10 10 2
left_child=1 2 3 6 13 -6 9 -8 -9 -1 11 -11 -13 -5
right_child=-2 -3 -4 4 5 -7 7 8 -10 10 -12 12 -14 -15
leaf_value=0.034482633238066607 -0.046353611286485484 -0.037447426997992375 0.039204369236694743 0.0088422556966851092 -0.043313049764907727 0.052583128245873814 0.034633612892323994 0.015312413199835223 -0.041519505687952117 -0.03708537949277025 -0.019636469434707638 0.032205897050189031 -0.042999545530554066 0.046245262604398464
leaf_weight=7.7397550265304735 11.944159489590673 9.3039132533594948 11.534734334331004 30.718425327446312 9.1981077273376268 2.5947355562821022 26.870434818789363 16.239735245704654 13.259340056218205 11.11669601080939 91.729101460892707 26.332954919431362 4.3613738478161386 19.576562392525375
leaf_count=89 1902 717 130 434 228 45 452 206 291 240 1487 259 159 191
internal_value=-0.000671228 0.00143119 0.00289727 0.00114072 0.0155235 -0.0197523 -0.00343275 0.0111069 -0.0107564 -0.00927123 -0.0120446 0.00468088 0.0205004 0.0240185
internal_weight=292.52 280.576 271.272 259.737 62.0878 11.7928 197.649 56.3695 29.4991 141.28 133.54 41.811 30.6943 50.295
internal_count=6830 4928 4211 4081 898 273 3183 949 497 2234 2145 658 418 625
is_linear=0
shrinkage=0.05


Tree=78
num_leaves=15
num_cat=0
split_feature=46 12 8 40 130 70 65 1 100 4 131 28 32 49
split_gain=10.2157 5.35078 8.52817 6.58534 5.92889 11.0602 6.33939 8.43236 8.12527 7.57034 10.2405 7.74034 5.72934 5.26182
threshold=4.3205500332987874e-05 0.10762548446655275 180.7494812011719 0.00015588889073114845 0.0086294354405254143 1405.148864746094 37.931547164916999 55369.812500000007 0.13236331939697268 32.575269699096687 0.99135681986808788 138.50000000000003 62.832298278808601 0.00030813500052317982
decision_type=10 10 8 8 2 2 2 2 8 10 2 2 10 8
left_child=1 2 3 4 6 -6 9 8 -8 10 13 -11 -5 -1
right_child=-2 -3 -4 12 5 -7 7 -9 -10 11 -12 -13 -14 -15
leaf_value=-0.020454035434337353 -0.042822450672823101 0.072776076437973625 -0.045962708311254721 0.0087438875674897328 0.042947137608925462 -0.0027701854469823987 0.056595247486768564 -0.036592321901626618 -0.034924179754241329 -0.047703478737550827 0.051857786775331066 -0.011095181699858037 0.045059996443136421 0.013007321858686194
leaf_weight=25.932316867634654 12.319993998389689 1.645276928320526 8.2252083614002895 49.231561096385121 18.359921583207324 41.432159550487995 11.032809034455568 4.0246739387512198 2.3141656182706365 18.923981702886522 8.1660363525152189 55.940056206658483 13.20996809680946 19.936851826962084
leaf_count=302 2590 63 678 626 222 594 142 67 50 354 75 701 169 170
internal_value=-4.28307e-05 0.00199696 0.00131563 0.00292909 -0.0014011 0.0117434 -0.00681754 0.0207597 0.0393989 -0.0106653 0.00357568 -0.0208558 0.017016 -0.00594297
internal_weight=290.695 278.375 276.73 268.505 206.063 59.7921 146.271 17.3716 13.347 128.899 54.0352 74.864 62.4415 45.8692
internal_count=6803 4213 4150 3472 2677 816 1861 259 192 1602 547 1055 795 472
is_linear=0
shrinkage=0.05


Tree=79
num_leaves=15
num_cat=0
split_feature=46 97 6 60 106 137 100 123 38 128 131 44 133 130
split_gain=11.1836 4.89987 4.80842 8.04598 9.45 10.0667 11.3498 8.78642 6.98118 6.9204 6.08272 6.12696 5.96958 6.86943
threshold=4.3205500332987874e-05 1.9584999790822626e-06 31.836424827575687 1394.182556152344 247877.81250000003 71.749347686767592 0.038774337619543083 0.65351331233978283 0.012883569579571487 394.67767333984381 0.99619111418724071 0.0053320748265832671 0.99140444397926342 0.55648330226540577
decision_type=10 10 8 2 2 2 10 8 8 8 2 10 2 2
left_child=1 -1 8 4 5 9 -7 10 -3 12 11 -6 13 -4
right_child=-2 2 3 -5 7 6 -8 -9 -10 -11 -12 -13 -14 -15
leaf_value=-0.034154886456064341 -0.04620009866589446 0.016169525656318295 -0.019424451889431836 -0.021153591363685328 -0.027913146787662657 0.048376371353662934 -0.051216206467315097 0.037313110839839077 -0.04483869606361969 -0.031902095800334901 0.033976191089163943 0.052532602367666971 0.036088380108614537 0.018883552387728188
leaf_weight=8.271594887133686 11.798870343016459 79.313835729379207 21.696600242285058 40.29221729026176 16.258522820193328 2.5726457396522191 17.330849237274379 30.709757978096604 4.028391456231474 11.010366920148952 7.193902493454515 1.8039757721126068 14.791357429232447 23.159679463831708
leaf_count=208 2607 858 366 793 262 28 440 368 79 244 70 9 161 340
internal_value=-0.000498107 0.00159696 0.0028135 -0.00165188 0.00381775 -0.00615897 -0.0366448 0.0197863 0.012724 0.00282006 -0.00213441 -0.0175444 0.00964978 0.000334775
internal_weight=290.233 278.434 270.162 186.82 146.528 90.5615 19.9035 55.9662 83.3422 70.658 25.2564 18.0625 59.6476 44.8563
internal_count=6833 4226 4018 3081 2288 1579 468 709 937 1111 341 271 867 706
is_linear=0
shrinkage=0.05


Tree=80
num_leaves=15
num_cat=0
split_feature=8 31 125 124 42 5 39 36 44 18 137 35 73 25
split_gain=9.582 10.2953 7.37511 6.68 7.08532 9.08172 8.80779 5.63898 8.17537 12.018 10.6969 9.01053 8.53457 7.17907
threshold=62.869352340698249 421.35017395019537 -100.49999999999999 0.20144751667976382 0.00040518664172850555 133.83280181884768 0.00036168655788060283 1407.5217895507815 0.0016280437121167781 0.00021418550022644925 64.856914520263686 1397.8327636718752 60.582815170288093 91617.167968750015
decision_type=8 10 2 10 10 10 10 8 8 10 2 10 2 10
left_child=3 -2 -3 4 5 7 -6 8 11 10 -10 13 -11 -1
right_child=1 2 -4 -5 6 -7 -8 -9 9 12 -12 -13 -14 -15
leaf_value=0.057036149455232638 -0.033915799437028819 0.0494937413178307 -0.007164961722377349 0.061242689049110503 -0.010253977832742858 -0.036346045353109036 0.039246261578297754 -0.011522179489586646 0.015129471411108856 -0.0062491732908446489 -0.035564267397683036 -0.044120265269462805 0.040669593048916257 -0.030736224935596187
leaf_weight=17.565668815746911 37.456635747803375 5.932406280655413 32.559055888094008 4.1589569505304089 13.086675492115317 15.359950940124689 25.43578721024096 45.936437665484846 16.119152511935681 15.937528852140529 26.20870483154431 2.3297177515923968 22.833742600400001 2.0261570382863274
leaf_count=206 3359 73 561 45 209 345 321 648 205 270 298 25 214 35
internal_value=-0.000543212 -0.0156161 0.00259958 0.00503553 0.00358829 -0.000977678 0.0225963 0.00288744 0.00936163 0.00188564 -0.0163556 0.0357303 0.0217107 0.046907
internal_weight=282.947 75.9481 38.4915 206.998 202.84 164.317 38.5225 148.957 103.021 81.0991 42.3279 21.9215 38.7713 19.5918
internal_count=6814 3993 634 2821 2776 2246 530 1901 1253 987 503 266 484 241
is_linear=0
shrinkage=0.05


Tree=81
num_leaves=15
num_cat=0
split_feature=46 118 121 94 127 5 89 125 97 18 37 37 4 116
split_gain=10.6286 5.75736 6.07163 8.54494 6.81327 8.56188 6.07051 5.68288 5.46858 6.38168 5.2401 4.94636 4.59572 5.28833
threshold=4.3205500332987874e-05 0.50444754958152782 1431201.1250000002 0.00010438439858262429 12.700610160827638 180.7494812011719 4.4377704398357316e-05 -152.49999999999997 2.5044998892553853e-06 1.4424999790207951e-06 0.00026486763090360915 0.0028486667433753614 23.684668540954593 1.8168216347694399
decision_type=10 2 2 10 10 10 10 2 10 10 10 10 10 2
left_child=1 2 3 10 5 8 -4 -6 -5 -10 -1 -8 -11 -14
right_child=-2 -3 6 4 7 -7 11 -9 9 12 -12 -13 13 -15
leaf_value=0.0053402802409295812 -0.045916946251637142 -0.04838086303486331 -0.033982714767980614 -0.043763322821472245 0.06976030434996755 -0.033823809641108447 0.055123352898875967 0.0056059341798791532 0.039631154768973401 0.043868316357437459 -0.045769700206766607 0.00082916736385312657 -0.025798137890605227 0.0044075249724972376
leaf_weight=7.2703467025421586 11.031551811844109 4.5397348580881944 2.624254654627296 4.7584820231422773 5.9235458439216018 14.885324037401004 12.484255321323873 7.2660451349802297 11.953827556222675 5.7214879374951115 13.897790077142416 6.1340361856855443 14.90872544236481 161.95020289206877
leaf_count=194 2596 104 62 134 51 590 192 155 126 42 445 105 165 1863
internal_value=8.35418e-05 0.00209349 0.00311839 0.000874988 0.00374853 0.00151835 0.0281465 0.0373039 0.00431377 0.00570758 -0.0287666 0.0381895 0.00328277 0.00173054
internal_weight=285.35 274.318 269.778 248.536 227.368 214.178 21.2425 13.1896 199.293 194.534 21.1681 18.6183 182.58 176.859
internal_count=6824 4228 4124 3765 3126 2920 359 206 2330 2196 639 297 2070 2028
is_linear=0
shrinkage=0.05


Tree=82
num_leaves=15
num_cat=0
split_feature=7 18 127 34 41 83 14 73 5 87 48 56 18 34
split_gain=10.4048 6.40944 5.64048 4.30013 5.99691 5.47767 5.88421 5.73061 12.092 10.2196 5.41438 4.4352 9.10369 6.89341
threshold=174.88477325439456 0.0033840414835140113 -55.62641525268554 31.836424827575687 0.019419306889176372 6.5139360231114565e-05 5.0779186494764879e-05 550.80554199218761 180.7494812011719 0.0043573190923780212 1.4560000067831427e-06 3206.0000000000005 1.4424999790207951e-06 1416.1473388671877
decision_type=8 8 8 10 10 2 10 2 10 2 8 2 10 10
left_child=1 2 -1 -4 5 6 7 8 10 -9 -5 12 -12 -14
right_child=-2 -3 3 4 -6 -7 -8 9 -10 -11 11 -13 13 -15
leaf_value=-0.041588507848782361 -0.045722122366998325 -0.035410431083486925 0.052996627587021533 -0.042401425548553077 -0.046943446831051623 0.055596205523445401 -0.04515179298907071 0.069492337923333911 -0.044156359309713705 -0.02030592633637672 0.039176811639303921 -0.031711171745611881 0.0085821759198926682 -0.026392333596142115
leaf_weight=5.4177598799578846 10.280588755151255 9.3175209446344507 3.7687343999277791 4.4418590515851966 4.4518945564050219 4.4791542794555417 4.7315402911044648 7.8212512945756298 11.218845758121459 4.3668578071519732 21.957439705729485 5.7972937617450944 171.0367856300436 14.377210753969846
leaf_count=182 1881 1127 94 86 174 47 101 67 496 96 295 84 1774 294
internal_value=0.00134571 0.00327729 0.00477194 0.00590033 0.00499885 0.00610615 0.00498246 0.00614917 0.0042822 0.0382185 0.00697 0.00819195 0.00945431 0.00574318
internal_weight=283.465 273.184 263.867 258.449 254.68 250.228 245.749 241.018 228.829 12.1881 217.611 213.169 207.371 185.414
internal_count=6798 4917 3790 3608 3514 3340 3293 3192 3029 163 2533 2447 2363 2068
is_linear=0
shrinkage=0.05


Tree=83
num_leaves=15
num_cat=0
split_feature=46 12 8 97 120 17 116 18 61 73 73 48 25 126
split_gain=10.1778 5.55869 6.36809 5.24736 4.50543 8.04248 4.88908 5.03734 10.2251 8.91653 7.93451 5.00574 4.63633 6.28342
threshold=4.3205500332987874e-05 0.17156863212585452 180.7494812011719 1.9584999790822626e-06 1247.5000000000002 0.0012798563693650069 1.8329319357872011 0.00023999350378289821 40.144018173217781 60.582815170288093 109.64814758300783 2.0425000002433084e-06 70.373214721679702 -273344.12499999994
decision_type=10 10 8 10 2 10 2 10 2 2 2 8 10 2
left_child=1 2 3 -1 6 -6 12 8 -8 -9 -11 -12 -5 -14
right_child=-2 -3 -4 4 5 -7 7 9 -10 10 11 -13 13 -15
leaf_value=-0.035625479549777121 -0.045801446450405972 0.094111494199056525 -0.040306171665897388 0.024987021599461531 -0.029992967825319974 0.039026552251841845 -0.036717319593830587 -0.013062628474779176 0.0056856171276026962 0.050608824368978372 0.056953486278033205 -0.015270533199126315 0.018118678785962249 -0.035670472698070249
leaf_weight=7.2211662121117106 10.168781963409854 0.66120407031848927 7.4843911603093138 5.2699314197525373 4.5347872693091658 19.299983322620392 14.924375783652065 14.129617664963005 131.68267745361663 21.848625473212451 2.0664441380649778 10.024325406644493 6.4904625737108317 21.258399735670537
leaf_count=151 2587 26 670 45 101 263 187 216 1580 222 13 172 70 437
internal_value=0.000968389 0.00291464 0.00233683 0.00372071 0.0049869 0.025216 0.00276834 0.00579882 0.00114956 0.0196663 0.0332759 0.000481053 -0.0147443 -0.0228966
internal_weight=277.065 266.896 266.235 258.751 251.53 23.8348 227.695 194.676 146.607 48.069 33.9394 12.0908 33.0188 27.7489
internal_count=6740 4153 4127 3457 3306 364 2942 2390 1767 623 407 185 552 507
is_linear=0
shrinkage=0.05


Tree=84
num_leaves=15
num_cat=0
split_feature=7 127 118 12 40 126 130 29 61 71 98 98 33 92
split_gain=7.95348 6.53281 5.82974 5.47893 6.28857 8.77995 7.97664 7.8811 6.80365 6.99243 6.19248 5.82281 7.91855 7.05276
threshold=174.88477325439456 133.50919342041018 0.21499478816986087 0.030615433119237426 0.0014538550167344513 12292.950683593752 0.0086294354405254143 403414.04687500006 48.200084686279304 53.931547164916999 0.086658295243978514 0.029856589622795585 1397.8327636718752 0.00022923749929759654
decision_type=8 10 2 8 10 2 2 2 2 2 8 8 8 10
left_child=1 2 3 4 6 10 8 -7 9 11 -6 12 -1 -13
right_child=-2 -3 -4 -5 5 7 -8 -9 -10 -11 -12 13 -14 -15
leaf_value=0.03122560448910652 -0.041696995729859354 0.078136206883427872 -0.024374831409733511 -0.044380587039257881 0.057855148326496325 -0.039091375865942198 0.01750536901724074 0.028674806212992655 -0.023326227390569675 0.028458223931716427 -0.0352958174302056 -0.032603712052171628 -0.013234147837024195 0.0023162453149428806
leaf_weight=20.622105530463159 9.633356436621396 1.8179458235390473 18.996851398143917 4.7914320556446901 15.507514950586485 6.9305919995531431 56.07286223792471 8.3537178132683021 35.240593199618161 18.948200200684369 1.3344257893040765 26.305515630636364 17.856309227645397 30.473032780922949
leaf_count=261 1911 41 636 274 132 166 1038 92 1003 220 28 372 171 412
internal_value=0.00070422 0.00240776 0.00158543 0.0037114 0.00486295 0.0250812 0.00159632 -0.00256699 -0.00444952 0.00152723 0.04891 -0.00406979 0.010781 -0.0141465
internal_weight=272.884 263.251 261.433 242.436 237.645 32.1263 205.519 15.2843 149.446 114.205 16.8419 95.257 38.4784 56.7785
internal_count=6757 4846 4805 4169 3895 418 3477 258 2439 1436 160 1216 432 784
is_linear=0
shrinkage=0.05


Tree=85
num_leaves=15
num_cat=0
split_feature=92 95 70 60 49 114 49 11 39 137 56 131 130 34
split_gain=8.26107 5.42551 6.62989 7.05055 4.83004 9.3686 5.08027 8.38067 10.6812 5.73544 5.70305 7.18182 6.13934 7.30092
threshold=0.0035218319389969115 1.5331499980675292e-06 1405.148864746094 1377.1672363281252 0.0056053134612739095 0.45329168438911444 0.00048926101590041082 0.00418417388573289 0.00041493955359328544 54.879550933837898 3206.0000000000005 0.99619111418724071 0.0086294354405254143 1397.8327636718752
decision_type=8 10 2 2 10 2 8 8 10 2 2 2 2 10
left_child=1 2 3 -1 6 -6 7 8 10 -8 11 12 13 -3
right_child=-2 4 -4 -5 5 -7 9 -9 -10 -11 -12 -13 -14 -15
leaf_value=-0.010206226994871616 -0.038369857458621467 -0.0012228474712309388 -0.047647636704383163 0.07199229575503828 0.022988873825896809 -0.034211228711769626 -0.0038915103798081332 -0.038347040524304279 0.027805833356728968 0.029889325585356914 -0.047154681051022135 0.035863436507393341 0.017559832868000894 -0.040003316636275987
leaf_weight=24.251624065916989 12.341336959972976 35.561223744880408 10.321287408238275 1.9098917106166471 10.347057461040096 18.813386884983629 17.606658802367747 10.591698503587393 38.241518697934225 41.116416718810797 5.8933215786237261 11.095493150409309 19.685372098581865 17.476464449428022
leaf_count=421 2231 340 238 27 154 842 354 390 576 488 152 122 268 242
internal_value=1.67949e-05 0.00195727 -0.0156783 -0.00177582 0.0048552 -0.0138255 0.00767242 0.00239903 0.00604311 0.0198654 -0.00343796 0.000155496 -0.00570509 -0.0145052
internal_weight=275.253 262.911 36.4828 26.1615 226.429 29.1604 197.268 138.545 127.953 58.7231 89.7119 83.8186 72.7231 53.0377
internal_count=6845 4614 686 448 3928 996 2932 2090 1700 842 1124 972 850 582
is_linear=0
shrinkage=0.05


Tree=86
num_leaves=15
num_cat=0
split_feature=7 12 118 90 114 124 40 33 95 18 133 127 114 124
split_gain=8.761 5.96544 5.55405 5.0349 4.4341 7.90625 5.04829 5.70777 5.56881 8.89685 5.75495 5.04583 4.53991 6.23035
threshold=174.88477325439456 0.17156863212585452 0.22056324034929278 0.086781401187181487 0.48399507999420172 0.018066335469484333 0.0015009636408649387 1416.1473388671877 1.9411500034038913e-06 1.7935000187208063e-06 0.99140444397926342 -55.62641525268554 0.45195300877094274 0.083316646516323103
decision_type=8 8 2 10 2 10 10 10 10 8 2 10 2 8
left_child=1 2 3 4 6 -6 8 11 12 10 -10 -8 13 -1
right_child=-2 -3 -4 -5 5 -7 7 -9 9 -11 -12 -13 -14 -15
leaf_value=-0.028893587330857992 -0.045668293016776301 0.098558424053884625 -0.02481192461757421 -0.036497403610281164 -0.026413060384825666 0.0213855489884099 -0.01839085827682211 -0.02600665756317605 0.049465915311824003 0.0037207255546876264 -0.011492568580928507 0.044839671004471421 0.0057432061267940829 0.032468566592353844
leaf_weight=27.542300224304199 8.9608472047839296 0.59339922037906845 17.646243611583486 6.6412323352415106 25.314880750374869 12.000969811808316 3.1314585139043691 3.610837018582969 18.963994317688051 86.102786410367116 4.3915799036622039 20.607692338526249 33.34724225429818 3.9848176566883948
leaf_count=443 1905 19 652 278 1086 233 98 69 221 1124 60 188 361 64
internal_value=0.000367593 0.00209739 0.00150789 0.00349158 0.00475023 -0.0108838 0.00768231 0.0272659 0.00447197 0.0113134 0.0380026 0.0360926 -0.00706764 -0.0203781
internal_weight=272.84 263.879 263.286 245.64 238.999 37.3159 201.683 27.35 174.333 109.458 23.3556 23.7392 64.8744 31.5271
internal_count=6801 4896 4877 4225 3947 1319 2628 355 2273 1405 281 286 868 507
is_linear=0
shrinkage=0.05


Tree=87
num_leaves=15
num_cat=0
split_feature=46 85 121 10 125 52 5 37 73 46 116 60 30 4
split_gain=8.2163 5.92096 5.19911 8.10786 5.09661 6.9703 5.52447 5.08346 5.80815 5.53753 5.46715 5.01469 7.13699 4.65501
threshold=1.519249963166658e-05 1.0000000180025095e-35 1431201.1250000002 0.0029000927461311225 -67.499999999999986 1372.5000000000002 180.7494812011719 0.0032658406998962168 623.74087524414074 1.3675000332113998e-06 1.93260794878006 1385.1297607421877 1374.6429443359377 30.648148536682132
decision_type=10 2 2 10 2 8 8 10 2 10 2 2 10 10
left_child=1 2 4 -4 5 7 11 -1 9 -9 -11 12 13 -6
right_child=-2 -3 3 -5 6 -7 -8 8 -10 10 -12 -13 -14 -15
leaf_value=0.050119325880798295 -0.041432104461489185 -0.045551866177087473 -0.019209951497630072 0.047843418705256956 0.031395615249607926 -0.016697951330445798 -0.030119346081320664 -0.044738809368208149 0.05116274456865133 -0.043531449921232104 0.019557054584931535 -0.014551548140822074 0.035427821779774132 -0.003565925867168575
leaf_weight=11.263346407562493 10.250462616560979 5.3418684438802293 5.8812304043676731 13.527875151019542 9.6429740376770479 14.388479453511534 16.164379373891279 4.1540343179367474 6.8699548691511145 2.9997756779193905 24.986973784398288 43.311971387825906 15.735105248168109 89.311236506327987
leaf_count=141 2822 164 155 215 76 204 767 63 67 41 294 715 165 923
internal_value=0.000418118 0.0021961 0.00335571 0.0275796 0.00128029 0.0131559 -0.0031787 0.0218591 0.012651 0.00312386 0.0115264 -0.000250438 0.00522942 0.000121051
internal_weight=273.83 263.579 258.237 19.4091 238.828 64.6626 174.166 50.2741 39.0107 32.1408 27.9867 158.001 114.689 98.9542
internal_count=6812 3990 3826 370 3456 810 2646 606 465 398 335 1879 1164 999
is_linear=0
shrinkage=0.05


Tree=88
num_leaves=15
num_cat=0
split_feature=46 32 97 44 94 126 9 31 116 82 128 123 105 6
split_gain=8.50216 4.05624 4.14196 3.72629 9.47159 11.4041 8.07012 10.0655 6.56024 6.66867 6.23342 8.28763 6.76757 5.8254
threshold=3.5159999924871958e-06 30.066038131713871 2.018500026679249e-06 0.0016280437121167781 0.0003001567092724145 -150195.86718749997 0.99453923106193554 165.44065856933597 1.8168216347694399 0.0013990921434015038 0.97923180460929882 0.59583818912506115 1089.0000000000002 32.658084869384773
decision_type=10 8 10 10 10 2 10 10 2 2 10 8 2 10
left_child=1 -1 -3 6 5 -5 7 -4 -6 -10 12 -12 -8 -14
right_child=-2 2 3 4 8 -7 10 -9 9 -11 11 -13 13 -15
leaf_value=-0.032931631261549847 -0.037297980325603969 -0.027039655041197631 -0.035709317504013176 0.016201462321161611 -0.036036131620618771 -0.05058432412481171 0.034551189885619914 0.021860119284190078 0.005413316921175958 0.045689211611925531 -0.0049399325359463925 0.067398150032375967 0.022450187516759531 -0.032281345323511963
leaf_weight=6.6481858892366308 12.78450016514398 9.3241777408402395 14.290180309442805 9.5221163402311522 7.6925544608384362 16.287874973379076 16.136627079918981 14.143156323581932 122.80378093454055 10.26481649558991 5.2691264459863305 13.492545483633878 7.6256959885358837 10.277607019990681
leaf_count=106 2889 251 350 122 133 542 255 215 1452 95 69 105 61 192
internal_value=0.000990595 0.00298018 0.00403267 0.0053058 0.00100018 -0.0262597 0.0140149 -0.00730365 0.00614854 0.00883779 0.0254172 0.0478604 0.0120344 -0.00901471
internal_weight=276.563 263.778 257.13 247.806 166.571 25.81 81.2349 28.4333 140.761 133.069 52.8016 18.7617 34.0399 17.9033
internal_count=6837 3948 3842 3591 2344 664 1247 565 1680 1547 682 174 508 253
is_linear=0
shrinkage=0.05


Tree=89
num_leaves=15
num_cat=0
split_feature=6 124 32 127 121 47 131 17 132 70 72 70 85 39
split_gain=7.73415 4.9111 4.28538 4.26937 9.38101 5.24145 7.59605 7.41922 5.94122 8.15047 5.29308 5.26811 5.38659 5.14574
threshold=46.797708511352546 0.22808209061622622 1407.5217895507815 -7.1859338283538809 868905.78125000012 0.065740257501602187 0.99619111418724071 0.0078282011672854441 1.0000000180025095e-35 1358.5483398437502 1417.666687011719 1344.7073364257815 1.0000000180025095e-35 0.012084702029824259
decision_type=8 10 8 10 2 10 2 8 2 2 2 2 2 10
left_child=1 2 3 4 -1 6 -5 -8 10 -10 11 -7 -13 -11
right_child=-2 -3 -4 5 -6 8 7 -9 9 13 -12 12 -14 -15
leaf_value=-0.022335580673669374 -0.032269046091119351 0.053578972916005677 -0.037174154430059968 -0.0099403530704559387 0.031230810348834011 -0.039836781734742616 0.043365033278539598 -0.021712736086601972 0.061981787892155575 -0.020447278230065036 -0.02264007119898781 0.030376019866355228 -0.038015378532609612 0.027583829440754954
leaf_weight=34.853622413706034 15.054591940715907 3.8066822469700119 5.6243503356818101 70.908180129947141 9.6475795302540046 2.1576620799023649 13.819407432805749 5.4969304017722598 3.3053939554374656 26.865429243072867 5.5259040624368927 67.399983771378174 2.1825771741569033 6.0520486463792613
leaf_count=916 2782 59 149 1053 199 173 116 49 51 407 121 727 37 45
internal_value=0.00141221 0.00349741 0.00253906 0.00358449 -0.0102916 0.00665118 -0.00233725 0.0246884 0.013755 -0.00291202 0.021506 0.025171 0.0277226 -0.0110636
internal_weight=272.7 257.646 253.839 248.215 44.5012 203.714 90.2245 19.3163 113.489 36.2229 77.2661 71.7402 69.5826 32.9175
internal_count=6884 4102 4043 3894 1115 2779 1218 165 1561 503 1058 937 764 452
is_linear=0
shrinkage=0.05


Tree=90
num_leaves=15
num_cat=0
split_feature=6 81 127 5 24 100 41 89 76 64 94 123 123 73
split_gain=6.67156 3.85362 4.51383 4.89233 4.907 5.81089 4.49745 3.62741 10.8626 8.5971 8.34693 7.02025 5.98016 7.20873
threshold=46.831670761108406 0.011050061322748663 12.700610160827638 174.83229827880862 244.25000000000003 0.021874416619539264 0.0021662606159225111 0.0017934461357071998 0.0054384798277169475 32.323677062988288 0.0003001567092724145 49.908504486083991 29.285511970520023 67.633594512939467
decision_type=8 2 10 10 10 8 10 8 2 2 8 8 10 2
left_child=1 2 3 7 -5 -6 -4 8 9 -1 -9 -10 13 -12
right_child=-2 -3 6 4 5 -7 -8 10 11 -11 12 -13 -14 -15
leaf_value=0.057130434600469397 -0.036154136854656307 -0.035539713367635693 0.00085246093424748881 -0.040450023665393756 -0.042616021355596258 0.021464990456654801 0.063171446062289888 -0.037590934120398885 -0.028445123417505193 0.011870637796534344 -0.018861119990175514 0.029080205422527733 0.027512307968216396 0.0081829571538832441
leaf_weight=14.448219461366532 11.245080895721911 5.7940760564524671 5.6487424126826209 12.348227293463426 4.150588744785634 10.302732061594725 4.9994400618597865 13.109171769581733 19.208083018660545 35.054816847201437 38.251707007642835 6.2916000410914448 19.724414382595569 65.231887439964339
leaf_count=147 2650 250 193 579 130 142 48 262 248 455 688 104 159 713
internal_value=-0.000101614 0.0016262 0.00263066 0.00113916 -0.0185896 0.00149582 0.0330233 0.00371712 0.0124703 0.0259501 -0.00115469 -0.01369 0.00299351 -0.00189847
internal_weight=265.809 254.564 248.77 238.121 26.8015 14.4533 10.6482 211.32 75.0027 49.503 136.317 25.4997 123.208 103.484
internal_count=6768 4118 3868 3627 851 272 241 2776 954 602 1822 352 1560 1401
is_linear=0
shrinkage=0.05


Tree=91
num_leaves=15
num_cat=0
split_feature=7 122 84 42 31 5 47 9 120 82 3 128 101 44
split_gain=7.04677 6.71445 4.9538 6.01949 5.49955 13.8195 5.4469 5.32049 4.89358 5.6815 5.24497 4.15649 6.40132 6.5915
threshold=174.88477325439456 -60.671041488647454 0.015306520741432907 0.00033446167071815586 470.59729003906256 118.19547271728517 0.12387154623866083 0.99768540263175975 418.50000000000006 0.0018209423287771644 20.885766029357914 0.97923180460929882 0.02061399165540934 0.00082656563608907174
decision_type=8 8 2 8 10 10 8 8 2 2 10 8 8 10
left_child=1 -1 3 4 5 11 -6 -7 9 10 -5 -3 13 -13
right_child=-2 2 -4 8 6 7 -8 -9 -10 -11 -12 12 -14 -15
leaf_value=-0.043471278051925681 -0.044242690378221781 -0.0046316665388913469 -0.031879033481168793 0.034857654548042273 0.0091568932933189223 -0.036468371974251949 0.063397973990544379 0.026564897953381253 0.041889292318743672 -0.035668431495990242 -0.027688179251980735 -0.0040777812783665086 0.0036996484037898308 0.060378010412113853
leaf_weight=7.2699025799520314 7.9734799070283762 66.230628358433023 9.1535868167411518 12.688541791401809 25.076684076804671 32.452915362780914 4.8165433043614021 3.0043905014172188 16.062083129771054 5.1944496673531821 3.613277410157024 5.7965802224352982 49.599398224148899 10.788439464289693
leaf_count=252 1889 1159 282 165 207 1471 55 55 214 113 56 61 654 95
internal_value=-0.000702714 0.000845899 0.00233546 0.00379559 0.000270666 -0.00327904 0.0196657 -0.0305452 0.0218679 0.00571077 0.0201954 0.00419636 0.012968 0.0388994
internal_weight=259.721 251.747 244.478 235.324 197.766 167.872 29.8932 35.4573 37.5584 21.4963 16.3018 132.415 66.1844 16.585
internal_count=6728 4839 4587 4305 3757 3495 262 1526 548 334 221 1969 810 156
is_linear=0
shrinkage=0.05


Tree=92
num_leaves=15
num_cat=0
split_feature=7 39 11 127 69 96 98 47 123 137 71 18 133 18
split_gain=6.47824 4.76102 6.7904 5.47696 4.9746 4.89765 4.76667 8.73681 7.2444 6.62859 9.32605 12.546 7.38097 5.47283
threshold=174.88477325439456 0.15030121058225634 0.00079670862760394822 10.534413337707521 46.952684402465827 0.00024958599533420062 0.039518507197499282 0.065740257501602187 6.1432588100433358 52.064678192138679 50.585443496704109 0.00021418550022644925 0.99140444397926342 1.7935000187208063e-06
decision_type=8 8 10 10 2 8 8 8 10 2 2 10 2 8
left_child=1 2 4 -4 6 -6 7 8 13 -8 11 -11 -13 -1
right_child=-2 -3 3 -5 5 -7 9 -9 -10 10 -12 12 -14 -15
leaf_value=0.027967920080261173 -0.043499230746072315 0.028022020990760479 -0.045731731436742848 0.0090353571896452291 0.042204007847553321 -0.011780450673135757 -0.034700806720381748 0.037801279257647015 -0.030356996893815609 -0.037263689734601084 0.051049595426348543 0.029544571305396079 -0.024855870611913366 -0.0073771489938127379
leaf_weight=24.698602709919214 7.2624201509170225 14.852504254784433 12.841342928586529 6.3814164139330378 3.5045358296483746 67.388368581188843 11.926762503338976 27.640445575583726 11.324028501287101 16.847115873359144 8.2056646177079511 22.411151973996315 7.6427066316828123 18.491943556815386
leaf_count=334 1901 459 466 115 42 1683 280 344 142 227 133 280 86 262
internal_value=7.47774e-05 0.00148549 -0.00027127 -0.0280028 0.00226662 -0.00856185 0.00743495 0.0154346 0.00361745 -0.00245207 0.00502163 -0.00392892 0.0153556 0.0130105
internal_weight=261.419 254.157 239.304 19.2228 220.081 70.8929 149.188 82.155 54.5146 67.0334 55.1066 46.901 30.0539 43.1905
internal_count=6754 4853 4394 581 3813 1725 2088 1082 738 1006 726 593 366 596
is_linear=0
shrinkage=0.05


Tree=93
num_leaves=15
num_cat=0
split_feature=46 12 7 132 136 69 30 30 20 22 47 78 30 85
split_gain=6.9335 4.87035 3.75064 4.65537 6.78193 10.466 7.2868 6.67239 6.44941 6.38911 5.96572 5.48117 5.12301 4.66881
threshold=4.3205500332987874e-05 0.17156863212585452 30.548342704772953 1.0000000180025095e-35 1.0000000180025095e-35 37.743314743041999 1354.3110351562502 1393.887145996094 0.0017752358107827606 0.0013305054162628951 0.014227462466806175 0.00033636073931120341 1434.5271606445315 1.0000000180025095e-35
decision_type=10 10 8 2 2 2 10 10 10 8 8 2 10 2
left_child=1 2 -1 10 9 -6 8 11 -7 -5 12 -8 -4 -12
right_child=-2 -3 3 4 5 6 7 -9 -10 -11 13 -13 -14 -15
leaf_value=0.033044743413909144 -0.044028096320691504 0.086293149951192888 -0.035678925305843427 0.037119181423222986 -0.036881710537917563 -0.027145098322955877 0.078455213235409452 -0.033188142530117322 0.026010618789695905 -0.052517329219359948 0.0083525196477260109 -0.0044363381176703055 0.035813806397411489 -0.042445417259394616
leaf_weight=8.0386841595172864 7.4585928046144536 0.70187315763905544 13.614184107631443 1.5976407080888719 13.984735950827597 12.182590097188951 7.3061086591333115 1.7209996304009116 9.0813262986484897 12.594450391363353 164.9994391980581 2.4889364931732416 2.1839692816138259 3.6699625335168085
leaf_count=98 2589 27 353 42 197 319 46 42 82 291 2550 18 17 128
internal_value=0.00051062 0.00198506 0.00141339 0.000247441 -0.0116199 -0.00214404 0.013329 0.043614 -0.00429489 -0.0406476 0.00421048 0.0589325 -0.024252 0.00700359
internal_weight=261.623 254.165 253.463 245.424 60.9568 46.7647 32.78 11.516 21.2639 14.1921 184.468 9.79505 15.7982 168.669
internal_count=6799 4210 4183 4085 1037 704 507 106 401 333 3048 64 370 2678
is_linear=0
shrinkage=0.05


Tree=94
num_leaves=15
num_cat=0
split_feature=46 118 119 6 131 137 17 47 131 137 132 119 7 0
split_gain=6.90078 5.37613 4.80836 4.69263 6.03725 5.25937 8.13873 7.88251 8.58126 6.29029 8.27965 6.36966 5.54936 7.23947
threshold=1.519249963166658e-05 0.13218060880899432 0.032194381579756744 31.836424827575687 0.99135681986808788 79.206657409667983 0.0059595927596092233 0.035200214013457305 0.99619111418724071 54.879550933837898 1.0000000180025095e-35 0.11567962542176248 46.797708511352546 65.500000000000014
decision_type=10 2 2 8 2 2 8 8 2 2 2 2 8 2
left_child=1 2 -1 4 -4 7 -7 8 -5 11 12 -9 13 -11
right_child=-2 -3 3 5 -6 6 -8 9 -10 10 -12 -13 -14 -15
leaf_value=0.034377974612040729 -0.044627720021226176 -0.018094980197255004 0.006281039010425646 -0.045681617637131994 0.052290462978541279 0.0083361128712549897 -0.050747472238004576 -0.032746415867439059 0.026982933141109406 0.0069773069046301858 -0.039862894294566686 0.0094856380145231477 0.0056415515097716102 0.059409100528545568
leaf_weight=10.554260266246272 7.9524961016140869 34.124289465136826 63.315738755743951 14.8934273426421 7.0980963138863435 9.7333343669306505 12.665663028834386 15.813118823338298 4.7124666520394376 11.575370504055174 5.0460677684750399 18.311727789230645 26.600443996721879 15.233907082118092
leaf_count=223 2804 709 734 291 75 136 304 341 63 188 103 291 333 183
internal_value=-0.00149594 5.03992e-05 0.00299329 0.00121843 0.0115863 -0.0042514 -0.0258141 0.000243809 -0.0277541 0.00640618 0.0162622 -0.0104594 0.0222 0.0378357
internal_weight=257.63 249.678 215.554 204.999 70.4138 134.586 22.399 112.187 19.6059 92.5806 58.4558 34.1248 53.4097 26.8093
internal_count=6778 3974 3265 3042 809 2233 440 1793 354 1439 807 632 704 371
is_linear=0
shrinkage=0.05


Tree=95
num_leaves=15
num_cat=0
split_feature=19 7 128 132 101 7 33 41 7 45 137 137 100 10
split_gain=7.45038 4.13546 4.21274 4.37891 4.45219 7.00749 4.94998 4.19449 4.09742 5.7261 4.74153 5.39696 5.55055 4.34115
threshold=0.33321493864059454 174.88477325439456 -394.66456604003901 1.0000000180025095e-35 0.011426922399550678 31.844532966613773 1439.4903564453127 0.01619459688663483 170.32367706298831 0.0030334906186908488 89.334369659423842 50.256685256958015 0.26460039615631109 0.0078175929374992865
decision_type=8 8 8 2 10 10 10 8 10 10 2 2 10 10
left_child=1 2 -1 4 5 -4 -7 -6 9 -5 11 13 -13 -11
right_child=-2 -3 3 8 7 6 -8 -9 -10 10 -12 12 -14 -15
leaf_value=0.050637039062845814 -0.041121017547531807 -0.037241724943921702 0.068273115743517951 0.01365929313602009 0.010282363327815116 -0.038363417071742158 0.039003666314105727 -0.037924850725849453 0.027369338590412098 -0.024249833750887448 0.040167132306779936 -0.04595490002233675 0.032232920306311558 0.03236404916697877
leaf_weight=3.6230529029853642 9.2933779597515223 5.4444996074307701 1.1669265683740402 13.512513841036705 155.71830728044733 13.507767826318737 1.5843658745288856 3.6822815763298413 5.8902093879878512 6.6293365224264544 1.9218461923301209 24.299677998758856 1.7951394328847516 5.089022315107286
leaf_count=93 1229 1257 11 234 2555 378 12 123 38 135 18 559 43 48
internal_value=0.000552939 0.00230253 0.00335733 0.00241612 0.00637403 -0.0178356 -0.0283224 0.00893924 -0.00925076 -0.0137315 -0.0231528 -0.027323 -0.039585 0.000947864
internal_weight=253.158 243.865 238.42 234.797 175.66 16.2591 15.0921 159.401 59.1377 53.2475 39.735 37.8132 26.0948 11.7184
internal_count=6733 5504 4247 4154 3079 401 390 2678 1075 1037 803 785 602 183
is_linear=0
shrinkage=0.05


Tree=96
num_leaves=15
num_cat=0
split_feature=2 31 11 5 27 16 59 100 35 8 119 33 33 8
split_gain=7.02642 6.97429 5.74025 5.23378 5.63136 4.55084 5.3823 4.84496 6.11432 5.86101 4.6058 4.26222 4.25477 7.66365
threshold=45.95549392700196 67.793533325195327 0.00064795010257512342 95.521781921386733 1978.0314941406252 0.029142557643353943 7757.9187011718759 0.021874416619539264 1413.7432861328127 174.88477325439456 0.097364384680986418 1413.7432861328127 1410.3917236328127 53.997901916503913
decision_type=8 10 8 10 10 8 2 10 10 8 2 10 10 10
left_child=2 -2 12 -3 -5 6 -6 -8 9 -9 -10 -7 -1 -14
right_child=1 3 -4 4 5 11 7 8 10 -11 -12 -13 13 -15
leaf_value=0.015762932682781852 -0.040815501528707165 -0.034493893851762748 -0.043437640156426122 -0.042643516819260437 -0.044326293975994496 0.080290302927690599 -0.018314717576891099 0.010090795334499074 -0.020554363135306824 -0.042259195434147835 0.054320253505501993 -0.024691984345871956 -0.015452361504549973 0.031327077694050458
leaf_weight=93.592006533639506 13.816399087896569 11.235878186300395 4.2739246413111678 5.9705530058126888 4.9561316943727425 2.4447926806751634 16.032589199370705 37.508889587363228 1.9533261582255352 5.2126344403950489 10.348829269409178 0.80734708509407926 32.09554501529783 10.912573442794381
leaf_count=1209 2555 203 114 560 229 42 246 413 34 362 93 23 576 137
internal_value=0.000545285 -0.00886213 0.0079207 -0.00391403 0.000470333 0.00420868 0.00137448 0.005133 0.0121701 0.00288289 0.0417803 0.0545505 0.0098316 -0.00314074
internal_weight=251.161 110.287 140.874 96.471 85.2351 79.2645 76.0124 71.0563 55.0237 42.7215 12.3022 3.25214 136.6 43.0081
internal_count=6796 4760 2036 2205 2002 1442 1377 1148 902 775 127 65 1922 713
is_linear=0
shrinkage=0.05


Tree=97
num_leaves=15
num_cat=0
split_feature=92 6 131 23 38 72 92 66 0 7 4 64 9 73
split_gain=4.60946 3.42602 5.29278 6.22914 7.01788 6.28276 4.26961 4.11536 4.11783 5.72143 6.55719 4.41436 8.22219 8.13723
threshold=0.0025536295725032692 31.836424827575687 0.99135681986808788 6.5000000000000009 0.0011373985325917604 1358.5483398437502 0.002306536072865129 1416.1473388671877 65.500000000000014 36.450819015502937 34.703720092773445 37.931547164916999 0.76667851209640514 98.391719818115249
decision_type=10 8 2 2 8 2 10 2 2 8 8 2 10 2
left_child=1 2 3 4 -1 -5 -7 8 9 10 -3 13 -13 -10
right_child=-2 7 -4 5 -6 6 -8 -9 11 -11 -12 12 -14 -15
leaf_value=0.026550042614870008 -0.034296497364059757 -0.015720057942202471 0.049018601151663614 0.045923893428007588 -0.022858474005578503 -0.029816401109037712 0.025544797043489737 -0.032049875636162961 -0.023434821627342547 -0.042607607602519776 0.060783219030398274 -0.016929063983284032 0.032893435671794549 0.0074205648929667857
leaf_weight=34.964201514841989 8.6750260496046376 9.875095361145215 6.6575159314088515 3.0123642499092993 8.1610448474530113 21.472631333163012 3.3298443304374805 10.498393163899889 31.570387434214354 12.020927503239362 2.7778580999001852 11.443966307677327 24.810940044466406 61.213548721629195
leaf_count=428 2121 179 81 38 121 303 38 354 570 725 33 274 374 1133
internal_value=-0.000453767 0.000896609 0.00948654 0.00514677 0.0168938 -0.0130205 -0.021682 -0.0031954 -0.00103025 -0.0193238 0.00429748 0.00258941 0.0171345 -0.00321613
internal_weight=250.484 241.809 77.5976 70.9401 43.1252 27.8148 24.8025 164.211 153.713 24.6739 12.653 129.039 36.2549 92.7839
internal_count=6772 4651 1009 928 549 379 341 3642 3288 937 212 2351 648 1703
is_linear=0
shrinkage=0.05


Tree=98
num_leaves=15
num_cat=0
split_feature=92 25 124 114 78 32 113 11 42 5 5 76 128 44
split_gain=7.08879 4.83656 3.74132 5.00339 5.46865 4.53471 4.35472 4.22727 5.07511 6.1681 6.10926 5.33468 5.21874 6.39728
threshold=0.0035218319389969115 63.683996200561531 0.22808209061622622 0.48718731105327612 0.13782779127359393 33.203266143798835 59884.869140625007 0.00418417388573289 0.0011160728172399106 98.391719818115249 118.19547271728517 0.0091180307790637034 0.97923180460929882 0.0016887168749235573
decision_type=10 8 10 2 2 10 2 10 10 10 10 2 8 10
left_child=1 -1 3 4 6 -6 -3 8 10 -10 11 12 -8 -14
right_child=-2 2 -4 -5 5 -7 7 -9 9 -11 -12 -13 13 -15
leaf_value=0.043422229093223179 -0.043394326382490071 -0.038427814104418749 0.043886393653446661 -0.020175861615469842 0.055347841277734448 -0.0064503163015198735 -0.012198809421304335 -0.02936498368632863 -0.02422550971796715 0.038549088703027277 -0.015721608246694944 0.024200087838232926 0.035278223634509297 -0.0037754488267339619
leaf_weight=5.8239523773081592 7.9475700012408188 5.9685131118167183 3.9153262989129862 26.627212962834165 7.4974631331861001 4.2686069004703313 42.967849808745093 9.2852268493734282 4.2330396845936802 17.395749917253852 41.883171322988346 29.795190209522843 16.777575109153979 25.151054749265313
leaf_count=99 2141 127 77 1448 74 77 652 282 94 249 684 345 197 305
internal_value=0.000312793 0.00192358 0.000719398 -0.000194919 0.00248282 0.034179 0.000389205 0.00182222 0.00360201 0.0257356 0.000400621 0.00637315 -9.22752e-05 0.0123095
internal_weight=249.538 241.59 235.766 231.851 205.223 11.7661 193.457 187.489 178.204 21.6288 156.575 114.692 84.8965 41.9286
internal_count=6851 4710 4611 4534 3086 151 2935 2808 2526 343 2183 1499 1154 502
is_linear=0
shrinkage=0.05


Tree=99
num_leaves=15
num_cat=0
split_feature=6 12 90 61 5 123 123 5 120 45 77 93 51 35
split_gain=5.07583 3.97511 3.98337 3.405 5.13939 5.20308 7.25901 7.37575 7.92753 5.14872 5.14831 3.86418 5.93816 5.62135
threshold=46.831670761108406 0.17156863212585452 0.086781401187181487 44.561531066894538 119.61271286010744 64.411323547363295 30.969928741455082 66.620906829833999 -802.99999999999989 0.060427319258451469 0.0075973477214574823 1.4975000226513659e-06 1.5000000000000002 1413.7432861328127
decision_type=8 8 10 2 10 10 10 10 2 10 2 10 2 10
left_child=1 2 3 4 5 6 7 8 -1 -10 -6 13 -13 -5
right_child=-2 -3 -4 11 10 -7 -8 -9 9 -11 -12 12 -14 -15
leaf_value=0.065481413297511518 -0.034038885723044636 0.07697492586002104 -0.036069680422145839 -0.0044759682944399241 -0.027437021124900752 -0.03596155138656415 0.062554796519454378 0.024652885478104011 -0.018209287982321309 0.034099697702140719 0.035938192283861768 -0.04443335959494648 -0.0024806016945760345 0.025105306316510985
leaf_weight=2.7319221030920735 8.6900915326550585 0.79713609290774812 5.5852918776217839 56.965824587969109 14.537109320983292 4.0983054395765057 6.8355398606508961 49.517013610340655 31.973772394703701 4.5453124097548416 3.1209565200842908 11.171187082072718 27.8990206674207 21.245738599449396
leaf_count=20 2654 25 277 904 288 41 64 681 572 56 31 269 628 283
internal_value=0.00145403 0.00286908 0.0023051 0.00336774 0.00935318 0.0137558 0.0162373 0.0120135 -0.00414807 -0.0109634 -0.01491 -0.00265012 -0.0152855 0.00377512
internal_weight=249.714 241.024 240.227 234.642 117.36 99.7019 95.6036 88.768 39.251 36.5191 17.6581 117.282 39.0702 78.2116
internal_count=6793 4139 4114 3837 1753 1434 1393 1329 648 628 319 2084 897 1187
is_linear=0
shrinkage=0.05


Tree=100
num_leaves=15
num_cat=0
split_feature=46 128 83 5 82 128 85 73 39 35 40 60 123 31
split_gain=4.89856 4.40273 3.72319 4.7491 5.08117 4.05421 4.70054 3.64925 3.08317 5.7105 8.3278 5.02423 5.12109 5.5073
threshold=4.3205500332987874e-05 -394.66456604003901 6.5139360231114565e-05 180.7494812011719 0.00029918455402366822 394.67767333984381 2.6174828235525641e-05 879.79769897460949 0.00037686075665988033 1385.7977294921877 0.0014538550167344513 1394.182556152344 231.843132019043 9.9475983006414039e-14
decision_type=10 8 2 8 2 8 2 2 8 8 10 2 8 10
left_child=1 -1 3 8 -5 6 7 -6 11 10 -10 12 -3 -14
right_child=-2 2 -4 4 5 -7 -8 -9 9 -11 -12 -13 13 -15
leaf_value=0.042029736628110978 -0.04297837760517776 0.0054351325972179891 0.040741243353109052 -0.044627343607395391 -0.020031803593082421 -0.041033017822261167 -0.03798427811494097 0.04910689899969365 -0.026894187889978743 0.027194907978979513 0.032312070817093357 -0.018508192328655703 0.014754216624877456 -0.055090802281449275
leaf_weight=4.9739024771843106 5.9389814664609721 105.35661541018635 4.1215055788634336 11.972750814282337 1.9677072814665715 3.5477761449292293 2.3073742614360517 6.2194731328636408 15.924034112831579 25.183559264056385 8.1766282636672241 39.021734056994319 3.959515296854077 6.5221132291480899
leaf_count=104 2626 1238 59 858 85 177 52 54 178 444 100 695 42 86
internal_value=-0.00156407 -0.000361438 -0.00143624 -0.0023645 -0.0220654 -0.00114077 0.0147417 0.0321184 0.000241411 0.0110058 -0.00632024 -0.00323299 0.00202705 -0.0297193
internal_weight=245.194 239.255 234.281 230.159 26.0151 14.0423 10.4946 8.18718 204.144 49.2842 24.1007 154.86 115.838 10.4816
internal_count=6798 4172 4068 4009 1226 368 191 139 2783 722 278 2061 1366 128
is_linear=0
shrinkage=0.05


Tree=101
num_leaves=15
num_cat=0
split_feature=92 12 71 11 11 42 5 43 18 92 137 64 95 19
split_gain=6.17574 3.73893 4.16933 3.96712 6.94917 5.44696 6.05051 4.68456 4.35501 8.40318 6.0317 5.20021 4.91781 3.93537
threshold=0.0035218319389969115 0.17156863212585452 180.7494812011719 0.15849281847476962 0.00418417388573289 0.00033446167071815586 91.263515472412124 0.59275594353675853 0.00021418550022644925 0.00010915899838437328 59.185186386108406 31.017621994018558 2.6707499500844283e-06 0.020740246400237087
decision_type=8 10 2 10 8 8 10 10 10 10 2 2 10 10
left_child=1 2 3 4 5 8 -7 -5 9 12 -11 -10 -1 -8
right_child=-2 -3 -4 7 -6 6 13 -9 11 10 -12 -13 -14 -15
leaf_value=-0.0067847758105797733 -0.039677871958620763 0.071273049083076911 -0.03875182649268339 0.0033558854382564037 -0.037419485494315112 -0.025831716031933339 -0.013071266514797137 0.062509878070943256 0.052707646085865756 0.0070309585074301312 -0.055075488859707956 0.0041910696758723741 0.01950660410392625 0.034642539353128714
leaf_weight=87.086141498060897 8.8906848469050583 0.8589942385442545 5.7168435304192817 8.6629423954291251 11.022713976795783 5.5690041161142281 4.5826078536920276 4.5823916140943757 5.4563987650908521 5.1805993006564703 12.693162185605614 39.77918914030306 21.291312554036267 26.554317626170814
leaf_count=1385 2235 34 689 131 389 111 61 26 54 208 285 497 329 410
internal_value=-0.00096074 0.000638598 8.69261e-05 0.00120397 -0.00045547 0.0016711 0.0188801 0.0267724 -0.0021005 -0.00686452 -0.0376556 0.0110566 -0.00148858 0.027432
internal_weight=247.927 239.037 238.178 232.461 219.215 208.193 36.7059 13.2453 171.487 126.251 17.8738 45.2356 108.377 31.1369
internal_count=6844 4609 4575 3886 3729 3340 582 157 2758 2207 493 551 1714 471
is_linear=0
shrinkage=0.05


end of trees

feature_importances:
Column_5=104
Column_6=51
Column_7=41
Column_46=41
Column_73=37
Column_137=37
Column_39=34
Column_33=30
Column_115=28
Column_132=28
Column_34=27
Column_130=26
Column_8=24
Column_18=23
Column_47=23
Column_128=23
Column_2=21
Column_4=21
Column_36=21
Column_100=21
Column_127=20
Column_94=19
Column_123=19
Column_35=18
Column_114=18
Column_116=18
Column_9=17
Column_41=17
Column_118=16
Column_32=15
Column_95=15
Column_131=15
Column_40=14
Column_124=14
Column_11=13
Column_31=13
Column_37=13
Column_48=13
Column_66=13
Column_121=13
Column_44=12
Column_19=11
Column_20=11
Column_76=11
Column_92=11
Column_134=11
Column_12=10
Column_85=10
Column_10=9
Column_88=9
Column_101=9
Column_126=9
Column_133=9
Column_16=8
Column_17=8
Column_30=8
Column_52=8
Column_60=8
Column_65=8
Column_69=8
Column_70=8
Column_97=8
Column_120=8
Column_122=8
Column_3=7
Column_42=7
Column_43=7
Column_71=7
Column_136=7
Column_28=6
Column_38=6
Column_49=6
Column_50=6
Column_75=6
Column_77=6
Column_78=6
Column_90=6
Column_98=6
Column_105=6
Column_119=6
Column_125=6
Column_24=5
Column_61=5
Column_68=5
Column_89=5
Column_91=5
Column_104=5
Column_109=5
Column_25=4
Column_26=4
Column_29=4
Column_45=4
Column_58=4
Column_72=4
Column_83=4
Column_0=3
Column_1=3
Column_21=3
Column_54=3
Column_56=3
Column_62=3
Column_64=3
Column_74=3
Column_82=3
Column_106=3
Column_22=2
Column_27=2
Column_51=2
Column_63=2
Column_67=2
Column_79=2
Column_80=2
Column_81=2
Column_84=2
Column_87=2
Column_93=2
Column_96=2
Column_113=2
Column_14=1
Column_23=1
Column_53=1
Column_59=1
Column_86=1
Column_99=1
Column_108=1
Column_129=1

parameters:
[boosting: gbdt]
[objective: cross_entropy]
[metric: cross_entropy]
[tree_learner: serial]
[device_type: cpu]
[data_sample_strategy: bagging]
[data: ]
[valid: ]
[num_iterations: 102]
[learning_rate: 0.05]
[num_leaves: 15]
[num_threads: 4]
[seed: 26006]
[deterministic: 1]
[force_col_wise: 0]
[force_row_wise: 1]
[histogram_pool_size: -1]
[max_depth: -1]
[min_data_in_leaf: 10]
[min_sum_hessian_in_leaf: 0.001]
[bagging_fraction: 0.8]
[pos_bagging_fraction: 1]
[neg_bagging_fraction: 1]
[bagging_freq: 1]
[bagging_seed: 19736]
[bagging_by_query: 0]
[feature_fraction: 0.8]
[feature_fraction_bynode: 1]
[feature_fraction_seed: 22478]
[extra_trees: 0]
[extra_seed: 25246]
[early_stopping_round: 0]
[early_stopping_min_delta: 0]
[first_metric_only: 0]
[max_delta_step: 0]
[lambda_l1: 0]
[lambda_l2: 1]
[linear_lambda: 0]
[min_gain_to_split: 0]
[drop_rate: 0.1]
[max_drop: 50]
[skip_drop: 0.5]
[xgboost_dart_mode: 0]
[uniform_drop: 0]
[drop_seed: 12177]
[top_rate: 0.2]
[other_rate: 0.1]
[min_data_per_group: 100]
[max_cat_threshold: 32]
[cat_l2: 10]
[cat_smooth: 10]
[max_cat_to_onehot: 4]
[top_k: 20]
[monotone_constraints: ]
[monotone_constraints_method: basic]
[monotone_penalty: 0]
[feature_contri: ]
[forcedsplits_filename: ]
[refit_decay_rate: 0.9]
[cegb_tradeoff: 1]
[cegb_penalty_split: 0]
[cegb_penalty_feature_lazy: ]
[cegb_penalty_feature_coupled: ]
[path_smooth: 0]
[interaction_constraints: ]
[verbosity: -1]
[saved_feature_importance_type: 0]
[use_quantized_grad: 0]
[num_grad_quant_bins: 4]
[quant_train_renew_leaf: 0]
[stochastic_rounding: 1]
[linear_tree: 0]
[max_bin: 255]
[max_bin_by_feature: ]
[min_data_in_bin: 3]
[bin_construct_sample_cnt: 200000]
[data_random_seed: 19427]
[is_enable_sparse: 1]
[enable_bundle: 1]
[use_missing: 1]
[zero_as_missing: 0]
[feature_pre_filter: 1]
[pre_partition: 0]
[two_round: 0]
[header: 0]
[label_column: ]
[weight_column: ]
[group_column: ]
[ignore_column: ]
[categorical_feature: ]
[forcedbins_filename: ]
[precise_float_parser: 0]
[parser_config_file: ]
[objective_seed: 10829]
[num_class: 1]
[is_unbalance: 0]
[scale_pos_weight: 1]
[sigmoid: 1]
[boost_from_average: 1]
[reg_sqrt: 0]
[alpha: 0.9]
[fair_c: 1]
[poisson_max_delta_step: 0.7]
[tweedie_variance_power: 1.5]
[lambdarank_truncation_level: 30]
[lambdarank_norm: 1]
[label_gain: ]
[lambdarank_position_bias_regularization: 0]
[eval_at: ]
[multi_error_top_k: 1]
[auc_mu_weights: ]
[num_machines: 1]
[local_listen_port: 12400]
[time_out: 120]
[machine_list_filename: ]
[machines: ]
[gpu_platform_id: -1]
[gpu_device_id: -1]
[gpu_device_id_list: ]
[gpu_use_dp: 0]
[num_gpu: 1]

end of parameters

pandas_categorical:null
