tree
version=v4
num_class=1
num_tree_per_iteration=1
label_index=0
max_feature_idx=137
objective=cross_entropy
feature_names=Column_0 Column_1 Column_2 Column_3 Column_4 Column_5 Column_6 Column_7 Column_8 Column_9 Column_10 Column_11 Column_12 Column_13 Column_14 Column_15 Column_16 Column_17 Column_18 Column_19 Column_20 Column_21 Column_22 Column_23 Column_24 Column_25 Column_26 Column_27 Column_28 Column_29 Column_30 Column_31 Column_32 Column_33 Column_34 Column_35 Column_36 Column_37 Column_38 Column_39 Column_40 Column_41 Column_42 Column_43 Column_44 Column_45 Column_46 Column_47 Column_48 Column_49 Column_50 Column_51 Column_52 Column_53 Column_54 Column_55 Column_56 Column_57 Column_58 Column_59 Column_60 Column_61 Column_62 Column_63 Column_64 Column_65 Column_66 Column_67 Column_68 Column_69 Column_70 Column_71 Column_72 Column_73 Column_74 Column_75 Column_76 Column_77 Column_78 Column_79 Column_80 Column_81 Column_82 Column_83 Column_84 Column_85 Column_86 Column_87 Column_88 Column_89 Column_90 Column_91 Column_92 Column_93 Column_94 Column_95 Column_96 Column_97 Column_98 Column_99 Column_100 Column_101 Column_102 Column_103 Column_104 Column_105 Column_106 Column_107 Column_108 Column_109 Column_110 Column_111 Column_112 Column_113 Column_114 Column_115 Column_116 Column_117 Column_118 Column_119 Column_120 Column_121 Column_122 Column_123 Column_124 Column_125 Column_126 Column_127 Column_128 Column_129 Column_130 Column_131 Column_132 Column_133 Column_134 Column_135 Column_136 Column_137
feature_infos=[0:79973] [0:107387464] [6.9524784088134766:1434.8333740234375] [0:696] [-1.203703761100769:1434.8333740234375] [6.9524784088134766:1443.69189453125] [6.9524784088134766:1443.69189453125] [6.9524784088134766:1443.69189453125] [6.9524784088134766:1443.69189453125] [0:1] [0:1] [0:1] [0:1] [0:1] [0:1] [0:1] [2.193200089095626e-05:1.9037708044052124] [0:0.99571478366851807] [0:1.9037708044052124] [2.193200089095626e-05:1.9915750026702881] [1.362500029244984e-06:1.9037708044052124] [1.8729999737843173e-06:1.9037708044052124] [2.0840000161115313e-06:1.9037708044052124] [0:27] [1:79973] [6.9524784088134766:107387464] [0:1.9999972581863403] [6.9524784088134766:107387464] [0:74896] [0:106034368] [6.9524784088134766:1442.8333740234375] [0:696] [-13.565573692321777:1442.8333740234375] [6.9524784088134766:1443.69189453125] [2.3641510009765625:1443.69189453125] [6.9524784088134766:1443.69189453125] [6.9524784088134766:1443.69189453125] [0:1] [0:1] [0:1] [0:1] [0:1] [0:1] [0:1] [2.2110000372776994e-06:1.9917522668838501] [0:0.93804830312728882] [0:1.9917522668838501] [2.3439999949914636e-06:1.9917522668838501] [1.6999990748445271e-08:1.9917522668838501] [1.623000002837216e-06:1.9917522668838501] [2.3439999949914636e-06:1.9917522668838501] [0:24] [1:74896] [6.9524784088134766:106034368] [0:1.9999806880950928] [6.9524784088134766:106034368] [1:79973] [0:25306] [6.9524784088134766:107387464] [0:14382488] [6.9524784088134766:1442.8333740234375] [6.9524784088134766:1430.1473388671875] [0:696] [0:696] [2.4344263076782227:1442.8333740234375] [-13.565573692321777:1430.1473388671875] [6.9524784088134766:1443.69189453125] [2.3641510009765625:1430.1473388671875] [6.9524784088134766:1443.69189453125] [6.9524784088134766:1430.1473388671875] [6.9524784088134766:1443.69189453125] [6.9524784088134766:1430.1473388671875] [6.9524784088134766:1443.69189453125] [6.9524784088134766:1442.8333740234375] [0:1] [0:1] [0:1] [0:1] [0:1] [0:1] [0:1] [0:1] [0:1] [0:1] [0:1] [0:1] [0:1] [0:1] [1.6063799193943851e-05:1.9917522668838501] [2.2110000372776994e-06:1.9037708044052124] [0:0.99571478366851807] [0:0.83213174343109131] [9.999965300266922e-10:1.9917522668838501] [0:1.9037708044052124] [1.4629999895987567e-06:1.9917522668838501] [1.6999990748445271e-08:1.9037708044052124] [1.9540000266715651e-06:1.9917522668838501] [1.623000002837216e-06:1.9037708044052124] [2.1193000065977685e-05:1.9917522668838501] [2.0840000161115313e-06:1.9037708044052124] [2.5266999728046358e-05:1.9917522668838501] [2.3439999949914636e-06:1.9915750026702881] [1:27] [0:21] [1:79973] [1:25306] [6.9524784088134766:107387464] [6.9524784088134766:7191244] [0:1.9999972581863403] [0:1.9998902082443237] [6.9524784088134766:107387464] [6.9524784088134766:14252031] [1:99122] [13.904956817626953:107755440] [0:1] [0:1] [0:1.9999974966049194] [0.5:100] [0.004999999888241291:0.81610339879989624] [0.0007995598716661334:0.62212282419204712] [-87137:87016] [-94248824:98197832] [-1392:1384] [-1392:1384] [-0.79955452680587769:0.80254775285720825] [-87016:92121] [-98197832:103789264] [-1384:1392] [-1384:1392] [-0.80254775285720825:0.79955452680587769] [0:1] [0:1] [0:1] [0:1] [0:1] [4:6] [0:1] [35.5:97.5]
tree_sizes=971 1093 1079 981 1089 1317 1085 1514 1419 1078 1319 1406 1093 1740 1319 1089 1090 1211 1428 1745 1520 1425 1753 1310 1637 1653 1534 1629 1423 1421 1743 1743 1633 1640 1717 1750 1625 1745 1743 1743 1744 1608 1737 1743 1741 1739 1754 1740 1748 1747 1748 1747 1745 1765 1757 1740 1767 1763 1763 1751 1753 1765 1760 1733 1747 1766 1765 1766 1756 1765 1747 1754 1771 1769 1773 1764 1762 1763 1753 1760 1774 1755 1764 1758 1772 1752 1755 1767 1771 1765 1762 1773 1755 1763 1762 1758 1773 1762 1762 1772 1761 1776 1778 1767 1778 1764 1765 1776 1782 1773 1775 1774 1775 1770 1770 1768 1766 1773 1768 1759 1764 1759 1766 1777 1773 1776 1768 1776 1787 1791 1771 1772 1783 1775 1775 1784 1751 1775 1784 1794 1781 1781 1786 1782 1791 1797 1784 1784 1790 1806 1783 1785 1793 1778 1789 1799 1810 1812 1789 1799 1800 1792 1797 1803 1799 1791 1788 1805 1788 1787 1793 1803 1796 1800 1802 1805 1807 1810 1816 1816 1793 1799 1812 1815 1795 1813 1806 1814 1806 1803 1794 1797 1806 1808 1800 1809 1804 1804 1829 1805 1808 1815 1822 1811 1821 1816 1798 1811 1809 1815 1812 1817 1801 1823 1811 1822 1817 1817 1819 1815 1811 1798 1814 1828 1819 1809 1817 1827 1824 1820 1815 1820 1841 1822 1828 1807

Tree=0
num_leaves=8
num_cat=0
split_feature=108 59 128 46 49 127 122
split_gain=6404.63 368.614 89.566 35.9443 13.6893 6.03459 5.79075
threshold=3.4695249269134372e-05 38.323677062988288 -1.0000000180025095e-35 0.16695995628833774 0.27653878927230841 1.0000000180025095e-35 -25.280444145202633
decision_type=2 2 10 8 10 8 10
left_child=1 2 5 -3 -2 6 -1
right_child=4 3 -4 -5 -6 -7 -8
leaf_value=-1.9187433527874924 -1.9438677646859688 -1.7842169708986 -1.6148870636054884 -1.5147138218418226 -1.8148520387493285 -1.9362231496006626 -1.8007236251288552
leaf_weight=1.2572930902242663 697.22616821527481 2.1716880649328223 2.5145861804485312 105.15542209148407 1.2572930902242649 6.1721660792827597 1.1429937183856953
leaf_count=11 6100 19 22 920 11 54 10
internal_value=-1.88576 -1.54733 -1.8278 -1.51917 -1.94353 -1.91212 -1.85379
internal_weight=816.898 118.414 11.087 107.327 698.483 8.57245 2.40029
internal_count=7147 1036 97 939 6111 75 21
is_linear=0
shrinkage=1


Tree=1
num_leaves=9
num_cat=0
split_feature=108 52 88 115 124 125 49 129
split_gain=4631.22 193.854 49.6144 40.3613 19.7386 8.66404 6.09277 1.64522
threshold=3.4695249269134372e-05 1.0500000119209292 0.19169820100069049 0.32168674468994146 -0.34899012744426722 -156.49999999999997 0.27653878927230841 0.54387021064758312
decision_type=2 8 8 2 8 2 10 10
left_child=1 2 -1 -4 -5 -6 -2 -3
right_child=6 7 3 4 5 -7 -8 -9
leaf_value=-0.014343879988954093 -0.056752289196259499 -0.046452540625373476 0.0049174503415066999 0.056511564257750779 0.079559063564701507 0.27361182847585624 0.034817472423775746 0.009671923474425026
leaf_weight=1.4841952472925175 676.53519463539124 4.1387149393558493 1.4912321940064419 1.6706666126847265 1.5731215775012959 134.68634374439716 1.2043796479701985 1.3464924171566961
leaf_count=13 6176 36 12 13 11 916 10 12
internal_value=-0.00137347 0.252673 0.263962 0.267006 0.269783 0.271967 -0.0565385 -0.0333083
internal_weight=824.13 146.391 140.906 139.421 137.93 136.259 677.74 5.48521
internal_count=7199 1013 965 952 940 927 6186 48
is_linear=0
shrinkage=0.05


Tree=2
num_leaves=9
num_cat=0
split_feature=52 16 94 6 1 49 65 65
split_gain=3732.02 181.895 19.5428 43.4555 8.41541 5.88948 3.31497 1.20888
threshold=1.0500000119209292 0.21505891531705859 0.17616833746433261 55.568002700805671 533.85473632812511 0.27653878927230841 381.43157958984381 31.017621994018558
decision_type=8 8 10 10 2 10 2 2
left_child=1 4 3 7 -1 6 -2 -3
right_child=5 2 -4 -5 -6 -7 -8 -9
leaf_value=-0.049719207401114414 -0.056269093547267779 0.012352399842847105 0.22058501861289279 0.18411114371901258 0.06585032284149854 0.033394023804162364 0.017624691875197586 -0.039109697684261653
leaf_weight=6.7578614950180045 641.10218728333712 1.2311411201953881 154.85921635478735 8.9242362529039365 1.0622370094060896 1.2347670644521702 1.1004122048616398 1.9926135241985319
leaf_count=63 6106 10 896 52 8 10 10 16
internal_value=-0.000184173 0.203995 0.214978 0.132163 -0.0283348 -0.0558919 -0.0561153 -0.021185
internal_weight=818.265 174.827 167.007 12.148 7.8201 643.437 642.203 3.22375
internal_count=7171 1045 974 78 71 6126 6116 26
is_linear=0
shrinkage=0.05


Tree=3
num_leaves=8
num_cat=0
split_feature=52 94 115 125 6 49 65
split_gain=3118.89 110.654 19.3355 11.5704 16.7282 6.00977 3.02183
threshold=1.0500000119209292 0.17616833746433261 0.38506905734539038 -10.499999999999998 69.451473236083999 0.25379791855812078 381.43157958984381
decision_type=8 8 2 2 10 10 2
left_child=1 -1 -3 4 -4 6 -2
right_child=5 2 3 -5 -6 -7 -8
leaf_value=-0.047225446801128945 -0.055877739249157204 0.021443125152281091 -0.0055306168517720959 0.18652656950629265 0.14922487739996376 0.02443374199824307 0.013502312956431365
leaf_weight=5.0384668707847586 615.01153557002544 2.1377787292003623 2.66457924991846 176.36328030377626 3.7114729136228561 1.8292546793818463 1.2213230878114689
leaf_count=49 6116 15 17 915 20 16 11
internal_value=-0.00095717 0.175721 0.182018 0.18377 0.0925701 -0.0554423 -0.0557186
internal_weight=807.978 189.916 184.877 182.739 6.37605 618.062 616.233
internal_count=7159 1016 967 952 37 6143 6127
is_linear=0
shrinkage=0.05


Tree=4
num_leaves=9
num_cat=0
split_feature=52 89 116 65 49 123 36 87
split_gain=2737.76 92.6712 12.0208 37.0053 8.46566 3.67963 2.26017 0.859861
threshold=1.0500000119209292 0.18873507529497149 0.44341652095317846 55.112583160400398 0.27653878927230841 -267.89274597167963 532.16061401367199 0.60919877886772167
decision_type=8 8 2 2 10 10 10 2
left_child=1 6 3 5 7 -3 -1 -2
right_child=4 2 -4 -5 -6 -7 -8 -9
leaf_value=-0.046905578857936968 -0.055635653070679858 -0.04512623894619773 0.16398299272661634 0.14870894519145203 0.047557107494410285 0.031394749909383977 0.019558897916867886 -0.0055666023228671934
leaf_weight=4.9751439914107314 591.38825453072786 2.7471297532320023 188.44112358242273 11.640840932726858 1.2860848009586323 1.7985932752490068 1.0261743888258932 1.0938361287116993
leaf_count=50 6141 19 899 57 10 12 9 11
internal_value=-0.00029524 0.154152 0.159821 0.10465 -0.0552498 -0.0146478 -0.0343704 -0.0555528
internal_weight=804.397 210.629 204.628 16.1866 593.768 4.54572 6.00132 592.482
internal_count=7208 1046 987 88 6162 31 59 6152
is_linear=0
shrinkage=0.05


Tree=5
num_leaves=11
num_cat=0
split_feature=52 16 115 49 124 128 124 87 92 113
split_gain=2329.55 89.9085 10.1455 7.60673 5.95887 29.6326 2.43314 0.966686 0.334655 0.153678
threshold=1.0500000119209292 0.21505891531705859 0.38506905734539038 0.27653878927230841 -0.34899012744426722 -1.0000000180025095e-35 0.075309291481971755 0.60919877886772167 0.37994848191738134 104.11116027832033
decision_type=8 8 2 10 10 10 8 2 8 2
left_child=1 6 -3 7 5 8 -1 9 -4 -2
right_child=3 2 4 -5 -6 -7 -8 -9 -10 -11
leaf_value=0.021352083625955864 -0.022004275513271825 0.032858611728793327 -0.0060193693329637444 0.039692539589186941 0.14734218238093014 0.13643972178759517 -0.048141722664379848 -0.0026534305712406295 -0.038702723907318187 -0.055234719559827741
leaf_weight=0.93941639363765628 2.1144672036170951 2.7360792756080619 1.7399755567312234 1.4619301557540882 194.72713029384613 9.5258566141128522 5.8328350707888603 0.98212797939777274 1.6253306642174719 562.09012975543737
leaf_count=7 22 17 10 11 876 43 59 10 11 6100
internal_value=-0.00138391 0.137499 0.143265 -0.054749 0.144555 0.0948837 -0.0369949 -0.055063 -0.0270543 -0.0551493
internal_weight=783.775 217.127 210.354 566.649 207.618 12.8912 6.77225 565.187 3.36531 564.205
internal_count=7166 1023 957 6143 940 64 66 6132 21 6122
is_linear=0
shrinkage=0.05


Tree=6
num_leaves=9
num_cat=0
split_feature=108 52 49 116 6 60 126 122
split_gain=2061.36 50.6218 12.4989 11.0123 28.487 5.0464 3.00847 0.136219
threshold=3.4695249269134372e-05 1.0500000119209292 0.27653878927230841 0.44341652095317846 55.369577407836921 30.832298278808597 -633.52023315429676 -5.5325932502746573
decision_type=2 8 10 2 8 2 2 8
left_child=1 3 -2 4 5 -1 -3 -7
right_child=2 6 -4 -5 -6 7 -8 -9
leaf_value=0.050847587541269494 -0.054947819862330716 0.025524256847272549 0.05074465710337827 0.13385812634773217 0.12063387951033332 -0.011282610754179584 -0.04418460934695756 -0.044989663302479076
leaf_weight=1.3115950673818613 536.30839881300926 1.5172493457794187 2.0796175599098197 197.99919237196445 13.544017538428305 1.2466870695352552 3.7310365363955489 2.7796927616000175
leaf_count=9 6082 15 14 851 60 10 39 20
internal_value=-0.00157335 0.126247 -0.0544462 0.129953 0.0843298 -0.0122841 -0.0231724 -0.038874
internal_weight=760.517 222.129 538.388 216.881 18.882 5.33797 5.24829 4.02638
internal_count=7100 1004 6096 950 99 39 54 30
is_linear=0
shrinkage=0.05


Tree=7
num_leaves=13
num_cat=0
split_feature=108 52 59 16 48 122 127 122 125 125 50 50
split_gain=1895.44 48.637 12.0125 19.2759 5.56315 2.12391 2.33627 1.39138 1.06018 1.26556 0.413717 0.775812
threshold=3.4695249269134372e-05 1.0500000119209292 38.323677062988288 0.44713412225246435 0.12674840539693835 -1.0000000180025095e-35 107.44562149047853 -1.0000000180025095e-35 -10.499999999999998 -89.499999999999986 0.66089934110641491 0.75199365615844738
decision_type=2 8 2 10 10 10 8 10 2 2 10 10
left_child=1 2 3 7 10 -3 -7 -1 9 -4 -2 -12
right_child=4 5 8 -5 -6 6 -8 -9 -10 -11 11 -13
leaf_value=-0.04264928239124896 -0.054639784751272569 -0.043863850014417664 0.09010374202900874 0.11074148280524219 0.019007279572469459 0.049129857769414476 -0.028319033762274227 0.011900962061302998 0.12330615583078253 0.026960623358624109 0.0072163653728927251 -0.036412947182979674
leaf_weight=2.7013915702700619 518.72465396672487 3.653334453701973 5.0496238470077515 4.920759305357933 2.1353065669536582 0.95119231939315685 1.028212212026119 1.1813313588500003 214.27036687731743 2.2176634892821303 1.046623803675174 2.389450304210186
leaf_count=23 6151 39 22 21 17 9 11 8 893 11 11 27
internal_value=-0.0011988 0.11619 0.119736 0.0534271 -0.0541537 -0.0249804 0.0128968 -0.027014 0.122119 0.076427 -0.0544886 -0.0244925
internal_weight=760.27 235.974 230.341 8.80348 524.296 5.63274 1.9794 3.88272 221.538 7.26729 522.161 3.43607
internal_count=7243 1037 978 52 6206 59 20 31 926 33 6189 38
is_linear=0
shrinkage=0.05


Tree=8
num_leaves=12
num_cat=0
split_feature=54 26 128 2 49 123 125 125 129 124 122
split_gain=1715.76 44.7856 8.69715 19.8762 7.04648 3.63855 1.65883 3.22122 1.43984 1.67735 0.579076
threshold=1.0000000180025095e-35 4.6171338908607147e-05 -1330.0451660156248 55.451335906982429 0.27653878927230841 -1.0000000180025095e-35 -10.499999999999998 -85.499999999999986 0.54387021064758312 0.27687054872512823 -0.66096135973930348
decision_type=8 8 10 10 10 10 2 2 10 10 8
left_child=1 2 3 5 8 -1 7 -4 -2 -10 -3
right_child=4 10 6 -5 -6 -7 -8 -9 9 -11 -12
leaf_value=-0.045606213923904723 -0.054298400538924686 -0.00025780368459113679 0.088725499346639009 0.10140697287501477 0.035810893574352957 0.03215463318954178 0.11577258239210822 0.01167765871342356 -0.034281452496960609 0.028479251033598441 -0.044955164197000325
leaf_weight=2.9923831522464752 496.99694900214672 0.86810523271560669 4.4425100684165955 10.879730209708212 1.5485794246196736 1.5354826673865307 212.3686408624053 2.2596422582864752 1.652989208698272 0.84548476338386525 3.7690821588039389
leaf_count=24 6159 9 19 45 11 9 869 12 20 9 39
internal_value=-0.00118073 0.10875 0.111804 0.0672943 -0.0537554 -0.0181897 0.114614 0.0676375 -0.054104 -0.0109734 -0.0381177
internal_weight=740.16 239.116 234.478 15.4076 501.044 4.52787 219.071 6.70215 499.495 2.49847 4.63719
internal_count=7225 1026 978 78 6199 33 900 31 6188 29 48
is_linear=0
shrinkage=0.05


Tree=9
num_leaves=9
num_cat=0
split_feature=108 52 49 19 115 126 123 125
split_gain=1539.76 28.5836 11.6335 8.69901 3.96638 3.58533 2.2755 0.770148
threshold=3.4695249269134372e-05 1.0500000119209292 0.27653878927230841 0.19999497383832934 0.38506905734539038 -633.52023315429676 inf -1.0000000180025095e-35
decision_type=2 8 10 8 2 2 8 2
left_child=1 3 -2 -1 -5 -3 -6 -8
right_child=2 5 -4 4 6 -7 7 -9
leaf_value=-0.012538039367093272 -0.054029572699809771 0.037035290737983041 0.046540827428721475 0.026348791931839557 0.10773426738454513 -0.042559080618273654 0.032285716892504687 0.079520247742005015
leaf_weight=1.3705981522798527 473.76411042362452 1.2067115306854246 2.1787321865558615 2.3449242785572997 216.94103412330151 3.3184792995452872 3.1957544088363639 8.4636368080973607
leaf_count=13 6141 12 14 14 877 38 15 37
internal_value=-0.00165216 0.10227 -0.0534726 0.104691 0.105438 -0.0184725 0.106131 0.0701466
internal_weight=712.784 236.841 475.943 232.316 230.945 4.52519 228.6 11.6594
internal_count=7161 1006 6155 956 943 50 929 52
is_linear=0
shrinkage=0.05


Tree=10
num_leaves=11
num_cat=0
split_feature=108 52 49 59 128 122 124 85 85 85
split_gain=1418.45 27.0141 10.5417 7.63353 16.2778 2.85991 0.398389 0.0538555 0.326861 0.310551
threshold=3.4695249269134372e-05 1.0500000119209292 0.27653878927230841 38.323677062988288 1.0000000180025095e-35 -1.0000000180025095e-35 0.055623555555939681 0.014185110572725536 0.35416667163372045 0.069047622382640853
decision_type=2 8 10 2 8 10 8 2 2 2
left_child=1 3 7 4 6 -3 -1 -2 9 -9
right_child=2 5 -4 -5 -6 -7 -8 8 -10 -11
leaf_value=0.098497281105688214 -0.05393381156917143 -0.042013967316392065 0.039390258745943506 0.10104537661890228 -0.04297290281770251 0.02740709976705262 0.037541883040884461 -0.021172159139775704 -0.042923590490627689 0.0076172754560704971
leaf_weight=4.5995865538716298 443.88876564800739 3.1688326746225357 2.3904356062412253 226.77708032727242 2.8267197012901306 1.4623014405369748 2.201406829059124 2.0621752440929408 3.7561049088835716 0.74549715965986241
leaf_count=20 6019 37 15 911 25 15 11 28 51 10
internal_value=-0.00100916 0.0967437 -0.0531388 0.0990844 0.0477323 -0.0191195 0.0861084 -0.053716 -0.033804 -0.013535
internal_weight=693.879 241.036 452.843 236.405 9.62771 4.63113 6.80099 450.453 6.56378 2.80767
internal_count=7142 1019 6123 967 56 52 31 6108 89 38
is_linear=0
shrinkage=0.05


Tree=11
num_leaves=12
num_cat=0
split_feature=54 94 61 17 49 4 58 116 126 122 120
split_gain=1302.96 36.8337 6.31491 22.7415 4.58998 3.74166 2.8704 2.18481 0.777724 0.418784 0.325713
threshold=1.0000000180025095e-35 0.17616833746433261 55.288377761840827 0.0066597955301404008 0.46402241289615637 23.930794715881351 431.84091186523443 0.80971974134445202 -362.62803649902338 -6.0879399776458731 -143.49999999999997
decision_type=8 8 2 8 8 8 2 2 2 10 2
left_child=1 8 3 7 -2 -5 9 -3 -1 -6 -4
right_child=4 2 10 5 6 -7 -8 -9 -10 -11 -12
leaf_value=0.0052422112697504608 -0.053566994983788578 0.027261820143106599 0.04331876254337181 0.032040292884989281 -0.037140649608708214 -0.049835489319724924 0.04031574641434732 0.094320929739321865 -0.044265876045624285 0.0011026092358902301 0.097289675005623799
leaf_weight=0.70237768441438664 428.67213617265224 2.3912820070982042 2.5429859682917586 1.1888907849788655 2.0258218944072723 3.7140137106180191 1.500145688652992 16.4708102196455 4.2538243904709807 0.86391105502843801 213.46531555056572
leaf_count=7 6079 11 11 7 24 27 14 66 55 10 856
internal_value=-0.000965178 0.0910376 0.0938404 0.063619 -0.0530472 -0.0279172 -0.00176824 0.08762 -0.0375476 -0.0283633 0.0968568
internal_weight=677.792 244.73 239.773 23.765 433.062 4.9029 4.38988 18.8621 4.9562 2.88973 216.008
internal_count=7167 1040 978 111 6127 34 48 77 62 34 867
is_linear=0
shrinkage=0.05


Tree=12
num_leaves=9
num_cat=0
split_feature=52 88 115 123 47 48 129 124
split_gain=1205.23 30.7862 6.21194 4.64414 16.7089 2.33209 1.31981 1.91802
threshold=1.0500000119209292 0.19169820100069049 0.38506905734539038 -1328.8312988281248 0.94963961839675914 0.12674840539693835 0.54387021064758312 0.38315427303314215
decision_type=8 8 2 10 8 10 10 10
left_child=1 -1 -3 4 -4 6 -2 -8
right_child=5 2 3 -5 -6 -7 7 -9
leaf_value=-0.043386825764219393 -0.053230732447220902 0.01174796146072867 0.08279200462333805 0.092673125593819017 -0.038075780122987235 0.01156814905401605 -0.035120617780135484 0.032142699199701127
leaf_weight=3.8671181723475447 412.23384583741426 2.843186527490615 10.849202245473858 220.30469635874033 3.1145946457982072 1.0759268552064885 1.8070860058069222 0.76475859433412541
leaf_count=51 6113 17 45 888 21 9 24 8
internal_value=-0.0012879 0.087476 0.0897835 0.0906766 0.0550898 -0.0528078 -0.0530022 -0.0117201
internal_weight=656.86 240.979 237.112 234.268 13.9638 415.882 414.806 2.57184
internal_count=7176 1022 971 954 66 6154 6145 32
is_linear=0
shrinkage=0.05


Tree=13
num_leaves=15
num_cat=0
split_feature=52 88 49 125 123 121 18 87 117 126 59 85 113 85
split_gain=1109.34 29.8512 6.82902 6.14415 10.2402 3.43027 2.97765 1.3212 1.13997 0.678959 0.180197 0.138841 0.593051 0.209896
threshold=1.0500000119209292 0.21380496770143512 0.27653878927230841 -10.499999999999998 3.4106051316484814e-13 -98449.917968749985 0.28050974011421209 0.60919877886772167 0.75000000000000011 -1.0000000180025095e-35 38.323677062988288 0.014185110572725536 164306.41406250003 0.069047622382640853
decision_type=8 8 10 2 8 2 10 2 2 2 2 2 2 2
left_child=1 9 7 4 6 -5 -3 11 -7 -1 -10 -2 13 -13
right_child=2 3 -4 5 -6 8 -8 -9 10 -11 -12 12 -14 -15
leaf_value=0.0035342250818329399 -0.053146157401850302 0.0087411299327424929 0.039406089728620919 0.0013257819954429683 -0.046841892762632224 0.0033378003922593874 0.082433769300078702 0.0072671661830085374 0.058173367562590367 -0.043138471201782283 0.089007611407706327 -0.013956851006420657 -0.04069771808836143 0.0098885942213872789
leaf_weight=0.75736745446920384 390.08952958881855 2.0888596177101117 1.3444814085960377 1.1779217272996891 1.9194208979606626 0.47702017426490684 5.2273011207580566 0.68692132830619712 7.9702729284763327 3.8458274006843558 217.10502579808235 1.1892049759626377 4.041581928730011 0.68812203407287587
leaf_count=8 6053 10 9 7 11 2 21 9 40 53 882 18 62 10
internal_value=-0.0011818 0.0833858 -0.052374 0.0858615 0.03943 0.0875714 0.0649747 -0.0527833 0.088014 -0.0361991 0.0881779 -0.0529055 -0.0316585 -0.00481741
internal_weight=638.609 240.569 398.04 235.966 9.23558 226.73 7.31616 396.695 225.552 4.60319 225.075 396.008 5.91891 1.87733
internal_count=7195 1034 6161 973 42 931 31 6152 924 61 922 6143 90 28
is_linear=0
shrinkage=0.05


Tree=14
num_leaves=11
num_cat=0
split_feature=54 26 49 59 128 65 125 123 58 106
split_gain=1043.91 26.0936 6.60995 6.4695 11.5286 3.00533 1.49772 0.617277 0.328208 0.109863
threshold=1.0000000180025095e-35 4.6171338908607147e-05 0.27653878927230841 38.323677062988288 1.0000000180025095e-35 381.43157958984381 -187.49999999999997 -155.46086883544919 74.140167236328139 36.358932495117195
decision_type=8 10 10 2 8 2 2 10 2 2
left_child=1 3 5 4 -1 8 -5 -3 9 -2
right_child=2 7 -4 6 -6 -7 -8 -9 -10 -11
leaf_value=0.070735227927470723 -0.024013109847573148 -0.043173523034805344 0.03772145778160714 0.02373795868606958 -0.042371217170308652 0.016694462373316548 0.084922953594402606 0.0027487526612174919 -0.052849407615870453 -0.0014436430201172708
leaf_weight=5.4664931893348676 0.79363759607076534 3.4377486929297447 1.3780823796987522 1.9371358454227436 2.6444061622023582 1.1408895850181568 225.83444417268038 0.73887966573238273 378.92284586653113 0.96614529192447662
leaf_count=24 11 44 9 8 24 12 930 8 6162 13
internal_value=-0.000880739 0.0806829 -0.0520538 0.0828941 0.0332559 -0.0524755 0.0845086 -0.0360879 -0.052726 -0.0166351
internal_weight=623.261 240.059 383.202 235.882 8.1109 381.824 227.772 4.17663 380.683 1.75978
internal_count=7245 1038 6207 986 48 6198 938 52 6186 24
is_linear=0
shrinkage=0.05


Tree=15
num_leaves=9
num_cat=0
split_feature=108 52 49 116 67 58 126 90
split_gain=972.635 18.5963 5.3125 4.03086 15.5763 4.65142 2.5204 0.0719747
threshold=3.4695249269134372e-05 1.0500000119209292 0.27653878927230841 0.44341652095317846 55.430170059204109 31.469685554504398 -633.52023315429676 0.29470188915729528
decision_type=2 8 10 2 2 2 2 10
left_child=1 3 -2 4 5 -1 -3 -5
right_child=2 6 -4 7 -6 -7 -8 -9
leaf_value=0.038228827345145475 -0.052697905100151966 0.024019816104277284 0.019087665339210962 0.08284045431790571 0.078492537515714944 -0.048848293170829227 -0.040854723979179643 0.045364972286347199
leaf_weight=1.4501086324453378 360.88433203846216 1.5712361261248586 2.1319974511861792 207.78780978918076 13.175612822175024 3.4801889434456825 2.9922931566834441 4.0524865835905066
leaf_count=8 6142 17 13 866 55 27 40 17
internal_value=-0.00100134 0.078177 -0.052225 0.0801606 0.0516853 -0.0211094 -0.0182157 0.0823401
internal_weight=597.526 234.51 363.016 229.946 18.1059 4.9303 4.56353 211.84
internal_count=7185 1030 6155 973 90 35 57 883
is_linear=0
shrinkage=0.05


Tree=16
num_leaves=9
num_cat=0
split_feature=108 52 116 67 49 122 123 123
split_gain=895.69 17.8762 7.07931 14.4402 4.97423 2.42889 1.89036 1.19462
threshold=3.4695249269134372e-05 1.0500000119209292 0.44341652095317846 55.430170059204109 0.27653878927230841 230.65177917480472 -192.60169982910153 256.94978332519537
decision_type=2 8 2 2 10 10 10 8
left_child=1 2 3 6 -2 -3 -1 -5
right_child=4 5 -4 7 -6 -7 -8 -9
leaf_value=-0.046019492182551636 -0.05240916274932144 -0.041558917377426285 0.079822906049604 0.077691477647062468 0.019332321220308674 0.030558938817949223 0.011782017815635419 0.028863780796883527
leaf_weight=3.1231184974312782 344.59308414906263 3.2323936112225047 207.16489298641682 10.016881629824635 1.9641809761524189 0.79506479203701008 1.636319108307364 3.2953139394521722
leaf_count=26 6143 44 879 42 12 8 9 14
internal_value=-0.00128018 0.0752028 0.0770766 0.0430595 -0.0519481 -0.0240755 -0.0275518 0.0684659
internal_weight=575.821 229.264 225.237 18.0716 346.557 4.02746 4.75944 13.3122
internal_count=7177 1022 970 91 6155 52 35 56
is_linear=0
shrinkage=0.05


Tree=17
num_leaves=10
num_cat=0
split_feature=108 52 49 116 67 124 126 99 99
split_gain=845.17 17.2457 10.3231 4.84449 13.3284 2.52308 2.17873 0.0595936 0.0441656
threshold=3.4695249269134372e-05 1.0500000119209292 0.27653878927230841 0.44341652095317846 55.430170059204109 1.0000000180025095e-35 -1508.6085205078123 0.62089696526527416 0.79983696341514599
decision_type=2 8 10 2 2 8 2 10 10
left_child=1 3 7 4 5 -1 -3 -2 -9
right_child=2 6 -4 -5 -6 -7 -8 8 -10
leaf_value=0.016972045400595444 -0.052342023207106826 0.026467164397537525 0.044457034787174471 0.077579825232277133 0.070512139121227946 -0.045457222217960662 -0.041210071332291126 -0.0023399472266677503 -0.021947130179815307
leaf_weight=2.060708254575732 328.2770164757967 0.88257423788309086 2.0706852674484244 205.33581131696701 13.35011315345764 2.9045940339565277 3.1461937874555579 0.66623965278267749 0.70551120117306709
leaf_count=12 6132 9 12 889 57 25 44 12 13
internal_value=-0.000655019 0.073346 -0.0515144 0.0752002 0.0458862 -0.021046 -0.0240692 -0.0522499 -0.0174259
internal_weight=559.399 227.68 331.719 223.651 18.3154 4.9653 4.02877 329.649 1.37175
internal_count=7205 1036 6169 983 94 37 53 6157 25
is_linear=0
shrinkage=0.05


Tree=18
num_leaves=12
num_cat=0
split_feature=108 54 49 123 2 116 126 120 85 14 14
split_gain=788.172 10.6057 7.55063 4.15981 12.4538 2.43706 2.18093 1.70646 0.441019 0.794529 0.233645
threshold=3.4695249269134372e-05 1.0000000180025095e-35 0.36965844035148626 -1328.8312988281248 55.451335906982429 1.0437448620796206 -633.52023315429676 -150.49999999999997 0.014185110572725536 0.36666667461395269 0.072299651801586165
decision_type=2 8 10 10 10 2 2 2 2 10 10
left_child=1 3 8 4 5 -1 -3 -5 -2 10 -10
right_child=2 6 -4 7 -6 -7 -8 -9 9 -11 -12
leaf_value=-0.042896822839137483 -0.052227320913030284 0.026521890612744816 0.033389854800803691 0.015696877018574435 0.071593777068962042 0.024724676082144452 -0.036745259075571128 0.075562219087666693 -0.0099208896253543954 -0.039247565789657914 0.015096991980526496
leaf_weight=3.2918405532836905 309.00718520581722 1.4896762594580653 1.9819043427705754 1.7950758114457119 9.4818577766418439 1.1633910983800886 2.1215801909565917 200.76982066780329 1.3070159479975689 2.8697237409651279 0.56746444851160038
leaf_count=25 6044 16 11 9 41 5 31 892 24 55 10
internal_value=-0.000710044 0.0717334 -0.0512809 0.0731482 0.0414953 -0.0239435 -0.0105551 0.0751114 -0.0519202 -0.0263049 0.000270083
internal_weight=535.847 220.113 315.733 216.502 13.9371 4.45523 3.61126 202.565 313.751 4.7442 1.87448
internal_count=7163 1019 6144 972 71 30 47 901 6133 89 34
is_linear=0
shrinkage=0.05


Tree=19
num_leaves=15
num_cat=0
split_feature=52 88 115 123 128 93 65 129 65 3 85 17 85 85
split_gain=736.175 14.4981 7.30827 4.75589 13.8717 1.69837 1.36238 1.78041 1.11051 0.63473 0.548352 0.940027 0.281665 0.0556128
threshold=1.0500000119209292 0.19169820100069049 0.32168674468994146 -1328.8312988281248 -1.0000000180025095e-35 0.016667738556861881 65.415515899658217 0.60777598619461071 37.743314743041999 31.830239295959476 0.014185110572725536 0.038650600239634521 0.058390023186802871 0.063508063554763808
decision_type=8 8 2 10 10 8 2 8 2 10 2 10 2 2
left_child=1 9 -3 4 8 10 -7 -8 -4 -1 -2 13 -13 -12
right_child=5 2 3 -5 -6 6 7 -9 -10 -11 11 12 -14 -15
leaf_value=-0.038356290865282174 -0.052072616264772276 -0.016030496312331693 -0.04821148340959916 0.07372815248087361 0.069095904620417772 -0.03630003532711331 0.041153011727188604 -0.026236596274912247 0.0020495336941396217 0.0070088120387025625 -0.0067709052133926341 -0.0094391095106775638 0.021470611767420815 -0.038903331451209784
leaf_weight=2.5081373266875739 293.8870250955224 2.0686212405562392 2.6102368831634513 198.10873957723379 9.6800917685031873 2.1112775653600684 1.1101176291704176 0.91626259684562716 1.4667407125234602 0.63709471374750126 0.642548438161611 0.58868704363703706 0.57664033025503159 2.7918867953121662
leaf_count=42 6017 13 19 899 43 36 12 12 9 8 12 11 10 55
internal_value=-0.000950838 0.0691334 0.0707178 0.0716361 0.0385545 -0.0512861 -0.0148663 0.0120809 -0.0332874 -0.0296932 -0.0517396 -0.0249623 0.00870799 -0.0357742
internal_weight=519.704 217.08 213.934 211.866 13.7571 302.624 4.13766 2.02638 4.07698 3.14523 298.487 4.59976 1.16533 3.43444
internal_count=7198 1033 983 970 71 6165 60 24 28 50 6105 88 21 67
is_linear=0
shrinkage=0.05


Tree=20
num_leaves=13
num_cat=0
split_feature=52 16 49 115 2 69 124 115 124 85 85 85
split_gain=671.942 16.7338 5.47065 5.23639 3.61669 3.50408 3.65717 3.13976 2.31417 0.2629 0.381359 0.158891
threshold=1.0500000119209292 0.21505891531705859 0.31882172822952276 0.32168674468994146 686.08813476562511 66.719139099121108 0.50506445765495311 0.62066107988357555 -0.26599924266338343 0.014185110572725536 0.35416667163372045 0.069047622382640853
decision_type=8 8 8 2 10 2 8 2 8 2 2 2
left_child=1 4 9 -3 -1 -4 -7 8 -5 -2 11 -11
right_child=2 3 5 7 -6 6 -8 -9 -10 10 -12 -13
leaf_value=-0.043576589044084985 -0.051994955033019645 -0.010497302348482486 -0.036219193794785387 0.019831836582804522 0.043745483874142538 0.06843691468288364 -0.026567108559409365 0.017907224024484348 0.071617212656145096 -0.013180772604374683 -0.03774180289556734 0.0079089713799013004
leaf_weight=3.7354508489370337 279.66999289765954 1.7933619916439045 2.2489610686898223 3.1076117753982544 0.70027624070644368 1.6200259253382681 0.96267235651612315 3.6393490135669699 192.91165082156658 1.4914491772651666 2.5239029377698898 0.58135867118835438
leaf_count=58 6011 11 30 17 3 15 14 17 899 28 52 10
internal_value=-0.00170693 0.067141 -0.0508009 0.069264 -0.0242793 0.00162719 0.0354939 0.0700291 0.0709011 -0.0516946 -0.0273966 -0.00661685
internal_weight=494.986 205.888 289.098 201.452 4.43573 4.83166 2.5827 199.659 196.019 284.267 4.59671 2.07281
internal_count=7165 1005 6160 944 61 59 29 933 916 6101 90 38
is_linear=0
shrinkage=0.05


Tree=21
num_leaves=12
num_cat=0
split_feature=48 128 6 125 18 32 124 49 122 99 99
split_gain=639.123 20.8632 15.8902 7.24414 9.36013 3.40947 2.8174 1.31736 0.139287 0.105448 0.0889587
threshold=0.12674840539693835 -1330.0451660156248 55.568002700805671 -10.499999999999998 0.28050974011421209 27.263514518737797 0.50506445765495311 0.36965844035148626 1.0000000180025095e-35 0.62089696526527416 0.77018395066261303
decision_type=8 10 10 2 10 8 8 10 8 10 10
left_child=7 2 5 4 -3 -2 8 9 -4 -1 -11
right_child=1 3 6 -5 -6 -7 -8 -9 -10 10 -12
leaf_value=-0.051585276614964148 0.019835616555682098 -0.041438277921400729 0.06650689451254535 0.071359480146723039 0.058000375478643534 -0.051373551108675447 -0.0078762098049278608 0.012239946043728144 0.024249616288381487 0.00039083158887747821 -0.021566969484654284
leaf_weight=266.86155975982547 1.5801461786031739 3.0421125143766394 7.2091821655631056 185.79886423796415 4.9168316572904587 6.5422857291996479 1.4810403920710076 0.46559704840183158 1.8289601802825917 0.58555385470390209 0.69579092040657997
leaf_count=6004 10 18 35 893 22 88 17 3 14 12 15
internal_value=-0.000148224 0.0645001 0.0131726 0.0693454 0.0196095 -0.0368646 0.0516553 -0.0513178 0.0612233 -0.0514733 -0.0157597
internal_weight=481.008 212.399 18.6416 193.758 7.95894 8.12243 10.5192 268.609 9.03814 268.143 1.28134
internal_count=7131 1097 164 933 40 98 66 6034 49 6031 27
is_linear=0
shrinkage=0.05


Tree=22
num_leaves=15
num_cat=0
split_feature=108 115 127 115 95 126 124 4 125 20 85 44 49 85
split_gain=605.481 11.2479 8.07438 6.23008 4.26156 2.76779 2.45673 1.93886 0.744172 1.67405 0.612597 1.16036 0.338968 0.223453
threshold=3.4695249269134372e-05 0.62066107988357555 1.0000000180025095e-35 0.32168674468994146 0.096685566008090987 -193763.07812499997 -0.34899012744426722 66.15021133422853 -10.499999999999998 0.30042758584022528 0.014185110572725536 0.018321045674383644 0.36965844035148626 0.048900047317147262
decision_type=2 2 8 2 10 2 8 10 2 10 2 10 10 2
left_child=1 3 7 -1 10 -5 -7 -3 9 -8 12 -12 -2 -13
right_child=4 2 -4 5 -6 6 8 -9 -10 -11 11 13 -14 -15
leaf_value=-0.01425267025398036 -0.051684897114144868 0.0054186325656441353 -0.048470445963607285 -0.020973786250529085 0.041093936410686614 0.0082906407508179219 -0.0015118496843047177 0.073475697913451474 0.069129519068847817 0.054335086579399616 -0.036387439680150492 -0.0067937555274864411 -0.010895521246269557 0.022136996410684819
leaf_weight=2.0358353704214087 258.63402203470469 1.9565452709794038 3.2506888322532177 0.46301935613155265 0.56260186806321044 2.0103350207209587 1.9750445336103428 1.7755047604441641 182.77249781787395 2.8631795048713684 3.0459582135081282 0.50468567758798577 1.1176952868700016 0.66748615354299545
leaf_count=16 6100 18 39 3 4 11 11 10 905 13 66 10 7 12
internal_value=-0.00134323 0.0643392 0.00174374 0.0665934 -0.0508358 0.0675294 0.0678544 0.0464815 0.0684453 0.0351834 -0.0511861 -0.0230986 -0.0515518 0.0122875
internal_weight=463.635 199.103 6.98274 192.12 264.532 190.084 189.621 3.73205 187.611 4.83822 263.97 4.21813 259.752 1.17217
internal_count=7225 1026 67 959 6199 943 940 28 929 24 6195 88 6107 22
is_linear=0
shrinkage=0.05


Tree=23
num_leaves=11
num_cat=0
split_feature=89 52 115 125 18 126 98 124 115 71
split_gain=560.54 16.1437 9.24174 4.39451 6.01163 4.3624 2.46517 0.702758 0.208414 0.0075283
threshold=0.18873507529497149 1.3452380895614626 0.32168674468994146 -10.499999999999998 0.28050974011421209 -633.52023315429676 0.65485322475433361 -0.26599924266338343 0.6636965572834016 1413.7432861328127
decision_type=8 8 2 2 10 2 10 8 2 2
left_child=6 2 -2 4 -4 -3 9 -5 -9 -1
right_child=1 5 3 7 -6 -7 -8 8 -10 -11
leaf_value=-0.051311238702606871 -0.028528587783222259 0.045035157815544437 -0.027300350225089389 0.023443695326069117 0.054974153635904979 -0.043200561784062411 0.021844226330514999 0.067867511425449945 0.032328284118147053 -0.0097742842695556654
leaf_weight=246.87089873105288 2.1327794492244712 1.016138259321451 2.8967818953096858 2.2740729600191116 4.5774503946304321 4.1876636408269396 0.64844337850808997 175.95873862504959 3.0855895951390258 0.53727972507476707
leaf_count=6087 19 10 16 13 21 78 8 899 17 13
internal_value=-0.00112638 0.0618687 0.0642408 0.0654336 0.0236283 -0.0214889 -0.0509827 0.0670178 0.067438 -0.0512607
internal_weight=444.186 196.129 190.925 188.793 7.47423 5.2038 248.057 181.318 179.044 247.408
internal_count=7181 1073 985 966 37 88 6108 929 916 6100
is_linear=0
shrinkage=0.05


Tree=24
num_leaves=14
num_cat=0
split_feature=52 16 115 125 18 1 49 124 129 124 85 99 14
split_gain=535.251 10.8286 7.28663 3.68501 5.50051 3.10836 2.78356 2.32037 1.2915 1.55679 0.477042 1.00558 0.103052
threshold=1.0500000119209292 0.21505891531705859 0.32168674468994146 -14.499999999999998 0.30099447071552282 1380.3296508789065 0.53236433863639843 -0.34899012744426722 0.54387021064758312 0.38315427303314215 0.014185110572725536 0.054077738896012313 0.061862245202064521
decision_type=8 8 2 2 10 2 10 8 10 10 2 10 10
left_child=1 5 -3 4 -4 -1 8 -5 10 -10 -2 12 -12
right_child=6 2 3 7 -6 -7 -8 -9 9 -11 11 -13 -14
leaf_value=-0.040134056363832701 -0.051264053867404603 -0.026940288536273161 -0.03331690090916626 0.0077451221558981279 0.054667677256971019 0.042037342170303443 0.024164883948709828 0.066316399105674689 -0.032658954857208398 0.028040024827797407 -0.0046533496969287961 0.01650622476366571 -0.037041364572892026
leaf_weight=2.9730020388960834 233.83154446259141 1.6991596445441235 2.1995137482881537 1.9921032339334486 3.2096896916627884 0.70650039613246907 0.70908448100089927 177.05255300551653 1.5872661210596555 0.84111386537551869 0.60684358701109875 0.67526422441005696 2.421684704720974
leaf_count=57 6038 11 11 11 15 3 4 929 31 10 13 13 57
internal_value=-0.000793678 0.0618033 0.0634871 0.0644609 0.0192748 -0.0187447 -0.050219 0.0657114 -0.0505381 -0.00958836 -0.0509148 -0.0226559 -0.0333176
internal_weight=430.505 189.833 186.153 184.454 5.4092 3.6795 240.673 179.045 239.964 2.42838 237.535 3.70379 3.02853
internal_count=7203 1037 977 966 26 60 6166 940 6162 41 6121 83 70
is_linear=0
shrinkage=0.05


Tree=25
num_leaves=14
num_cat=0
split_feature=52 108 49 67 128 123 123 12 125 93 85 22 14
split_gain=498.93 13.5622 6.56782 5.43835 12.716 8.746 1.27205 0.883816 0.823444 0.661401 0.589512 0.904508 0.228068
threshold=1.0500000119209292 3.4695249269134372e-05 0.27653878927230841 55.430170059204109 -16.053084373474118 -1.0000000180025095e-35 -751.61132812499989 0.87500000000000011 -187.49999999999997 7.9417000961257158e-05 0.014185110572725536 0.10773140564560892 0.061862245202064521
decision_type=8 2 10 2 10 10 8 10 2 10 2 10 10
left_child=1 3 7 4 5 6 -1 10 -5 -3 -2 12 -12
right_child=2 9 -4 8 -6 -7 -8 -9 -10 -11 11 -13 -14
leaf_value=-0.0041637982283395623 -0.051232271253011163 0.0078111508635538493 0.037584566135136069 0.016260735313092901 0.063532269117055423 0.045963962337308241 -0.058587807404485603 -0.00044667730406634955 0.065603075425632665 -0.040128119416292067 -0.0016639762839894185 0.016588172023749365 -0.036367856521038293
leaf_weight=1.5792903117835519 223.88081818073988 0.53171192109584753 1.4540243446826924 1.6236921101808537 14.842181622982025 3.3142354190349579 3.9332410953938961 0.89128512144088645 157.64148958027363 2.7938785701990128 0.66072750091552723 0.59779350832104672 2.5530657321214676
leaf_count=13 6066 6 9 7 78 17 27 10 855 53 14 11 62
internal_value=-0.000767954 0.0598889 -0.049928 0.0617344 0.0366867 -0.0103257 -0.0460293 -0.0506459 0.0652046 -0.0324295 -0.0508396 -0.0219213 -0.0313211
internal_weight=416.297 186.26 230.038 182.934 23.6689 8.82677 5.51253 228.584 159.265 3.32559 227.692 3.81159 3.21379
internal_count=7228 1056 6172 997 135 57 40 6163 862 59 6153 87 76
is_linear=0
shrinkage=0.05


Tree=26
num_leaves=13
num_cat=0
split_feature=108 59 49 127 122 125 18 46 61 85 99 14
split_gain=465.771 10.1411 8.39183 8.103 3.77834 3.19429 4.26813 1.13759 0.654285 0.407612 0.770874 0.0736165
threshold=3.4695249269134372e-05 38.323677062988288 0.27653878927230841 1.0000000180025095e-35 -1.0000000180025095e-35 -10.499999999999998 0.28050974011421209 0.16695995628833774 268.60145568847662 0.014185110572725536 0.097990114241838469 0.043312733992934234
decision_type=2 2 10 8 10 2 10 8 2 2 10 10
left_child=1 3 9 4 -1 6 -3 -7 -5 -2 11 -11
right_child=2 5 -4 8 -6 7 -8 -9 -10 10 -12 -13
leaf_value=-0.015820295730259264 -0.051114786397959855 -0.018384517770744308 0.032254768263262505 -0.045169985068960958 0.062734799140961778 0.018393227217250476 0.051746606837532808 0.064294154935060077 0.0023104624035674821 -0.0046959809492514923 0.011788699725018078 -0.0356597444651209
leaf_weight=1.6107511408627031 213.08549274876714 2.9139581173658362 2.4563925787806502 3.4786649718880653 4.8143164962530118 2.3353124707937232 4.4920951128005981 156.15170234441757 0.75363134965300549 0.55828901007771481 0.71548707410693158 2.5745244100689888
leaf_count=17 6067 16 14 45 26 14 22 879 8 12 13 64
internal_value=-0.00111674 0.0591535 -0.0496665 0.0107406 0.0435629 0.0621807 0.0252486 0.0637374 -0.0378896 -0.0507379 -0.0236291 -0.0326132
internal_weight=395.941 176.55 219.39 10.6574 6.42507 165.893 7.40605 158.487 4.2323 216.934 3.8483 3.13281
internal_count=7197 1027 6170 96 43 931 38 893 53 6156 89 76
is_linear=0
shrinkage=0.05


Tree=27
num_leaves=14
num_cat=0
split_feature=108 45 123 49 65 127 120 32 122 85 17 71 71
split_gain=446.413 8.56951 10.7168 7.74711 5.53201 4.45859 2.7278 1.40525 1.32503 0.481217 1.01753 0.129894 0.0591729
threshold=3.4695249269134372e-05 0.076432842761278166 -8.1888890266418439 0.27653878927230841 55.718484878540046 45.228828430175788 -8.4999999999999982 30.832298278808597 79.553733825683608 0.014185110572725536 0.038650600239634521 296.46665954589849 1413.7432861328127
decision_type=2 8 10 10 2 8 2 8 8 2 10 2 2
left_child=1 -1 4 9 7 -6 -4 -3 -7 12 11 -11 -2
right_child=3 2 6 -5 5 8 -8 -9 -10 10 -12 -13 -14
leaf_value=0.063109907237367743 -0.050983580080894202 0.006971565768127283 -0.0067375205854432775 0.0277980215816187 0.068852588779340737 0.020635411143364264 0.060314885646863527 -0.052310291146391352 -0.036937738488015681 -0.0014907487442022615 0.014667197591514251 -0.037147520840171304 -0.007758460336187452
leaf_weight=150.42518495768309 201.37236169725657 0.96506111323833643 1.4725414589047421 2.6159184724092475 1.9838411100208757 0.81390419974923156 14.403364248573778 4.3105359151959419 1.5971615761518476 0.36850378662347782 0.83168403431773175 2.4811975173652172 0.47078953310847182
leaf_count=874 6015 7 9 15 12 6 82 50 19 8 16 64 13
internal_value=4.83332e-05 0.0584934 0.0299566 -0.0494073 -0.0109792 0.0272373 0.0540649 -0.042083 -0.0171508 -0.0505198 -0.0223208 -0.0341216 -0.0509215
internal_weight=384.112 175.972 25.5464 208.14 9.6705 4.39491 15.8759 5.2756 2.41107 205.525 3.68139 2.8497 201.843
internal_count=7190 1059 185 6131 94 37 91 57 25 6116 88 72 6028
is_linear=0
shrinkage=0.05


Tree=28
num_leaves=12
num_cat=0
split_feature=108 115 127 115 124 50 47 125 125 4 16
split_gain=416.949 7.74656 6.38266 6.31839 2.95982 2.89597 3.15841 2.20294 2.16721 1.74218 0.132298
threshold=3.4695249269134372e-05 0.62066107988357555 1.0000000180025095e-35 0.32168674468994146 -0.34899012744426722 0.66089934110641491 0.86766350269317638 -10.499999999999998 -73.499999999999986 66.15021133422853 0.12900230288505557
decision_type=2 2 8 2 8 10 10 2 2 10 10
left_child=1 3 9 -1 -5 -2 -7 8 -6 -3 -4
right_child=5 2 10 4 7 6 -8 -9 -10 -11 -12
leaf_value=-0.024077067397215199 -0.050484483533318428 -0.00031697366539528018 -0.045517595235150789 0.00098332737687139497 0.043730902199367025 0.045875526697388307 -0.034239484900355041 0.062876662635863625 -0.013530797786368379 0.066824360411029293 -0.0061837418082785192
leaf_weight=1.728975724428891 196.56749453395605 1.4139536172151559 2.5427945554256444 2.0704159960150719 3.6402907520532608 1.1071352884173387 1.9569622054696081 148.00563701614738 1.9745540171861637 1.9881100207567213 0.60030351579189289
leaf_count=14 6127 16 36 13 19 9 37 892 11 12 7
internal_value=-0.00132186 0.0575681 0.00367892 0.0597713 0.0608502 -0.0497363 -0.00112668 0.0616455 0.0245926 0.0451864 -0.041311
internal_weight=363.597 163.965 6.54516 157.42 155.691 199.632 3.0641 153.62 5.61484 3.40206 3.1431
internal_count=7193 1020 71 949 935 6173 46 922 30 28 43
is_linear=0
shrinkage=0.05


Tree=29
num_leaves=12
num_cat=0
split_feature=48 116 6 127 122 93 46 33 91 127 71
split_gain=391.449 14.2283 14.2387 4.02581 4.95882 1.47838 2.36372 1.40628 1.06588 1.31465 0.0159709
threshold=0.12674840539693835 0.44341652095317846 55.568002700805671 34.62660217285157 3.4106051316484814e-13 0.0036501199938356881 0.55259269475936901 24.230171203613285 0.2501120418310166 -4.1294665336608878 1413.7432861328127
decision_type=8 2 10 8 8 10 10 8 10 8 2
left_child=8 2 7 -4 -5 6 -3 -2 10 -10 -1
right_child=1 5 3 4 -6 -7 -8 -9 9 -11 -12
leaf_value=-0.050509171014295043 0.0088324713001881761 -0.017851767362864836 0.066461061419314349 0.044599383404979473 -0.042633544138341334 0.062120735334250957 0.046592011693964028 -0.048868651171478289 0.033908474049081032 -0.027631430363832817 -0.0092609286181370397
leaf_weight=184.41888576745987 0.92374603450298565 1.5858958587050427 7.2120068520307523 2.6469545289874077 1.9599037393927572 139.09373689070344 2.8342408686876297 5.7803919725120068 0.37867350876331329 1.4162340518087138 0.52338916063308616
leaf_count=6034 6 14 42 16 23 867 16 92 6 35 15
internal_value=-0.000847367 0.0558345 0.0137214 0.0454205 0.00650288 0.0611374 0.0244426 -0.0408037 -0.0500672 -0.00716134 -0.0504429
internal_weight=348.774 162.037 18.523 11.8189 4.60686 143.514 4.42014 6.70414 186.737 1.79491 184.942
internal_count=7166 1076 179 81 39 897 30 98 6090 41 6049
is_linear=0
shrinkage=0.05


Tree=30
num_leaves=15
num_cat=0
split_feature=89 52 107 17 44 124 59 96 126 122 125 71 85 85
split_gain=372.401 12.9709 4.04241 10.0685 3.44043 2.10876 1.30537 1.24015 0.788475 0.790812 0.604585 0.0697098 0.0364693 0.159439
threshold=0.21720667183399203 1.3452380895614626 55.448255538940437 0.026559825055301193 0.19723790138959887 -0.48011665046215052 28.026751518249515 0.230799175798893 -134.47262573242185 -50.79968070983886 -187.49999999999997 1413.7432861328127 0.0089687905274331587 0.11528239399194719
decision_type=8 8 2 8 10 10 2 10 2 10 2 2 2 2
left_child=4 2 3 5 11 -2 -5 -6 9 -3 -4 12 -1 -14
right_child=1 8 10 6 7 -7 -8 -9 -10 -11 -12 -13 13 -15
leaf_value=-0.050637667280075405 -0.001312200162717091 -0.021967521257776814 0.017452208788170099 0.0058858612801435568 0.030896347983869244 0.059166376477469022 -0.04814886813374944 -0.020741918476192302 -0.039016135930086793 0.026354210577208499 0.061556407448714184 -0.0071212880347474227 -0.0068895204399623518 -0.033477589207124625
leaf_weight=174.06836766563356 1.580716252326966 0.70114307478070259 1.7382629215717305 1.3342214077711099 1.2398432381451123 11.504064723849297 2.5951686650514603 1.4497068524360655 2.687299355864524 0.69701981171965577 133.35581947863102 0.45074832811951537 1.5097747519612306 1.8285199142992494
leaf_count=5991 9 13 8 9 15 70 19 19 63 7 863 13 35 55
internal_value=-0.000622275 0.0557198 0.0580982 0.0320342 -0.0494031 0.0522858 -0.0323294 0.00498472 -0.0268433 0.0030664 0.0611213 -0.0502488 -0.0503178 -0.0258127
internal_weight=336.741 156.194 152.108 17.0142 180.547 13.0848 3.92939 2.68955 4.08546 1.39816 135.094 177.857 177.407 3.33829
internal_count=7189 1061 978 107 6128 79 28 34 83 20 871 6094 6081 90
is_linear=0
shrinkage=0.05


Tree=31
num_leaves=15
num_cat=0
split_feature=52 124 6 120 18 48 18 129 127 4 85 91 124 14
split_gain=341.174 9.11299 9.14227 5.06184 3.96936 3.83401 2.64042 1.71285 1.89916 0.987437 0.852149 0.841089 0.744331 0.222219
threshold=1.0500000119209292 0.20322173833847049 55.568002700805671 -9.4999999999999982 0.18371187895536426 0.12674840539693835 0.45960126817226415 0.54387021064758312 75.929698944091811 65.415515899658217 0.014185110572725536 0.021385240368545059 -0.34899012744426722 0.060024010017514236
decision_type=8 8 10 2 10 10 10 10 8 8 2 10 10 10
left_child=1 3 6 4 9 7 -3 10 -9 -1 -2 -12 -5 -13
right_child=5 2 -4 12 -6 -7 -8 8 -10 -11 11 13 -14 -15
leaf_value=-0.042791722340555886 -0.050364487481175182 -0.046816410966887968 0.049127712519668874 0.01484282666190772 0.045847300064879137 0.023086606045210668 0.028555789555724971 0.04191608323917078 -0.029727917522718191 0.0053177423908686476 -0.031400958504000154 -0.0066585144559787972 0.060789340967620509 0.021872507568331537
leaf_weight=1.6629526391625393 166.61289807967842 4.638037007302044 6.0954076945781708 1.6453102156519879 2.9954842031002045 1.3081566356122483 0.74595350027084339 0.55925700068473705 1.2745876275002954 1.4495155215263369 2.2124132178723808 0.56721409410238244 127.8011942319572 0.59064354747533798
leaf_count=17 5979 67 38 10 19 10 4 5 30 8 65 13 859 12
internal_value=-0.00118783 0.0546209 0.0107766 0.0582278 0.0115724 -0.0486272 -0.0335363 -0.0493037 -0.000797788 -0.0245416 -0.0498193 -0.0175085 0.0603236 0.0112871
internal_weight=320.159 147.034 11.4794 135.554 6.10795 173.125 5.38399 171.817 1.83384 3.11247 169.983 3.37027 129.447 1.15786
internal_count=7136 1022 109 913 44 6114 71 6104 35 25 6069 90 869 25
is_linear=0
shrinkage=0.05


Tree=32
num_leaves=14
num_cat=0
split_feature=52 116 67 95 123 61 106 85 46 42 84 116 127
split_gain=332.147 10.8227 8.95572 2.68868 2.31419 1.95875 1.92645 0.816253 0.752875 0.671766 0.441426 0.0668434 0.0319278
threshold=1.0500000119209292 0.4918575137853623 55.612714767456062 0.096685566008090987 256.94978332519537 1045.0505981445315 36.358932495117195 0.015772478654980663 0.16695995628833774 0.35416667163372045 0.092624358832836165 0.67885988950729381 84.20841217041017
decision_type=8 2 2 10 8 2 2 2 8 8 2 2 8
left_child=1 2 6 5 -4 7 -1 -2 -3 10 12 -10 -9
right_child=3 8 4 -5 -6 -7 -8 9 11 -11 -12 -13 -14
leaf_value=0.0067300886718916252 -0.050350644915542656 0.018210430999192402 0.057147956850493412 0.017377899348999165 -0.0011129247644292204 0.026363867974605798 -0.047108039763988578 -0.00043598212434961824 0.024441912248311898 -0.032477846322317747 0.025819513520354494 0.059554195240728358 -0.014682478336706488
leaf_weight=2.1300005316734305 162.44214887171984 2.2310808449983588 6.3382721096277219 1.0597601458430279 2.1710343509912491 0.27372691407799621 4.1052094046026468 0.62482065334916059 2.0260130539536467 1.6917102187871931 0.43523805215954769 126.171616576612 0.45948561280965794
leaf_count=18 6087 12 41 13 13 4 69 15 13 54 9 882 10
internal_value=-0.00105292 0.0540647 0.0124746 -0.0490071 0.0437296 -0.0495326 -0.0303282 -0.0498155 0.0586356 -0.017216 0.00592166 0.0591928 -0.0106209
internal_weight=312.16 145.173 14.7445 166.987 8.50931 165.927 6.23521 165.653 130.429 3.21125 1.51954 128.198 1.08431
internal_count=7240 1048 141 6192 54 6179 87 6175 907 88 34 895 25
is_linear=0
shrinkage=0.05


Tree=33
num_leaves=14
num_cat=0
split_feature=108 123 4 115 127 49 125 18 85 44 117 84 115
split_gain=306.48 8.80012 9.89948 4.69439 4.20413 2.74855 1.74252 3.3127 0.823547 0.92805 0.560673 0.184343 0.0132677
threshold=6.8527751864166944e-05 -1328.8312988281248 54.880825042724616 0.32168674468994146 1.0000000180025095e-35 0.27653878927230841 -10.499999999999998 0.28050974011421209 0.014185110572725536 0.018321045674383644 95.750000000000014 0.06881504133343698 0.6636965572834016
decision_type=2 10 10 2 8 10 2 10 2 10 2 2 2
left_child=1 2 10 -3 -4 8 7 -5 -2 -10 -1 -11 -8
right_child=5 3 4 6 -6 -7 12 -9 9 11 -12 -13 -14
leaf_value=-0.048981970822694343 -0.050318470956951272 -0.019830289565539588 0.058305310892360934 -0.025926631731573682 -0.023033206267871829 0.0088867366965215949 0.059463826949444333 0.048227703808505759 -0.031536387275827575 -0.0048493682693062619 -0.0028408002532628891 0.023165409614319423 0.027147192528280219
leaf_weight=3.6110146995633832 151.97193849086761 1.525573968887328 6.7199882902204982 1.680036837235092 1.4197631776332844 1.7406688928604115 117.01075267791748 2.8055770844221115 2.0859041269868608 0.48413717746734597 0.917942190542817 0.54228202253580093 2.4387178868055335
leaf_count=54 6029 14 46 13 23 11 852 16 65 11 8 10 19
internal_value=-0.00136501 0.0527406 0.0119306 0.0567346 0.0431501 -0.0490527 0.0578282 0.0207907 -0.0497558 -0.0167272 -0.0418352 0.0140793 0.0590349
internal_weight=294.954 138.129 12.6687 125.461 8.13975 156.825 123.935 4.48561 155.084 3.11232 4.52896 1.02642 119.449
internal_count=7171 1045 131 914 69 6126 900 29 6115 86 62 21 871
is_linear=0
shrinkage=0.05


Tree=34
num_leaves=15
num_cat=0
split_feature=89 52 125 18 98 128 59 127 75 46 59 85 71 71
split_gain=293.231 9.4939 4.59517 4.45811 3.31152 2.44588 4.4772 2.01406 2.69359 1.006 0.539689 0.314917 0.441346 0.160864
threshold=0.21720667183399203 1.3452380895614626 -10.499999999999998 0.28050974011421209 0.60840368270874035 inf 162.70667266845706 1.0000000180025095e-35 0.49489796161651617 0.16695995628833774 38.323677062988288 0.014185110572725536 296.46665954589849 1413.7432861328127
decision_type=8 8 2 10 10 8 2 8 2 10 2 2 2 2
left_child=4 2 3 -2 9 -4 10 8 -3 11 -7 13 -13 -1
right_child=1 7 5 -5 -6 6 -8 -9 -10 -11 -12 12 -14 -15
leaf_value=-0.050303813833330352 -0.034590654643387099 0.064815829298876859 0.05914831369379641 0.042873063756476676 0.029431060397865777 -0.034889127960284046 0.04954109188918427 -0.039477024025232323 -0.025450566013078033 0.0046903475519817529 0.0038606917490406501 0.0063239196735962074 -0.029568862417099974 -0.003677976004913824
leaf_weight=144.15604078955948 2.4216185286641112 0.55028042197227367 115.69259776175022 3.1178645342588425 0.73005060479044814 1.5563026480376714 5.115229919552803 2.6346872560679913 0.94636079482734203 0.68658499047160049 1.1062496900558469 0.76281679421663229 2.1095926947891712 0.34947989508509536
leaf_count=5989 14 3 869 18 9 17 37 58 25 8 7 18 64 12
internal_value=-0.00084513 0.0528527 0.055244 0.00889817 -0.0489259 0.0572351 0.0252797 -0.0180343 0.0204061 -0.0495071 -0.0221309 -0.0497895 -0.0208654 -0.0502171
internal_weight=281.936 133.141 129.01 5.53948 148.795 123.47 7.77778 4.13133 1.49664 148.065 2.66255 147.378 2.87241 144.506
internal_count=7148 1048 962 32 6100 930 61 86 28 6091 24 6083 82 6001
is_linear=0
shrinkage=0.05


Tree=35
num_leaves=15
num_cat=0
split_feature=108 115 115 127 99 46 124 6 125 6 85 71 71 56
split_gain=277.151 6.92516 5.2654 5.21003 4.96829 4.52449 2.85176 1.80085 1.35165 3.29237 0.131098 0.379337 0.0804822 0.0390101
threshold=3.4695249269134372e-05 0.32168674468994146 0.62066107988357555 3.4106051316484814e-13 0.30072806775569921 0.0059461377095431098 -0.34899012744426722 66.15021133422853 -10.499999999999998 69.451473236083999 0.015772478654980663 211.771598815918 1413.7432861328127 8.5000000000000018
decision_type=2 2 2 8 10 10 8 10 2 10 2 2 2 2
left_child=1 -1 6 7 10 13 -3 -4 9 -8 12 -12 -2 -6
right_child=4 2 3 -5 5 -7 8 -9 -10 -11 11 -13 -14 -15
leaf_value=-0.030340148616636444 -0.050077751946689911 -0.006585883101920792 -0.0082562928725197823 -0.042232422647838205 -0.035434700404559483 0.056138567875905682 -0.021890948932613254 0.059230194149405294 0.05799299396887761 0.049090592574363906 0.0062739385115340163 -0.029335748348431407 -0.0066979213916372547 -0.0038047632858284014
leaf_weight=1.8971658311784256 135.97741841338575 1.6030753776431084 1.0925047397613519 2.3263500425964594 1.9351932797580955 1.5105764865875242 1.8470867164432991 2.3301227018237114 116.30344624444842 3.4730035960674286 0.59946142509579603 1.8798363003879783 0.44015888869762321 0.37163488380610932
leaf_count=16 5935 11 14 42 56 8 12 16 915 21 14 60 15 10
internal_value=-6.34483e-05 0.0522813 0.0537207 0.00585091 -0.0480947 0.00658316 0.0558889 0.0406924 0.0567594 0.0248821 -0.0496338 -0.0213972 -0.0499875 -0.0330306
internal_weight=273.587 130.873 128.976 5.74898 142.714 3.8174 123.227 3.42263 121.624 5.32009 138.897 2.4793 136.418 2.30683
internal_count=7145 1047 1031 72 6098 74 959 30 948 33 6024 74 5950 66
is_linear=0
shrinkage=0.05


Tree=36
num_leaves=14
num_cat=0
split_feature=89 93 32 98 116 4 67 2 127 124 85 85 85
split_gain=259.278 10.0201 9.35131 3.03985 2.36179 2.80269 2.00858 2.55743 1.57723 0.800112 0.226809 0.331177 0.0634521
threshold=0.18873507529497149 0.0036501199938356881 67.173957824707045 0.65485322475433361 0.67885988950729381 36.858585357666023 55.612714767456062 30.514652252197269 34.62660217285157 0.042901003733277328 0.014185110572725536 0.11528239399194719 0.04446640424430371
decision_type=8 10 10 10 2 8 2 10 8 8 2 2 2
left_child=3 2 6 10 5 -3 7 -2 -8 -4 -1 12 -12
right_child=1 4 9 -5 -6 -7 8 -9 -10 -11 11 -13 -14
leaf_value=-0.049891862171375853 0.022782808245231892 -0.032480241020673567 0.053244209171970071 0.026862233741732962 0.057777444607115216 0.039576479889503836 0.037333288127703569 -0.049534505321744464 -0.02204418421516563 0.0077590354452651764 -0.0071162604164572213 -0.031493166214627624 0.0069493193635613015
leaf_weight=130.23267188668251 0.91211165487766432 1.290704309940337 7.7164539098739606 0.73338278196751971 104.70341892912984 2.4511320628225808 1.4107812400907276 4.9201705791056156 1.1920222584158184 1.5133503228425977 0.56596054136753016 1.574448464438319 0.64336001127958298
leaf_count=5950 5 8 58 9 857 19 16 88 22 11 14 56 14
internal_value=-0.000523779 0.0507044 0.0147653 -0.0488437 0.0563702 0.0131133 -0.0220463 -0.0365455 0.0115691 0.0472738 -0.0494584 -0.0213547 0.000125129
internal_weight=259.86 126.11 17.6649 133.75 108.445 3.74184 8.43509 5.83228 2.6028 9.2298 133.016 2.78377 1.20932
internal_count=7127 1084 200 6043 884 27 131 93 38 69 6034 84 28
is_linear=0
shrinkage=0.05


Tree=37
num_leaves=15
num_cat=0
split_feature=89 128 4 108 125 123 64 117 123 99 45 122 33 127
split_gain=249.379 8.2208 7.49531 4.15402 2.70855 3.51595 2.21772 2.07545 2.05592 1.73317 0.430615 0.37957 0.290223 0.635051
threshold=0.21720667183399203 -1133.0358886718748 54.880825042724616 3.4695249269134372e-05 -7.4999999999999991 -1241.2652587890623 121.21715545654298 2.2500000000000004 -1.0000000180025095e-35 0.52101606130599987 0.015432787127792837 -1.7053025658242402e-13 1439.4903564453127 10.047028064727785
decision_type=8 10 10 2 2 10 2 2 10 10 8 10 10 10
left_child=3 2 8 6 5 -3 -1 -4 -2 12 -7 -9 -5 -14
right_child=1 4 7 9 -6 10 -8 11 -10 -11 -12 -13 13 -15
leaf_value=-0.029507247321619318 -0.04933981657658329 -0.036795688714319992 -0.019766582495929177 -0.049785430817904285 0.057725901949079866 0.047912421121909826 0.04026272110998088 0.0087218062330257484 0.011859181909486885 0.023121402135765842 0.008024672184042337 0.054429449476184694 -0.02967565106440738 0.014088320130820668
leaf_weight=1.1328277084976428 3.4810570981353521 1.319051159545779 0.69856907799839962 126.05692198313773 102.39796367846429 2.7050073221325865 1.5296807847917078 0.94746398925781239 1.5038512423634509 0.29273059591650863 1.4016855880618093 5.6646035835146904 2.6988052614033218 0.42351828329265107
leaf_count=21 56 11 8 6001 878 18 10 11 15 4 10 48 129 16
internal_value=-0.000440376 0.0514778 0.01164 -0.0476697 0.055872 0.0173455 0.010626 0.0416528 -0.0319806 -0.0489408 0.0385354 0.0498861 -0.0492805 -0.0217619
internal_weight=252.254 120.119 12.2955 132.134 107.824 5.42574 2.66251 7.31064 4.98491 129.472 4.10669 6.61207 129.179 3.12232
internal_count=7236 1055 138 6181 917 39 31 67 71 6150 28 59 6146 145
is_linear=0
shrinkage=0.05


Tree=38
num_leaves=15
num_cat=0
split_feature=89 45 65 123 108 127 123 32 50 127 33 116 71 17
split_gain=231.027 8.9545 8.40645 3.1571 2.89822 2.55615 5.3175 2.01069 1.70305 1.41941 0.978741 0.526011 0.227539 0.0486196
threshold=0.21720667183399203 0.12963496893644336 55.112583160400398 -34.421222686767571 3.4695249269134372e-05 68.055557250976577 3.4106051316484814e-13 123.17003250122072 0.66089934110641491 1.0000000180025095e-35 30.832298278808597 0.67885988950729381 1413.7432861328127 0.31383256614208227
decision_type=8 8 2 10 2 8 8 10 10 8 8 2 2 10
left_child=4 11 3 10 7 -4 -7 -1 12 -5 -3 -2 -6 -13
right_child=1 2 5 9 8 6 -8 -9 -10 -11 -12 13 -14 -15
leaf_value=-0.030325630888272233 0.020293329960302128 0.0025739598263007715 0.058489840835348167 0.041731231205288349 -0.049311105575446469 0.047122554299777714 -0.043909597275906057 0.03704680060335213 0.02247251358534336 -0.018587574872479418 -0.051325004903733089 0.056862218785082255 -0.00072747395087678548 0.017435445885633921
leaf_weight=1.2168987877666944 2.4689829722046843 0.89845326915383328 7.3627139776945087 1.4128896631300474 122.62047675997019 2.765174377709628 1.8236108664423225 1.2262702919542787 0.30292505584657092 0.88656139932572875 4.0933810770511627 93.080264158546925 0.27170282229781051 1.1636665165424336
leaf_count=23 17 7 60 10 6124 22 22 8 4 16 62 831 10 8
internal_value=-0.00100108 0.0496718 0.0173726 -0.0230248 -0.0477917 0.0418928 0.00956219 0.00442829 -0.0488546 0.0198901 -0.0428135 0.0558548 -0.0492104 0.0565636
internal_weight=241.594 115.956 19.2428 7.29129 125.638 11.9515 4.58879 2.44317 123.195 2.29945 4.99183 96.7129 122.892 94.2439
internal_count=7224 1055 199 95 6169 104 44 31 6138 26 69 856 6134 839
is_linear=0
shrinkage=0.05


Tree=39
num_leaves=15
num_cat=0
split_feature=48 123 59 120 18 124 99 115 125 5 48 126 85 35
split_gain=220.257 11.1714 7.68143 4.92583 3.01098 1.64226 1.53155 1.17243 1.01258 0.988213 0.731854 0.387781 0.250831 0.779709
threshold=0.12674840539693835 -1241.2652587890623 111.22542953491212 -9.4999999999999982 0.28050974011421209 0.16564821451902392 0.55141219496727001 0.47847430408000952 -3.4999999999999996 24.230171203613285 0.0057045214343816051 -2383.2253417968745 0.014185110572725536 1336.1712036132815
decision_type=8 10 2 2 10 10 10 2 2 8 10 2 2 10
left_child=6 2 5 4 7 9 12 -3 -7 -2 -8 -9 -1 -14
right_child=1 3 -4 -5 -6 8 10 11 -10 -11 -12 -13 13 -15
leaf_value=-0.049562747806544294 0.0056607216064014608 -0.042437164251483084 0.043752163932877952 0.05664764314073284 0.042456645725915287 0.031812343076426816 -0.02055321862976825 -0.013373352897583016 -0.019373009918873044 -0.050622674687227621 0.027093903118924109 0.018208452835459559 -0.032911444175322664 0.013209943678435913
leaf_weight=113.1436446160078 0.69497883319854548 1.5046859327703708 5.3839322477579117 96.515663346275687 2.5433272421360016 0.87929310277104367 0.66501259617507347 0.76356592029333148 1.0466225277632473 4.2685356196016073 0.5786608662456274 1.304915467277169 1.7648994978517287 0.71252658218145359
leaf_count=5972 6 16 45 882 21 8 25 7 32 70 5 14 64 18
internal_value=-0.000378914 0.0485645 0.00318938 0.0539076 0.00878665 -0.0300373 -0.0485056 -0.0192225 0.00688177 -0.0431143 0.00381103 0.00599129 -0.0490962 -0.0196624
internal_weight=231.77 114.906 12.2734 102.632 6.11649 6.88943 116.865 3.57317 1.92592 4.96351 1.24367 2.06848 115.621 2.47743
internal_count=7185 1101 161 940 58 116 6084 37 40 76 30 21 6054 82
is_linear=0
shrinkage=0.05


Tree=40
num_leaves=15
num_cat=0
split_feature=89 46 120 120 98 115 31 62 125 123 134 129 59 71
split_gain=208.295 8.93319 5.93969 4.99283 2.20721 1.49351 2.78181 1.24566 1.13951 1.20952 0.350357 0.216206 0.573191 0.186536
threshold=0.18873507529497149 0.0090623050928115862 1.0000000180025095e-35 -14.499999999999998 0.65485322475433361 0.41566656529903417 7.99979591369629 687.51232910156261 -1.0000000180025095e-35 1.0000000180025095e-35 0.061868688091635711 -0.55527138710021962 225.14622497558597 1413.7432861328127
decision_type=8 10 2 2 10 2 10 2 2 8 2 10 2 2
left_child=4 2 3 -2 7 6 -3 13 10 -10 -5 12 -7 -1
right_child=1 5 -4 8 -6 11 -8 -9 9 -11 -12 -13 -14 -15
leaf_value=-0.049058432521121603 -0.032392147815495091 0.042821706457734962 -0.038882544214380969 0.02027789333330484 0.022381640908128213 0.00035573406101556816 -0.027973691027224707 0.015106508781977735 0.028373865875949242 -0.02516254474566091 0.057523879607397015 0.0562669138332531 0.039042772415728011 -0.0022344164330142086
leaf_weight=111.09068644046783 2.0287326499819747 2.7098398283123961 3.3869688361883155 2.3881702721118909 0.57045828178524871 1.3509556651115411 1.3624683022499082 0.34592996910214324 1.5416796673089257 0.84900235757231723 5.7617538850754499 86.606288239359856 2.44929438829422 0.31103182770311733
leaf_count=6089 26 23 77 17 9 10 7 6 17 16 49 832 23 12
internal_value=-0.000331835 0.0482091 0.0126546 0.028384 -0.0480633 0.0540184 0.0182904 -0.0486182 0.0418747 0.00754765 0.0500187 0.0554101 0.028229 -0.0489487
internal_weight=222.753 110.435 15.9563 12.5693 112.318 94.4788 4.07231 111.748 10.5406 2.39068 8.14992 90.4065 3.80025 111.402
internal_count=7213 1097 202 125 6116 895 30 6107 99 33 66 865 33 6101
is_linear=0
shrinkage=0.05


Tree=41
num_leaves=14
num_cat=0
split_feature=89 93 37 98 65 127 72 128 2 65 120 85 35
split_gain=198.857 8.35964 5.59301 3.21312 2.10444 1.7134 1.61899 1.58362 3.41247 1.06843 0.95224 0.432947 0.788756
threshold=0.21720667183399203 0.008777164854109289 1.0000000180025095e-35 0.60840368270874035 55.112583160400398 34.62660217285157 24.230171203613285 inf 66.723316192626967 249.47641754150393 -6.4999999999999991 0.014185110572725536 1336.1712036132815
decision_type=8 10 8 10 2 8 2 8 10 2 2 2 10
left_child=3 2 10 9 6 -6 -4 -3 -9 11 -2 -1 -13
right_child=1 7 4 -5 5 -7 -8 8 -10 -11 -12 12 -14
leaf_value=-0.04938450036214944 0.00013627878919019647 0.055722029293255954 0.020422060627472857 0.025650033100509319 0.037406096731893747 -0.02560700101768143 -0.047026452750264729 -0.031470577524160041 0.042417785822182953 0.012508864209042958 0.047889076429049625 -0.030940124024425104 0.015351868260200305
leaf_weight=103.74754307046533 1.2419323138892648 86.15786188095808 0.49280490726232606 0.90206906944513221 1.6428028736263511 0.93265082314610515 3.9170891661196947 1.3746287897229184 4.3454595468938351 0.34615174680948158 5.7443353831768009 1.5123170856386416 0.69609918631613243
leaf_count=5980 12 864 4 12 17 19 81 8 42 4 49 60 18
internal_value=0.000100719 0.0484843 0.0114821 -0.0476781 -0.0189572 0.0138074 -0.0371074 0.0539269 0.0226205 -0.0485336 0.0404802 -0.0488481 -0.0161117
internal_weight=213.054 105.85 13.9716 107.204 6.98535 2.57545 4.40989 91.878 5.72009 106.302 6.98627 105.956 2.20842
internal_count=7170 1096 182 6074 121 36 85 914 50 6062 61 6058 78
is_linear=0
shrinkage=0.05


Tree=42
num_leaves=15
num_cat=0
split_feature=48 115 115 127 124 58 4 99 52 115 33 88 31 127
split_gain=186.952 10.3129 4.74488 3.43271 1.67045 1.47268 2.24807 1.32808 1.03501 0.716654 0.32319 0.895042 0.19218 0.155036
threshold=0.12674840539693835 0.62066107988357555 0.32168674468994146 1.0000000180025095e-35 0.16564821451902392 44.180795669555671 30.648148536682132 0.58131426572799694 1.9761904478073122 0.084349907934665694 1439.4903564453127 0.031925894320011146 290.90011596679693 -939.71133422851551
decision_type=8 2 2 8 10 2 10 10 10 2 10 10 10 8
left_child=7 2 9 4 -3 6 -4 10 -9 -2 13 -12 -7 -1
right_child=1 3 5 -5 -6 12 -8 8 -10 -11 11 -13 -14 -15
leaf_value=-0.01126106868515556 0.011118271904417885 -0.020597738847450146 0.036745719819939918 -0.045047552827384582 0.042188420914451213 0.055261041041445663 -0.028610447289853805 0.03597551194144178 -0.02251043245733501 -0.033814675459946479 -0.032189168113920814 0.016781990832233536 0.020959047346335063 -0.04934432119341578
leaf_weight=0.9504232369363308 0.8639590367674822 0.91654243506491129 3.410610817372798 3.0527383480221033 1.9018487595021722 87.090981902554631 1.0259553454816339 0.32373921945690998 0.77920029871165752 1.1471811458468435 1.9843207076191895 0.62415376305580128 2.02591498941183 96.518308119848371
leaf_count=50 7 15 27 79 19 899 12 3 31 13 119 33 19 5818
internal_value=-5.47411e-05 0.0476789 0.0516094 -0.014498 0.0217233 0.0532559 0.0191495 -0.0479073 0.0036005 -0.0172301 -0.048505 -0.019068 0.0547225 -0.0490911
internal_weight=202.616 101.436 95.5646 5.87113 2.81839 93.5535 4.43657 101.18 1.10294 2.01114 100.077 2.60847 89.1169 97.4687
internal_count=7144 1090 977 113 34 957 39 6054 34 20 6020 152 918 5868
is_linear=0
shrinkage=0.05


Tree=43
num_leaves=15
num_cat=0
split_feature=108 46 124 99 109 67 34 123 17 137 129 33 127 124
split_gain=173.255 7.18685 6.49511 3.70722 2.51708 2.34667 2.18931 1.36348 1.11141 1.04877 0.771944 0.396445 0.492498 0.39106
threshold=3.4695249269134372e-05 0.16695995628833774 -1.0000000180025095e-35 0.52101606130599987 0.0025014779530465607 55.430170059204109 34.366773605346687 92.851375579833999 0.2501120418310166 91.633228302001967 0.044996922835707671 1439.4903564453127 16.966666221618656 -0.34899012744426722
decision_type=2 10 10 10 2 2 8 8 8 2 8 10 10 8
left_child=1 2 7 11 -5 6 -4 -1 13 -7 -10 -2 -13 -3
right_child=3 8 5 4 -6 9 -8 -9 10 -11 -12 12 -14 -15
leaf_value=0.012312766032088501 -0.049059074915029678 0.0097864938336418295 0.033571875738331251 -0.023100683030001359 0.051717391147510464 0.053033508435475413 -0.035681399697980731 -0.045651445774782085 0.032263101721199602 -0.00019542111077015895 -0.010327074401708549 -0.025615788606971175 0.014485015141059869 0.054916689714654611
leaf_weight=0.85618907213210971 93.430950621142983 0.96796150505542755 1.1025455147027954 1.8938905596733087 0.861478742212057 6.7720972821116447 1.5182035285979507 3.3023337181657553 1.3174696117639531 1.0421440377831457 1.2862660065293314 2.42366025224328 0.28692265972495068 76.078297607600689
leaf_count=6 5901 6 7 42 7 63 29 43 13 13 8 147 11 838
internal_value=-0.000772987 0.0474811 0.0140419 -0.0467716 0.00783411 0.0343259 -0.00532117 -0.0336439 0.0533578 0.0467179 0.0141959 -0.0484011 -0.0186113 0.0544824
internal_weight=193.14 94.2435 14.5935 98.8969 2.75537 10.435 2.62075 4.15852 79.65 7.81424 2.60374 96.1415 2.71058 77.0463
internal_count=7134 1026 161 6108 49 112 36 49 865 76 21 6059 158 844
is_linear=0
shrinkage=0.05


Tree=44
num_leaves=15
num_cat=0
split_feature=108 45 67 22 100 137 95 124 6 116 85 35 17 98
split_gain=164.67 6.92591 6.76811 4.20733 2.60654 2.37215 1.75875 0.511735 0.447785 0.44501 0.368768 0.764636 0.357642 0.16752
threshold=3.4695249269134372e-05 0.076432842761278166 55.612714767456062 0.576797515153885 0.88141563534736644 89.115234375000014 0.19231707602739337 -0.074561335146427141 30.283439636230472 0.44341652095317846 0.014185110572725536 1336.1712036132815 0.31383256614208227 0.86170911788940441
decision_type=2 8 2 10 10 2 10 10 10 2 2 10 10 10
left_child=1 9 6 10 -5 7 8 -4 -3 -1 13 -12 -11 -2
right_child=3 2 5 4 -6 -7 -8 -9 -10 12 11 -13 -14 -15
leaf_value=0.0095361859484772368 -0.048873370743076079 -0.0028453283305095891 0.0078825926016233665 0.043717638056997098 -0.030672588592786071 -0.015300907972366315 0.017810104108070469 0.052015170234742017 -0.048016569852799403 0.05461920848693326 -0.030740399145211702 0.015299523990398826 0.010283164633858808 0.00056928797245405448
leaf_weight=1.0403540581464756 90.733952072449028 0.78137947618961234 1.1471953466534595 1.520536091178655 1.2685400648042557 1.3074026182293881 1.0300628468394277 7.1213539242744446 3.2391277737915516 72.371041245758533 1.5014202538877719 0.65810764767229546 0.98005279898643394 0.14870187640190025
leaf_count=6 6033 9 12 15 34 17 9 72 50 831 68 18 8 1
internal_value=-0.0011554 0.0475336 0.0148205 -0.0464066 0.0107176 0.038205 -0.0285033 0.0474032 -0.041553 0.0536836 -0.0482147 -0.0163083 0.0541731 -0.0487872
internal_weight=184.849 89.018 14.6265 95.8313 2.78908 9.57595 5.05057 8.26855 4.02051 74.3914 93.0422 2.15953 73.3511 90.8827
internal_count=7183 1014 169 6169 49 101 68 84 59 845 6120 86 839 6034
is_linear=0
shrinkage=0.05


Tree=45
num_leaves=15
num_cat=0
split_feature=89 128 45 98 82 32 65 124 128 2 124 127 46 127
split_gain=154.277 8.64089 4.53824 2.69894 2.1388 2.71656 1.2717 1.01084 2.06295 0.79641 0.69701 0.404679 0.278113 0.249841
threshold=0.21720667183399203 -1189.5770263671873 0.11776823550462724 0.65485322475433361 0.19965035468339923 969.91561889648449 249.47641754150393 0.50506445765495311 -1.0000000180025095e-35 329.07897949218756 -0.13899244368076322 -105.22142410278319 0.016281447373330597 -143.43685150146482
decision_type=8 10 8 10 2 10 2 8 10 10 8 8 8 8
left_child=3 2 10 6 7 -6 13 12 -9 11 -2 -4 -3 -1
right_child=1 4 9 -5 5 -7 -8 8 -10 -11 -12 -13 -14 -15
leaf_value=-0.018277771589350903 -0.0018170802801466984 0.011066355854250049 0.0019529159326330016 0.024511212918897407 -0.03989169638645438 0.036037254556793345 0.014887482483652384 -0.025120897297805596 0.038072962199333989 0.0094625892511922549 0.042097771624505516 -0.041743115509621544 0.054524694666945844 -0.048797543147761871
leaf_weight=2.2575630778446794 1.0406624078750608 0.9489393662661304 0.49886892922222614 0.74011418968439002 1.0000639855861655 1.899005301296711 0.38611768558621307 0.99806012399494637 3.6699014771729699 0.68175670877099026 3.326397851109502 3.7406437471508989 70.326917685568333 86.735111375339329
leaf_count=138 8 18 8 11 5 23 4 8 42 8 35 71 822 5982
internal_value=-0.00120055 0.0455768 -6.07135e-05 -0.0469443 0.0508866 0.00633132 -0.0478006 0.0524831 0.0225132 -0.0302382 0.0332442 -0.03721 0.0541072 -0.048235
internal_weight=178.25 88.1312 9.28833 90.1189 78.8429 2.89907 89.3788 75.9438 4.66796 4.92127 4.36706 4.23951 71.2759 88.9927
internal_count=7183 1048 130 6135 918 28 6124 890 50 87 43 79 840 6120
is_linear=0
shrinkage=0.05


Tree=46
num_leaves=15
num_cat=0
split_feature=52 67 128 123 18 65 46 115 115 85 91 49 71 33
split_gain=149.64 9.25854 7.10887 3.37273 2.02688 1.74889 1.56583 1.37957 1.20513 1.15197 0.713036 0.377524 0.232724 0.108324
threshold=1.3452380895614626 55.430170059204109 -16.053084373474118 -1.0000000180025095e-35 0.51094514131546032 1409.474548339844 0.0048072156496346006 0.62066107988357555 0.47847430408000952 0.014185110572725536 0.021385240368545059 0.36965844035148626 1413.7432861328127 1439.4903564453127
decision_type=8 2 10 10 10 2 8 2 2 2 10 10 2 10
left_child=1 2 3 4 -1 9 -4 -3 -5 11 -11 12 13 -2
right_child=5 7 6 8 -6 -7 -8 -9 -10 10 -12 -13 -14 -15
leaf_value=-0.052444794089715988 -0.049151833503687417 0.054499794666381753 -0.01516947888263687 -0.019261580740761185 0.02140350049595827 0.026140473765571989 0.048200931799163731 0.0026579494900134701 0.036264154507772983 -0.023557995207106025 0.019123245340343108 -0.0045587666976606945 -0.00033527921502827639 -0.019502892375701866
leaf_weight=4.7059502461925149 81.083829204551876 68.892243867740035 0.64283343683928063 0.72118231654167209 0.54498380422592152 0.22959554195403953 7.0535171441733837 1.4145188238471735 1.8726104144006965 1.2949520070105784 0.76246008649468411 0.7113034725189199 0.26394474692642589 2.0803930023685089
leaf_count=98 5881 847 26 12 4 1 77 14 20 63 19 5 13 143
internal_value=-0.000620134 0.0458692 0.010163 -0.022065 -0.0425823 -0.0467946 0.0417722 0.0535087 0.0197619 -0.0472865 -0.00665939 -0.04819 -0.0485036 -0.0486507
internal_weight=172.274 85.8478 15.5411 7.84473 5.25093 86.4265 7.69635 70.3068 2.59379 86.1969 2.05741 84.1395 83.4282 83.1642
internal_count=7223 1098 237 134 102 6125 103 861 32 6124 82 6042 6037 6024
is_linear=0
shrinkage=0.05


Tree=47
num_leaves=15
num_cat=0
split_feature=52 67 123 91 128 89 47 137 129 125 85 35 71 18
split_gain=139.913 8.03681 7.5748 3.29482 2.66842 1.80231 1.56307 1.3978 1.14804 0.518394 0.440278 0.7968 0.254473 0.114015
threshold=1.2330316901206972 55.430170059204109 -1.0000000180025095e-35 0.2501120418310166 -1.0000000180025095e-35 0.21720667183399203 0.83773541450500499 97.085403442382827 0.54387021064758312 -187.49999999999997 0.014185110572725536 1336.1712036132815 1413.7432861328127 0.45960126817226415
decision_type=8 2 10 8 10 10 8 2 10 2 2 10 2 8
left_child=1 2 4 10 7 -4 -5 -1 -8 -3 12 -12 -2 -6
right_child=3 9 5 6 13 -7 8 -9 -10 -11 11 -13 -14 -15
leaf_value=-0.052201185913657758 -0.048654731904253984 0.0056426134967968115 -0.013702630846829095 0.041214952305988012 0.001221446696579389 0.048575486878275072 -0.033143991070594458 0.012927419496769328 0.01702892894647063 0.053368845391136913 -0.030119941284125269 0.016767832905302395 0.00051420591686974419 0.027406044938569313
leaf_weight=4.2818152718245974 78.193555162288249 0.82678855769336124 0.9103858182206731 0.64457233529537861 0.662301721051335 7.1969125717878342 2.0899631427600984 0.56626304052770127 1.0337919024750588 66.128582067787647 1.4297552928328507 0.64649202302098263 0.24315082095563312 0.84615381807088863
leaf_count=87 6007 6 16 7 13 82 68 6 16 854 68 18 12 8
internal_value=-0.00081611 0.0456451 0.0109383 -0.0457085 -0.0275732 0.0408455 1.16886e-07 -0.0436843 -0.0164366 0.0528712 -0.0478216 -0.0148154 -0.0484978 0.0209795
internal_weight=165.7 81.4192 14.4638 84.2813 6.35653 8.1073 3.76833 4.84808 3.12376 66.9554 80.513 2.07625 78.4367 1.50846
internal_count=7268 1072 212 6196 114 98 91 93 84 860 6105 86 6019 21
is_linear=0
shrinkage=0.05


Tree=48
num_leaves=15
num_cat=0
split_feature=46 128 67 18 117 85 127 127 128 101 49 35 64 137
split_gain=131.307 8.67383 7.88739 2.19895 1.75375 1.4226 0.975333 0.952017 0.716372 0.661729 0.437163 0.153608 0.120173 0.0263961
threshold=0.016652453690767292 -69.416915893554673 55.430170059204109 0.39509320259094244 2.2500000000000004 0.014185110572725536 68.055557250976577 -91.720874786376939 -188.5818176269531 0.17156375199556353 0.20789377391338351 1088.6580810546877 16.358708381652836 93.849788665771499
decision_type=8 10 2 10 2 2 10 8 8 10 8 8 2 2
left_child=5 2 3 7 -4 -1 13 -2 -8 11 -3 -7 -9 -6
right_child=1 10 4 -5 6 9 8 12 -10 -11 -12 -13 -14 -15
leaf_value=-0.048526030953121385 0.0034070119571299228 -0.00015187996724588853 -0.016181363160403219 0.02595044419762841 0.052002435821567342 -0.025679081471341476 0.024989363894760822 -0.0038749686266238456 -0.020242413354802674 0.020982007757120974 0.05368892869094033 0.0033459727752734206 -0.048496387716496593 0.012897965188884086
leaf_weight=75.127870257012546 0.98764525353908539 0.37373052723705669 0.86859284248202939 0.88985837064683426 7.3536842074245197 1.0128799825906745 0.79320727288722992 0.34349678270519035 0.73042941093444713 0.68743101507425297 59.007307861931622 0.31967343017458927 4.4434143919497728 0.83991198055446137
leaf_count=5988 16 17 12 10 92 53 8 7 12 16 797 10 95 13
internal_value=-0.00168123 0.0443872 0.0122909 -0.02784 0.037778 -0.0474236 0.0436611 -0.0387361 0.00387657 -0.0039297 0.0533532 -0.0202668 -0.0465174 0.0498328
internal_weight=153.779 76.6313 17.2502 6.66441 10.5858 77.1479 9.71723 5.77456 1.52364 2.01998 59.381 1.33255 4.78691 8.1936
internal_count=7146 1079 265 128 137 6067 125 118 20 79 814 63 102 105
is_linear=0
shrinkage=0.05


Tree=49
num_leaves=15
num_cat=0
split_feature=48 116 124 120 123 93 62 127 91 61 35 44 12 137
split_gain=126.904 8.2133 4.534 3.3055 2.36951 2.1986 1.75239 1.45063 0.753037 0.690425 0.299617 0.753574 0.19992 0.168317
threshold=0.12674840539693835 0.67885988950729381 -1.0000000180025095e-35 -14.499999999999998 1.0000000180025095e-35 0.0036501199938356881 651.90493774414074 -381.46115112304682 0.057563778012990958 55.288377761840827 1439.4903564453127 0.014641931280493738 0.058537978678941734 72.551361083984389
decision_type=8 2 10 2 8 10 2 8 10 2 10 10 10 2
left_child=7 2 4 -4 -2 6 -3 8 -1 -5 -9 -12 -10 -11
right_child=1 5 3 9 -6 -7 -8 10 12 13 11 -13 -14 -15
leaf_value=-0.018831525825499813 0.023540306787891586 -0.031894218829102969 -0.027723126668851579 0.0075933382237310222 -0.046270413133004312 0.053637306264937637 0.032231369653964552 -0.048551062068480255 0.037567727455476624 0.05337695959226018 -0.030232063460910088 0.016501553907040289 -0.0035689305435681533 0.013269428419340682
leaf_weight=0.80482061579823472 0.97029151767492205 1.0231149382889262 1.4681552629917849 1.7218282017856825 3.4483744613826275 60.933001341298223 1.2557352557778358 70.162076123990119 0.24785378016531467 4.4407280310988426 1.5115335164591663 0.5449286913499235 0.1787895206362009 1.1299146413803098
leaf_count=56 8 11 43 19 70 861 13 5850 8 48 118 35 12 15
internal_value=-0.0003658 0.0444698 0.00786134 0.0277559 -0.0294255 0.0518611 0.00249471 -0.0469677 0.00389183 0.0409215 -0.0478763 -0.0165011 0.0299108 0.0484994
internal_weight=149.841 76.3911 13.1793 8.76063 4.41867 63.2119 2.27885 73.45 1.23146 7.29247 72.2185 2.05646 0.426643 5.57064
internal_count=7167 1088 203 125 78 885 24 6079 76 82 6003 153 20 63
is_linear=0
shrinkage=0.05


Tree=50
num_leaves=15
num_cat=0
split_feature=48 67 128 127 50 125 115 115 127 90 35 51 127 117
split_gain=118.444 7.88216 7.46972 3.34275 1.56395 1.05965 0.999686 0.882378 2.41051 0.832497 0.652115 0.826562 0.398026 0.233073
threshold=0.12674840539693835 55.430170059204109 -16.053084373474118 -91.720874786376939 0.66089934110641491 6.5000000000000009 0.38506905734539038 0.62066107988357555 3.4106051316484814e-13 0.37671308219432836 1439.4903564453127 10.500000000000002 -15.962105274200438 99.750000000000014
decision_type=8 2 10 8 10 2 2 2 8 10 10 2 8 2
left_child=4 2 3 -2 10 13 -3 -8 -9 -6 -1 -12 -4 -5
right_child=1 6 12 5 9 -7 7 8 -10 -11 11 -13 -14 -15
leaf_value=-0.048403220329534091 0.024877674864784725 0.00038509528789622917 0.0033678459226441702 -0.050524340856334664 0.031960484113517651 0.010509061035071597 0.053478947720324556 0.047255658358643093 -0.025080484227550128 -0.019020542533053228 -0.029046888713700633 0.017747969523156 0.048678896472265441 -0.0050613224533766236
leaf_weight=66.280420375056565 1.9307529870420692 0.96610768139362235 0.68899862468242645 4.5841383561491966 0.43910048156976589 0.5407138830050825 56.917015433311462 1.5188068449497212 1.2649528793990614 0.83757752180099487 1.3452556366100901 0.7277874257415532 5.8443418908864242 0.54806880466639984
leaf_count=5825 24 7 7 102 4 6 842 13 25 33 108 45 71 6
internal_value=0.000105276 0.0435112 0.00911639 -0.0233468 -0.0464816 -0.0410283 0.0512483 0.0520514 0.0164444 0.00485032 -0.0474965 -0.0121891 0.0449818 -0.0472864
internal_weight=144.434 74.8039 14.137 7.60367 69.6301 5.67292 60.6669 59.7008 2.78376 1.27668 68.3535 2.07304 6.53334 5.13221
internal_count=7118 1103 216 138 6015 114 887 880 38 37 5978 153 78 108
is_linear=0
shrinkage=0.05


Tree=51
num_leaves=15
num_cat=0
split_feature=52 67 123 128 18 61 88 120 18 35 51 127 125 30
split_gain=114.894 8.39364 5.49339 2.85064 1.7905 1.65355 1.43426 0.96046 0.576393 0.549505 0.709605 0.489152 0.339929 0.316459
threshold=1.3452380895614626 55.430170059204109 -1.0000000180025095e-35 -1.0000000180025095e-35 0.51094514131546032 1409.474548339844 0.26420904695987707 -185.49999999999997 0.12405056506395341 1439.4903564453127 10.500000000000002 -381.46115112304682 -234.49999999999997 45.36449050903321
decision_type=8 2 10 10 10 2 8 2 8 10 2 8 2 10
left_child=1 2 3 4 -1 9 13 -3 -5 11 -11 -2 -9 -4
right_child=5 7 6 8 -6 -7 -8 12 -10 10 -12 -13 -14 -15
leaf_value=-0.05112258975155675 -0.0041786381602032857 -0.0013650949351625746 0.012216578823949869 -0.009303402320593129 0.020037165261202014 0.024582983531490927 0.044931773213760018 0.0053356392050606686 0.034486384790897807 -0.02856969761838233 0.015348377004242273 -0.048607084914478661 0.053073789873033045 -0.022404461300944031
leaf_weight=4.2771668685600162 0.82443850859999657 0.78416947275400062 0.28905589878558924 0.61007913295179572 0.50783736258745182 0.23817148804664512 5.7937706895172596 0.61332245171069999 1.2280833870172501 1.2956183096393936 0.72533050645142783 65.2140311608091 55.70759516581893 0.67108072061091661
leaf_count=101 60 10 4 19 4 1 71 4 12 107 44 5877 853 22
internal_value=-0.000808753 0.0436712 0.0073627 -0.0233119 -0.0414122 -0.0466793 0.0365705 0.0519035 0.0217956 -0.047281 -0.0129443 -0.048123 0.0526561 -0.0110665
internal_weight=138.78 70.4822 13.3771 6.62317 4.785 68.2976 6.75391 57.1051 1.83816 68.0594 2.02095 66.0385 56.3209 0.960137
internal_count=7189 1100 233 136 105 6089 97 867 31 6088 151 5937 857 26
is_linear=0
shrinkage=0.05


Tree=52
num_leaves=15
num_cat=0
split_feature=48 115 115 129 99 125 4 124 47 124 125 85 35 14
split_gain=106.396 6.79457 4.04416 2.17215 1.68874 1.5775 1.39576 1.09492 0.907974 0.68709 0.441198 0.408411 0.539861 0.00440747
threshold=0.12674840539693835 0.62066107988357555 0.32168674468994146 0.15744528174400332 0.52101606130599987 -10.499999999999998 67.929355621337905 0.50506445765495311 0.76801270246505748 -0.34899012744426722 1.5000000000000002 0.0068759971763938674 1336.1712036132815 0.0372685194015503
decision_type=8 2 2 10 10 2 10 8 10 8 2 2 10 10
left_child=4 2 10 -3 11 6 -4 -5 -6 -7 -2 -1 -13 -14
right_child=1 3 5 7 8 9 -8 -9 -10 -11 -12 12 13 -15
leaf_value=-0.048023880470755301 0.0063156058902937851 -0.041598812788073397 -0.015833366244576149 0.033657529688653702 0.035847261959563767 0.0021586320936005294 0.035304256565889154 -0.020396493985703701 -0.018383527359141196 0.052446354775212749 -0.031087727786412223 -0.02715977618182279 0.0012325400573007181 0.014186777012009953
leaf_weight=61.756584363989532 0.83676503784954437 2.1622087666764847 1.6833349177613848 1.6791372150182722 0.37855821475386509 0.77629463747143745 1.8696669042110441 0.63248344883322749 0.81882513500750065 55.741317082196474 0.9915816867724061 1.1420014444738615 0.28737005963921536 0.36475369147956371
leaf_count=5989 6 70 17 19 4 9 20 20 36 885 14 68 14 10
internal_value=-0.000919675 0.0432453 0.0475083 -0.0136409 -0.046162 0.0497545 0.0129201 0.0171747 0.00727279 0.0518052 -0.017789 -0.0472658 -0.0133237 0.0126796
internal_weight=131.121 66.3728 61.899 4.47383 64.7481 60.0706 3.553 2.31162 1.19738 56.5176 1.82835 63.5507 1.79413 0.652124
internal_count=7181 1060 951 109 6121 931 37 39 40 894 20 6081 92 24
is_linear=0
shrinkage=0.05


Tree=53
num_leaves=15
num_cat=0
split_feature=52 123 6 120 127 127 127 45 115 127 45 110 33 51
split_gain=99.5246 7.84114 5.52104 4.53937 2.99908 1.93813 1.74214 0.785663 0.760282 0.689015 0.670848 0.521373 0.463739 0.654078
threshold=1.3452380895614626 -1241.2652587890623 55.568002700805671 -8.4999999999999982 1.0000000180025095e-35 3.4106051316484814e-13 -381.46115112304682 0.072570428252220168 0.66720956563949596 -1.0000000180025095e-35 0.018732304684817794 247.26355743408206 1439.4903564453127 10.500000000000002
decision_type=10 10 10 2 8 8 8 10 2 10 8 2 10 2
left_child=1 2 9 5 -4 -3 7 -2 -5 -1 -7 -8 -13 -14
right_child=6 3 4 8 -6 10 11 -9 -10 -11 -12 12 13 -15
leaf_value=-0.04744100156038164 -0.01551895544876365 0.028743047986344868 0.051425617490181375 0.052508921908226841 -0.024058190093569298 0.010543988365844104 -0.00044563973518860667 0.03719187562399822 -0.00049797856869385193 0.0036134476132190134 -0.036811420241203006 -0.048056200524817405 -0.028614866450238002 0.01394654940852764
leaf_weight=3.4088287288323045 0.70373545493930578 1.9690549233928312 3.4934841804206371 53.8654695590958 1.1725104898214338 0.51058785710483823 0.6226774686947455 0.29304298479110003 0.66598561033606429 0.6189146200194936 1.8824418252333996 58.029165337793529 1.3030499415472143 0.71482985652983178
leaf_count=92 55 28 42 899 24 9 21 12 11 14 33 5836 116 45
internal_value=-5.38475e-05 0.041564 -0.00252698 0.0480061 0.0315591 -0.000902535 -0.0456029 0.0108427 0.0518642 -0.0404375 -0.0265778 -0.0466911 -0.0471555 -0.0139123
internal_weight=129.254 67.5873 8.69374 58.8935 4.66599 4.36208 61.6665 0.996778 54.5315 4.02774 2.39303 60.6697 60.047 2.01788
internal_count=7237 1152 172 980 66 70 6085 67 910 106 42 6018 5997 161
is_linear=0
shrinkage=0.05


Tree=54
num_leaves=15
num_cat=0
split_feature=52 65 128 18 65 48 122 122 120 127 91 65 68 103
split_gain=97.8961 5.03979 4.92244 2.18806 1.53075 1.17415 1.03771 0.802398 0.764823 0.647443 0.753202 0.453543 0.388767 0.67425
threshold=1.2330316901206972 49.445241928100593 -16.053084373474118 0.39509320259094244 1409.474548339844 0.048036446794867523 -1.0000000180025095e-35 16.389358520507816 -185.49999999999997 -143.43685150146482 0.057563778012990958 32.323677062988288 1439.4903564453127 11.500000000000002
decision_type=8 2 10 10 2 10 10 8 2 8 10 2 2 2
left_child=1 2 3 6 5 9 -1 -4 -3 10 -2 -8 -11 -14
right_child=4 8 7 -5 -6 -7 11 -9 -10 12 -12 -13 13 -15
leaf_value=-0.045031723846735927 -0.024882376515905868 -0.00020430622734777506 0.048008324448775036 0.029385169561885402 0.023421114129002007 0.0044530686589499052 0.01849545504693088 -0.0017368067115089538 0.052060108013631146 -0.048414140559662054 0.022188916901923331 -0.017320795465620775 -0.028813979651856392 0.015269101617336529
leaf_weight=3.1710029346868391 1.3428216651082037 0.70229044556617637 5.30887891538441 1.0782259628176687 0.24321828782558341 0.97743256390094657 0.84347760770469926 0.85184474848210801 47.635223250836134 55.653786341659725 0.41319291479885567 0.70471162907779217 1.3249773057177652 0.60180027596652497
leaf_count=77 113 8 74 12 1 14 11 17 835 5781 28 10 121 35
internal_value=-0.000535995 0.0441969 0.0136959 -0.0179759 -0.0450701 -0.0457238 -0.0320427 0.0418481 0.051312 -0.0466105 -0.00977417 0.00179304 -0.0475478 -0.0145326
internal_weight=120.853 60.2957 11.9581 5.79742 60.5572 60.314 4.71919 6.16072 48.3375 59.3366 1.75601 1.54819 57.5806 1.92678
internal_count=7137 1044 201 110 6093 6092 98 91 843 6078 141 21 5937 156
is_linear=0
shrinkage=0.05


Tree=55
num_leaves=15
num_cat=0
split_feature=48 124 93 115 125 18 23 33 3 115 127 91 129 123
split_gain=93.9103 5.39611 3.41611 3.24999 1.19473 1.77267 1.01495 0.687757 0.95264 0.495096 0.419617 0.451503 0.416966 1.576
threshold=0.12674840539693835 0.50506445765495311 0.33770819008350378 0.32168674468994146 -10.499999999999998 0.22929443418979648 5.5000000000000009 1439.4903564453127 88.005153656005874 0.10902029275894166 -143.43685150146482 0.057563778012990958 0.60777598619461071 -460.71350097656244
decision_type=8 8 10 2 2 10 2 10 10 2 8 10 8 10
left_child=7 3 6 9 5 -5 -3 10 -9 -2 11 -1 -6 -14
right_child=1 2 -4 4 12 -7 -8 8 -10 -11 -12 -13 13 -15
leaf_value=-0.02397649423180338 0.01009907114901977 -0.041527845204239099 0.03637096851435339 -0.019464428691281756 0.05314292617844274 0.038389542048967912 0.015842445525277873 -0.027074399612409601 0.024659840684586008 -0.029204420547701143 -0.048044199926877598 0.01354289520707252 -0.021327736280733731 0.038885098026801318
leaf_weight=1.231291292235255 0.70886648260056861 2.8999232398346062 2.1080444864928722 1.4616345409303897 46.619890712201595 2.1750598400831223 0.40170395746827114 1.4106728695332993 0.48073493223637331 0.91508597601205111 52.605049725621939 0.46133537683635939 0.80583630409091744 2.64919539541006
leaf_count=112 7 81 35 14 840 24 5 128 23 13 5824 32 25 42
internal_value=4.04482e-05 0.0427991 -0.00416658 0.047383 0.0494963 0.0159542 -0.0324875 -0.0461255 -0.00994423 -0.0147377 -0.0471832 -0.0125186 0.0515722 0.0232063
internal_weight=116.934 60.7452 5.40967 55.3356 53.7116 3.63669 3.30163 56.1891 1.89141 1.62395 54.2977 1.69263 50.0749 3.45503
internal_count=7205 1086 121 965 945 38 86 6119 151 20 5968 144 907 67
is_linear=0
shrinkage=0.05


Tree=56
num_leaves=15
num_cat=0
split_feature=108 67 123 22 128 115 127 109 115 122 33 3 106 127
split_gain=80.2302 5.38563 4.27598 3.47095 2.11117 2.05097 2.23854 1.54018 0.996679 0.854145 0.780511 0.951615 0.394667 0.35747
threshold=3.4695249269134372e-05 55.430170059204109 -1.0000000180025095e-35 0.54116547107696544 -1.0000000180025095e-35 0.62066107988357555 3.4106051316484814e-13 0.0025014779530465607 0.32168674468994146 10.53870725631714 1439.4903564453127 88.005153656005874 409.54667663574224 -143.43685150146482
decision_type=2 2 10 10 10 2 8 2 2 10 10 10 2 8
left_child=1 2 4 10 12 8 -7 -5 -3 -4 13 -12 -1 -2
right_child=3 5 9 7 -6 6 -8 -9 -10 -11 11 -13 -14 -15
leaf_value=-0.047056896761061222 -0.012482577431897649 -0.0043398802468218641 0.041897493537591021 -0.018106841664651332 0.023549297075741327 0.040224035022453419 -0.030779877811712337 0.043429122450462487 0.051614484836075197 -0.0090641325962652983 -0.026703339694647582 0.024369221838547474 -0.00043806616316660152 -0.047985651188119413
leaf_weight=3.0441003395244484 1.5637052683159707 0.65919995307922263 4.290790878236292 1.3207236360758536 0.96407430060207833 1.0688017271459092 1.4004343058913948 0.91598340775817622 41.892778448760509 0.60111508145928372 1.3983085118234146 0.53426382318139065 0.53270927071571339 50.090941834263504
leaf_count=58 137 3 65 38 15 12 26 9 813 8 130 26 4 5810
internal_value=-0.00171323 0.0410873 0.00598464 -0.0434518 -0.0261189 0.0481521 0.00268949 0.0127254 0.0506679 0.0351598 -0.0459867 -0.00908896 -0.0417265 -0.0471684
internal_weight=110.278 54.454 9.43279 55.8239 4.54088 45.0212 2.46924 2.23671 42.552 4.89191 53.5872 1.93257 3.57681 51.6546
internal_count=7154 1004 150 6150 77 854 38 47 816 73 6103 156 62 5947
is_linear=0
shrinkage=0.05


Tree=57
num_leaves=15
num_cat=0
split_feature=48 65 123 122 14 115 120 18 33 40 70 120 123 50
split_gain=83.4908 5.27021 4.11754 2.12526 1.67377 1.41094 0.884038 0.797321 0.66914 0.623769 0.830826 0.561475 0.557503 0.463234
threshold=0.12674840539693835 49.445241928100593 -1.0000000180025095e-35 -169.35871124267575 0.026432231068611148 0.41566656529903417 -185.49999999999997 0.72039407491683971 1140.2029418945315 0.031348271295428283 1413.7432861328127 7.5000000000000009 -751.61132812499989 0.056036269292235381
decision_type=8 2 10 8 10 2 2 10 8 10 2 2 10 10
left_child=4 2 3 -2 9 -4 -3 11 -6 -1 -11 -5 -10 -12
right_child=1 6 5 7 8 -7 -8 -9 12 10 13 -13 -14 -15
leaf_value=-0.047848934824047798 0.024330005989528891 -0.0029482917268847126 -0.011707100418876615 -0.045615732536658918 -0.021971585864915495 0.046758997125754008 0.050993391454186382 0.011784742208135416 -0.013085503557907602 -0.028883038185311689 -0.012177481352564187 0.0054573938213776088 0.033467815065961269 0.031894118797133782
leaf_weight=47.042708933353424 1.3970303498208521 0.66449540853500266 0.82900111842900326 3.4245416866615419 0.76770719978958246 4.897984255105257 44.257203677669168 0.40896327048540104 0.34505515079945326 1.8134212419390672 0.32877064961940039 0.38641114719212044 0.77291844971477985 0.42467345017939806
leaf_count=5709 20 11 13 102 68 72 876 4 22 207 41 5 20 37
internal_value=0.000827913 0.0425725 0.0109392 -0.0180353 -0.0447259 0.0378136 0.0501486 -0.0340347 0.00100346 -0.0464496 -0.0145793 -0.0403792 0.0197051 0.0166858
internal_weight=107.761 56.2656 11.3439 5.61695 51.4953 5.72699 44.9217 4.21992 1.88568 49.6096 2.56687 3.81095 1.11797 0.753444
internal_count=7207 1103 216 131 6104 85 887 111 110 5994 285 107 42 78
is_linear=0
shrinkage=0.05


Tree=58
num_leaves=15
num_cat=0
split_feature=48 123 120 127 127 127 85 49 59 18 89 56 81 36
split_gain=74.2041 7.40279 3.61149 3.12435 2.41528 1.98408 1.85309 1.06871 0.921173 0.790317 0.640677 0.502281 0.450328 0.668171
threshold=0.12674840539693835 -1241.2652587890623 -9.4999999999999982 -1.0000000180025095e-35 3.4106051316484814e-13 1.0000000180025095e-35 0.014185110572725536 0.36965844035148626 394.46228027343756 0.18371187895536426 0.015351106412708761 8.5000000000000018 0.030076888389885429 1422.6373291015627
decision_type=8 10 2 10 8 10 2 10 2 10 10 2 2 10
left_child=6 3 4 8 -3 -5 7 12 -2 -6 -8 -4 -1 -14
right_child=1 2 11 5 9 -7 10 -9 -10 -11 -12 -13 13 -15
leaf_value=-0.047910285328433555 -0.045081260658705338 0.035122759800215446 0.050787599832552724 0.037748969652516798 -0.041622933331001755 -0.026610773511608184 -0.01829993978741391 0.010190185778429152 0.011480209405389963 0.0088390227474821528 0.024112916987133901 -0.00033164848545546232 -0.02511816597691607 0.020788635430774024
leaf_weight=46.259266396053135 2.9654520452022557 1.7420360073447216 42.955414513126016 3.1224057022482152 1.598614512011409 0.87265217583626498 0.72856026142835506 0.50288801640272041 0.45229852944612492 0.67876148596405972 0.8847114909440279 0.47276343032717605 1.2757460088469077 0.32430144399404515
leaf_count=5887 81 25 872 51 23 21 56 4 6 10 24 9 159 26
internal_value=-0.000813845 0.0390003 0.04613 -0.00669349 0.000594596 0.0211777 -0.0444274 -0.0461593 -0.0366917 -0.028475 0.00528584 0.0502362 -0.0469478 -0.0113968
internal_weight=104.836 54.8604 47.4476 7.41281 4.01941 3.99506 49.9755 48.3622 3.41775 2.27738 1.61327 43.4282 47.8593 1.60005
internal_count=7254 1098 939 159 58 72 6156 6076 87 33 80 881 6072 185
is_linear=0
shrinkage=0.05


Tree=59
num_leaves=15
num_cat=0
split_feature=88 46 124 107 128 65 35 36 14 35 80 123 22 82
split_gain=71.2291 7.77776 3.43593 2.12483 2.5556 1.86233 1.2542 0.87889 0.545641 0.651609 0.390018 0.264453 0.200402 0.161303
threshold=0.19169820100069049 0.0059461377095431098 -1.0000000180025095e-35 55.448255538940437 -168.76655578613278 55.112583160400398 30.832298278808597 1377.4155273437502 0.026432231068611148 1336.1712036132815 0.91666665673255932 1208.3362426757815 0.46229757368564611 0.19965035468339923
decision_type=8 10 10 2 10 2 8 10 10 10 2 10 10 2
left_child=8 2 7 4 -3 6 -4 -2 11 -10 12 -1 -7 -5
right_child=1 3 5 13 -6 10 -8 -9 9 -11 -12 -13 -14 -15
leaf_value=-0.047561042953027204 -0.041453220835307586 -0.024844163947884912 0.024996045257618268 0.051974792436246024 0.037011640736810694 0.045892415080339699 -0.030964292692304975 0.015303996719540551 -0.02595803799080201 0.017916699425029908 0.00070437351278207028 0.00095998925871119208 0.0043903430691726057 0.012521499343002446
leaf_weight=43.886635972652584 3.3682296518236403 1.9055206533521412 0.67936582071706508 36.810535148717463 3.1594560220837584 3.0637978948652749 1.7297108257189391 0.28063675295561541 1.0476247793994833 0.54965206421911705 0.69814811274409283 0.24317393451928992 0.55785442143678654 1.0067907385528077
leaf_count=5865 127 18 8 802 59 49 69 3 85 15 12 31 15 18
internal_value=-0.000964673 0.0380131 -0.000834194 0.0472192 0.0134812 0.0196648 -0.0124802 -0.034735 -0.0462055 -0.00977473 0.0365678 -0.0472783 0.0418329 0.0512741
internal_weight=98.9871 53.26 10.3777 42.8823 5.06498 6.72888 2.40908 3.64887 45.7271 1.59728 4.3198 44.1298 3.62165 37.8173
internal_count=7176 1180 283 897 77 153 77 130 5996 100 76 5896 64 820
is_linear=0
shrinkage=0.05


Tree=60
num_leaves=15
num_cat=0
split_feature=52 65 128 123 91 115 31 127 18 33 35 51 122 35
split_gain=69.4317 5.07463 3.50392 1.87986 1.68338 1.53571 1.45968 1.41509 1.00225 0.892757 0.673961 0.621243 0.610179 0.363869
threshold=1.3452380895614626 49.445241928100593 -16.053084373474118 -1.0000000180025095e-35 0.072368845343589797 0.62066107988357555 23.943679809570316 -35.283512115478509 0.51094514131546032 1439.4903564453127 133.3161315917969 10.500000000000002 24.775011062622074 44.582815170288093
decision_type=8 2 10 10 8 2 10 8 10 10 10 2 10 10
left_child=1 2 3 8 9 -3 -4 10 -1 -2 -6 -11 -9 -5
right_child=4 5 6 13 7 -7 -8 12 -10 11 -12 -13 -14 -15
leaf_value=-0.044972713596714148 -0.047669036236772128 0.051711061034443478 0.04494364813449378 0.028897218113167901 -0.011921858244886945 -0.0049213878010032127 -0.01252969057173329 -0.035197668420367013 0.014892588390957424 -0.024290999725935025 0.043805974050271507 0.017227561278095046 0.0048935050592998353 -0.0066602850944391841
leaf_weight=3.0121122114360337 40.260116937104613 36.791214097291231 4.4963885927572829 1.0489002130925653 0.30377897201105952 1.0649649295955885 0.91719795856624831 2.2424585237167771 0.34420791268348683 0.92872633785009273 0.56613252032548189 0.74967576377093792 1.0309444521553812 0.6285633579827844
leaf_count=95 5636 837 78 14 20 14 35 197 3 106 20 44 35 14
internal_value=0.000213314 0.0416808 0.00969217 -0.0185714 -0.0432155 0.0500322 0.0347709 -0.00994029 -0.0368239 -0.0461948 0.028377 -0.00623806 -0.0243807 0.0180622
internal_weight=94.3854 48.3035 10.4474 5.03378 46.0818 37.8562 5.41359 4.14331 3.35632 41.9385 0.869911 1.6784 3.2734 1.67746
internal_count=7148 1090 239 126 6058 851 113 272 98 5786 40 150 232 28
is_linear=0
shrinkage=0.05


Tree=61
num_leaves=15
num_cat=0
split_feature=54 128 123 91 109 115 93 125 129 65 33 3 51 124
split_gain=61.1611 5.56022 5.54782 4.26212 2.45155 1.87276 1.23014 1.08656 0.773006 0.692045 0.542826 0.539062 0.478748 0.203638
threshold=1.0000000180025095e-35 -21.862711906433102 -1.0000000180025095e-35 0.072368845343589797 0.0040306276641786107 0.41566656529903417 0.52926483750343334 -150.49999999999997 -0.082250718027353273 56.730962753295906 1439.4903564453127 20.990816116333011 10.500000000000002 0.20322173833847049
decision_type=8 10 10 10 2 2 10 2 10 2 10 10 2 10
left_child=1 2 6 10 13 -4 9 -3 -6 -1 -2 -10 -12 -5
right_child=3 7 5 4 8 -7 -8 -9 11 -11 12 -13 -14 -15
leaf_value=-0.046937529820391233 -0.047619695561671727 -0.0097710630006177523 -0.016074920862212044 -0.031448483011337978 -0.01076971570724816 0.044677803727222049 0.018473632545424418 0.050458717469257133 -0.007524977640081045 0.0032291226365660144 -0.024558425258118414 0.052075749837232926 0.013082141000255974 0.0048071711716503544
leaf_weight=3.335506190545857 40.098406183067709 0.46189693175256152 1.0202800678089241 1.8224586499854911 0.36004659812897477 5.8052757270634174 0.49884542450308789 33.233509851619601 0.17574434494599689 0.6708279401063918 0.94905307143926509 1.5934270927682517 0.65878161042928696 0.17036622064188112
leaf_count=81 5727 5 14 132 48 117 6 786 26 9 111 57 40 5
internal_value=-0.00153052 0.0394178 0.00820352 -0.0417447 0.00554935 0.0347028 -0.0309551 0.0493753 0.035651 -0.0395704 -0.0464396 0.0455758 -0.0100333 -0.0277784
internal_weight=90.8544 45.0261 11.3307 45.8283 4.12204 6.82556 4.50518 33.6954 2.12922 4.00633 41.7062 1.76917 1.60783 1.99282
internal_count=7164 1018 227 6146 268 131 96 791 131 90 5878 83 151 137
is_linear=0
shrinkage=0.05


Tree=62
num_leaves=15
num_cat=0
split_feature=99 46 124 61 128 127 123 46 137 85 34 2 33 60
split_gain=61.1772 6.56125 3.42697 2.21727 2.30194 1.47666 0.714537 0.609405 0.543672 0.538422 0.390408 0.372856 0.143051 0.188642
threshold=0.18035651743412021 0.0059461377095431098 -1.0000000180025095e-35 50.023273468017585 -168.76655578613278 3.4106051316484814e-13 -1.0000000180025095e-35 2.549499981796544e-06 89.115234375000014 0.0068759971763938674 1013.0858154296876 55.451335906982429 1439.4903564453127 1404.773376464844
decision_type=8 10 10 2 10 8 10 8 2 2 10 10 10 2
left_child=9 2 7 4 -3 8 -7 -2 -4 12 -11 -8 -1 -14
right_child=1 3 5 -5 -6 6 11 -9 -10 10 -12 -13 13 -15
leaf_value=-0.04790775007208907 0.013320972296703287 -0.024502354751524243 0.043483459260448713 0.051090885272932755 0.03536678155182383 -0.026304619254990613 -0.012573650320384737 -0.039986158476447903 -0.0031053601075747258 -0.02118681617171116 0.014271653581854605 0.024289991110353411 0.005933562202360949 -0.021649026600098171
leaf_weight=37.202899127732962 0.13301837630569968 1.8647335311397908 3.2793887467123555 32.564796128310263 2.816496890038251 1.218188626226038 0.29887961177155353 3.1518564252182841 0.5845110099762677 0.72003383189439663 0.50051128398627043 0.99204251496121287 0.37627645954489608 1.1155432378873227
leaf_count=5768 16 19 70 816 57 52 8 139 15 64 21 26 31 126
internal_value=-0.00113063 0.0372325 0.00037012 0.0465314 0.0114033 0.0210048 -0.00749294 -0.0352225 0.0372463 -0.0460189 -0.00676738 0.0139922 -0.0470553 -0.0151027
internal_weight=86.8192 46.9039 9.65789 37.246 4.68123 6.37301 2.50911 3.28487 3.8639 39.9153 1.22055 1.29092 38.6947 1.49182
internal_count=7228 1218 326 892 76 171 86 155 85 6010 85 34 5925 157
is_linear=0
shrinkage=0.05


Tree=63
num_leaves=15
num_cat=0
split_feature=44 46 67 32 40 128 123 137 33 71 3 101 125 122
split_gain=58.1507 5.05527 2.57103 1.62674 1.54728 1.24388 1.30556 1.17315 0.940034 0.902199 0.801702 0.554144 0.409616 0.294451
threshold=0.19723790138959887 0.0059461377095431098 55.430170059204109 30.832298278808597 0.91666665673255932 inf -1.7053025658242402e-13 89.115234375000014 1439.4903564453127 1412.8868408203127 88.005153656005874 0.30094745755195623 -10.499999999999998 -141.99552154541013
decision_type=8 10 2 8 10 8 10 2 10 2 10 10 2 8
left_child=8 2 3 -2 7 12 -7 -4 9 11 -10 -1 -3 -13
right_child=1 5 4 -5 -6 6 -8 -9 10 -11 -12 13 -14 -15
leaf_value=-0.047214802407873818 0.017556118010605179 0.016568986079226522 0.047080874804492565 -0.037557503251976695 -0.016415722042965663 -0.022220940289657296 0.031884906442828424 -0.010653695859723483 -0.023539371482199652 0.011044349140708447 0.023435836308304894 0.013167914127794975 0.051393349538205783 -0.018149305006523217
leaf_weight=35.251818108838052 1.3051396049559096 2.0989639041945294 3.8154401341453195 2.9477513181045651 1.0877442210912702 1.0779966786503794 1.5209770910441864 0.68122930172830809 1.1217219782993186 0.3546625878661861 0.608623114414513 0.25328092649579048 31.29116548970342 1.4671567906625558
leaf_count=5669 22 28 64 138 13 10 33 21 129 16 29 20 816 206
internal_value=0.00086929 0.0386926 0.00615777 -0.0205217 0.0265068 0.0471789 0.0095044 0.0379873 -0.0433674 -0.0450058 -0.00448462 -0.0458202 0.0497497 -0.0103932
internal_weight=84.8837 45.8264 9.8373 4.25289 5.58441 35.9891 2.59897 4.49667 39.0573 37.3269 1.73035 36.9723 33.3901 1.72044
internal_count=7214 1145 258 160 98 887 43 85 6069 5911 158 5895 844 226
is_linear=0
shrinkage=0.05


Tree=64
num_leaves=15
num_cat=0
split_feature=89 125 129 123 90 73 32 120 91 70 96 2 22 18
split_gain=55.1121 4.21391 4.01961 1.92081 1.75243 1.108 2.47019 0.911874 0.760816 0.607622 0.492011 0.177503 0.162332 0.120272
threshold=0.21720667183399203 -10.499999999999998 -0.36952808499336237 4.2632564145606017e-14 0.022305211052298549 244.47453308105472 247.68039703369143 -8.4999999999999982 0.055851420387625701 1413.7432861328127 0.230799175798893 520.58282470703136 0.51099964976310741 0.18371187895536426
decision_type=8 2 10 8 8 2 10 2 8 2 8 10 8 10
left_child=5 4 3 7 -2 -1 8 -3 -7 12 13 -5 -10 -4
right_child=1 2 10 11 -6 6 -8 -9 9 -11 -12 -13 -14 -15
leaf_value=-0.048026571702096538 0.022347233354433216 -0.016712184075726385 -0.010555620734201769 -0.036687546167670768 -0.034005688395941827 -0.039602392151213084 0.026740486382061768 0.035990046261110908 -0.02401885075868522 0.021922178375348877 0.050180248064529233 8.6325162515613974e-05 0.00603828300876198 0.011233727486553394
leaf_weight=28.462394670583308 1.5980244986712926 0.46746319439262141 0.26153947785496612 1.4628819357603786 2.0588454203680158 7.57949188025668 1.2601857879199077 1.9454688327386969 0.94784747762605603 0.59827140625566233 33.5268972851336 0.37318171001970757 0.14492489024996769 0.27390056848526001
leaf_count=4742 21 7 16 39 25 1185 52 43 111 60 886 9 2 7
internal_value=-0.000247607 0.0390719 0.0438756 -0.00166804 -0.00986918 -0.0424859 -0.0246441 0.0238748 -0.0335525 -0.00179636 0.0494423 -0.0318182 -0.0190521 0.00064758
internal_weight=80.9613 41.9682 38.3113 4.249 3.65687 38.9931 10.5307 2.41293 9.27054 1.69104 34.0623 1.83606 1.09277 0.53544
internal_count=7205 1053 1007 98 46 6152 1410 50 1358 173 909 48 113 23
is_linear=0
shrinkage=0.05


Tree=65
num_leaves=15
num_cat=0
split_feature=46 116 67 127 123 17 91 70 128 115 124 63 33 81
split_gain=52.0478 5.00327 3.25055 1.94505 1.72974 1.33282 0.932237 1.15828 0.871731 0.609833 0.483743 0.373623 0.320197 0.344353
threshold=0.016652453690767292 0.67885988950729381 55.430170059204109 68.055557250976577 3.4106051316484814e-13 0.31383256614208227 0.057563778012990958 1413.7432861328127 -1.0000000180025095e-35 0.7058580517768861 0.071272939443588271 60.748319625854499 1439.4903564453127 0.02649122849106789
decision_type=8 2 2 8 8 10 10 2 10 2 10 2 10 2
left_child=6 2 8 -4 -5 9 12 10 -2 -3 -8 -9 -1 -14
right_child=1 5 3 4 -6 -7 7 11 -10 -11 -12 -13 13 -15
leaf_value=-0.04697279869627552 -0.036650566115764588 0.050177380907323044 0.047376527255490089 0.029283053394137799 -0.035285110854303331 -0.0010171342475160485 -0.035814190418132802 -0.0096268587755616152 0.015972644350895696 -0.0047489698461692193 0.0040840267540881367 0.031405399518777417 -0.02084452680646694 0.013766814848054332
leaf_weight=31.068863873835653 3.1010384145192806 30.020618004258729 3.1495050108060241 0.92695477232336998 1.2972553991712632 1.3252406939864148 2.5159728848375376 0.27761780517175783 0.37488772720098307 0.34585963096469541 0.72789225075393904 0.63726785266771913 1.1239245645701874 0.26538304984569538
leaf_count=5472 121 863 52 14 28 16 315 46 4 9 28 53 131 17
internal_value=-0.000276006 0.0383086 0.00442783 0.0269791 -0.00763964 0.0473446 -0.0428786 -0.0154583 -0.0286745 0.0494203 -0.0280087 0.0204292 -0.0458249 -0.0112384
internal_weight=77.1583 40.5414 8.84964 5.37372 2.22421 31.6917 36.6169 4.15875 3.47593 30.3665 3.24387 0.914886 32.4582 1.38931
internal_count=7169 1107 219 94 42 888 6062 442 125 872 343 99 5620 148
is_linear=0
shrinkage=0.05


Tree=66
num_leaves=15
num_cat=0
split_feature=44 123 65 115 46 85 115 81 36 137 60 128 19 51
split_gain=48.069 5.70156 2.69916 2.33656 1.14244 0.980332 0.938147 0.821576 0.822609 0.753043 0.573668 0.524292 0.518023 0.334522
threshold=0.19723790138959887 -1241.2652587890623 55.112583160400398 0.32168674468994146 0.0048072156496346006 0.0068759971763938674 0.62066107988357555 0.019077950157225135 1413.7432861328127 89.115234375000014 976.81567382812511 -1.0000000180025095e-35 0.71673449873924266 6.5000000000000009
decision_type=8 10 2 2 8 2 2 2 10 2 2 10 10 2
left_child=5 2 11 -3 -5 7 -6 -1 -9 -4 -7 -2 -8 -10
right_child=1 3 9 4 6 10 12 8 13 -11 -12 -13 -14 -15
leaf_value=-0.046502294972665836 -0.039883999798022651 -0.012758773017666395 0.034020983099206627 -0.0094590824527649338 0.049995455890222064 -0.021207133250241136 -0.016966649645713188 -0.025595785784989562 -0.0085683194083118214 -0.013468166846260647 0.019818171351035106 0.0032499296886570983 0.022468850017803542 0.033496704387163651
leaf_weight=30.982755817938596 2.7160897473804657 1.321401742286979 2.4675957709550862 0.57264133682474394 30.955131363123655 0.72142576333135255 0.66170667298138031 1.0536215263418842 0.21676721889525641 0.50429361127316941 0.6899413145147264 0.6935448395088305 0.70251544564962387 0.38994824280962348
leaf_count=5688 110 18 52 34 872 69 10 182 35 12 27 20 12 33
internal_value=0.000151517 0.0364992 -0.00609599 0.0443916 0.0469962 -0.0429822 0.0482504 -0.0446957 -0.00617629 0.0246006 -0.00125031 -0.0323629 0.00425509 0.0224888
internal_weight=74.6494 40.5949 6.38152 34.2134 32.892 34.0545 32.3194 32.6431 1.66034 2.97189 1.41137 3.40963 1.36422 0.606715
internal_count=7174 1140 194 946 928 6034 894 5938 250 64 96 130 22 68
is_linear=0
shrinkage=0.05


Tree=67
num_leaves=15
num_cat=0
split_feature=50 90 124 116 120 30 111 85 49 36 35 81 121 30
split_gain=45.0376 5.6064 3.60235 1.6543 1.48007 1.3783 1.35774 0.916726 0.723843 0.551764 0.429194 0.382685 0.364287 0.272116
threshold=0.19323673099279406 0.078658290207386031 -1.0000000180025095e-35 0.44341652095317846 -4.4999999999999991 517.74331665039074 415.03169250488287 0.014185110572725536 0.27653878927230841 1.0000000180025095e-35 1336.1712036132815 0.039344685152173049 -84.796295166015611 517.74331665039074
decision_type=8 8 10 2 2 10 2 2 8 10 10 2 2 10
left_child=7 3 5 12 6 -3 -4 11 -6 -5 -9 -1 -2 -8
right_child=1 2 4 9 8 -7 13 10 -10 -11 -12 -13 -14 -15
leaf_value=-0.046577107959493491 0.013051271224027668 -0.041291674745951107 -0.027663892774726806 -0.0076858697541814895 -0.0066135440322182583 0.018990557070866179 -0.0011812573324254142 -0.018935025019469837 0.044577656770702356 0.049795309546494776 0.017580885981821684 -0.0049607117099431568 -0.01970099038244133 0.035517005125989085
leaf_weight=29.279231554828591 0.80609074980020523 3.2546580159105365 1.6247497177682819 0.17125282622874038 0.52343367552384545 0.58465991588309396 0.63311360869556643 0.59876484051346668 4.1874114200472832 26.926853301469237 0.62146692164242268 0.82083878945559163 0.63140497356653458 0.68036776455119252
leaf_count=5663 21 144 47 4 41 25 12 60 76 850 19 121 35 16
internal_value=0.000174981 0.0349497 0.00486217 0.0464882 0.0238533 -0.0300845 -0.00377283 -0.0439698 0.0387276 0.0491714 -0.000795335 -0.0456382 -0.00351529 0.0249635
internal_weight=71.3443 40.024 11.4884 28.5356 7.64908 3.83932 2.93823 31.3203 4.71085 27.0981 1.22023 30.1001 1.4375 1.31348
internal_count=7134 1271 361 910 192 169 75 5863 117 854 79 5784 56 28
is_linear=0
shrinkage=0.05


Tree=68
num_leaves=15
num_cat=0
split_feature=95 116 50 65 37 124 85 93 40 36 129 36 34 90
split_gain=41.4338 4.17974 2.57564 2.20911 1.45462 1.43222 0.996029 0.889091 0.629095 0.798749 0.522651 0.507241 0.467949 0.426599
threshold=0.096685566008090987 0.67885988950729381 0.54148492217063915 55.112583160400398 0.44983221590518957 -1.0000000180025095e-35 0.0068759971763938674 0.011962346732616426 0.031348271295428283 1413.7432861328127 0.60777598619461071 21.367526054382328 1013.0858154296876 0.17969912290573123
decision_type=8 2 8 2 8 10 2 10 10 10 8 8 10 10
left_child=2 3 6 11 -4 -5 8 -3 -1 -10 -7 -2 -8 -9
right_child=1 7 4 5 -6 10 12 13 9 -11 -12 -13 -14 -15
leaf_value=-0.04671468443587036 0.0083763299172468567 -0.010250344086852796 0.028521907651211653 -0.013316571272339098 -0.025709637042968022 0.04339754170384269 -0.018582029878639866 0.049126525004371951 -0.027474479274786991 0.01905111894036041 -0.0021599400243425128 -0.036464902409912389 0.018820660187070196 0.0099577674394657513
leaf_weight=27.927648846525706 0.38972093537449781 0.35038136504590767 1.6780818914994591 1.5139791481196878 1.3138697282411156 2.8466888274997477 0.71543619129806646 25.448221750557426 1.2583866794593621 0.6678444924764334 0.64320676028728474 2.0102012511342764 0.63210039166733623 1.3082662131637324
leaf_count=5598 4 8 27 18 87 53 69 833 221 81 14 51 23 22
internal_value=-0.00036794 0.0377418 -0.0388108 0.00378211 0.00423233 0.0216377 -0.0429416 0.0465528 -0.0447794 -0.0103456 0.0363901 -0.0288612 -0.000493743 0.0476391
internal_weight=68.704 34.5107 34.1934 7.4038 2.99195 5.00387 31.2014 27.1069 29.8539 1.92623 3.4899 2.39992 1.34754 26.7565
internal_count=7109 1003 6106 140 114 85 5992 863 5900 302 67 55 92 855
is_linear=0
shrinkage=0.05


Tree=69
num_leaves=15
num_cat=0
split_feature=89 45 65 98 124 122 137 123 123 40 116 11 33 127
split_gain=41.5952 4.60104 2.62529 2.0387 1.72938 1.19737 1.16529 0.805981 0.698349 0.669996 0.414091 0.378165 0.31264 0.254287
threshold=0.21720667183399203 0.12963496893644336 37.743314743041999 0.59153336286544811 -1.0000000180025095e-35 -296.15458679199213 93.849788665771499 -1.0000000180025095e-35 1208.3362426757815 0.68333333730697643 0.44341652095317846 0.66323024034500133 1439.4903564453127 -1155.4205322265623
decision_type=8 8 2 10 10 8 2 10 10 8 2 10 10 8
left_child=3 10 7 5 9 -1 11 -3 12 -4 -2 -6 -7 -12
right_child=1 2 4 -5 6 8 -8 -9 -10 -11 13 -13 -14 -15
leaf_value=0.008176034347066664 0.0019644443143552221 -0.039331897055245389 0.012097145972080595 0.024090377509517553 0.048272278266173085 -0.045929600797320558 -0.012680221237346748 0.0077648833913344199 0.011985468813732683 -0.031930846424581431 0.00073551409945197752 0.00026430409921193471 -0.0098560283152011284 0.049462124043369256
leaf_weight=0.83738151006400585 0.56520342081785457 2.0733973346650605 0.84731535473838415 0.58418775582685967 3.9902687910944223 28.926977179013207 0.61904398351907719 0.88371330965310146 0.16848240373656054 0.90615166630595934 0.30132899153977633 0.45897681638598431 1.2524731154553581 24.620625041425232
leaf_count=88 5 63 18 11 76 5857 17 17 13 15 7 12 145 840
internal_value=0.000260346 0.0371493 0.00704841 -0.0405726 0.0232978 -0.0424948 0.0363772 -0.0268518 -0.0441091 -0.0139888 0.0479962 0.0442772 -0.0447966 0.0489241
internal_weight=67.0355 35.266 9.77887 31.7695 6.82176 31.1853 5.06829 2.95711 30.3479 1.75347 25.4872 4.44925 30.1795 24.922
internal_count=7184 1070 218 6114 138 6103 105 80 6015 33 852 88 6002 847
is_linear=0
shrinkage=0.05


Tree=70
num_leaves=15
num_cat=0
split_feature=52 116 67 17 123 71 46 127 32 127 38 85 55 118
split_gain=38.0229 3.94352 2.09574 1.85115 1.46359 1.34252 1.11157 0.922669 0.593945 0.579616 0.535616 0.392691 0.375317 0.365966
threshold=1.2330316901206972 0.67885988950729381 55.430170059204109 0.062341710552573211 256.94978332519537 261.97103881835943 0.16695995628833774 96.363636016845717 55.112583160400398 -176.55372619628903 0.65989691019058239 0.0068759971763938674 3259.9707031250005 0.081535980105400099
decision_type=8 2 2 8 8 2 8 8 10 8 10 2 8 2
left_child=1 2 9 11 -4 10 8 12 -3 -1 13 -2 -7 -5
right_child=3 6 4 5 -6 7 -8 -9 -10 -11 -12 -13 -14 -15
leaf_value=0.0079984215968702758 -0.045744805961817542 -0.02028116323961272 0.040092389470805546 -0.036001747071726362 -0.014020988232762209 -0.0015989137491282922 0.048550414435653777 -0.0167936075857603 0.022538822524761915 -0.037739595041983244 0.012619973416914716 -0.005237752038733166 0.045137438506232988 0.0066105904302754112
leaf_weight=0.51164022088050842 25.105999064166106 0.70437154266983515 2.5387642066925764 2.9200568306259811 1.3017991855740549 0.47545212414115634 23.608671268448234 0.64025304606184352 0.54297568276524544 1.9001425127498834 0.25771902222186316 0.89537780173122783 0.82044879533350479 0.25862922798842181
leaf_count=7 5516 22 55 416 16 23 842 44 7 77 4 80 13 29
internal_value=-0.000970289 0.0375982 0.00168836 -0.0391924 0.0226428 -0.0101483 0.0462164 0.0178007 9.35403e-05 -0.0285362 -0.0263583 -0.0445956 0.0347625 -0.0317824
internal_weight=62.4823 31.1084 6.25235 31.3739 3.84056 5.37256 24.856 1.93615 1.24735 2.41178 3.43641 26.0014 1.2959 3.17869
internal_count=7151 1026 155 6125 71 529 871 80 29 84 449 5596 36 445
is_linear=0
shrinkage=0.05


Tree=71
num_leaves=15
num_cat=0
split_feature=54 61 106 49 93 40 36 125 85 120 134 113 116 30
split_gain=38.3924 3.34711 2.96686 1.77549 0.934135 0.873378 1.10048 0.694267 0.64929 0.625378 0.592025 0.471779 0.356442 0.29139
threshold=1.0000000180025095e-35 55.288377761840827 36.358932495117195 0.27653878927230841 0.29085370898246771 0.027833112515509132 1413.7432861328127 -234.49999999999997 0.0022610671585425739 -185.49999999999997 0.92711213231086742 123.7387046813965 1.3380094766616824 1166.1854248046877
decision_type=8 2 2 10 10 8 10 2 2 2 2 2 2 10
left_child=1 2 10 5 -4 8 -7 -3 -2 -9 -1 -11 -8 -10
right_child=3 7 4 -5 -6 6 12 9 13 11 -12 -13 -14 -15
leaf_value=0.03938334729686413 -0.046528357057428575 -0.010634341431649704 -0.040089944284170259 0.011882366150777084 0.012322043613849623 -0.026613977200136685 -0.0088150988829538059 -0.0043623856594948137 -0.017544453174265708 -0.0030176738088855235 -0.0067545226834225874 0.049159061125441939 0.033466036247788954 0.013522985884596481
leaf_weight=2.8388200048357279 25.029230183921765 0.18892623484135285 2.1830534371547405 1.2108060885220755 0.63247910328209389 2.6703298771753903 0.23882411932572711 0.4137139730155529 0.53222769545391091 0.32685972377657435 0.52810592902824272 23.548188116401434 0.5183922229334712 0.51416519656777382
leaf_count=66 5697 1 70 10 14 297 44 7 61 5 15 860 42 33
internal_value=-0.000508214 0.0384497 0.00464618 -0.039384 -0.0281725 -0.0418085 -0.0130519 0.0464701 -0.0449668 0.0473173 0.032257 0.0483521 0.0227031 -0.00313042
internal_weight=61.3741 30.6601 6.18246 30.714 2.81553 29.5032 3.42755 24.4777 26.0756 24.2888 3.36693 23.875 0.757216 1.04639
internal_count=7222 1038 165 6184 84 6174 383 873 5791 872 81 865 86 94
is_linear=0
shrinkage=0.05


Tree=72
num_leaves=15
num_cat=0
split_feature=50 45 124 129 12 124 78 61 85 47 46 7 81 122
split_gain=34.1073 5.46552 2.99668 1.26805 1.15726 1.13286 0.942143 0.819728 0.788783 0.552759 0.459477 0.381527 0.25711 0.226452
threshold=0.19323673099279406 0.08064794167876245 -1.0000000180025095e-35 -0.16750355809926984 0.15250544995069507 -0.34899012744426722 0.3747659176588059 999.26354980468761 0.0068759971763938674 0.8965774178504945 0.16695995628833774 54.582815170288093 0.02649122849106789 -1.0000000180025095e-35
decision_type=8 8 10 10 10 8 2 2 2 10 10 10 2 10
left_child=8 5 7 13 6 -2 9 10 12 -5 -3 -10 -1 -4
right_child=1 2 3 4 -6 -7 -8 -9 11 -11 -12 -13 -14 -15
leaf_value=-0.045962989269930268 -0.0096946195929338303 -0.040665484905843076 -0.023740610972680983 0.048741963586697912 -0.013298745656994647 0.047912060487820964 -0.0097481206537914037 0.016345309441916617 0.015252768873923718 -0.0033318438068342241 0.0084206985565488078 -0.01903079736077418 -0.008120092504416419 0.0045997071869348424
leaf_weight=23.140365351922817 0.56811590865254402 3.0986670739948758 0.80050216289237142 4.2386451754719001 0.82517448440194119 22.069042142480615 0.57063376856967796 0.28950436785817135 0.65466646431013831 0.42854129755869497 0.19424354657530774 0.60513795632869005 0.94531352072954078 0.70928011694923021
leaf_count=5627 6 186 46 93 19 853 25 3 25 14 6 70 154 30
internal_value=-1.61653e-07 0.0324973 0.00333812 0.0205436 0.0298739 0.0461173 0.0377169 -0.0295784 -0.042917 0.0442163 -0.0364829 -0.00234923 -0.0448606 -0.0138987
internal_weight=59.1378 33.7924 11.1552 7.57278 6.06299 22.6372 5.23782 3.58241 25.3455 4.66719 3.29291 1.2598 24.0857 1.50978
internal_count=7157 1281 422 227 151 859 132 195 5876 107 192 95 5781 76
is_linear=0
shrinkage=0.05


Tree=73
num_leaves=15
num_cat=0
split_feature=48 128 123 6 127 115 14 127 7 115 33 93 91 44
split_gain=33.1774 4.29473 2.79919 1.60376 1.05664 0.993524 0.925876 0.872936 0.649645 0.407474 0.373141 0.326207 0.313583 0.149638
threshold=0.12674840539693835 -21.862711906433102 -1.7053025658242402e-13 55.568002700805671 45.228828430175788 0.38506905734539038 0.026432231068611148 -105.22142410278319 54.054365158081062 0.62066107988357555 1439.4903564453127 0.36146178841590887 0.019971746951341632 0.43539944291114813
decision_type=8 10 10 10 8 2 10 10 10 2 10 10 8 10
left_child=6 2 3 11 -5 -4 10 -3 -8 -6 13 -2 -12 -1
right_child=1 7 5 4 9 -7 8 -9 -10 -11 12 -13 -14 -15
leaf_value=-0.045331088518837062 -0.041735433632195687 -0.0043474803785713756 -0.016746220640659261 0.036163500346136579 0.011696384315619583 0.039204694626070125 0.022242484785591314 0.048432953458199771 -0.021697753317820926 -0.026171624519574246 -0.019643105228914912 0.0024651508006420624 0.013145291430252479 0.00024765203439727177
leaf_weight=23.251913946121942 2.6070054019801323 0.65024609863758343 0.36912076547742056 0.98169656097888947 0.41043029166758083 3.9044774966314435 0.61783369351178297 19.981300671584904 0.75346021121367812 0.91613592486828566 0.64099724823608872 0.35074646770954121 0.40652963146567356 0.17050632415339251
leaf_count=5776 104 6 6 11 10 123 22 789 90 27 113 4 35 8
internal_value=-0.00080186 0.0342999 0.00570746 -0.0174268 0.0114905 0.032113 -0.0415362 0.0466454 -0.000869359 -0.014464 -0.0436915 -0.0371954 -0.006713 -0.0450027
internal_weight=56.0124 30.1712 9.53961 5.26601 2.30826 4.2736 25.8412 20.6315 1.37129 1.32657 24.4699 2.95775 1.04753 23.4224
internal_count=7124 1080 285 156 48 129 6044 795 112 37 5932 108 148 5784
is_linear=0
shrinkage=0.05


Tree=74
num_leaves=15
num_cat=0
split_feature=99 46 124 43 85 126 128 115 124 125 35 125 33 125
split_gain=32.3676 4.16808 2.25354 1.20497 0.967091 0.948034 0.858477 0.84447 0.783972 0.499505 0.397008 0.369785 0.256444 0.255245
threshold=0.18035651743412021 0.0059461377095431098 -1.0000000180025095e-35 0.28519292175769811 0.0025305799208581452 -633.52023315429676 -16.053084373474118 0.32168674468994146 -0.48011665046215052 -14.499999999999998 1336.1712036132815 -12.499999999999998 1439.4903564453127 -89.499999999999986
decision_type=8 10 10 10 2 2 10 2 8 2 10 2 10 2
left_child=4 2 3 -2 12 11 -7 -3 -9 13 -6 -4 -1 -10
right_child=1 7 5 -5 10 6 -8 8 9 -11 -12 -13 -14 -15
leaf_value=-0.045857688510844145 -0.037742052601085992 -0.012236599933731955 -0.00086222643097365239 0.021487460320273405 -0.018353749246390768 -0.021370872957312027 0.022046390994740664 -0.0094162543382011396 0.019344449721512655 0.048673084995343063 0.016349350167167122 0.043528936468293991 -0.0085637000137419664 -0.0097003407366389252
leaf_weight=21.293728666380055 2.6267798100598161 0.26098145544529217 0.50283787492662702 0.41409929422661651 0.5714443156030018 1.4405125728808346 1.1370172458700851 0.32277525216341019 0.73135556280612946 21.027455388102677 0.73315676907077432 2.2763084215112031 0.99830127088352938 0.53024964034558297
leaf_count=5655 144 2 17 28 68 61 46 3 18 873 36 47 146 6
internal_value=0.00094382 0.0338603 0.00316884 -0.0263548 -0.0422805 0.0214383 -0.00140945 0.0445237 0.0456693 0.0468371 -0.000219521 0.0373943 -0.0446269 0.00824555
internal_weight=54.867 31.2704 8.39756 3.04088 23.5966 5.35668 2.57753 22.8728 22.6118 22.2891 1.3046 2.77915 22.292 1.26161
internal_count=7150 1245 343 172 5905 171 107 902 900 897 104 64 5801 24
is_linear=0
shrinkage=0.05


Tree=75
num_leaves=15
num_cat=0
split_feature=99 95 111 123 116 115 85 68 129 81 60 124 116 122
split_gain=29.5034 3.86633 2.12253 1.7886 1.30752 1.04864 0.710463 0.576961 0.51967 0.468995 0.361908 0.315782 0.314131 0.293021
threshold=0.18035651743412021 0.19231707602739337 564.32843017578136 1.0000000180025095e-35 0.44341652095317846 0.47847430408000952 0.0068759971763938674 745.12121582031261 0.54387021064758312 0.030615433119237426 976.81567382812511 0.071439478546381011 1.9607242941856386 19.755265235900882
decision_type=8 10 2 8 2 2 2 2 10 2 2 8 2 8
left_child=6 2 3 5 -3 -2 9 -4 -5 -1 -8 -7 -6 -11
right_child=1 4 7 8 12 11 10 -9 -10 13 -12 -13 -14 -15
leaf_value=-0.044932756174356513 -0.020066681559852185 -0.0068908950815984096 -0.0051052615599966912 -0.03717764457768271 0.047769399715324068 0.035046192285893285 -0.018043613293795533 0.046469953208928202 0.0050334237764629187 0.014942626067104529 0.016033266558466121 -0.0016420440720006293 -0.0025106598741117532 -0.017215399176063073
leaf_weight=20.925005465978764 0.80921627487987491 0.93538486585021274 0.44106225669384036 2.9634494460187857 19.053830210119489 1.9535936815664166 0.55661397660151013 1.9119914891198275 0.62584495311602939 0.34280107403173943 0.56467152759432793 0.62401093868538815 0.21677682921290298 0.53159065265208483
leaf_count=5740 49 10 42 139 846 50 67 51 15 36 21 17 5 105
internal_value=8.42663e-06 0.0325822 0.00516358 -0.00935638 0.044401 0.0147124 -0.0415729 0.0381632 -0.0303245 -0.0434859 -0.00141431 0.028188 0.0471078 -0.00336214
internal_weight=52.4558 29.5352 9.32917 6.97612 20.206 3.38682 22.9207 2.35305 3.58929 21.7994 1.12129 2.5776 19.2706 0.874392
internal_count=7193 1224 363 270 861 116 5969 93 154 5881 88 67 851 141
is_linear=0
shrinkage=0.05


Tree=76
num_leaves=15
num_cat=0
split_feature=50 128 122 125 85 127 116 48 26 125 7 127 33 12
split_gain=25.7055 4.94781 3.40469 1.95732 1.11442 0.960161 1.15809 0.659101 0.394688 0.366553 0.348107 0.336113 0.33253 0.33068
threshold=0.19323673099279406 -103.64915466308592 -1.7053025658242402e-13 -156.49999999999997 0.0089687905274331587 15.533768653869631 0.72112536430358898 0.048036446794867523 0.010199138429015877 -10.499999999999998 54.582815170288093 -69.104232788085923 1439.4903564453127 0.48999999463558203
decision_type=8 10 10 2 2 8 2 8 10 2 10 10 10 10
left_child=4 2 -2 -3 12 9 -7 8 -5 -4 -6 -9 -1 -11
right_child=1 3 5 7 10 6 -8 11 -10 13 -12 -13 -14 -15
leaf_value=-0.045237624928181897 -0.03399396287563286 -0.019957224913646435 -0.002377760585011541 -0.016981042798804663 0.018282883836641527 -0.02590693405482361 0.023129379090461994 0.007130112589240155 0.02023468468859807 0.045978591890450199 -0.01541987705342498 0.048360336357232921 -0.0069197663293550345 -0.00056490243830891872
leaf_weight=19.529405564535416 3.64897719793953 0.68432929180562752 0.43784962594509158 0.50558946374804037 0.68131688004359492 1.3662654948420825 1.4534247550182042 0.89620065456256881 0.35398398106917739 2.4416334112174831 0.4405548945069313 18.129399451427158 0.99046645360067387 0.40214369073510159
leaf_count=5703 178 14 6 58 23 30 63 15 38 64 56 807 149 12
internal_value=-0.000673533 0.0286808 -0.000796548 0.0420427 -0.041249 0.0210488 -0.0011929 0.0450298 0.000984613 0.0359748 0.00401822 0.0468712 -0.0437956 0.0409622
internal_weight=51.9615 30.3198 9.75029 20.5695 21.6417 6.10132 2.81969 19.8852 0.859573 3.28163 1.12187 19.0256 20.5199 2.84378
internal_count=7216 1285 353 932 5931 175 93 918 96 82 79 822 5852 76
is_linear=0
shrinkage=0.05


Tree=77
num_leaves=15
num_cat=0
split_feature=108 20 71 101 33 124 37 65 32 124 133 99 32 71
split_gain=26.4673 2.86808 1.83078 1.68141 1.06401 1.02797 0.962459 0.939419 0.84073 0.71174 0.639008 0.578506 0.438234 0.423144
threshold=3.4695249269134372e-05 0.22227869182825091 529.41552734375011 0.30094745755195623 1439.4903564453127 -1.0000000180025095e-35 0.35028734803199774 55.112583160400398 23.930794715881351 -0.48011665046215052 0.99140444397926342 0.023653547279536728 62.832298278808601 1413.7432861328127
decision_type=2 10 2 10 10 10 10 2 8 8 2 10 10 2
left_child=1 2 5 4 13 -1 11 8 -7 -3 -9 -5 -6 -2
right_child=3 9 -4 6 12 7 -8 10 -10 -11 -12 -13 -14 -15
leaf_value=-0.032426833975819365 -0.045332834048588608 -0.0079081068415468806 0.038263665819561449 -0.011586742534681883 -0.018332285561069649 0.018773404359201017 -0.023799496184888552 0.037964040690761404 -0.032199878147454918 0.045672947413793477 -0.0099345448444092786 0.033646627456770967 0.018153082607798087 0.0085012108946250029
leaf_weight=1.794066483620554 19.37062706775033 0.35932480171322823 1.9705361202359197 0.46722345100715701 0.57404540618881472 0.47784704715013837 1.3418493450153617 1.3116386253386734 1.1751465285196894 18.494251534342769 0.50445936433970917 1.0599028980359433 0.72765173902735114 0.076819299254565432
leaf_count=45 5707 4 46 122 109 4 116 28 36 882 12 56 40 9
internal_value=0.000354299 0.0344512 0.00650724 -0.0371768 -0.0419234 -0.00959339 -0.000885606 0.00682863 -0.0159425 0.0443049 0.025856 0.0206988 0.00108892 -0.0447148
internal_weight=49.7054 26.0873 7.23369 23.6181 20.7491 5.26316 2.86898 3.46909 1.65299 18.8536 1.8161 1.52713 1.3017 19.4474
internal_count=7216 1057 171 6159 5865 125 294 80 40 886 40 178 149 5716
is_linear=0
shrinkage=0.05


Tree=78
num_leaves=15
num_cat=0
split_feature=95 116 73 32 65 127 124 17 117 128 9 32 115 69
split_gain=23.8754 2.91598 2.6692 2.03192 1.99993 1.21816 1.14757 1.14723 0.914769 0.431771 0.402069 0.385256 0.36261 0.266318
threshold=0.19231707602739337 0.67885988950729381 244.47453308105472 126.83229827880861 55.112583160400398 -143.43685150146482 0.50506445765495311 0.31383256614208227 2.2500000000000004 -41.947601318359368 0.66720432043075573 1.0000000180025095e-35 0.50506180524826061 32.658084869384773
decision_type=8 2 2 10 2 8 8 10 2 10 10 10 2 2
left_child=2 4 -1 5 9 10 8 11 -6 -2 -4 -3 -5 -7
right_child=1 7 3 12 6 13 -8 -9 -10 -11 -12 -13 -14 -15
leaf_value=-0.046000391542759422 -0.03513954475938099 -0.0059227928500910571 -0.011429838631752003 0.032759580091633371 -0.012041141871505776 -0.00070514869952882718 -0.020416266038130168 -0.013405219810223577 0.042551128239520758 0.0062124585224105563 0.029384427539167413 0.047978672789326895 -0.0081230880303085392 -0.035041283986238785
leaf_weight=16.149506502551962 1.7190871564671399 0.12702992372215405 0.29274097527377307 1.6838831589557228 0.48895859718322787 0.67205113312229325 0.53272839542478356 0.40866033546626468 2.9232580233365297 0.4761433787643935 0.625981341348961 16.3237976860255 0.25431521423161019 4.7759538826067001
leaf_count=4771 45 3 55 62 8 108 13 5 69 5 49 827 54 1139
internal_value=-0.000923931 0.0348736 -0.0346393 -0.00997743 0.00438935 -0.0231545 0.0238057 0.0451085 0.0337722 -0.0270331 0.0172004 0.0472469 0.0264563 -0.0315719
internal_weight=47.4541 22.9997 24.4544 8.30493 6.14018 6.36673 3.94495 16.8595 3.41222 2.19523 0.918722 16.4508 1.9382 5.44801
internal_count=7213 975 6238 1467 140 1351 90 835 77 50 104 830 116 1247
is_linear=0
shrinkage=0.05


Tree=79
num_leaves=15
num_cat=0
split_feature=93 123 71 1 27 85 35 129 126 44 81 115 123 126
split_gain=23.0105 3.07565 2.55696 1.54972 1.42373 1.26772 0.958982 0.774429 0.573626 0.48193 0.322825 0.322525 0.178332 0.138121
threshold=0.16352546215057376 256.94978332519537 261.97103881835943 913.04040527343761 2494.872436523438 0.0025305799208581452 744.83331298828136 -1.0000000180025095e-35 -1992.1134643554685 0.38364507257938391 0.02649122849106789 0.32168674468994146 -1328.8312988281248 -633.52023315429676
decision_type=8 8 2 2 8 2 10 10 2 10 2 2 10 2
left_child=2 11 5 7 6 9 -4 -3 -9 10 -1 -2 -13 -10
right_child=1 3 4 -5 -6 -7 -8 8 13 -11 -12 12 -14 -15
leaf_value=-0.045221522622700204 0.0016634202218530287 -0.0348800642897256 -0.0084464245989395517 0.032724691178276664 -0.027286590683493064 0.013388054436441008 0.043368446560935997 -0.019405180429519681 0.027275244600118678 -0.0028861014099236595 -0.0046025694765973535 0.00036367819682136447 0.047496483070640652 0.0012875728614920501
leaf_weight=18.070593036012738 0.47951991762966173 1.4728575586341324 1.0146740796044467 1.5835975073277948 1.1950428048148749 0.63525501056574185 1.2785983411595223 0.68938183784484897 0.60983464680612098 0.89396331366151471 0.74900960503145952 0.21875307895243778 16.094120426103469 0.90230619860813255
leaf_count=5645 9 32 90 66 270 41 36 13 6 17 138 6 838 35
internal_value=-0.000115875 0.0358642 -0.0335029 0.00189666 0.00488095 -0.0400034 0.0248393 -0.0155482 0.00424024 -0.0422871 -0.0439187 0.0457957 0.046922 0.0184536
internal_weight=45.8875 22.0504 23.8371 5.25798 3.48832 20.3488 2.29327 3.67438 2.20152 19.7136 18.8196 16.7924 16.3129 1.51214
internal_count=7242 1005 6237 152 396 5841 126 86 54 5800 5783 853 844 41
is_linear=0
shrinkage=0.05


Tree=80
num_leaves=15
num_cat=0
split_feature=50 123 128 123 127 127 85 92 35 49 7 111 128 133
split_gain=22.5703 5.60799 1.42225 1.34302 0.916915 0.775066 0.642858 0.489941 0.376023 0.330031 0.270703 0.24525 0.237085 0.235589
threshold=0.19323673099279406 -1241.2652587890623 39.739398956298835 3.839882612228394 -1.0000000180025095e-35 1.0000000180025095e-35 0.0017917180084623399 0.26914788782596594 1439.4903564453127 1.612750020285603e-05 53.832799911499031 564.32843017578136 144.35142517089847 0.99140444397926342
decision_type=8 10 8 10 10 10 2 8 10 8 10 2 10 2
left_child=6 4 9 7 11 13 8 12 -1 -3 -8 -2 -4 -6
right_child=1 2 3 -5 5 -7 10 -9 -10 -11 -12 -13 -14 -15
leaf_value=-0.044610424237262331 -0.036923781219119982 -0.0050512913810866556 -0.015870837564792472 -0.023768635304125905 0.028940526034310049 -0.02112810888267426 0.01268895831657052 0.034890102108468067 -0.0050359778063672825 0.048498839318958986 -0.016803230068211755 0.0042975626941150046 0.014076213809243975 -0.0049173366116844058
leaf_weight=16.308403143659241 2.1521297155413781 0.11037593800574441 0.56009544013068735 1.0509050900582222 1.167100985534492 0.76501855719834555 0.63143337005749234 2.3714325088076293 0.90407391404732962 16.263890391914174 0.50034559122286737 0.18891455605626095 0.19178084493614733 0.33741402346640814
leaf_count=5658 120 9 39 38 39 49 37 109 146 853 75 12 11 11
internal_value=0.000312434 0.0305874 0.0414214 0.0117695 -0.0164743 0.00576505 -0.0406443 0.0265916 -0.0429224 0.0478679 -0.00211535 -0.0333067 -0.00455755 0.0224157
internal_weight=43.5033 25.1591 20.5485 4.17421 4.61058 2.26953 18.3443 3.12331 17.2125 16.3743 1.13178 2.34104 0.751876 1.50452
internal_count=7206 1290 1059 197 231 99 5916 159 5804 862 112 132 50 50
is_linear=0
shrinkage=0.05


Tree=81
num_leaves=15
num_cat=0
split_feature=50 127 73 125 123 65 85 91 81 123 7 66 70 46
split_gain=19.8695 3.95701 2.34534 1.84319 1.12541 0.981513 0.886303 0.593843 0.544527 0.4759 0.322872 0.250273 0.218245 0.207328
threshold=0.19323673099279406 16.003880500793461 999.26354980468761 -10.499999999999998 1.0000000180025095e-35 55.112583160400398 0.0017917180084623399 0.39583818614482885 0.02649122849106789 -179.41035461425778 53.832799911499031 24.230171203613285 1413.7432861328127 0.0012988539529033007
decision_type=8 8 2 2 8 2 2 10 2 8 10 2 2 8
left_child=6 3 4 9 5 11 8 13 -1 -2 -8 -3 -10 -5
right_child=1 2 -4 7 -6 -7 10 -9 12 -11 -12 -13 -14 -15
leaf_value=-0.044198920489005256 0.016856697010208636 0.0068654910241111788 0.032980276364798715 0.0030264292477539872 -0.041078156106406319 0.025211511414527876 0.014255856254870875 -0.0088767658431456575 -0.014542072814731386 -0.020782722299754003 -0.017029791925246434 -0.028002610932371594 0.013343588914462065 0.046541483457996004
leaf_weight=15.730480788974095 0.46786662004888058 0.24464909429662229 1.9292401266284285 0.42493797582574799 2.3195127719081938 1.2549092490226028 0.81614523706957587 0.2080620126798739 0.4079598090611406 1.1265527599025542 0.51060674781911075 1.0478314573410896 0.40183492307551205 15.937376269139348
leaf_count=5655 8 7 85 51 129 51 43 13 111 51 76 51 47 831
internal_value=-0.000236102 0.0281471 -0.00406639 0.0397827 -0.02187 0.00226932 -0.0392787 0.0444999 -0.0422592 -0.0074977 7.10806e-05 -0.0212868 -0.000977539 0.0456508
internal_weight=42.828 24.9609 6.79614 18.1648 4.8669 2.54739 17.867 16.5704 16.5403 1.59442 1.32675 1.29248 0.809795 16.3623
internal_count=7209 1277 323 954 238 109 5932 895 5813 59 119 58 158 882
is_linear=0
shrinkage=0.05


Tree=82
num_leaves=15
num_cat=0
split_feature=99 65 128 68 52 33 133 122 129 127 6 23 85 98
split_gain=20.3879 3.78015 1.95241 1.03352 0.798716 0.651443 0.636727 0.553494 0.491466 0.489184 0.462476 0.269862 0.178316 0.161079
threshold=0.18035651743412021 49.445241928100593 -168.76655578613278 30.832298278808597 1.3452380895614626 1439.4903564453127 0.99140444397926342 230.65177917480472 -0.55527138710021962 -381.46115112304682 38.200859069824226 11.500000000000002 0.0019381373422220351 0.59153336286544811
decision_type=8 2 10 2 8 10 2 8 8 8 10 2 2 10
left_child=5 2 3 -2 8 9 -6 10 -3 -1 -4 -7 13 -11
right_child=1 4 7 -5 6 11 -8 -9 -10 12 -12 -13 -14 -15
leaf_value=0.0030243300148293253 0.015197611511302379 -0.0071068912656232983 0.035235610702492176 -0.036615939535555884 0.024059163034078714 -0.016577921178159167 -0.020482374233616169 -0.0094949225521196584 0.047703648186429359 -0.045076123037756322 -0.0095287144148360429 0.012781353619297654 -0.0068243749229073176 0.0026217804010602482
leaf_weight=0.45522980461828411 0.68592588556930456 0.1724012978374958 2.6559773236513169 2.5934034215752035 0.60125834494829244 0.49263940658420213 0.61649018805474043 0.63669718476012382 14.209750552661712 15.022503337124363 0.25182654918171454 0.65536867640912533 0.7208887666929521 0.071078805252910437
leaf_count=70 17 2 125 131 8 109 20 45 829 5673 16 41 97 4
internal_value=-0.00030146 0.0306545 -0.000588179 -0.0247594 0.043533 -0.039655 0.00244184 0.0223021 0.0466273 -0.0420834 0.0299125 -0.00166992 -0.0434845 -0.0447026
internal_weight=39.8414 22.4237 6.82383 3.27933 15.5999 17.4177 1.21775 3.5445 14.3822 16.2697 2.9078 1.14801 15.8145 15.0936
internal_count=7187 1193 334 148 859 5994 28 186 831 5844 141 150 5774 5677
is_linear=0
shrinkage=0.05


Tree=83
num_leaves=15
num_cat=0
split_feature=93 116 73 34 124 52 17 120 53 137 122 91 72 19
split_gain=17.4014 3.23866 2.2113 1.97936 1.78482 1.43365 0.672016 0.585279 0.561033 0.462463 0.302346 0.25943 0.227401 0.161006
threshold=0.16352546215057376 0.67885988950729381 244.47453308105472 211.12176513671878 -1.0000000180025095e-35 9.4660634994506854 0.31383256614208227 -14.499999999999998 227.63785552978518 89.115234375000014 -844.06066894531239 0.2501120418310166 1359.4380493164065 0.7616197168827058
decision_type=8 2 2 10 10 10 10 2 8 2 8 10 2 10
left_child=2 4 11 8 -2 12 -3 -6 -4 -9 -10 -1 -5 -13
right_child=1 6 3 5 7 -7 -8 9 10 -11 -12 13 -14 -15
leaf_value=-0.045539007366488804 -0.03128441148967475 0.046070347027101888 0.0096956872752704745 0.0011377345042049829 -0.014238107160702333 -0.01672369086197991 -0.0094745122285692287 0.032501016988710253 0.0063296383882839582 -0.0082983282884669229 -0.037814490006517681 0.0094895730372099186 0.042526477166917695 -0.015442690593816638
leaf_weight=12.563177522504702 1.8840776816941796 13.415221581235524 0.3869118455331767 0.44434787216596383 0.45850933855399478 1.3402702009771017 0.24422742426395494 2.6609533801674878 0.13916011550463736 0.42609722726047028 3.4249102084431802 0.31076755840331394 1.6179977506399152 0.39883856917731464
leaf_count=4720 40 852 16 29 20 430 3 71 8 12 858 8 87 17
internal_value=-0.00125658 0.0322804 -0.0323515 -0.00871824 -0.000597639 0.0167717 0.0444987 0.0190041 -0.0296241 0.0262171 -0.0350817 -0.0439169 0.0368925 -0.00535983
internal_weight=39.7155 19.0891 20.6264 7.3536 5.42964 3.40262 13.6594 3.54556 3.95098 3.08705 3.56407 13.2728 2.06235 0.709606
internal_count=7171 998 6173 1428 143 546 855 103 882 83 866 4745 116 25
is_linear=0
shrinkage=0.05


Tree=84
num_leaves=15
num_cat=0
split_feature=50 67 123 127 115 127 85 111 46 129 126 33 30 118
split_gain=17.519 4.22612 1.82089 1.71797 0.824245 0.86988 0.747131 0.476073 0.465532 0.468395 0.439011 0.346575 0.269756 0.231216
threshold=0.19323673099279406 55.430170059204109 -1118.336975097656 3.4106051316484814e-13 0.60005158185958873 3.4106051316484814e-13 0.0024097644491121177 505.28109741210943 0.00037886650534346705 -0.55527138710021962 -2850.8706054687495 1439.4903564453127 983.44934082031261 0.030428809113800529
decision_type=8 2 10 8 2 8 2 2 8 8 2 10 10 2
left_child=6 2 13 10 8 -6 11 -5 -3 -10 -4 -1 -8 -2
right_child=1 4 3 7 5 -7 12 -9 9 -11 -12 -13 -14 -15
leaf_value=-0.043919467717391844 -0.036712292148131292 -0.0071929074429119754 -0.0027418598889482541 -0.028142184587191955 0.026364094727150733 -0.021534818970155502 -0.01647997751207923 0.011615974675995549 -0.0069195149077411824 0.047034162485326221 0.039383436813687174 -0.0044936751168822807 0.012424374674005053 0.0042285461440624969
leaf_weight=13.535453368443992 2.1295064168516551 0.16532287909649213 0.60151068400591601 1.5227064026985315 1.0998614365234978 0.76728791464120139 0.48622510745189973 0.43104580347426225 0.16801579482853413 13.956467173993586 2.4764596717432172 0.83189791627228338 0.7716057721991092 0.1718980181030928
leaf_count=5595 142 14 27 83 14 26 74 23 2 874 91 143 38 11
internal_value=0.000583735 0.0274609 -0.00381413 0.0129569 0.0410506 0.00603482 -0.0390434 -0.0184076 0.0449319 0.0459773 0.0324975 -0.0420776 -0.00109922 -0.0332997
internal_weight=39.1153 23.4901 7.33313 5.03172 16.157 1.86715 15.6252 1.95375 14.2898 14.1245 3.07797 14.3674 1.25783 2.3014
internal_count=7157 1307 377 224 930 40 5850 106 890 876 118 5738 112 153
is_linear=0
shrinkage=0.05


Tree=85
num_leaves=15
num_cat=0
split_feature=95 47 127 61 123 78 32 127 7 49 115 122 2 73
split_gain=15.9239 3.27262 2.38628 2.99483 1.03469 0.835879 0.568994 0.451795 0.438158 0.435608 0.400193 0.323552 0.308615 0.286267
threshold=0.19231707602739337 0.20022101700305941 56.533485412597663 55.288377761840827 -1241.2652587890623 0.2522264569997788 515.85650634765636 -1.0000000180025095e-35 32.658084869384773 3.0082500188655108e-06 0.32168674468994146 inf 24.230171203613285 518.31402587890636
decision_type=10 8 8 2 10 2 10 10 8 8 2 8 10 2
left_child=1 8 3 12 7 9 -4 -2 13 -5 -6 -11 -3 -1
right_child=4 2 6 5 10 -7 -8 -9 -10 11 -12 -13 -14 -15
leaf_value=-0.019479881586352336 -0.017850850087506854 0.0059386505342235267 -0.037211756199054272 -0.0068794533397078224 -0.0064300119881876439 -0.0060084521735494414 0.0074753933907013006 0.018242379491547712 -0.044035492788313174 0.050064546624851596 0.046360482479077411 -0.0012481783990827111 -0.032410074077401485 0.01018436873762199
leaf_weight=0.93671132484451003 0.70966879837214947 0.30671982839703416 3.2585738201159988 0.15730085549876127 0.13526973128318687 0.77689833706244815 0.49908145726658393 0.76005451101809629 11.585326698143035 3.2463302207179368 11.986780514009295 0.27955367136746678 1.8345534398686139 0.5881583015434444
leaf_count=374 11 6 321 28 2 101 29 40 4828 132 813 46 437 60
internal_value=-0.00048361 -0.0251242 -0.00343474 0.0142406 0.0408698 0.0352294 -0.0309528 0.000643206 -0.0408041 0.0433534 0.0453263 0.0466193 -0.0267751 -0.00853609
internal_weight=37.061 23.4692 10.359 6.60136 13.5918 4.46008 3.75766 1.46972 13.1102 3.68318 12.1221 3.52588 2.14127 1.52487
internal_count=7228 6362 1100 750 866 307 350 51 5262 206 815 178 443 434
is_linear=0
shrinkage=0.05


Tree=86
num_leaves=15
num_cat=0
split_feature=22 17 71 124 106 73 25 3 35 1 117 127 75 116
split_gain=15.5299 3.20004 2.24018 1.99125 0.964913 0.875139 0.877756 0.665081 0.413764 0.351075 0.318918 0.234396 0.227951 0.202004
threshold=0.21206715703010562 0.018169470131397251 529.41552734375011 -1.0000000180025095e-35 257.30628204345709 260.99748229980474 1432.9322509765627 3.9209566116333012 1359.8242187500002 1098.8704833984377 2.2500000000000004 -523.65975952148426 0.49489796161651617 0.89984092116355907
decision_type=8 8 2 10 2 2 10 10 10 2 2 8 2 2
left_child=5 7 3 -3 10 -1 8 -2 -7 -6 -5 -8 -4 -9
right_child=1 2 12 4 9 6 11 13 -10 -11 -12 -13 -14 -15
leaf_value=-0.04478958690992782 0.045859343726284592 -0.03713861484674897 0.041837729704929452 -0.0047044310222219658 -0.025206232769203942 -0.013627460983824802 0.0044229342877326085 -0.014556652188841036 0.020546965383503878 0.010508477025649048 0.033195471866147748 -0.032675393913542509 -0.00066771738957864047 0.012836094772968884
leaf_weight=10.659057692391796 11.349548663944006 2.8575553260743618 2.041166372597218 0.40493565681390364 1.0127592559438197 0.57091010385192831 0.23587770108133554 0.3756286217831083 1.3336860134731976 0.37262385734356929 1.9788602595217524 2.4370761788450186 0.31726399087347079 0.32760875020176172
leaf_count=4679 819 167 70 16 45 158 24 49 159 21 49 900 24 18
internal_value=-2.34334e-06 0.0273354 0.00391151 -0.0114464 0.0117348 -0.0371077 -0.0143968 0.0431601 0.00913816 -0.0152218 0.0272697 -0.0290887 0.0376235 -0.00175151
internal_weight=36.2746 21.038 8.98516 6.62673 3.76918 15.2366 4.57755 12.0528 1.9046 1.38538 2.3838 2.67295 2.35843 0.703237
internal_count=7198 1278 392 298 131 5920 1241 886 317 66 65 924 94 67
is_linear=0
shrinkage=0.05


Tree=87
num_leaves=15
num_cat=0
split_feature=93 101 116 111 127 96 120 33 128 71 52 134 45 85
split_gain=14.6307 2.83034 1.80795 1.4819 0.901518 0.786162 0.466723 0.422221 0.405517 0.388386 0.386812 0.336582 0.268672 0.197421
threshold=0.016667738556861881 0.30094745755195623 0.67885988950729381 582.64392089843761 34.62660217285157 0.00064367198501713585 -1.4999999999999998 1439.4903564453127 -1.0000000180025095e-35 1413.7432861328127 1.2330316901206972 0.92711213231086742 0.19994306564331057 0.0019952165894210343
decision_type=10 8 2 2 8 8 2 10 10 2 8 2 10 2
left_child=1 7 8 4 6 -5 11 9 -2 13 12 -3 -4 -1
right_child=2 3 10 5 -6 -7 -8 -9 -10 -11 -12 -13 -14 -15
leaf_value=-0.04354316251945245 -0.020456330629191714 0.023419744209129803 0.046239886393053091 -0.01416923669321541 -0.032513315717336524 0.037437831926974259 -0.017966652451010305 -0.0031055085282812468 0.015241532546321363 0.0084846485952345934 -0.0063821088380444091 -0.010511260165174506 0.001108123738221839 -0.0059955348214713643
leaf_weight=12.42612564959563 1.1220036773011086 1.6101195765659215 11.414491533301765 0.4086889051832262 2.4050446315668523 1.8227629591710863 0.6041883013676842 0.94663597270846445 0.38915358576923509 0.076678926590830865 0.13913580472581166 0.35717804520390917 0.38989272713661272 0.716886988840998
leaf_count=5613 47 40 830 106 106 117 40 144 13 10 9 14 14 100
internal_value=-0.00147062 -0.0267615 0.0377787 -0.000846788 -0.0155054 0.0265262 0.00505134 -0.039022 -0.00885471 -0.0411946 0.0439073 0.0157931 0.0449522 -0.0420639
internal_weight=34.829 21.3743 13.4547 7.20798 4.97653 2.23145 2.57149 14.1663 1.51116 13.2197 11.9435 1.9673 11.8044 13.143
internal_count=7203 6290 913 423 200 223 94 5867 60 5723 853 54 844 5713
is_linear=0
shrinkage=0.05


Tree=88
num_leaves=15
num_cat=0
split_feature=48 128 25 125 127 81 36 85 129 38 124 118 30 44
split_gain=13.9921 3.16309 1.52507 1.33084 1.17483 1.03504 0.580965 0.565701 0.433586 0.370824 0.356375 0.226825 0.219381 0.153447
threshold=0.048036446794867523 -113.55248260498045 251.7138595581055 -14.499999999999998 -143.43685150146482 0.019077950157225135 1413.7432861328127 0.0022610671585425739 -0.55527138710021962 0.99509802460670482 0.50506445765495311 0.028118702583014969 1267.110046386719 0.019849543459713462
decision_type=8 10 10 2 8 2 10 2 8 10 8 2 10 10
left_child=5 2 4 -3 -2 7 -7 -1 -5 11 -4 -6 -9 -8
right_child=1 3 10 8 9 6 13 12 -10 -11 -12 -13 -14 -15
leaf_value=-0.042303721108439163 0.018290798322779644 -0.014730731956301979 0.032470583162886049 -0.007258988203121511 -0.038180459061754761 -0.018204597848391693 -0.0043787307334150908 -0.015934894764767255 0.045602342073208013 0.0070228310998288945 -0.0074390139607293211 0.0021221094187530635 0.010782673530569274 0.029184274040209443
leaf_weight=12.332689859904347 0.96800931729376316 0.56094883149489838 1.8199877599254248 0.13790996372699738 2.6914291770663148 0.66554151824675389 0.14084764872677624 0.46272941422648617 11.972557637607673 0.26548076979815949 0.29599100816994939 0.27338838879950333 0.64779004105366766 0.52426586393266916
leaf_count=5730 42 15 77 1 127 199 37 75 842 11 8 8 31 33
internal_value=-0.000330796 0.0274644 -0.00156252 0.0409851 -0.0179586 -0.0355268 0.00393392 -0.0394347 0.0444926 -0.0305773 0.0262921 -0.0348662 -0.00262535 0.0237156
internal_weight=33.7596 18.9857 6.31429 12.6714 4.19831 14.7739 1.33066 13.4432 12.1105 3.2303 2.11598 2.96482 1.11052 0.665114
internal_count=7236 1131 273 858 188 6105 269 5836 843 146 85 135 106 70
is_linear=0
shrinkage=0.05


Tree=89
num_leaves=15
num_cat=0
split_feature=22 123 127 69 73 25 52 115 137 115 30 30 126 127
split_gain=12.9597 3.33291 1.87685 1.52011 0.826601 0.835265 0.666674 0.528195 0.482841 0.464605 0.46418 0.411269 0.392131 0.148729
threshold=0.21206715703010562 205.21868133544925 1.0000000180025095e-35 53.232704162597663 260.99748229980474 1432.9322509765627 1.8284313678741457 0.32168674468994146 94.584484100341811 0.66720956563949596 517.74331665039074 1200.0354003906252 -208367.18749999997 -523.65975952148426
decision_type=8 8 8 2 2 10 10 2 2 2 10 10 2 8
left_child=4 6 3 -3 -1 11 7 -2 -5 12 -4 -6 -9 -7
right_child=1 2 10 8 5 13 -8 9 -10 -11 -12 -13 -14 -15
leaf_value=-0.044181353664908087 -0.00077552083271870901 -0.021989598441183714 -0.039620485115667785 0.04085755045180095 -0.013481921059972791 0.0033356503992559732 -0.0085669334429363999 -0.0066762229728949728 -0.0083379174764542947 -0.003087650683284677 0.0087220762371362903 0.021088014098912006 0.044482672333187041 -0.030897710387487062
leaf_weight=9.4771569729782623 0.73141194495837858 1.0104065322084381 2.1193749698577453 2.0494005125947301 0.54095088830217619 0.14964823029004037 0.41843924787826914 0.13592699356376847 0.23933751322329033 0.42542521236464459 0.21519966446794558 1.2682731086388228 12.181544819381086 2.2887764308834453
leaf_count=4716 18 45 128 95 176 21 92 2 5 15 20 150 863 926
internal_value=-0.000458056 0.0252322 -0.00647338 0.0162938 -0.0362394 -0.013477 0.0376607 0.0395889 0.0347421 0.0417936 -0.033885 0.00963198 0.0434592 -0.0284377
internal_weight=33.2513 19.5265 5.63372 3.29914 13.7248 4.24765 13.8927 13.4743 2.28874 12.7429 2.33457 1.80922 12.3175 2.43842
internal_count=7272 1283 293 145 5989 1273 990 898 100 880 148 326 865 947
is_linear=0
shrinkage=0.05


Tree=90
num_leaves=15
num_cat=0
split_feature=99 123 127 120 65 107 73 89 27 71 46 35 137 91
split_gain=11.4893 3.04608 1.49253 1.39554 1.25346 0.888822 0.800212 0.728856 0.656575 0.416625 0.404397 0.323261 0.246453 0.212426
threshold=0.18035651743412021 205.21868133544925 1.0000000180025095e-35 -9.4999999999999982 37.743314743041999 210.17502593994143 260.99748229980474 0.21720667183399203 2711.0456542968755 999.71850585937511 0.0012149440008215608 744.83331298828136 93.849788665771499 0.077507864683866515
decision_type=8 8 8 2 2 2 2 8 10 2 8 10 2 10
left_child=6 3 4 5 -3 -2 -1 -5 11 -4 -9 -8 -6 -10
right_child=1 2 9 7 12 -7 8 10 13 -11 -12 -13 -14 -15
leaf_value=-0.04348044859392447 -0.019888650812361644 -0.021582458784471292 -0.038558349881177241 -0.0062832295711922979 0.035741600853213561 0.02667330611862901 -0.013620146007787902 -0.0064159815459146471 -0.028876417207320801 0.0082776852195408576 0.045853309858892799 0.018024874065801093 -0.0043020142310840953 0.0059266338165008085
leaf_weight=8.8694893725914898 1.4633786438498657 0.90443663019687237 1.9294430121080952 0.50205243914387665 1.8003775875549766 0.75567089393734921 0.37197591969743271 0.14569144137203593 2.3888272863114257 0.19732778379693616 10.713641877286136 1.3047941746190188 0.21549855079501856 0.15708666597492982
leaf_count=4696 57 45 99 45 90 22 124 19 932 8 812 184 7 20
internal_value=-0.000867984 0.0238885 -0.0081502 0.0355378 0.0137128 -0.000672164 -0.0352871 0.0420924 -0.0130474 -0.0329552 0.0446702 0.00853906 0.0314538 -0.0256632
internal_weight=31.7197 18.6275 5.04708 13.5804 2.92031 2.21905 13.0922 11.3614 4.22268 2.12677 10.8593 1.67677 2.01588 2.54591
internal_count=7160 1204 249 955 142 79 5956 876 1260 107 831 308 97 952
is_linear=0
shrinkage=0.05


Tree=91
num_leaves=15
num_cat=0
split_feature=89 128 73 122 25 35 125 126 123 52 124 129 120 115
split_gain=10.9086 2.30428 1.49595 1.44207 1.01324 0.958487 0.899463 0.789625 0.731311 0.490396 0.407477 0.395618 0.334125 0.232476
threshold=0.21720667183399203 -40.048252105712884 247.68039703369143 -1.7053025658242402e-13 2619.7556152343755 863.02981567382824 -150.49999999999997 -633.52023315429676 -1.7053025658242402e-13 1.9761904478073122 -0.099962934851646409 -0.55527138710021962 -13.499999999999998 0.38506905734539038
decision_type=8 10 2 10 8 10 2 2 10 10 10 8 2 2
left_child=2 3 -1 -2 5 -4 -3 12 -9 11 -7 -8 -5 -10
right_child=1 6 4 7 -6 10 9 8 13 -11 -12 -13 -14 -15
leaf_value=-0.04354840458787386 -0.025541674036896164 -0.012816447299127046 -0.020242717807388705 -0.0040265726046662701 -0.030158052528608866 -0.0092479753929303726 -0.0068025580226741267 -0.027094567298216733 -0.0090361807630175359 -0.0079384286340290228 0.030795458033889118 0.044934353052475673 0.039435394454098133 0.023392481813755327
leaf_weight=8.8897103528725001 2.1521217911504209 0.36458337865769941 1.0520380280213424 0.32141572237014804 1.9477601222461087 0.32091017998755034 0.1301131546497345 0.82091799331828985 0.16855253651738367 0.18653911817818958 1.9131907962728287 9.7454008879139948 1.7449568142183127 0.92467580456286669
leaf_count=4711 85 4 239 7 839 119 1 19 2 22 167 779 61 63
internal_value=-0.000878576 0.025957 -0.0319779 0.00105766 -0.00849231 0.00838948 0.0392278 0.0176798 -0.00510383 0.0421017 0.0239625 0.0436899 0.0335666 0.0164644
internal_weight=30.6829 16.5593 14.1236 6.13264 5.2339 3.28614 10.4266 3.98052 1.91415 10.0621 2.2341 9.87551 2.06637 1.09323
internal_count=7118 1043 6075 237 1364 525 806 152 84 802 286 780 68 65
is_linear=0
shrinkage=0.05


Tree=92
num_leaves=15
num_cat=0
split_feature=93 123 3 43 127 120 137 47 16 71 58 129 97 5
split_gain=10.6661 2.2058 1.58127 1.57568 1.4262 0.785194 0.603643 0.563651 0.539805 0.401763 0.354763 0.327246 0.237162 0.19343
threshold=0.016667738556861881 256.94978332519537 119.30799102783205 0.75134408473968517 3.4106051316484814e-13 -10.499999999999998 94.584484100341811 0.53521820902824413 0.21505891531705859 261.97103881835943 65.316169738769545 -0.22603245824575421 0.77109056711196911 999.61273193359386
decision_type=8 8 10 10 8 2 2 10 8 2 2 10 10 8
left_child=2 5 9 7 6 11 10 -4 -7 12 -3 -2 -1 -6
right_child=1 4 3 -5 13 8 -8 -9 -10 -11 -12 -13 -14 -15
leaf_value=-0.041063029831505303 -0.018010804138430793 -0.006889120816769654 -0.032826364356880335 0.027025077274488621 -0.034504585591943943 -0.008868453232768336 -0.013891177369179497 0.0077279278676323894 0.045137322724335911 0.0097345549805000469 0.036428260546835074 0.015003135039627212 0.0020341127919084514 0.001792560328284184
leaf_weight=10.055787323974071 0.44760119472630322 0.23653446091338937 2.117483774432912 1.6550131567055357 1.3561389558017254 0.17146232584491095 0.41076093039009709 0.73388583445921529 9.8471777411177754 0.058726105839014831 1.5255309113999826 0.56348219886422046 0.23405632376670915 0.32228734716773044
leaf_count=5203 14 13 727 117 59 8 12 56 822 10 76 27 2 7
internal_value=0.000104559 0.0290641 -0.0289091 -0.00312081 -0.00310072 0.0396192 0.020135 -0.0230921 0.0434921 -0.0388743 0.0302245 -0.00130046 -0.0399894 -0.0294678
internal_weight=29.7359 14.881 14.855 4.50638 3.85125 11.0297 2.17283 2.85137 10.0186 10.3486 1.76207 1.01108 10.2898 1.67843
internal_count=7153 1038 6115 900 167 871 101 783 830 5215 89 41 5205 66
is_linear=0
shrinkage=0.05


Tree=93
num_leaves=15
num_cat=0
split_feature=50 127 73 125 73 20 34 44 91 123 123 129 122 123
split_gain=10.4213 2.76486 1.67937 1.53844 0.672941 0.652203 0.620566 0.447224 0.387247 0.374083 0.366409 0.171616 0.171511 0.0737479
threshold=0.19323673099279406 38.329046249389656 999.26354980468761 -10.499999999999998 260.99748229980474 0.26024526357650762 517.74331665039074 0.010313056875020267 0.39583818614482885 -179.41035461425778 -1118.336975097656 -0.31154537200927729 -844.06066894531239 598.27902221679699
decision_type=8 8 2 2 2 10 10 10 10 8 10 10 8 10
left_child=4 3 5 9 -1 -3 12 -8 11 -2 -7 -5 -6 -14
right_child=1 2 -4 8 6 10 7 -9 -10 -11 -12 -13 13 -15
leaf_value=-0.042675482975379563 0.014113571440923858 -0.03401137788202676 0.028485342830640459 -0.0019066440224035875 0.00534535325010409 -0.015942919495002882 -0.014501437201293889 0.020348632442750411 -0.0066534903214238855 -0.02103079805800135 0.01955838533737855 0.043652145472600323 -0.031824905296321447 0.00077279405981713176
leaf_weight=7.760207781801002 0.37787268054671586 2.4961822947952927 1.4018132793717084 0.12713125161826511 0.081702463794499636 0.32058596727438271 0.69121910363901395 1.1622138610109685 0.14907323103398162 0.93574545718729563 0.72022564872167982 10.900832664454351 1.7404505505692216 0.13546410051640112
leaf_count=4699 8 179 87 9 11 10 346 110 10 52 55 864 726 41
internal_value=0.000520259 0.0244465 -0.0063822 0.0362057 -0.034597 -0.0234338 -0.0126962 0.00682441 0.0418577 -0.00919061 0.00616953 0.0430121 -0.0272365 -0.0300207
internal_weight=29.0007 17.4295 4.93881 12.4907 11.5713 3.53699 3.81105 1.85343 11.177 1.31362 1.04081 11.028 1.95762 1.87591
internal_count=7207 1274 331 943 5933 244 1234 456 883 60 65 873 778 767
is_linear=0
shrinkage=0.05


Tree=94
num_leaves=15
num_cat=0
split_feature=20 101 123 127 33 65 32 71 46 35 103 122 123 137
split_gain=9.61425 2.15408 1.85871 1.3716 0.851807 0.713997 0.53275 0.36861 0.250687 0.227026 0.184561 0.135285 0.130786 0.125716
threshold=0.16170637309551242 0.50609439611434948 -1241.2652587890623 3.4106051316484814e-13 1439.4903564453127 529.41552734375011 55.112583160400398 52.547355651855476 0.012171410024166109 30.832298278808597 10.500000000000002 -122.53968048095702 -267.89274597167963 83.697570800781264
decision_type=10 8 10 8 10 2 10 2 10 8 2 8 10 2
left_child=1 4 6 7 -1 9 -2 12 -4 -5 -6 -11 -3 -9
right_child=2 3 8 5 10 -7 -8 13 -10 11 -12 -13 -14 -15
leaf_value=-0.040186130170056289 -0.023533878427160815 -0.014301127950942225 0.0014752254595181054 0.0056481418020648995 -0.012559436363897289 0.016777723865082202 0.01564878643159627 0.033494461875223168 0.044200316884799903 0.0019343155331765561 0.011952194046010008 -0.034055883641487525 0.0084791781748503985 0.0022554550944710993
leaf_weight=10.449368298868654 1.1320386278675858 0.38747326529119164 0.42957482987549056 0.15166712854988951 0.33409156906418391 0.41326734330505122 0.58474394492804993 1.6714483476243915 8.3240117841633019 0.17091492842882872 0.84797408757731318 2.3318926220526923 0.27806759881786947 0.53974600904621173
leaf_count=5746 61 23 42 3 111 12 41 68 810 10 38 167 26 16
internal_value=-0.00216757 -0.0243228 0.033901 0.000425755 -0.0360033 -0.0199102 -0.00934039 0.0216538 0.0424698 -0.02865 0.00244351 -0.0317476 -0.00540693 0.0289461
internal_weight=28.0463 17.5759 10.4704 5.94448 11.6314 3.06774 1.71678 2.87674 8.75359 2.65447 1.18207 2.50281 0.665541 2.21119
internal_count=7174 6220 954 325 5895 192 102 133 852 180 149 177 49 84
is_linear=0
shrinkage=0.05


Tree=95
num_leaves=15
num_cat=0
split_feature=50 65 45 4 61 30 123 113 53 93 127 75 101 34
split_gain=8.90938 1.47398 1.29749 0.803192 0.714695 1.01725 0.687554 0.668905 0.426374 0.381826 0.255142 0.203768 0.193436 0.180037
threshold=0.19323673099279406 37.743314743041999 0.023084636777639393 34.391719818115241 54.919898986816413 983.44934082031261 -751.61132812499989 523.32711791992199 30.832298278808597 0.008777164854109289 49.722415924072273 0.055749805644154556 1.0239776968955996 261.97103881835943
decision_type=10 2 8 10 2 10 10 2 8 10 8 2 10 10
left_child=2 3 -1 6 8 7 -2 10 -4 13 -6 -7 -8 -3
right_child=1 9 4 -5 5 11 12 -9 -10 -11 -12 -13 -14 -15
leaf_value=-0.040829117626975109 -0.01306826140057727 -0.012537442668724808 0.008149381300078206 -0.025941333414923964 0.021770975518456921 0.027519365010507862 0.031211455666897838 -0.029329567108179369 -0.03261697668966141 0.042671158064676751 -0.0095228834435080682 -0.0044169246260265657 -0.0049342278076051765 0.013775804992655278
leaf_weight=7.0141601329669365 0.8815278791589668 0.32809688150882532 0.36695783818140748 0.8115464262664317 0.59652644954621825 1.806667343946174 1.7262452512513835 1.7430714585352687 2.3953473819419742 7.7546941703185439 0.3620153870433569 0.30519431584980328 0.14297935599461209 0.27438905602321029
leaf_count=4348 57 46 14 55 24 118 126 402 1024 778 16 104 7 8
internal_value=-0.00115103 0.0295945 -0.0265562 0.0017246 -0.0101214 0.00220303 0.0146269 -0.0158486 -0.0264748 0.0400204 0.0111244 0.0229678 0.0276905 0.000564621
internal_weight=26.5094 11.9195 14.5899 3.5623 7.57578 4.81347 2.75075 2.70161 2.76231 8.35718 0.958542 2.11186 1.86922 0.602486
internal_count=7127 1077 6050 245 1702 664 190 442 1038 832 40 222 133 54
is_linear=0
shrinkage=0.05


Tree=96
num_leaves=15
num_cat=0
split_feature=50 90 124 116 33 78 71 91 101 54 128 54 80 122
split_gain=8.95299 2.37844 1.89734 0.820347 0.659412 0.621687 0.546644 0.541051 0.437083 0.315219 0.267068 0.174717 0.16607 0.119149
threshold=0.19323673099279406 0.078658290207386031 -1.0000000180025095e-35 0.58094117045402538 1439.4903564453127 0.28653530776500707 533.70712280273449 0.39583818614482885 0.30094745755195623 0.019574740901589397 -1.0000000180025095e-35 0.077804755419492735 0.91666665673255932 -2.4348988533020015
decision_type=8 8 10 2 8 2 2 10 10 8 10 10 2 8
left_child=4 3 6 10 8 7 -3 12 -1 -5 -2 -6 -4 -10
right_child=1 2 5 9 11 -7 -8 -9 13 -11 -12 -13 -14 -15
leaf_value=-0.040946637451269988 -0.015175389508173563 -0.03454345191728822 0.036128216286743002 0.044805093172041531 0.011030835044179841 -0.011326580633079321 0.010898261161717944 -0.011076471216026158 0.011244742378297826 -0.0053881708096329018 0.014790510754026868 -0.012869230270733063 0.0031679513432864544 -0.010083873836545304
leaf_weight=8.5877542304806394 0.62315139104612172 2.2878163615241651 2.7882182179018855 7.8581856768578291 0.77944942819885976 0.79247954953461874 0.32918860181234766 0.36044919490814198 0.30751089530531317 0.11513916612602759 0.38307339418679631 0.34525033016689122 0.65360007900744665 0.31593031890224743
leaf_count=5546 52 156 132 841 39 42 21 15 54 5 9 121 16 137
internal_value=0.000200259 0.0229389 0.000930589 0.03875 -0.0343014 0.0190765 -0.0273947 0.0264523 -0.0383063 0.0435606 -0.00208132 0.00109026 0.0319914 0.000882661
internal_weight=26.5272 16.1913 7.21175 8.97955 10.3359 4.59475 2.617 3.80227 9.2112 7.97332 1.00622 1.1247 3.44182 0.623441
internal_count=7186 1289 382 907 5897 205 177 163 5737 846 61 160 148 191
is_linear=0
shrinkage=0.05


Tree=97
num_leaves=15
num_cat=0
split_feature=93 128 73 34 65 44 64 125 127 49 117 122 122 33
split_gain=7.60738 2.07875 1.50415 1.42848 1.29014 0.794039 0.623814 0.589908 0.491335 0.337589 0.249456 0.208436 0.18333 0.13627
threshold=0.016667738556861881 -21.862711906433102 244.47453308105472 211.12176513671878 55.112583160400398 0.010111870244145395 30.832298278808597 -156.49999999999997 68.055557250976577 0.4304031133651734 1.7500000000000002 -844.06066894531239 -45.535810470581048 1359.4380493164065
decision_type=8 10 2 10 2 8 2 2 10 10 2 8 8 10
left_child=2 4 12 9 6 -5 -2 -3 10 11 -6 -4 -1 -7
right_child=1 7 3 5 8 13 -8 -9 -10 -11 -12 -13 -14 -15
leaf_value=-0.0032982533290471013 0.0095988448480911898 -0.0098496218211972728 0.0056135843303165758 -0.015986713568951278 -0.0053456678244057018 -0.00048301406909059076 -0.032299428560853084 0.042686384019259144 -0.0093470481782977777 0.0075554235638582729 0.033718962340459395 -0.034562942047767269 -0.041875805344807511 0.031691429487610452
leaf_weight=0.50728400936350226 0.7489722084719691 0.21273664385080326 0.076563884387724102 0.71940942597575519 0.18732477724552232 0.33765218849293921 1.8433716362342236 7.5774091307539475 0.55784827098250378 0.24521584063768376 1.9384051957167683 2.3475319813005635 6.9585582575527969 1.9047288835281504
leaf_count=152 24 2 9 397 5 29 74 798 26 2 114 853 4541 124
internal_value=-0.000635284 0.0254026 -0.026571 -0.0054784 0.000497215 0.0161344 -0.020892 0.0402944 0.0212217 -0.0273209 0.0296676 -0.0320251 -0.0399538 0.0281919
internal_weight=26.163 13.0661 13.0969 5.6311 5.27592 2.96179 2.59234 7.79015 2.68358 2.66931 2.12573 2.4241 7.46584 2.24238
internal_count=7150 1043 6107 1414 243 550 98 800 145 864 119 862 4693 153
is_linear=0
shrinkage=0.05


Tree=98
num_leaves=15
num_cat=0
split_feature=46 45 127 124 61 71 7 78 127 73 121 5 104 91
split_gain=7.71139 2.01168 1.23633 1.0092 1.00225 0.772177 0.524306 0.423458 0.417531 0.181372 0.155647 0.147445 0.115533 0.114231
threshold=0.16695995628833774 0.060280594974756248 41.939849853515632 -0.34899012744426722 55.288377761840827 529.41552734375011 32.696172714233406 0.2522264569997788 -1.0000000180025095e-35 415.74194335937506 -119759.16015624999 24.230171203613285 1.0625000000000002 0.018619817681610588
decision_type=10 8 8 10 2 2 8 2 10 2 2 10 2 10
left_child=1 6 4 8 11 -4 9 -6 -2 -1 -5 -3 -8 -12
right_child=3 2 5 10 7 -7 12 -9 -10 -11 13 -13 -14 -15
leaf_value=-0.014593605269764595 -0.019759661604313014 0.0052584221899019505 -0.032665975072445827 -0.0016263167620597632 0.035167648636762805 0.013271026264366157 0.002426958064023781 -0.0047892135589339196 0.016649496527279872 0.0086757247737059215 0.04395294028478023 -0.021322876734927217 -0.040114823819171641 0.0031718675610883807
leaf_weight=0.6823219330981416 0.7133005135692656 0.26608983986079582 2.2023059065686543 0.12975519523024548 2.4990238985046749 0.64879469759762276 0.050080989487469973 0.54791778547223646 0.48764691315591313 0.74685764824971557 6.8736003637313825 0.86668107437435538 7.5776405648794025 0.34180561592802394
leaf_count=456 11 7 256 7 118 40 3 80 39 76 824 163 5128 25
internal_value=-0.000459101 -0.020551 -2.8825e-05 0.0355538 0.0159263 -0.0214809 -0.0348952 0.0285745 -0.00412807 -0.00386793 0.0417591 -0.015541 -0.0395866 0.0426423
internal_weight=24.6338 16.0877 7.03081 8.54611 4.17971 2.8511 9.0569 3.04694 1.20095 1.42918 7.34516 1.13277 7.62772 7.21541
internal_count=7233 6327 664 906 368 296 5663 198 50 532 856 170 5131 849
is_linear=0
shrinkage=0.05


Tree=99
num_leaves=15
num_cat=0
split_feature=50 67 123 67 85 126 118 117 81 128 52 129 118 17
split_gain=7.11265 2.20381 1.06606 0.763096 0.723164 0.72065 0.475562 0.467579 0.429585 0.376554 0.34043 0.328105 0.214349 0.176687
threshold=0.19323673099279406 55.430170059204109 -1241.2652587890623 34.357757568359382 0.0016745071625337007 -12087.270996093748 0.030428809113800529 0.75000000000000011 0.012270400300621988 1282.2001953125002 1.9761904478073122 -0.55527138710021962 0.032264480367302902 0.00055586459347978245
decision_type=8 2 10 2 2 2 2 2 2 8 10 8 2 8
left_child=4 2 12 9 8 13 -5 -7 -1 -4 11 -9 -2 -3
right_child=1 5 3 6 -6 7 -8 10 -10 -11 -12 -13 -14 -15
leaf_value=-0.039855619668138692 -0.032198880401134083 0.0096193813029997952 0.031924885124756497 -0.02346302383051195 0.0020528109920406384 -0.0081362598591082583 0.015107316171033853 -0.0056692113091336704 -0.0024595265271796906 -0.0067453091479671452 -0.0061465872390877611 0.043114407630010877 0.0056556258500465618 -0.016708705347983865
leaf_weight=7.4998414003057423 1.5609404289862139 0.30312291998416085 1.953093076590448 1.2220296247396616 1.3013380545889948 0.20252300379797716 0.41706014401279379 0.13241972215473652 0.99470850185025472 0.41388915700372297 0.13769681286066848 8.1407020110636896 0.12563032703474153 0.3952620136551559
leaf_count=5521 150 19 115 62 121 4 25 2 299 28 10 831 12 8
internal_value=-3.51863e-05 0.0211218 -0.00329926 0.0107894 -0.0313961 0.0349235 -0.0116432 0.0385817 -0.0361968 0.0251679 0.0404516 0.0418064 -0.0283236 -0.0063459
internal_weight=24.8003 15.0044 5.69264 4.00607 9.79589 9.31173 1.63909 8.61334 8.49455 2.36698 8.41082 8.27312 1.68657 0.698385
internal_count=7207 1266 392 230 5941 874 87 847 5820 143 843 833 162 27
is_linear=0
shrinkage=0.05


Tree=100
num_leaves=15
num_cat=0
split_feature=95 73 59 110 35 44 2 128 49 137 33 37 31 120
split_gain=6.41702 1.70244 1.32127 1.14732 1.03993 1.0442 0.684225 0.629068 0.395497 0.336594 0.225876 0.220882 0.198484 0.161752
threshold=0.19231707602739337 244.47453308105472 111.22542953491212 211.85807037353518 515.28369140625011 0.014400608371943237 55.451335906982429 -168.76655578613278 0.4304031133651734 89.115234375000014 24.230171203613285 0.25757884979248052 519.24191284179699 -29.499999999999996
decision_type=10 2 2 2 8 8 10 10 10 2 8 10 8 2
left_child=1 3 7 6 8 -6 10 -2 -3 11 -1 -7 -11 -4
right_child=2 4 13 -5 5 9 -8 -9 -10 12 -12 -13 -14 -15
leaf_value=0.0068023697424027894 -0.021212282648495916 -0.030381479012685137 -8.4718445503987607e-05 -0.042175386824431255 -0.018161868486358656 0.034643211620631865 0.022097848680736235 0.018951125725943374 0.0076089596867866555 0.011804864246144561 -0.025854898312027388 -0.0047217763739334749 -0.014867246152345547 0.043428514364950384
leaf_weight=0.25273278076201866 1.0738419890403745 1.8585624360712238 0.21629420248791564 6.7134263378102332 1.2074936581775544 2.4280281229875991 0.87030788417905558 0.85493462486192395 0.45375854521989811 0.43353662581648666 0.95085475186351698 0.15141618496272702 0.37121068476699293 5.9877215758897364
leaf_count=10 17 556 16 4704 608 174 31 58 3 29 104 63 35 775
internal_value=-0.00150657 -0.0198861 0.0322492 -0.0332986 -0.000761667 0.0124767 -0.000191229 -0.00301758 -0.02288 0.0250577 -0.0190224 0.0316589 -0.00191906 0.0421103
internal_weight=23.8241 15.6913 8.13279 8.78732 6.90401 4.59169 2.0739 1.92878 2.31232 3.38419 1.20359 2.57944 0.804747 6.20402
internal_count=7183 6317 866 4849 1468 909 145 75 559 301 114 237 64 791
is_linear=0
shrinkage=0.05


Tree=101
num_leaves=15
num_cat=0
split_feature=101 127 125 71 7 96 95 90 35 116 3 35 115 38
split_gain=6.50286 2.22688 1.55829 1.10397 0.518906 0.402407 0.345165 0.248566 0.233433 0.205258 0.203621 0.155515 0.149011 0.136899
threshold=0.20467609912157061 3.4106051316484814e-13 -10.499999999999998 529.41552734375011 32.696172714233406 0.00060962050338275741 0.19231707602739337 0.015520288143306972 1413.7432861328127 0.67885988950729381 88.005153656005874 30.832298278808597 0.033172955736517913 0.99509802460670482
decision_type=8 8 2 2 8 8 10 8 10 2 10 8 2 10
left_child=4 2 7 6 10 -4 8 -2 11 -8 -1 -3 -7 -13
right_child=1 3 5 -5 -6 12 9 -9 -10 -11 -12 13 -14 -15
leaf_value=-0.014944590231409219 0.0076088032111860122 0.0023363785386392869 -0.0070726650337980092 0.023226656678966957 -0.039717207128604055 -0.0021126791545876488 -0.012009620854854505 -0.022745629809538113 0.0044195928137173539 0.013950356282443323 0.0097652316963072056 -0.034823842515993852 0.040264797669727521 0.00059123215585338653
leaf_weight=0.69887726393062688 0.46095305006019649 0.21985535789281119 0.19460063707083186 1.2754901881562544 6.6921833266969779 0.11296068737283427 0.4127268213778732 0.78953081881627452 0.31475985154975195 0.70092061720788479 0.69838192884344608 2.2720224687363957 8.5437212231336144 0.26169639918953169
leaf_count=477 14 21 46 102 4953 61 7 102 87 54 43 353 906 6
internal_value=-0.000622822 0.0180542 0.030976 -0.00695683 -0.0345803 0.0379114 -0.0188684 -0.0131474 -0.0256955 0.00319927 -0.0036725 -0.0293982 0.0395503 -0.0320338
internal_weight=23.6487 15.5592 10.1018 5.45747 8.08944 8.85128 4.18198 1.25048 3.06833 1.11365 1.39726 2.75357 8.65668 2.53372
internal_count=7232 1759 1129 630 5473 1013 528 116 467 61 520 380 967 359
is_linear=0
shrinkage=0.05


Tree=102
num_leaves=15
num_cat=0
split_feature=50 128 122 46 127 85 126 123 34 125 68 118 122 73
split_gain=5.69847 2.23879 1.32541 0.675965 0.589835 0.584617 0.498997 0.51876 0.303338 0.297329 0.278453 0.248108 0.217686 0.184222
threshold=0.19323673099279406 -113.55248260498045 -1.7053025658242402e-13 0.0059461377095431098 -69.104232788085923 0.0019952165894210343 -633.52023315429676 -751.61132812499989 261.97103881835943 -10.499999999999998 1439.4903564453127 0.010049941018223764 -141.99552154541013 999.26354980468761
decision_type=8 10 10 8 10 2 2 10 10 2 2 2 8 2
left_child=5 2 13 8 -5 10 9 -8 -3 -4 12 -9 -1 -2
right_child=1 3 6 4 -6 -7 7 11 -10 -11 -12 -13 -14 -15
leaf_value=0.001839054995494388 -0.032766851704312559 -0.015994513449372135 -0.0025614652847419702 -0.0041591720650880687 0.042012592670247213 0.0006704095183158984 -0.024739001388881299 -0.0090639901859561663 0.01717361716178618 0.033851795038778769 -0.00085547349736186636 0.021030242607724264 -0.039494088837095397 0.0039274374367808482
leaf_weight=0.24191593495197594 1.9761492399265992 0.70996889693196585 0.56643594393972296 0.57290535001084109 6.68123906850815 1.2423217245377598 0.69709218991920341 0.37447205767966696 0.17870857124216855 1.2978053358383479 0.58893548720516253 0.89388725883327425 6.6636599932098779 0.16260180436074723
leaf_count=137 167 95 22 16 804 115 20 9 18 55 143 65 5480 15
internal_value=-0.0010473 0.0182159 -0.0048496 0.0338035 0.038304 -0.0308356 0.012249 -0.00492797 -0.00376318 0.0257564 -0.0355223 0.0120663 -0.0379966 -0.0296146
internal_weight=22.8481 14.1113 5.96844 8.14282 7.25414 8.73683 3.82969 1.96545 0.888677 1.86424 7.49451 1.26836 6.90558 2.13875
internal_count=7161 1286 353 933 820 5875 171 94 113 77 5760 74 5617 182
is_linear=0
shrinkage=0.05


Tree=103
num_leaves=15
num_cat=0
split_feature=97 101 127 125 32 69 69 124 23 4 3 69 97 46
split_gain=6.31258 1.78817 1.54781 0.63484 0.58422 0.435934 0.373339 0.290902 0.19899 0.195505 0.174427 0.160597 0.115334 0.104385
threshold=0.30068068206310278 0.19786551594734195 7.1054273576010031e-14 -14.499999999999998 7.6803960800170907 32.658084869384773 529.41552734375011 -0.074561335146427141 10.500000000000002 528.70733642578136 96.050815582275405 30.858586311340336 1.9301250176795296e-05 1.0240889191627505
decision_type=10 8 8 2 10 2 2 10 2 8 10 2 8 10
left_child=1 5 3 -3 -2 10 11 -5 9 12 -1 -4 -9 -7
right_child=4 2 6 7 -6 13 -8 8 -10 -11 -12 -13 -14 -15
leaf_value=-0.013767267224848695 -0.0082981156718861353 -0.015346851031335297 -0.00017221938045077883 -0.0045891558520247764 0.041386927931781899 -0.03967348217471442 0.0099254396298467992 -0.0016882122290924806 -0.0039541836335775021 -0.0014487373517674852 0.0097766981730673126 -0.030888926391707053 0.0374307977620899 0.0022581014540090454
leaf_weight=0.66034689231310106 0.3186749666929235 0.49500561680179078 0.49620376643724817 0.43930951529182527 5.7953153885900974 6.1968427305109799 0.28529779275413591 0.11055378150195005 0.192132431664504 0.30758165707811791 0.55040444957558066 2.553595729987137 2.4775239219889045 0.044965609908103832
leaf_count=476 10 104 53 73 793 4952 24 35 55 23 50 448 112 1
internal_value=-0.00117237 -0.0187225 -0.000614169 0.0183458 0.0379948 -0.0344114 -0.0224372 0.0254198 0.0297675 0.0324457 -0.00348325 -0.0271679 0.035755 -0.0391013
internal_weight=20.9238 14.8098 7.3572 4.02211 6.11399 7.45256 3.3351 3.5271 3.08779 2.89566 1.21075 3.0498 2.58808 6.24181
internal_count=7209 6406 927 402 803 5479 525 298 225 170 526 501 147 4953
is_linear=0
shrinkage=0.05


Tree=104
num_leaves=15
num_cat=0
split_feature=93 128 33 123 129 25 104 115 85 93 128 28 48 8
split_gain=5.7294 1.68922 1.17128 0.840476 0.698149 0.688055 0.55886 0.439928 0.278625 0.231243 0.194223 0.153172 0.106305 0.0720871
threshold=0.008777164854109289 -3.4106051316484804e-13 1420.8050537109377 -34.421222686767571 0.19087004661560061 1432.9322509765627 10.190908908843996 0.41566656529903417 0.0016745071625337007 0.52926483750343334 657.71035766601574 98.500000000000014 3.7995000639057257e-06 44.748447418212898
decision_type=8 10 10 10 10 8 2 2 2 10 10 2 8 10
left_child=2 3 8 4 9 -3 13 -5 10 -2 -1 -9 -10 -4
right_child=1 5 6 7 -6 -7 -8 11 12 -11 -12 -13 -14 -15
leaf_value=-0.039343905733984608 -0.032275442614078081 0.041901320685049752 0.0013135467072173856 -0.010849743543276037 0.012051064929244829 -0.011198691299962696 -0.019208698002356313 0.030343438065604147 0.0079906649056723615 0.0040626163399387774 0.0012658684430358802 -0.0044140340855106522 -0.01187291255738617 0.023877868241556521
leaf_weight=7.1493428158573824 1.7638116767629988 5.6129566968884301 0.59295135585125469 0.40399039280600879 1.0299430190352721 0.26577576110139478 0.6427492027869447 1.7456483766436575 0.42680199618916947 0.27623890992254008 0.24194560723844905 0.096718924120068439 0.30914008524268866 0.80638279067352414
leaf_count=5127 87 795 55 11 34 149 437 128 35 9 120 94 72 60
internal_value=-0.00191945 0.0218612 -0.0277123 0.000583109 -0.0146328 0.0382217 0.0044936 0.0194798 -0.0354102 -0.0276372 -0.0380222 0.0276078 -0.00238614 0.018849
internal_weight=21.3644 11.1951 10.1693 5.31635 3.06999 5.87873 2.04208 2.24636 8.12723 2.04005 7.39129 1.84237 0.735942 1.39933
internal_count=7213 1307 5906 363 130 944 552 233 5354 96 5247 222 107 115
is_linear=0
shrinkage=0.05


Tree=105
num_leaves=15
num_cat=0
split_feature=101 17 73 122 116 61 92 35 96 45 39 38 127 128
split_gain=4.86185 1.95657 1.33544 0.809209 0.752932 0.46908 0.423867 0.376033 0.36031 0.256747 0.204509 0.198098 0.191416 0.165183
threshold=0.19786551594734195 0.0029948250157758598 999.26354980468761 36.193141937255866 0.78227055072784435 54.919898986816413 0.016677982173860077 1420.8262939453127 0.00062539801001548778 0.02530839387327433 0.77170139551162731 0.044871712103486068 -381.46115112304682 -69.416915893554673
decision_type=8 8 2 8 2 2 10 10 8 8 10 10 8 10
left_child=7 4 3 5 13 12 -7 -1 -4 -9 -5 -10 -3 -2
right_child=1 2 8 10 -6 6 -8 9 11 -11 -12 -13 -14 -15
leaf_value=-0.037152926371838896 -0.011959161786231409 0.0080371267728240794 -0.0091427618351824867 -0.034196180836874861 0.041542149882575645 0.024903219495565603 -0.013324652703537488 -0.017329520837754478 0.034384988207681537 0.01111049533083068 0.0030388130384818575 -0.0037799467345684349 -0.02045043088262883 0.011767153180293198
leaf_weight=5.8505022249883067 0.71564374305307865 0.21225896803662181 0.22126747528091106 2.2390444332268093 5.0222640136489645 1.555807603523135 0.29462572862394143 0.5485875271260735 1.808841641526669 0.677159705432132 0.24234846082981665 0.17730935302097339 1.0666978082153957 0.30534756917040506
leaf_count=4974 24 6 50 224 773 144 30 383 119 57 6 11 355 32
internal_value=-0.0013604 0.0156697 -0.00137738 -0.0140849 0.0347879 0.00336021 0.0162773 -0.0325298 0.0252434 -0.00368515 -0.0307313 0.030853 -0.0142705 -0.00255193
internal_weight=20.9377 13.8615 7.8182 5.61078 6.04326 3.12939 1.85043 7.07625 2.20742 1.22575 2.48139 1.98615 1.27896 1.02099
internal_count=7188 1774 945 765 829 535 174 5414 180 440 230 130 361 56
is_linear=0
shrinkage=0.05


Tree=106
num_leaves=15
num_cat=0
split_feature=52 17 35 91 36 116 38 7 35 1 107 122 127 118
split_gain=4.71828 2.06434 1.11122 0.651103 0.545317 0.42944 0.427184 0.416951 0.335227 0.232039 0.200842 0.12684 0.126236 0.108258
threshold=1.8786764740943911 0.018169470131397251 515.28369140625011 0.043849017471075065 1413.7432861328127 0.44341652095317846 0.65989691019058239 32.658084869384773 30.832298278808597 110.93428802490236 101.20785903930665 -169.35871124267575 -91.720874786376939 0.035893442109227187
decision_type=8 8 10 8 10 2 10 8 10 2 2 8 8 2
left_child=1 5 6 7 9 11 8 -2 -3 -5 -4 -1 -10 -6
right_child=3 2 10 4 13 -7 -8 -9 12 -11 -12 -13 -14 -15
leaf_value=0.011521620327271317 -0.0018629808548799301 0.0036232764586278028 -0.0057477886446327094 0.0059215566433431033 -0.0016312854357889248 0.042370166635382206 0.010316810575646535 -0.038178400310431702 -0.0036992108185582837 -0.025111983681154689 0.030738765490358484 -0.010353655064272134 -0.033606152539075562 0.022841463811912637
leaf_weight=0.25598089525010437 1.0211736382916541 0.77494102809578302 0.12019144266378123 0.38986663124524179 0.45442207995802142 5.2338085219962522 0.68617656501010049 5.4711893260246143 0.71341053710784763 1.1502248027245512 1.1976903416216371 0.40275405498687256 1.8393248505890372 0.61193876765901223
leaf_count=4 415 28 7 24 98 816 14 4924 42 471 68 55 186 64
internal_value=-0.000698039 0.020227 -0.00265556 -0.025958 -0.00313876 0.0383131 -0.0155429 -0.0334774 -0.0220271 -0.0180176 0.026367 -3.17692e-05 -0.0286419 0.0166701
internal_weight=20.3231 11.2243 5.33173 9.09882 2.60645 5.89254 4.01385 6.49236 3.32768 1.54009 1.31788 0.658735 2.55274 1.06636
internal_count=7216 1220 345 5996 657 875 270 5339 256 495 75 59 228 162
is_linear=0
shrinkage=0.05


Tree=107
num_leaves=15
num_cat=0
split_feature=101 124 90 71 7 129 30 96 62 62 50 61 123 59
split_gain=4.93302 1.70444 0.785533 0.534255 0.418711 0.401991 0.38635 0.334993 0.317696 0.192696 0.169366 0.16428 0.156208 0.136099
threshold=0.30094745755195623 -0.0065903994254767886 0.091669887304306044 1206.3140258789065 34.366773605346687 0.60777598619461071 738.65631103515636 0.00041299850272480404 2.1316282072803009e-14 7.9239802360534677 0.11434715241193773 40.081111907958991 -974.30767822265614 78.256423950195327
decision_type=8 10 8 2 8 8 10 8 2 2 8 2 8 2
left_child=3 2 9 4 11 7 -4 -3 -6 -2 -5 -1 -9 -7
right_child=1 5 6 10 8 13 -8 12 -10 -11 -12 -13 -14 -15
leaf_value=-0.013980348780027976 0.023260742513161778 -0.0068000364020018899 -0.030127509006238035 -0.0082418167884685829 0.0025330404162579173 -0.012405734933767214 0.0090394754674793729 0.0014081653233347698 -0.037950406958518097 -0.0056956168716459747 0.018104524156189326 0.0077473115792011677 0.038984538313857661 0.010006301812044536
leaf_weight=0.76267475698841891 0.93351879063993715 0.15566170297097226 1.704089538077824 0.34462821565102775 0.39185559167526651 0.31919291778467584 0.32242566137574602 0.36637236969545484 5.8626425012480468 0.35125794389750808 0.30249184323474765 0.81987481581745669 6.6806989735923707 0.40213265886995941
leaf_count=532 113 40 110 185 173 23 49 18 4859 73 7 158 786 56
internal_value=0.000191352 0.021162 -0.00747679 -0.0268826 -0.0302656 0.0326263 -0.0229681 0.03578 -0.0354145 0.0163162 0.00758828 -0.00408266 0.0374487 -0.00135674
internal_weight=19.7195 11.2354 3.31129 8.48417 7.83705 7.92406 2.02652 7.20273 6.2545 1.28478 0.64712 1.58255 7.04707 0.721326
internal_count=7182 1268 345 5914 5722 923 159 844 5032 186 192 690 804 79
is_linear=0
shrinkage=0.05


Tree=108
num_leaves=15
num_cat=0
split_feature=101 128 125 46 61 73 122 125 34 137 123 123 31 49
split_gain=4.298 1.9826 1.05586 0.684567 0.530595 0.498368 0.416486 0.355639 0.346532 0.283524 0.252675 0.169639 0.146359 0.133488
threshold=0.19786551594734195 -1133.0358886718748 -14.499999999999998 0.0040416074916720399 368.24844360351568 518.31402587890636 203.01692199707034 23.500000000000004 377.74736022949224 94.584484100341811 -1.7053025658242402e-13 3.4106051316484814e-13 278.29408264160162 0.00014945674774935472
decision_type=8 10 2 8 2 2 8 2 10 2 10 10 10 8
left_child=5 4 6 7 10 -1 -3 -4 -7 -6 -2 -12 -9 -10
right_child=1 2 3 -5 9 8 -8 12 13 -11 11 -13 -14 -15
leaf_value=-0.03764536051759107 -0.03247908233973594 0.011567253447063212 -0.014111915872114883 0.040717469682309597 0.021493195513214245 -0.02103757228493857 -0.022768109278851128 -0.0049460402875999392 -0.0057615504189015929 -0.011587182177226122 0.012797649388343994 -0.012051087269790423 0.024273566282167869 0.016274663433708186
leaf_weight=4.6379387704073478 1.4638956168200825 0.95333824527915456 0.78993992606410646 6.3981724672485143 0.62681122566573311 0.72360110597219307 0.68723444844363257 0.19874513032846153 0.47079848381690648 0.27598390262573957 0.35396907082758766 0.39437191421166062 0.49261636240407825 0.78107719868421566
leaf_count=4634 176 167 196 866 26 489 77 108 219 9 33 45 59 74
internal_value=0.000155369 0.0169516 0.0276099 0.0344927 -0.0144156 -0.0299459 -0.00599127 0.00203224 -0.00529261 0.0106056 -0.0247495 0.000299669 0.0179158 0.00910901
internal_weight=19.2485 12.6351 9.52005 7.87947 3.11503 6.61342 1.64057 1.4813 1.97548 0.902795 2.21224 0.748341 0.691361 1.25188
internal_count=7178 1762 1473 1229 289 5416 244 363 782 35 254 78 167 293
is_linear=0
shrinkage=0.05


Tree=109
num_leaves=15
num_cat=0
split_feature=101 65 127 123 6 129 69 33 21 50 137 49 85 123
split_gain=3.94905 1.92323 0.770964 0.663686 0.626927 0.743385 0.509472 0.418507 0.265894 0.256426 0.227398 0.225788 0.21507 0.172093
threshold=0.19786551594734195 37.743314743041999 68.055557250976577 192.15570068359378 34.357757568359382 -0.10328823700547217 53.232704162597663 1420.8050537109377 0.00060582702280953537 0.048439189791679389 94.584484100341811 0.023743539117276672 0.00075471162563189875 -1118.336975097656
decision_type=8 2 8 8 10 10 2 10 8 8 2 8 2 10
left_child=7 4 6 -4 5 -2 -3 12 -8 -9 -10 -7 -1 -13
right_child=1 2 3 -5 -6 11 8 9 10 -11 -12 13 -14 -15
leaf_value=-0.037895648845383205 -0.020282278292390737 -0.0045008183401472708 0.019661435765981505 -0.021674011552662648 -0.02767479207221803 -0.0047113609978467925 -0.0049400170017918571 -0.016294983804850637 0.044240261424827537 0.01201215436181112 0.00028446120246869276 -0.0032766383516683335 -0.0011644761767989607 0.02832278867945236
leaf_weight=4.6896434139926013 1.0501510421745481 0.48564735386753444 1.0941786161274647 0.81139232835266728 1.4746152111329136 0.5271344220382147 0.108350631489884 0.50132048386149075 5.1580496438546106 0.7240032259724104 0.32264459552243341 0.2883880198933183 0.4980816920287906 1.5503541461657731
leaf_count=4854 130 85 120 54 286 172 15 400 726 60 31 22 120 94
internal_value=-0.000384503 0.0153784 0.0292377 0.000658879 -0.00836064 0.00435571 0.0368423 -0.0298274 0.0405726 -0.00168739 0.0420958 0.0180686 -0.0351272 0.0239583
internal_weight=19.284 12.8709 7.98026 1.90557 4.89064 3.41603 6.07469 6.41305 5.58904 1.22532 5.48069 2.36588 5.18773 1.83874
internal_count=7169 1735 1031 174 704 418 857 5434 772 460 757 288 4974 116
is_linear=0
shrinkage=0.05


Tree=110
num_leaves=15
num_cat=0
split_feature=50 124 118 31 73 30 128 121 68 68 61 71 44 91
split_gain=3.54882 1.45849 0.746082 0.692533 0.648561 0.460105 0.382169 0.361931 0.35109 0.311371 0.356182 0.286188 0.279207 0.198869
threshold=0.19323673099279406 -1.0000000180025095e-35 0.022699265740811828 3.4106051316484814e-13 260.99748229980474 1078.154479980469 4.2632564145606017e-14 -19070.416015624996 745.12121582031261 133.97103118896487 50.192024230957038 999.26354980468761 0.010313056875020267 0.018619817681610588
decision_type=8 10 2 8 2 10 8 2 2 2 2 2 10 10
left_child=4 2 11 7 -1 -6 -4 -3 9 10 -5 -2 -7 -9
right_child=1 3 6 8 5 12 -8 13 -10 -11 -12 -13 -14 -15
leaf_value=-0.037064902309646638 -0.030188895452779776 -0.0050265449302740409 0.025600534063273013 -0.014410269021547212 -0.022950514599340263 -0.011291041377357501 -0.011427319710540999 0.041484528313033835 0.022486452781296882 -0.020479137106699546 0.019992987007231219 0.007777890449460075 0.01681092975826463 -0.003566700141628543
leaf_weight=4.1154575705877532 1.6939435229869562 0.25725036044605065 0.86402287939563371 0.36509035958442904 1.0682958174729722 0.53314067353494454 0.39292548666708171 4.5781848097685707 0.65217932779341925 0.82091888552531589 0.86948807479348034 0.18017380125820626 1.4664541673264464 0.098444873932748922
leaf_count=4637 131 34 117 27 661 422 63 752 31 67 18 18 170 10
internal_value=-0.00076641 0.016852 -0.00976633 0.0276266 -0.0260187 -0.00573167 0.014091 0.0372726 0.00473777 -0.00640993 0.00792334 -0.0251026 0.00805197 0.0400749
internal_weight=17.956 10.7726 3.13107 7.64156 7.18335 3.06789 1.25695 4.93388 2.70768 2.0555 1.23458 1.87412 1.99959 4.67663
internal_count=7158 1268 329 939 5890 1253 180 796 143 112 45 149 592 762
is_linear=0
shrinkage=0.05


Tree=111
num_leaves=15
num_cat=0
split_feature=18 25 61 127 128 34 78 91 70 49 81 123 124 37
split_gain=3.23393 1.4142 1.38735 1.21426 0.657335 0.573841 0.411257 0.275291 0.249225 0.240278 0.235897 0.230632 0.153205 0.136485
threshold=0.30099447071552282 3089.032836914063 54.919898986816413 45.228828430175788 -1330.0451660156248 515.85650634765636 0.2522264569997788 0.018619817681610588 24.230171203613285 3.7119999660717444e-06 0.35632184147834783 -460.71350097656244 -0.22109694778919217 0.87689393758773815
decision_type=10 10 2 8 10 10 2 10 2 8 2 10 10 10
left_child=1 2 8 6 11 13 9 -6 -1 -4 12 -2 -11 -5
right_child=4 -3 3 5 7 -7 -8 -9 -10 10 -12 -13 -14 -15
leaf_value=0.0029792244457956737 -0.017701803427264243 -0.037005356260895107 -0.0061861484381530198 -0.028850211633746549 0.039870047638514941 0.011616366495181843 -0.0062083435828484343 -0.0046831630754892604 -0.030960667252197802 -0.0012573092140257774 -0.0041075452707692679 0.011767403709480862 0.036233687421897226 0.0045380512645146025
leaf_weight=0.44228330731857779 0.45427775621647015 3.49156729876995 0.14481355267344076 1.705641098378692 3.8104794737300831 0.83594009099761013 0.63579263247083861 0.16187321906909335 2.6153083902900107 0.2213556275819436 0.22527053172234435 0.30980502790771414 3.1662129143369384 0.067665809765457996
leaf_count=15 12 3798 51 377 754 73 223 16 1527 85 15 33 194 8
internal_value=-0.00116963 -0.0136465 -0.00292673 0.00940496 0.030685 -0.0143759 0.0235751 0.0374778 -0.0265269 0.0288602 0.0313015 -0.00585592 0.0340557 -0.0263992
internal_weight=18.2883 13.5519 10.0603 7.00269 4.73644 2.60925 4.39345 3.97235 3.05759 3.75765 3.61284 0.764083 3.38757 1.77331
internal_count=7181 6366 2568 1026 815 458 568 770 1542 345 294 45 279 385
is_linear=0
shrinkage=0.05


Tree=112
num_leaves=15
num_cat=0
split_feature=50 127 73 125 73 115 133 97 44 91 31 120 118 126
split_gain=3.39661 1.33279 0.861173 0.830951 0.684411 0.398619 0.346639 0.322744 0.297097 0.229074 0.188312 0.136827 0.124061 0.0979086
threshold=0.19323673099279406 16.003880500793461 999.26354980468761 -10.499999999999998 260.99748229980474 0.1488420367240906 0.99621212482452404 0.38676160573959356 0.010313056875020267 0.19398049265146258 519.24191284179699 1.0000000180025095e-35 0.04000449366867543 -116406.29296874999
decision_type=8 8 2 2 2 2 2 10 10 10 8 2 2 2
left_child=4 3 7 11 -1 8 9 12 -6 -5 -8 -2 13 -3
right_child=1 2 -4 6 5 -7 10 -9 -10 -11 -12 -13 -14 -15
leaf_value=-0.036836200511150836 0.0069711015989896447 0.0027738700923568616 0.022962944829659725 0.041254175978476665 -0.012053438347051318 -0.022445296239488228 0.013445087455695502 0.0074201141272990856 0.016258753827367332 0.00013195300313068392 -0.011623799953953512 -0.017472869382946669 0.0023095589472091524 -0.029612376663754311
leaf_weight=3.8441636249190223 0.23583210341166694 0.078089286107571154 0.8433978329412638 4.8427850692532939 0.57508075615624044 0.81163285096408788 1.0831166997086252 0.49150910880416621 1.5677747285226358 0.3663215513806789 0.26055859227199119 0.54561030166223645 0.21935941162519146 2.0086722454288979
leaf_count=4665 21 4 84 731 485 594 121 44 212 17 11 40 13 190
internal_value=0.000530196 0.0172266 -0.00644044 0.028339 -0.0251761 -0.00452624 0.0337061 -0.0190172 0.00724299 0.0388493 0.0056984 -0.0103237 -0.0251918 -0.0278944
internal_weight=17.7739 10.9753 3.64103 7.33422 6.79865 2.95449 6.55278 2.79763 2.14286 5.20911 1.34368 0.781442 2.30612 2.08676
internal_count=7232 1276 335 941 5956 1291 880 251 697 748 132 61 207 194
is_linear=0
shrinkage=0.05


Tree=113
num_leaves=15
num_cat=0
split_feature=95 73 116 30 25 110 7 137 98 124 8 33 42 124
split_gain=3.28775 1.25788 0.888337 0.78163 0.704445 0.690834 0.43685 0.398196 0.25545 0.202304 0.188284 0.155422 0.146189 0.115685
threshold=0.19231707602739337 244.47453308105472 0.67885988950729381 517.74331665039074 3089.032836914063 211.85807037353518 55.342868804931648 89.115234375000014 0.71298319101333629 -0.59049183130264271 44.582815170288093 24.230171203613285 0.014894177205860617 -0.34899012744426722
decision_type=10 2 2 8 10 2 10 2 10 10 8 8 10 10
left_child=1 5 13 8 7 6 11 9 -3 -5 -11 -1 -9 -2
right_child=2 3 -4 4 -6 -7 -8 12 -10 10 -12 -13 -14 -15
leaf_value=0.0054942248921275444 -0.016972292959701301 -0.026802015640638874 0.037508295902125198 -0.0045114762387925599 -0.016914747326569626 -0.038017414747855222 0.017543652797366388 -0.014245061738378592 0.0069353572934287705 0.0016218123382518265 0.037124922778995435 -0.022751870003503465 0.0088470799221472343 0.0048974610655606659
leaf_weight=0.22427456697914905 0.40263244602829218 1.3490198614890685 4.3098288306500763 0.16984832147136408 0.77030982897849742 4.3045711183222011 0.74218705971725285 0.44877312995959062 0.28283353860024352 0.53648209647508371 1.9248368911212308 0.75837709434563294 0.39291154593229294 0.45524787995964189
leaf_count=8 6 504 831 100 599 4687 30 82 11 41 174 107 13 18
internal_value=-0.000465911 -0.0147937 0.029587 0.00196042 0.0128814 -0.0290752 -0.00099661 0.0217946 -0.0205412 0.0291362 0.0320907 -0.0167856 -0.0045147 -0.00897736
internal_weight=17.0721 11.9044 5.16771 5.87502 4.24316 6.02941 1.72484 3.47285 1.63185 2.63117 2.46132 0.982652 0.841685 0.85788
internal_count=7211 6356 855 1524 1009 4832 145 410 515 315 215 115 95 24
is_linear=0
shrinkage=0.05


Tree=114
num_leaves=15
num_cat=0
split_feature=97 73 34 29 110 44 69 58 9 128 8 58 120 10
split_gain=3.92668 1.61116 1.0953 0.376394 0.366831 0.34393 0.2929 0.208477 0.192144 0.188764 0.171309 0.155337 0.121639 0.100568
threshold=0.30068068206310278 244.47453308105472 226.36625671386722 30.665631294250492 211.85807037353518 0.010313056875020267 54.979181289672859 937.66665649414074 0.66501650214195263 -1.0000000180025095e-35 46.865633010864265 523.61111450195324 -264.49999999999994 0.043566131964325912
decision_type=10 2 8 2 2 8 2 2 10 10 8 2 2 10
left_child=1 4 8 -2 6 -4 9 11 -3 -1 -9 -7 -5 -12
right_child=3 2 5 12 -6 7 -8 10 -10 -11 13 -13 -14 -15
leaf_value=-0.02283182801280819 -0.0045583915855780975 -0.027439494269046225 -0.0094070020523628495 -0.0029748691021907665 -0.038482734817818026 0.011382941140605137 0.011702782563081172 0.00010206907313617482 0.00091038448023710375 0.0071560765735664902 0.033876568677645151 -0.012482882806102436 0.039172312244649815 0.00033834342264112274
leaf_weight=1.0721592538757247 0.34880295814946194 1.4037408733856866 0.47672131832223419 0.037266226951032766 4.3556173639954068 0.35814965656027231 0.56061988906003524 0.51953382533974979 0.71233298256993283 0.18342003563884812 1.9603563164127993 0.37338632950559258 4.1084043269511312 0.26375761406961817
leaf_count=118 23 653 397 2 4738 13 44 48 244 10 131 12 797 23
internal_value=-0.000840666 -0.0155427 0.00295632 0.0347393 -0.0316067 0.0172244 -0.00730735 0.0221634 -0.0206666 -0.0172206 0.0269441 -0.000972595 0.0382889 0.0312378
internal_weight=16.7343 12.2398 6.06798 4.49447 6.17182 3.95191 1.8162 3.47518 2.11607 1.25558 2.74365 0.731536 4.14567 2.22411
internal_count=7253 6431 1521 822 4910 624 172 227 897 128 202 25 799 154
is_linear=0
shrinkage=0.05


Tree=115
num_leaves=15
num_cat=0
split_feature=65 52 127 98 103 126 120 19 97 123 113 125 35 7
split_gain=2.84239 1.33924 0.840269 0.603577 0.500118 0.304525 0.29971 0.252225 0.245226 0.241996 0.240589 0.196969 0.194393 0.183725
threshold=55.112583160400398 1.3452380895614626 -143.43685150146482 0.56047460436820995 3.5000000000000004 -1812.9703369140623 -185.49999999999997 0.9017724096775056 0.0051715902518481025 -1241.2652587890623 104.11116027832033 -304.49999999999994 1413.9710083007815 50.188301086425788
decision_type=2 8 8 10 2 2 2 10 10 10 2 2 8 10
left_child=2 6 9 4 -4 -3 -2 -5 12 -1 -8 -12 -6 -10
right_child=1 5 3 7 8 -7 10 -9 13 -11 11 -13 -14 -15
leaf_value=-0.011211128303676758 -0.0058554419412476626 0.0089382131663993166 -0.03867175449514447 0.013465807643004807 -0.024869380620023779 -0.024338279867421028 -0.0052881371950708606 -0.013582252058651165 0.012913269436668215 0.017366317768492116 -0.0042096863143709804 0.039170868804908755 0.0026897894856269277 -0.011545627259071649
leaf_weight=0.27318986126920197 0.18517682282254089 0.43719931558007374 4.0902561707771401 1.1233012364245949 1.307667957036756 0.88266288291197248 0.1030518189072599 0.48074435547459859 1.0608055151533333 1.4422424286603925 0.082857899367808296 4.443592152558268 0.63779474643524747 0.29777880141045887
leaf_count=35 7 60 3319 75 1331 595 1 29 321 118 1 842 210 214
internal_value=-0.00216619 0.022836 -0.0172094 -0.0229764 -0.0283771 -0.0142141 0.0336904 0.00325652 -0.00960884 0.0103626 0.0360314 0.0377587 -0.0179887 0.0049301
internal_weight=16.8483 6.13454 10.7138 8.99835 7.3943 1.31986 4.81468 1.60405 3.30405 1.71543 4.6295 4.52645 1.94546 1.35858
internal_count=7158 1506 5652 5499 5395 655 851 104 2076 153 844 843 1541 535
is_linear=0
shrinkage=0.05


Tree=116
num_leaves=15
num_cat=0
split_feature=46 27 127 2 17 73 78 16 5 66 137 34 8 122
split_gain=3.16861 1.03624 0.691818 0.67289 0.512509 0.493273 0.304698 0.24725 0.242246 0.205761 0.182111 0.208421 0.165703 0.139202
threshold=0.16695995628833774 2711.0456542968755 41.939849853515632 55.451335906982429 0.0032630709465593104 999.26354980468761 0.2522264569997788 0.21505891531705859 274.71488952636724 30.832298278808597 89.115234375000014 58.658084869384773 48.54248237609864 -844.06066894531239
decision_type=10 10 8 8 8 2 2 10 10 2 2 8 10 8
left_child=1 2 3 9 7 -4 10 -2 -6 -1 11 -5 -13 -3
right_child=4 13 5 6 8 -7 -8 -9 -10 -11 -12 12 -14 -15
leaf_value=0.0078777511614008654 -0.0041764356914908689 0.00021289401854916032 -0.030187874245294701 -0.00023799567675191445 -0.016950897639558322 0.0081207752871014106 -0.0071443399585433961 0.039570473842274405 0.013017838185038696 -0.019969027502819977 1.1210279532868196e-05 -0.00028887639218986986 0.037287764791236792 -0.034661605641467176
leaf_weight=0.30764023849042299 0.15419418737292234 0.29255499126156792 1.8085963703342716 0.54140882875071961 0.38519880850799371 0.69693579879822198 0.55038252292433743 3.6286168235819787 0.34603664907626808 1.3741565673844887 0.71218290226533998 0.31368724931962777 1.5857670240802688 3.5046198369236667
leaf_count=18 2 34 516 57 17 60 222 799 44 1024 41 10 93 4286
internal_value=-0.000405971 -0.0141364 -0.00264315 0.00743991 0.0312617 -0.0202552 0.0179898 0.0372869 -0.0034414 -0.0138371 0.023041 0.0278044 0.0331228 -0.0324904
internal_weight=16.202 11.6879 7.89076 5.38523 4.51405 2.50553 3.70343 3.78281 0.731235 1.6818 3.15305 2.44086 1.89945 3.79717
internal_count=7223 6361 2041 1465 862 576 423 801 61 1042 201 160 103 4320
is_linear=0
shrinkage=0.05


Tree=117
num_leaves=15
num_cat=0
split_feature=93 32 124 137 104 137 85 2 116 122 66 123 11 33
split_gain=2.88205 1.15422 0.854641 0.434118 0.409355 0.406905 0.308882 0.235977 0.22971 0.174319 0.189325 0.136987 0.133174 0.120786
threshold=0.16352546215057376 114.96965408325197 -0.34899012744426722 86.584484100341811 2.9128788709640507 36.028966903686531 0.00075471162563189875 66.070331573486342 1.313369154930115 -1107.4318847656248 24.230171203613285 -1241.2652587890623 0.49875621497631079 1439.4903564453127
decision_type=10 8 10 2 2 2 2 8 2 8 2 10 10 10
left_child=1 6 8 4 5 -3 9 -7 -2 -1 -11 -4 -9 -6
right_child=2 3 11 -5 13 7 -8 12 -10 10 -12 -13 -14 -15
leaf_value=0.0052563697363595752 -0.019334513552322387 -0.010860869128415745 -0.0025288186469486578 -0.01845622628325598 -0.016585755951987479 -0.0059756352145789787 -7.7958561021858393e-05 0.035637199856399619 0.010574628378699366 0.00019098004046941424 -0.033305379397408498 0.037373311616098769 2.4169974788567907e-05 0.0046296168925551674
leaf_weight=0.065811259904876351 0.60309690097346891 0.28344096668297414 0.097826415207237338 0.59309596841922019 0.49568803049623944 0.14984860341064665 0.96957726700929914 1.5928465581964699 0.26425519399344921 0.43769385450286691 5.7850959484931082 3.6552773455623546 0.29358991002663959 0.60414188960567117
leaf_count=29 13 10 5 222 660 56 137 68 34 45 5096 839 9 28
internal_value=-0.0024768 -0.0159254 0.0273253 0.00495538 0.0122732 0.0215749 -0.0266714 0.0281798 -0.00943907 -0.0301983 -0.0312491 0.03602 0.0320232 -0.00827712
internal_weight=15.8913 11.2708 4.62046 4.01265 3.41956 2.31973 7.25818 2.03629 0.867352 6.2886 6.22279 3.7531 1.88644 1.09983
internal_count=7251 6360 891 1053 831 143 5307 133 47 5170 5141 844 77 688
is_linear=0
shrinkage=0.05


Tree=118
num_leaves=15
num_cat=0
split_feature=93 128 73 2 35 44 137 80 127 78 127 16 49 7
split_gain=2.38087 1.19815 1.00984 0.615767 0.410555 0.375034 0.347774 0.346573 0.245366 0.202802 0.126754 0.110728 0.102896 0.0814056
threshold=0.011962346732616426 -3.4106051316484804e-13 244.47453308105472 55.451335906982429 744.83331298828136 0.010313056875020267 36.028966903686531 0.91666665673255932 -143.43685150146482 0.65494856238365184 41.939849853515632 0.19235783070325854 0.4304031133651734 30.858586311340336
decision_type=8 10 2 10 10 8 2 2 8 2 8 8 10 10
left_child=2 3 -1 8 12 -6 -3 9 -2 -5 -7 -8 13 -4
right_child=1 6 4 7 5 10 11 -9 -10 -11 -12 -13 -14 -15
leaf_value=-0.036139145926722516 0.0072412171557561513 -0.0066808646282394473 0.0034869780476296402 0.027208216876118321 -0.01414938024713934 0.019014449993263027 -0.0024897610223118352 -0.011037990631516963 -0.026667527800461884 -0.0048922874611627698 -0.0035082486859748388 0.038016366033756792 0.0020226100190456047 -0.024790663369566243
leaf_weight=3.539334668486843 0.22747766971588135 0.19855799060315016 0.034978854469954856 1.2123550085234454 0.65837412065593559 2.1366200182819739 0.052367837983183896 0.47602364793419827 1.3495018315152267 0.28802096378058184 0.43519322382053394 3.564679711824283 0.3364613503217696 1.0731129344785584
leaf_count=4586 11 11 4 159 555 230 80 25 78 41 88 768 2 554
internal_value=-0.00188444 0.0175336 -0.019317 -0.00355043 -0.00245661 0.00736164 0.0338286 0.0126329 -0.0208643 0.0215539 0.0152881 0.0370177 -0.0184417 -0.0226674
internal_weight=15.5831 7.36898 8.21408 3.55338 4.67474 3.23019 3.81561 1.9764 1.57698 1.50038 2.57181 3.61705 1.44455 1.10809
internal_count=7192 1173 6019 314 1433 873 859 225 89 200 318 848 560 558
is_linear=0
shrinkage=0.05


Tree=119
num_leaves=15
num_cat=0
split_feature=18 61 35 106 44 128 53 127 81 137 38 128 4 85
split_gain=2.60871 1.10424 0.956612 0.67462 0.504068 0.297565 0.28924 0.255145 0.234502 0.176749 0.205845 0.125529 0.125417 0.115475
threshold=0.30099447071552282 56.372091293334968 744.83331298828136 263.95033264160162 0.014400608371943237 inf 34.366773605346687 41.939849853515632 0.6041666865348817 89.115234375000014 0.040041644126176841 -634.79415893554676 38.054365158081062 0.00075471162563189875
decision_type=10 2 8 2 8 8 8 10 2 2 10 8 10 2
left_child=1 6 3 12 -4 -2 -1 9 11 10 -6 -5 -3 -8
right_child=5 2 4 8 7 -7 13 -9 -10 -11 -12 -13 -14 -15
leaf_value=0.0015663440242454562 0.037422998274582377 -0.005371944123878385 -0.012912156065104577 0.0017162673786957274 0.034807806472469602 -0.0011859001755821494 -0.034208111878448536 -0.0029040390434399168 0.0061343663632841636 0.00046828552377014193 -0.0028425261884472736 -0.034157387697354234 0.018563624185747262 0.0030394847201961729
leaf_weight=0.58782605757005324 2.9617122056079106 0.2927137975348163 0.64334126509493206 0.16471426410134882 2.0735349786118618 0.50218216003850136 3.6735575700295162 0.67245620087487612 0.13802122208289791 0.58361461956519622 0.24952373595442612 2.0049427577178003 0.56538779987022281 0.055511153768747934
leaf_count=40 766 27 550 88 155 43 3519 68 17 43 14 1759 50 29
internal_value=-7.11145e-05 -0.0116195 0.00078094 -0.0171747 0.014954 0.0328139 -0.0289978 0.0216888 -0.0283162 0.0266653 0.0311253 -0.0317517 0.0119019 -0.0331282
internal_weight=15.169 11.7051 7.38825 3.16578 4.22247 3.46389 4.31689 3.57913 2.30768 2.90667 2.32306 2.16966 0.858102 3.72907
internal_count=7168 6359 2771 1941 830 809 3588 280 1864 212 169 1847 77 3548
is_linear=0
shrinkage=0.05


Tree=120
num_leaves=15
num_cat=0
split_feature=95 5 35 123 44 19 137 53 7 34 118 106 38 33
split_gain=2.66106 0.937142 0.830665 0.693785 0.451306 0.296833 0.24957 0.241587 0.222816 0.235383 0.178826 0.121651 0.109984 0.101164
threshold=0.19231707602739337 245.878044128418 515.28369140625011 -1241.2652587890623 0.010313056875020267 0.23752740025520327 89.115234375000014 21.367526054382328 42.832815170288093 144.61418151855472 0.019727288745343689 263.95033264160162 0.99509802460670482 1344.7073364257815
decision_type=10 10 8 10 8 8 2 8 10 8 2 2 10 8
left_child=1 7 11 10 -4 -5 8 -1 -6 -10 -2 -3 -9 -8
right_child=3 2 4 5 6 -7 13 12 9 -11 -12 -13 -14 -15
leaf_value=0.005691834157362268 -0.017119217450318833 0.0020906382944213923 -0.014247591946890651 -0.0041664154193865521 0.0037666038722278233 0.038895631594258871 0.0073763043815078186 -0.032819000507424624 -0.0019416593927436391 0.038328554105772447 0.0090639735181499946 -0.026745299239287236 0.00033717402997754864 -0.012269928432427253
leaf_weight=0.17616604291833748 0.47369511844590295 0.26935052260523651 0.63359422178473312 0.24112046370282891 1.3701317388331524 3.3107319513801485 0.34177878964692343 4.2933191357296892 0.32545890682376888 1.1372766567510553 0.33793963864445686 1.426742084266152 0.2413074078503995 0.39336510811699554
leaf_count=7 11 21 553 15 106 799 18 4415 99 84 43 946 31 64
internal_value=-0.00135636 -0.0147358 -0.000645377 0.0278543 0.0111117 0.0356992 0.0177481 -0.0291743 0.0230304 0.0322183 -0.00723184 -0.023089 -0.0313125 -0.00414901
internal_weight=14.972 10.6085 5.8977 4.36349 4.20161 3.55185 3.56801 4.71079 2.83287 1.46274 0.811635 1.69609 4.53463 0.735144
internal_count=7212 6344 1891 868 924 814 371 4453 289 183 54 967 4446 82
is_linear=0
shrinkage=0.05


Tree=121
num_leaves=15
num_cat=0
split_feature=18 73 77 128 35 91 110 123 123 127 62 101 72 137
split_gain=1.95049 1.14635 0.600897 0.554033 0.456881 0.33571 0.315286 0.309284 0.176605 0.160354 0.155638 0.129896 0.129557 0.08845
threshold=0.28050974011421209 244.47453308105472 3.1184303225018091e-05 inf 744.83331298828136 0.018619817681610588 211.85807037353518 4.2632564145606017e-14 -386.28730773925776 38.329046249389656 6.6586999893188485 0.78113174438476574 536.44906616210949 94.584484100341811
decision_type=10 2 2 8 8 10 2 8 10 10 2 10 2 2
left_child=1 6 4 5 12 -2 7 10 -5 13 -1 -4 -3 -6
right_child=3 2 11 8 9 -7 -8 -9 -10 -11 -12 -13 -14 -15
leaf_value=0.016567059770295326 0.03653960261666106 0.0039998276961674259 -0.022594249276449957 -0.017083621720485193 0.026123422902577621 -0.0083300131140126073 -0.035750923974022866 -0.020929305296910027 0.0096400575477653336 -0.00097074854985357967 -0.0069786920274440903 0.0047170734214714077 -0.018185457960378459 0.0015863454142451144
leaf_weight=0.66047299635829204 2.7071606099489158 0.61120288923848398 1.3280477112275546 0.4283389892661944 2.164269724045881 0.10171700757928182 3.4109658689703792 0.74374554026871909 0.24786623916588757 0.77734244003659103 0.47632781247375533 0.16568108228966583 0.6165125094121322 0.56885679269907985
leaf_count=52 772 95 709 13 333 15 4644 94 35 72 18 36 196 55
internal_value=-0.00310494 -0.0130647 0.00184883 0.0253973 0.0105386 0.0331543 -0.0281308 -0.00669632 -0.00738078 0.0184958 0.00805237 -0.0188881 -0.0103032 0.0228094
internal_weight=15.0085 11.5234 6.23191 3.48508 4.73818 2.80888 5.29151 1.88055 0.676205 3.51047 1.1368 1.49373 1.22772 2.73313
internal_count=7139 6304 1496 835 751 787 4808 164 48 460 70 745 291 388
is_linear=0
shrinkage=0.05


Tree=122
num_leaves=15
num_cat=0
split_feature=46 25 59 127 2 12 71 127 2 78 97 8 120 125
split_gain=2.20599 0.78741 0.682131 0.581985 0.617737 0.441245 0.43027 0.248114 0.216766 0.199322 0.175203 0.15765 0.103803 0.0815503
threshold=0.16695995628833774 3089.032836914063 111.22542953491212 41.939849853515632 55.451335906982429 0.058537978678941734 529.41552734375011 -17.176360130310055 24.230171203613285 0.2522264569997788 3.1937499898049286e-06 48.54248237609864 166.50000000000003 -146.49999999999997
decision_type=10 10 2 8 10 10 2 10 10 2 8 10 2 2
left_child=1 3 7 4 8 9 -5 -2 -1 10 -6 -12 -13 -4
right_child=2 -3 13 6 5 -7 -8 -9 -10 -11 11 12 -14 -15
leaf_value=0.0089435332502371435 -0.017638306631366115 -0.033637991904558316 -0.0015263947319097268 -0.027920719569935384 -0.0049897758561954471 -0.0097507981159581786 0.0075858446930679342 0.012278876807828184 -0.020070596658092629 -0.0052705069872058113 -0.0017642462692579672 0.035099769818763504 -0.0008376256669085755 0.036709260148436999
leaf_weight=0.23041448649018814 0.60690639517270029 2.503634812834207 0.063941083848477187 2.0964131053769965 0.11478951224126044 0.69525004178285588 0.68523838068358589 0.31354462355375412 1.4524469588650388 0.21127594442805264 0.25613968586549196 1.9703268978046256 0.16632845875574265 2.879401918733492
leaf_count=6 14 3839 7 662 36 94 52 52 1296 187 13 159 24 789
internal_value=-0.00187481 -0.013807 0.0264345 -0.00442635 0.00563727 0.0164446 -0.0194809 -0.0063601 -0.0142452 0.0239638 0.0272273 0.029788 0.0329271 0.0357022
internal_weight=14.2461 10.3823 3.86379 7.87862 5.09697 3.41411 2.78165 0.920451 1.68286 2.71886 2.50758 2.3928 2.13666 2.94334
internal_count=7230 6368 862 2529 1815 513 714 66 1302 419 232 196 183 796
is_linear=0
shrinkage=0.05


Tree=123
num_leaves=15
num_cat=0
split_feature=101 69 127 30 34 124 33 137 34 55 85 24 109 31
split_gain=1.99566 1.14846 0.715362 0.444248 0.423779 0.340183 0.324269 0.314497 0.292613 0.236591 0.208207 0.132471 0.128487 0.103395
threshold=0.19786551594734195 44.582815170288093 49.722415924072273 517.74331665039074 34.366773605346687 -0.22109694778919217 1420.8050537109377 93.849788665771499 57.520128250122077 266.89782714843756 0.00075471162563189875 9.0384616851806658 0.050048781558871276 519.24191284179699
decision_type=8 2 8 10 8 10 10 2 8 8 2 10 2 8
left_child=6 4 7 9 5 -2 10 8 -3 -4 -1 -8 -10 -9
right_child=1 2 3 -5 -6 -7 11 13 12 -11 -12 -13 -14 -15
leaf_value=-0.033610302174051032 -0.013474837140239697 0.00032146139389864167 0.0077961337865552933 0.018696712831868492 -0.021772974023155141 0.018813690679283335 0.0088837868280638426 0.0094409940699650401 0.043992263419409185 -0.023164058503262485 0.00065145834517400661 -0.012006118068197395 -0.0019346640409652598 -0.010778153207609747
leaf_weight=3.0864525056676935 0.45892002730397496 0.46882909757550839 0.3240057245129716 0.68566517758881662 1.7107924839365294 1.0695763636613267 0.79351020866306476 0.29365153308026481 3.0419995597912934 0.92915369261754688 0.4552859182585961 0.31559815985383466 0.073035763343796023 0.23997248720843345
leaf_count=4856 36 96 38 107 414 105 67 76 693 99 109 397 60 13
internal_value=-0.000253713 0.0128665 0.0244055 -0.000969267 -0.00937524 0.00762416 -0.0241134 0.0342085 0.038442 -0.0152519 -0.0300323 6.53999e-05 0.042707 -0.000750677
internal_weight=13.9464 9.2956 6.05631 1.93882 3.23929 1.5285 4.65085 4.11749 3.58386 1.25316 3.54174 1.10911 3.11504 0.533624
internal_count=7166 1737 1182 244 555 141 5429 938 849 137 4965 464 753 89
is_linear=0
shrinkage=0.05


Tree=124
num_leaves=15
num_cat=0
split_feature=65 103 52 4 120 6 33 125 43 113 122 125 95 44
split_gain=1.63532 0.7437 0.736312 0.407439 0.403113 0.35643 0.37087 0.297112 0.202399 0.198114 0.182489 0.147456 0.13577 0.132081
threshold=55.112583160400398 2.5000000000000004 1.3452380895614626 26.375326156616214 -9.4999999999999982 34.357757568359382 1412.8868408203127 -6.4999999999999991 0.96435630321502697 104.11116027832033 -34.626602172851555 -304.49999999999994 0.50983309745788585 0.38364507257938391
decision_type=2 2 8 8 2 10 10 2 10 2 10 2 10 8
left_child=1 3 4 13 -2 8 -7 -4 10 -6 -3 -11 -5 -1
right_child=2 5 7 12 9 6 -8 -9 -10 11 -12 -13 -14 -15
leaf_value=-0.010605263123084333 -0.0065770019982592121 -0.004685292689805708 0.010743721719398081 -0.037179064671325757 -0.0049663876856094512 -0.02560031981726035 0.0072920239828755786 -0.021867686977818199 -0.009305969358491456 -0.0035880579333740469 0.018863276216356268 0.035666724914674638 0.0017769414881810509 0.011518119864130002
leaf_weight=0.25580563340918072 0.43729628645814989 0.67119631590321693 0.39589716942282394 2.9157102904864587 0.097097262740136414 1.2332873010600454 0.81571875349618483 0.72703045757953055 0.56423949185409572 0.070946045219899001 1.9897440777858721 3.2012065702583636 0.14330916572362173 0.48712319770129398
leaf_count=188 30 182 49 2903 1 1191 240 596 570 1 314 786 8 40
internal_value=-0.00275452 -0.0148532 0.0182697 -0.0291007 0.0272751 -0.00158157 -0.0144088 -0.0107253 0.00804926 0.0321685 0.0132661 0.034175 -0.0353659 0.00218639
internal_weight=14.0056 9.07613 4.92947 3.80195 3.80655 5.27419 2.04901 1.12293 3.22518 3.36925 2.66094 3.27215 3.05902 0.742929
internal_count=7099 5636 1463 3139 818 2497 1431 645 1066 788 496 787 2911 228
is_linear=0
shrinkage=0.05


Tree=125
num_leaves=15
num_cat=0
split_feature=65 52 73 53 38 126 128 125 123 120 31 91 93 108
split_gain=1.91909 0.726445 0.694286 0.674457 0.572525 0.37787 0.266739 0.240551 0.201739 0.156483 0.136319 0.127491 0.112307 0.107453
threshold=55.112583160400398 1.2330316901206972 260.99748229980474 34.366773605346687 1.0000000180025095e-35 -633.52023315429676 -1048.762023925781 -120.49999999999999 -751.61132812499989 -185.49999999999997 539.27136230468761 0.2501120418310166 0.3834765106439591 0.029817604459822181
decision_type=2 8 2 8 10 2 10 2 10 2 10 10 10 2
left_child=2 7 3 6 8 -3 -1 -2 -4 -9 -6 12 -5 -10
right_child=1 5 4 11 10 -7 -8 9 13 -11 -12 -13 -14 -15
leaf_value=-0.011851931733275745 -0.0045339972293871713 0.013652125611297776 -0.008292082294304717 -0.035365244770840319 -0.021864025230580453 -0.020732678785198466 0.018084758967958029 -0.0023806896938606062 0.024987389359269811 0.038214853261665814 0.0041290151004173313 -0.0027836868289024615 0.0027588025363233428 0.0034965327060905872
leaf_weight=0.42347223445540294 0.16796372737735543 0.60599333624122664 0.28180886077461798 3.3682515287946453 1.1236095666536128 0.66286658152239375 0.71153952437452772 0.13223879598081145 1.2830471251509155 3.0538671084214011 0.29819526645587746 0.54946536640636612 0.057493408443406113 1.2882217971491625
leaf_count=30 11 108 189 4228 643 541 68 7 72 830 129 31 7 342
internal_value=0.000394935 0.0238979 -0.0123686 -0.0232067 0.00253067 -0.00553161 0.00659569 0.0337447 0.0141236 0.0363637 -0.0169586 -0.0313314 -0.0342466 0.0182143
internal_weight=14.008 4.62293 9.3851 5.11022 4.27488 1.26886 1.13501 3.35407 2.85308 3.18611 1.4218 3.97521 3.42574 2.57127
internal_count=7236 1497 5739 4364 1375 649 98 848 603 837 772 4266 4235 414
is_linear=0
shrinkage=0.05


Tree=126
num_leaves=15
num_cat=0
split_feature=20 27 61 127 128 37 7 69 49 123 46 55 33 6
split_gain=1.78131 0.688811 0.714238 0.95719 0.590041 0.384638 0.213286 0.207536 0.139973 0.136644 0.126758 0.10258 0.0783397 0.0772672
threshold=0.22227869182825091 7185.2922363281259 52.469848632812507 45.228828430175788 -935.87802124023426 0.055749805644154556 44.582815170288093 529.41552734375011 0.25379791855812078 -671.73440551757801 0.040352545678615577 146.26812744140628 1439.4903564453127 10.597628116607668
decision_type=10 8 2 8 10 10 10 2 8 10 10 8 10 10
left_child=1 2 12 5 9 6 -4 11 -7 -2 -6 -5 13 -1
right_child=4 -3 3 7 10 8 -8 -9 -10 -11 -12 -13 -14 -15
leaf_value=0.0026407479510600785 -0.015360948792271845 -0.032101735009405184 0.0041225880250883341 0.0035888217720242456 -0.0015537165474789223 -0.011999285494462353 0.036037195726607317 0.0072405120228524918 0.0088937828581637426 0.0076977486750771599 0.03570357477109122 -0.025615998105094046 0.0023615520788044225 -0.027447227587525193
leaf_weight=0.052497636526820268 0.4739676367607899 2.3412694959260998 1.0412554275826558 0.087021088576875294 0.15770542388782027 0.68896345392568004 1.3862330089614259 0.21158698759973038 0.57111305068247031 0.33135561371455002 2.4318742535542697 1.5021972401009407 0.095317931147292145 1.777600781410001
leaf_count=1 33 3760 60 8 38 317 127 20 18 60 771 438 47 1478
internal_value=-0.00233931 -0.013151 -0.00406225 0.00565512 0.0246509 0.0187976 0.0275445 -0.0183599 -0.00278451 -0.00686475 0.0336339 -0.0232484 -0.0242261 -0.025956
internal_weight=13.15 9.75506 7.41379 5.48837 3.3949 3.68756 2.42749 1.80081 1.26008 0.805323 2.58958 1.58922 1.92542 1.8301
internal_count=7176 6274 2514 988 902 522 187 466 335 93 809 446 1526 1479
is_linear=0
shrinkage=0.05


Tree=127
num_leaves=15
num_cat=0
split_feature=65 93 3 53 9 49 128 137 116 129 137 125 123 93
split_gain=1.72364 0.642723 0.527871 0.540917 0.498763 0.429016 0.285104 0.267742 0.243377 0.193951 0.178668 0.144028 0.132438 0.106048
threshold=55.112583160400398 0.016667738556861881 47.370885848999031 34.366773605346687 0.66501650214195263 0.31882172822952276 1.0000000180025095e-35 89.115234375000014 1.4427098631858828 -0.55527138710021962 46.167200088500984 -304.49999999999994 256.94978332519537 0.29085370898246771
decision_type=2 8 10 8 10 8 8 2 2 8 2 2 8 10
left_child=2 -2 3 6 5 -4 -1 9 -6 -3 -10 -11 -9 -5
right_child=1 7 4 13 8 -7 -8 12 10 11 -12 -13 -14 -15
leaf_value=0.017595261040785359 -0.014618043276958301 -0.0046765453814738176 -0.026278280789418042 -0.033307055250381905 -0.010554356078846541 0.010468759336607628 -0.013827602413720922 0.010828604961700655 -0.0011087292744181969 -0.0034844056612127056 0.023753499076363163 0.035867993896498383 -0.011753677868987152 0.002804679544012964
leaf_weight=0.62470208713784625 0.41125631195609536 0.10306255985051394 1.3714594462944656 3.0003581543278419 0.31761261704377863 0.5387695604003967 0.35414632922038436 0.27417745324783016 0.89337700064061243 0.068943500518799605 1.5171552301326299 3.2985731018707156 0.33042564103379846 0.058576280716806539
leaf_count=69 632 2 1205 3864 238 24 25 73 68 1 216 768 16 8
internal_value=-2.64037e-07 0.0223876 -0.0126943 -0.0239011 -0.000429808 -0.0158781 0.00498394 0.0282666 0.0117446 0.0325009 0.0169158 0.034449 -0.0011466 -0.0320949
internal_weight=13.1626 4.48644 8.67616 4.03778 4.63837 1.91023 0.978848 4.07518 2.72814 3.47058 2.41053 3.36752 0.604603 3.05893
internal_count=7209 1492 5717 3966 1751 1229 94 860 522 771 284 769 89 3872
is_linear=0
shrinkage=0.05


Tree=128
num_leaves=15
num_cat=0
split_feature=65 73 94 127 35 38 122 129 35 123 7 20 119 93
split_gain=1.55912 0.751363 0.607505 0.552622 0.540763 0.500346 0.30556 0.244907 0.151933 0.135861 0.088568 0.0747193 0.0679317 0.0605961
threshold=55.112583160400398 260.99748229980474 0.028908645734190944 68.055557250976577 34.366773605346687 1.0000000180025095e-35 3.4106051316484814e-13 -0.36952808499336237 515.28369140625011 -214.62625885009763 39.930795669555671 2.0082499759155329e-05 0.16636071354150775 0.3834765106439591
decision_type=2 2 8 8 8 8 8 10 10 8 10 10 2 10
left_child=1 4 -2 12 7 8 -5 -1 -3 -7 -10 -12 -4 -6
right_child=2 5 3 6 13 9 -8 -9 10 -11 11 -13 -14 -15
leaf_value=-0.01423061232666443 -0.014833053272875239 -0.0058030246113489579 0.037606519257012895 0.014604314758058935 -0.034898746218811977 0.0052974163390616643 -0.016262498511937975 0.013666989417797482 0.003808249885750905 -0.021014519248755133 -0.0027735894212712669 0.025535285435789309 0.0010145742205486692 0.0015542978759836208
leaf_weight=0.40871488870470785 0.41975208805524822 0.44647810532478649 2.4951720125973229 0.57813281961716734 3.1830807484511756 0.19408490823116153 0.63764614122919738 0.80120097546023117 1.4615601319819691 1.1889214190305208 0.058675990323535876 0.99719495628960431 0.19022255903109897 0.031861336668953189
leaf_count=49 625 182 657 102 4183 52 35 123 127 698 73 181 72 6
internal_value=-0.00159204 -0.0133488 0.0202981 0.0263333 -0.0257722 0.00175229 -0.00161779 0.00206801 0.0123724 -0.0166485 0.0163292 0.0233782 0.0359931 -0.0342544
internal_weight=13.0927 8.77177 4.32093 3.90117 4.42486 4.34692 1.21578 1.20992 2.96391 1.38301 2.51743 1.05587 2.68539 3.21494
internal_count=7165 5674 1491 866 4361 1313 137 172 563 750 381 254 729 4189
is_linear=0
shrinkage=0.05


Tree=129
num_leaves=15
num_cat=0
split_feature=17 73 123 82 34 108 124 128 78 118 124 8 127 93
split_gain=1.56137 0.750062 0.510281 0.457971 0.287957 0.275968 0.220914 0.199224 0.186423 0.148026 0.126456 0.123467 0.100989 0.0768951
threshold=0.00088158855214715015 244.47453308105472 -1241.2652587890623 1.8404835827823266e-05 123.90549850463869 3.4695249269134372e-05 0.20322173833847049 -484.29939270019526 0.2522264569997788 0.019727288745343689 0.20322173833847049 46.665632247924812 -44.666765213012688 0.3834765106439591
decision_type=8 2 10 2 10 2 10 8 2 2 8 8 8 10
left_child=2 7 9 4 6 10 -3 -2 11 -1 -4 -6 -5 -9
right_child=1 3 5 12 8 -7 -8 13 -10 -11 -12 -13 -14 -15
leaf_value=-0.016713550261518488 0.0025749591150824006 -0.016399462951560924 0.035447418623352642 0.0031260525491201493 -0.00040219008717977888 -0.0065805658682264942 0.0098673618027181904 -0.030954210774145754 -0.0064534492988423554 0.0082454828999582556 -0.002442426476263419 0.024503245468473996 -0.022931849485593604 0.0022439612974960821
leaf_weight=0.43121098433039184 0.34963069559307769 0.96533617691602536 2.3580802015494542 0.1891750592039898 0.5701426147134051 0.15449788694968436 0.50313135178294033 3.7108541755878837 0.32470333157107223 0.23339313053293154 0.10360106453299645 1.7174864771077407 1.038891125062946 0.046547110192477592
leaf_count=124 78 416 773 48 45 254 12 4445 65 63 7 273 538 12
internal_value=-0.00350706 -0.0137316 0.0221903 -0.000480245 0.00787441 0.0300711 -0.00704831 -0.0274126 0.0158919 -0.00826064 0.0336079 0.0200618 -0.0193164 -0.0301577
internal_weight=12.6967 9.4159 3.28078 5.30887 4.0808 2.61618 1.46847 4.10703 2.61233 0.664604 2.46168 2.28763 1.22807 3.7574
internal_count=7153 5932 1221 1397 811 1034 428 4535 383 187 780 318 586 4457
is_linear=0
shrinkage=0.05


Tree=130
num_leaves=15
num_cat=0
split_feature=48 25 127 61 71 53 17 63 35 137 78 31 69 39
split_gain=1.33673 0.773183 0.650698 0.530432 0.382666 0.254215 0.237064 0.219547 0.149043 0.13916 0.125112 0.117723 0.0563898 0.0554322
threshold=0.38689675927162176 3089.032836914063 49.722415924072273 54.919898986816413 529.41552734375011 34.366773605346687 0.018800960853695873 93.940536499023452 744.83331298828136 94.584484100341811 0.33277963101863867 234.74912261962893 70.979183197021499 0.99509802460670482
decision_type=10 10 8 2 2 8 10 2 10 2 2 10 2 10
left_child=1 2 3 5 13 -1 -2 9 -9 10 -5 -7 -6 -4
right_child=6 -3 4 7 12 11 -8 8 -10 -11 -12 -13 -14 -15
leaf_value=0.0093163288073656175 0.032685357998725031 -0.030542296829736644 -0.027019463156958131 0.032185913446765559 -0.003766168522648427 -0.023183257671601464 -0.0038048043775714005 -0.011819161365040826 0.0087933213112656918 -0.0029206521046712813 0.00035515738650310148 0.0032325999876844044 0.013351482110559401 0.0019356899720697478
leaf_weight=0.48082497715949801 1.8649756351951521 1.990275079908314 1.9479689873405734 1.5502158581221013 0.20868607837473963 1.0688477846560998 0.2987752582412212 0.33733867463888589 1.6423227885388767 0.20949280471540976 0.3768288027786183 0.2525444646307734 0.33322725421749055 0.039870006497949251
leaf_count=25 705 3803 641 202 28 1089 38 129 83 33 180 208 30 6
internal_value=-0.000784554 -0.00868762 -0.000851271 0.00814468 -0.0182424 -0.0107478 0.0280367 0.0169005 0.00249309 0.025199 0.0282093 -0.0189169 0.00859221 -0.0259852
internal_weight=12.6022 10.4384 8.44817 5.91842 2.52975 1.80222 2.16375 4.1162 1.97966 2.13654 1.92704 1.32139 0.541913 1.98784
internal_count=7200 6457 2654 1949 705 1322 743 627 212 415 382 1297 58 647
is_linear=0
shrinkage=0.05


Tree=131
num_leaves=15
num_cat=0
split_feature=52 123 120 116 78 127 1 17 49 116 19 62 99 18
split_gain=1.21688 0.742413 0.587364 0.567912 0.353634 0.296699 0.287999 0.156606 0.133538 0.13286 0.107252 0.0952524 0.0849793 0.0843443
threshold=12.038461685180666 -1241.2652587890623 -8.4999999999999982 1.9175469279289248 0.27411873638629919 19.976470947265629 77.535808563232436 0.014192407950758936 2.7354999474482615e-06 1.6071713566780093 0.19620516151189807 286.75599670410162 0.036058140918612487 0.51094514131546032
decision_type=8 10 2 2 2 8 2 8 8 2 8 2 8 10
left_child=1 9 5 4 8 11 -2 -6 -4 13 -10 -3 -12 -1
right_child=6 2 3 -5 7 -7 -8 -9 10 -11 12 -13 -14 -15
leaf_value=-0.025144773514723974 0.00650355709642381 -0.0027827306519637375 -0.0033253141423327847 -0.0050506880550444918 0.010344584451984632 -0.018564943307846912 -0.030218756916322184 -0.01420560033928457 0.0002482629480094946 0.0029274063907247416 0.0002607819261794603 0.016073208502648258 0.037742929624550788 0.0031651537580537938
leaf_weight=1.114104021573439 0.260306141455659 0.79126130254007854 0.070476368535308587 1.3243847739649934 0.33862573676742602 1.0997574785433246 2.6260774533147924 0.29196515117655508 0.23109545133775133 0.38224119335063722 0.17147336713969741 0.44087201482034288 3.13024602556834 0.066583914449438342
leaf_count=332 21 423 9 808 167 211 4055 73 72 87 9 85 770 10
internal_value=-0.00234108 0.00671096 0.0130354 0.020843 0.0283601 -0.00624481 -0.0260857 -0.00276318 0.0332238 -0.0178454 0.0345257 0.00814236 0.0363095 -0.0228289
internal_weight=12.3395 9.45309 7.89016 5.55827 4.23388 2.33189 2.88638 0.630591 3.60329 1.56293 3.53281 1.23213 3.30172 1.18069
internal_count=7132 3056 2627 1908 1100 719 4076 240 860 429 851 508 779 342
is_linear=0
shrinkage=0.05


Tree=132
num_leaves=15
num_cat=0
split_feature=17 73 116 81 123 99 5 53 123 8 49 31 115 72
split_gain=1.17492 0.688357 0.687698 0.306514 0.246285 0.220938 0.149377 0.138466 0.103766 0.103451 0.101761 0.0857785 0.0836897 0.0752665
threshold=0.00088158855214715015 999.26354980468761 0.78227055072784435 0.02649122849106789 -15.659729957580565 0.1491062864661217 524.08663940429699 1511.7442626953127 -460.71350097656244 11.143082618713381 3.2110000347529426e-06 10.286544322967531 0.1488420367240906 133.97103118896487
decision_type=8 2 2 2 8 8 10 8 10 8 8 10 2 2
left_child=2 3 8 4 13 12 -5 -4 -1 -6 -7 -10 -3 -2
right_child=1 5 7 6 9 10 -8 -9 11 -11 -12 -13 -14 -15
leaf_value=-0.016873796567065221 0.0049684415208683446 0.0025887180845862645 0.033578231712685737 0.010104023082056076 0.0028688356888587059 -0.0044976296974052867 -0.011708348168651898 -0.0035505264565058067 0.011203961918799379 -0.032151821095231556 0.02141260689635328 -0.0077447598120510752 -0.013348040548661037 -0.0101672864912717
leaf_weight=0.45932810983504169 0.58311229903483752 1.4470643686945552 2.010817111236975 0.86816687323152997 0.057978032156825399 0.097711445298045541 0.36114966176683083 0.078852250997442641 0.33304797398159225 3.5709348535747267 0.95814980613067757 0.16918071656255051 0.36328080756356929 1.0917998281365724
leaf_count=161 77 269 766 67 2 11 110 127 42 4348 99 133 352 601
internal_value=-0.00377224 -0.0124298 0.0193826 -0.020495 -0.024958 0.00649981 0.00131843 0.0314815 -0.00955568 -0.0310934 0.0179934 0.00391445 -0.00422096 -0.00501038
internal_weight=12.4506 9.39935 3.05123 6.53314 5.30383 2.86621 1.22932 2.08967 0.961557 3.62891 1.05586 0.502229 1.81035 1.67491
internal_count=7165 5936 1229 5205 5028 731 177 893 336 4350 110 175 621 678
is_linear=0
shrinkage=0.05


Tree=133
num_leaves=15
num_cat=0
split_feature=65 73 53 94 77 122 127 128 123 117 32 17 31 20
split_gain=1.17881 0.626193 0.467152 0.465234 0.417369 0.382192 0.299367 0.224448 0.164711 0.134875 0.113299 0.111067 0.090201 0.089867
threshold=55.112583160400398 260.99748229980474 34.366773605346687 0.028908645734190944 1.0000000180025095e-35 51.35142898559571 56.533485412597663 -1189.5770263671873 -751.61132812499989 1.7500000000000002 512.32366943359386 0.018800960853695873 599.19329833984386 2.0082499759155329e-05
decision_type=2 2 8 8 2 8 8 10 10 2 10 10 10 10
left_child=1 2 7 -2 8 11 9 -1 -3 -7 -8 -5 -6 -10
right_child=3 4 -4 5 12 6 10 -9 13 -11 -12 -13 -14 -15
leaf_value=-0.012496228348733332 -0.013832168879588731 -0.0080740205342958084 -0.032913140772708398 0.034432824062378881 -0.019975210922763366 -0.0059980647717504318 -0.018945642794083551 0.015304941705187503 -0.0048274630605862449 0.021100255247779826 0.0049227926834094146 -0.0018504938366038959 0.0043404699141551314 0.016846116694578965
leaf_weight=0.39736786583671346 0.3806648020108695 0.32395888742757994 2.8816291365365032 2.0572202781913806 1.012999524886254 0.13752291060518496 0.58652944350615144 0.54977729194797609 0.11433323091478165 0.65030244970694184 0.23346587223932147 0.12080286629497994 0.090702025045174994 2.4455073537537828
leaf_count=31 629 187 4245 697 661 6 28 65 156 109 7 16 63 286
internal_value=-0.00207124 -0.0130441 -0.0251615 0.0170541 0.00130294 0.022401 0.00153889 0.00321364 0.0108075 0.0156609 -0.013179 0.0324713 -0.0168636 0.0147939
internal_weight=11.9828 7.81628 3.82877 4.16651 3.9875 3.78584 1.60782 0.947145 2.8838 0.787825 0.819995 2.17802 1.1037 2.55984
internal_count=7186 5694 4341 1492 1353 863 150 96 629 115 35 713 724 442
is_linear=0
shrinkage=0.05


Tree=134
num_leaves=15
num_cat=0
split_feature=25 127 7 71 133 32 67 50 134 31 30 46 78 122
split_gain=1.18339 1.16742 0.541913 0.503722 0.229224 0.25829 0.20191 0.191506 0.160244 0.118303 0.100564 0.095101 0.0929479 0.0687855
threshold=3089.032836914063 41.939849853515632 44.582815170288093 529.41552734375011 0.99621212482452404 32.575269699096687 34.357757568359382 0.036261307075619705 0.96897748112678539 618.17575073242199 1343.0368652343752 0.70395550131797802 0.28653530776500707 -122.53968048095702
decision_type=8 8 10 2 2 8 2 8 2 8 8 10 2 8
left_child=1 2 6 11 5 -4 8 -7 10 12 -1 13 -6 -3
right_child=-2 3 4 -5 9 7 -8 -9 -10 -11 -12 -13 -14 -15
leaf_value=0.018186140142416551 -0.030025251531399851 0.00087908466660967992 -0.0059066321240209864 0.010857941470732515 0.014727942857356183 -0.0020352339101256888 -0.013243613282145766 0.038233172887938455 -0.0090307738274288153 -0.010347952781941316 -0.00089044394052923857 0.0031279779436733201 -0.006590702506932747 -0.029283166907976894
leaf_weight=1.1921541397459798 1.9247254641377374 0.1405701375042554 0.13342280322103772 0.6460940729593857 0.66505836675059971 0.21580854253261472 0.80680501903407265 2.5015102624893188 0.39794947483460408 0.23018436442362145 0.8783397823863196 0.066296364180743583 0.072306136600673199 2.0632211903284783
leaf_count=146 3861 31 136 101 215 164 519 752 285 12 265 16 52 634
internal_value=-0.00187358 0.00577507 0.0161946 -0.0172335 0.0268623 0.0323846 0.000383855 0.0353479 0.0073721 0.00240184 0.0124391 -0.0261041 0.0100472 -0.0276854
internal_weight=11.9344 10.0097 7.09354 2.91618 3.81829 2.85074 3.27525 2.71732 2.46844 0.967549 2.07049 2.27009 0.737365 2.20379
internal_count=7189 3328 2546 782 1331 1052 1215 916 696 279 411 681 267 665
is_linear=0
shrinkage=0.05


Tree=135
num_leaves=15
num_cat=0
split_feature=25 61 127 53 71 63 27 78 124 119 68 77 37 91
split_gain=1.09281 0.718128 0.500709 0.365405 0.349707 0.293073 0.199614 0.198303 0.112659 0.0903579 0.0892453 0.0761403 0.0729956 0.0725461
threshold=1432.9322509765627 52.469848632812507 38.329046249389656 30.832298278808597 529.41552734375011 93.940536499023452 142.45454406738284 0.33277963101863867 -0.26599924266338343 0.11848421394824983 716.36627197265636 0.014709906652569773 0.71498599648475658 0.018619817681610588
decision_type=10 2 8 8 2 2 8 2 10 2 2 2 10 10
left_child=1 3 5 8 6 7 -4 -3 -1 11 -7 -5 -8 -9
right_child=-2 2 4 9 -6 10 12 13 -10 -11 -12 -13 -14 -15
leaf_value=-0.0064668921278912134 -0.027092423924171879 0.033747139917459722 0.0081592082938382188 -0.026792013168438041 0.013790523539399311 -0.0084471719442257651 -0.021909209946400207 0.008872927438483778 0.016252230701380689 -0.00015687382458737635 0.0079414461854781376 0.0030736615102393895 0.0033577184877720996 -0.0080273561865196671
leaf_weight=0.19554073823383078 2.2015337055490827 2.5039520178979733 0.23881823697593074 1.4955177897063547 0.90176170750055451 0.31638716341694806 1.3787020905583629 0.24751346660195839 0.47355888923629974 0.43174092681147147 1.4415240125381386 0.024621241085696854 0.051753356441622711 0.29494990382227115
leaf_count=11 4146 713 25 902 99 106 365 130 53 379 66 36 14 122
internal_value=-0.00147852 0.0061133 0.0137238 -0.0131782 -0.00343036 0.0219133 -0.0144145 0.0293896 0.00971613 -0.0216591 0.00299846 -0.0252806 -0.0199897 0.00043701
internal_weight=12.1979 9.99634 7.37536 2.62098 2.57104 4.80433 1.66927 3.04642 0.6691 1.95188 1.75791 1.52014 1.43046 0.542463
internal_count=7167 3021 1640 1381 503 1137 404 965 64 1317 172 938 379 252
is_linear=0
shrinkage=0.05


Tree=136
num_leaves=15
num_cat=0
split_feature=18 73 60 110 7 69 91 123 123 72 37 46 128 32
split_gain=0.944723 0.526456 0.442749 0.4149 0.397094 0.361593 0.326557 0.308552 0.217639 0.249406 0.126619 0.105175 0.0650393 0.0635595
threshold=0.30099447071552282 244.47453308105472 1002.6644897460939 211.85807037353518 55.342868804931648 44.582815170288093 0.018619817681610588 inf -214.62625885009763 524.08663940429699 0.055749805644154556 0.26147530972957617 -484.29939270019526 38.054365158081062
decision_type=10 2 2 2 10 2 10 8 8 2 10 8 8 10
left_child=1 3 8 4 11 -4 7 -2 -3 -10 -7 -1 -13 -9
right_child=6 2 5 -5 -6 10 -8 13 9 -11 -12 12 -14 -15
leaf_value=0.0044214737518173093 0.031994830346274199 0.0051135813014903993 -0.0027019152883057296 -0.031462871545495458 0.018408147790084175 0.03034742518550675 -0.011421424688457291 -0.011038148639239928 0.0059804649652228856 -0.02640086674536456 -0.0032013779502551736 0.0019925479924731357 -0.02233445298338356 0.0060203961640518441
leaf_weight=0.20035689527867151 1.771402909653262 0.83998386163148098 1.7592657801287717 2.4038578245381359 0.58647531975293521 0.94215278088813625 0.12811440229415882 0.26071514678187746 0.379521643451881 1.2700755113619377 0.12250510902958922 0.1455043638125062 0.71085929305991169 0.13578906375914812
leaf_count=38 749 61 430 4654 55 242 12 11 121 529 130 5 76 33
internal_value=-0.00270112 -0.00993139 0.000889775 -0.0215001 -0.000536175 0.0125239 0.0208457 0.025756 -0.012114 -0.0195055 0.0268063 -0.0148884 -0.0193543 -0.00506841
internal_weight=11.6566 9.36056 5.3135 4.04705 1.6432 2.82392 2.29602 2.16791 2.48958 1.6496 1.06466 1.05672 0.856364 0.396504
internal_count=7146 6341 1513 4828 174 802 805 793 711 650 372 119 81 44
is_linear=0
shrinkage=0.05


Tree=137
num_leaves=15
num_cat=0
split_feature=25 123 120 46 31 4 31 74 127 78 20 99 73 122
split_gain=1.04383 0.837277 0.534007 0.375336 0.245567 0.181983 0.166103 0.172856 0.165269 0.145813 0.10359 0.091373 0.083121 0.0617893
threshold=3089.032836914063 -1241.2652587890623 -6.4999999999999991 0.0095157762989401835 286.14962768554693 54.880825042724616 217.11323547363284 0.66720432043075573 1.0000000180025095e-35 0.99509802460670482 0.24063413590192798 0.20263122767210009 518.31402587890636 104.12683105468751
decision_type=10 10 2 8 10 10 10 2 8 2 10 8 2 10
left_child=1 5 4 6 10 13 -4 -8 -7 11 12 -5 -3 -1
right_child=-2 2 3 9 -6 8 7 -9 -10 -11 -12 -13 -14 -15
leaf_value=-0.025282904688020635 -0.02827750022465363 -0.021957078370959081 -0.0068923042151652729 3.1004021635406408e-05 0.011678710212398835 0.013687874091563277 -0.0070302458828240006 0.019657078116214782 -0.011182032260626846 0.00023029088492657943 0.0052097805529531032 0.035844971523970363 -0.00022221178493282129 0.0026452959088570449
leaf_weight=1.2692503970174582 1.6700589325337212 0.862607700400986 1.177486271335509 0.18957412033341903 0.65334459551377211 0.37415130739100266 0.28919796389527597 0.89370049265562557 0.32185526395915076 0.3654282884672283 0.1874581929296254 2.4641725359251723 0.60291068145306781 0.023697795841144287
leaf_count=538 3819 715 746 6 143 43 36 199 30 116 35 742 23 4
internal_value=-0.000341851 0.00667762 0.0140365 0.0215811 -0.00476611 -0.0169414 0.00391424 0.0129008 0.0023751 0.0309826 -0.0132181 0.0339953 -0.0167322 -0.0238406
internal_weight=11.3449 9.67484 7.68588 5.37956 2.30632 1.98895 2.36038 1.1829 0.696007 3.01917 1.65298 2.65375 1.46552 1.29295
internal_count=7195 3376 2761 1845 916 615 981 235 73 864 773 748 738 542
is_linear=0
shrinkage=0.05


Tree=138
num_leaves=15
num_cat=0
split_feature=25 69 80 11 123 5 49 18 3 55 30 76 123 2
split_gain=1.07216 0.818455 0.492834 0.278799 0.274024 0.213671 0.185452 0.156695 0.20145 0.153495 0.116427 0.0930212 0.0904438 0.0924855
threshold=2339.964965820313 44.582815170288093 0.033491062000393874 0.28694936633110052 63.430786132812507 524.08663940429699 1.612750020285603e-05 0.18371187895536426 53.384300231933601 281.71716308593756 517.74331665039074 0.14121989160776141 -1241.2652587890623 55.111219406127937
decision_type=10 2 2 10 8 10 8 10 10 8 10 2 8 8
left_child=1 4 3 6 7 11 -3 8 -1 -5 -7 -4 -8 -14
right_child=-2 2 5 9 -6 10 12 -9 -10 -11 -12 -13 13 -15
leaf_value=-0.016088807799560949 -0.027345565502432868 -0.0040760505660911491 0.014828537610723839 0.011278160262912156 -0.021606427515143054 -0.020157606014865218 -0.0021592202239019242 0.015120506115237209 0.0048990301430867885 -0.012635500356816523 0.0054516999038342773 -0.0060806929761400659 -0.00059596500837489534 0.036597476822342781
leaf_weight=0.94582738258759391 1.7598056237911812 0.12929376776446666 0.63777163426857419 0.3498209599929395 1.1089345410582607 0.60772371268831193 0.053219479043036699 0.42413711338303972 1.9743362797889856 0.33875674905721098 0.13159392675152048 0.13872047304175794 0.1415752073517077 2.8482959158718586
leaf_count=910 3918 77 116 167 341 103 4 70 112 265 53 33 231 716
internal_value=0.000514291 0.00756632 0.0192434 0.0270704 -0.00747585 -0.00352857 0.0319435 0.00110466 -0.00426887 -0.00100224 -0.0150857 0.00977294 0.0341035 0.0351283
internal_weight=11.5898 9.83001 5.37677 3.86096 4.45324 1.51581 3.17238 3.3443 2.92016 0.688578 0.739318 0.776492 3.04309 2.98987
internal_count=7116 3198 1765 1460 1433 305 1028 1092 1022 432 156 149 951 947
is_linear=0
shrinkage=0.05


Tree=139
num_leaves=15
num_cat=0
split_feature=25 124 120 101 127 116 78 31 62 62 27 97 93 115
split_gain=0.922846 0.745411 0.680985 0.306287 0.173909 0.172682 0.155887 0.127711 0.112881 0.111697 0.10415 0.100715 0.0854621 0.0760675
threshold=3089.032836914063 -0.074561335146427141 -4.4999999999999991 0.19786551594734195 19.976470947265629 1.313369154930115 0.12143295258283617 286.14962768554693 198.34021759033206 3.4106051316484814e-13 81.431587219238295 3.4437499607520299e-06 0.57368382811546337 0.033172955736517913
decision_type=8 10 2 8 8 2 2 10 2 2 10 8 10 2
left_child=1 5 4 8 7 12 11 10 -4 -7 -3 -5 -1 -13
right_child=-2 2 3 6 -6 9 -8 -9 -10 -11 -12 13 -14 -15
leaf_value=-0.025472250070402214 -0.028209208343884976 0.0075179822139076384 -0.011689804737705752 -0.0027487927710853951 -0.014735763453233477 0.01156807539364603 -4.9060480362409539e-05 0.013926421830298616 0.0079168146091819248 -0.0079795392841161793 -0.010891602691920023 -0.00055368946144752245 0.0028672520215524389 0.033708480505791304
leaf_weight=1.2854147470789032 1.6531278070760898 0.39235648955218472 0.33633894470403713 0.057856112922309744 1.2403598401579077 0.30610984499799077 0.43690403291839164 0.65082899411208917 0.6437596857722383 0.66663107430213131 0.94709415372926742 0.13563702901592511 0.089173680869862326 2.9078272106708027
leaf_count=485 3802 25 485 35 247 84 147 74 182 211 621 87 19 720
internal_value=-0.00183342 0.00463827 0.0119727 0.0227445 -0.00490766 -0.0159176 0.0282313 0.0040969 -0.00131721 0.000917621 -0.00459051 0.0312559 -0.0232005 0.0324222
internal_weight=11.7494 10.0963 7.74896 4.51832 3.23064 2.34733 3.53822 1.99028 0.980099 0.972741 1.33945 3.10132 1.37459 3.04346
internal_count=7224 3422 2623 1656 967 799 989 720 667 295 646 842 504 807
is_linear=0
shrinkage=0.05


Tree=140
num_leaves=15
num_cat=0
split_feature=20 73 80 36 72 65 5 94 45 70 69 39 45 77
split_gain=0.914881 0.64141 0.346081 0.22572 0.275845 0.218503 0.244101 0.184683 0.179639 0.12602 0.114571 0.0890761 0.0842045 0.0821158
threshold=0.38328719139099127 244.47453308105472 4.8645926653989597e-05 1413.7432861328127 524.08663940429699 55.112583160400398 133.83280181884768 0.00010697385005187245 0.03718631528317929 24.230171203613285 38.665632247924812 0.33974359929561621 0.043481415137648589 0.0099305748008191603
decision_type=10 2 2 10 2 2 8 8 8 2 2 8 10 2
left_child=1 5 7 4 -4 9 -7 -3 -2 -1 -9 -10 -5 -11
right_child=8 2 3 12 -6 6 -8 10 11 13 -12 -13 -14 -15
leaf_value=0.0016803644144376081 0.029589687366439434 -0.0069413344128249847 0.0064918213919115206 -0.0047936346524298451 -0.024095214193978615 0.014298271808749706 -0.014665811754759306 0.0026632029122920136 0.0080701507952634696 -0.031173862810232461 0.02551258338237521 -0.011704018680143537 0.012609985328244916 -0.0024960389205100813
leaf_weight=0.26928908549598318 1.4388072505826135 0.33650473933084901 0.58236751760705407 0.47595132657443151 1.2276562148472292 0.51689932332374144 0.39877785643329844 1.0829487108567266 0.1891183767002077 2.2706260402337652 1.1638405762205364 0.13549849588889629 0.7299438584013842 0.47058898810064409
leaf_count=13 708 212 45 221 702 183 470 51 44 3548 228 18 68 703
internal_value=-0.000898349 -0.00755408 0.00345668 -0.0071376 -0.0154459 -0.0207709 0.000613269 0.0143654 0.0247772 -0.0258062 0.0187116 -0.00278838 0.00668182 -0.0282338
internal_weight=11.2888 9.52539 5.59921 3.01592 1.81002 3.92618 0.915677 2.58329 1.76342 3.0105 2.24679 0.324617 1.2059 2.74122
internal_count=7214 6444 1527 1036 747 4917 653 491 770 4264 279 62 289 4251
is_linear=0
shrinkage=0.05


Tree=141
num_leaves=15
num_cat=0
split_feature=25 127 69 69 67 34 133 134 44 50 126 128 93 30
split_gain=0.826567 0.70008 0.440957 0.438974 0.222635 0.16975 0.209115 0.15371 0.11534 0.107014 0.102315 0.0991501 0.0951551 0.0881469
threshold=3089.032836914063 41.939849853515632 513.63632202148449 44.582815170288093 34.357757568359382 59.665632247924812 0.99621212482452404 0.96897748112678539 0.013126749545335771 0.61453440785408031 -144731.69531249997 1.0000000180025095e-35 0.64170813560485851 1396.5134277343752
decision_type=10 8 2 2 2 8 2 2 8 8 2 8 10 10
left_child=1 3 10 4 7 -5 8 11 -7 -8 -3 -1 13 -12
right_child=-2 2 -4 5 -6 6 9 -9 -10 -11 12 -13 -14 -15
leaf_value=0.017188229278455782 -0.026631852273818382 0.0038419239991944638 0.013886879009600514 -0.00057519936133640869 -0.015080768979296331 -0.0019996984972520857 0.010923433166248655 -0.0087209931971534704 0.036104635224410923 -0.0092390076045767728 -0.027560443223096795 -0.0017175223176655444 0.0036177439626812816 -0.0010127847921903696
leaf_weight=1.3637143659288977 1.5126577264745726 0.1201121844933376 0.50522435037419189 0.53416576943709548 0.65708473735139694 0.10461290649254884 0.29049202741589386 0.42535079369554285 1.8967995448329018 0.34928044863045216 1.7523719381424605 0.74461458457517538 0.077232120558619388 0.44132897001691151
leaf_count=245 3827 26 87 194 505 166 184 282 712 70 624 179 16 26
internal_value=-0.0010014 0.00537158 -0.0123741 0.0140289 5.03639e-05 0.024699 0.0285648 0.00713171 0.0341103 0.000994401 -0.0203819 0.0121067 -0.0224459 -0.024209
internal_weight=10.775 9.26238 2.89627 6.36612 3.19076 3.17535 2.64118 2.53368 2.00141 0.639772 2.39105 2.10833 2.27093 2.1937
internal_count=7143 3316 779 2537 1211 1326 1132 706 878 254 692 424 666 650
is_linear=0
shrinkage=0.05


Tree=142
num_leaves=15
num_cat=0
split_feature=17 116 35 61 106 124 94 52 137 137 122 11 124 118
split_gain=0.746089 0.55798 0.378085 0.434643 0.25023 0.209742 0.172045 0.145188 0.127596 0.135397 0.107599 0.0977986 0.0941538 0.0925
threshold=0.00088158855214715015 0.67885988950729381 515.28369140625011 56.86970520019532 257.30628204345709 -0.17267934978008267 0.00049945060163736354 1.0500000119209292 89.115234375000014 46.167200088500984 -169.35871124267575 0.2522264569997788 0.032427094876766212 0.039606787264347083
decision_type=8 2 8 2 2 10 8 8 2 2 8 10 10 2
left_child=1 10 4 -4 5 -2 -5 -3 9 -8 -1 13 -7 -11
right_child=2 7 3 6 -6 12 8 -9 -10 11 -12 -13 -14 -15
leaf_value=0.0065596003740091618 -0.016329121060158415 0.031460840602890103 -0.017659453366367511 -0.0062057406468278078 -0.029411579605596472 0.015364429965214249 0.00076166617090004827 -0.0040317472022350382 -0.0035546396100303145 0.02944011221066737 -0.01573486204669821 -0.0034287368598801896 -0.0037537531224521611 -0.00037116284585064562
leaf_weight=0.15218095254385844 0.48299345414852712 1.672763215610757 1.4241056541213772 0.93152687692781944 1.7748956984432878 0.52342690448858709 1.0020575477683458 0.088664729351876415 0.58183284828555759 1.0611680012661961 0.6134160140936723 0.081251940573565551 0.57098867080640048 0.26959176774835203
leaf_count=12 55 783 2887 517 2084 69 87 134 39 101 288 49 28 42
internal_value=-0.00235812 0.0175414 -0.00934795 -0.000376353 -0.0202928 -0.00260203 0.00820265 0.0288612 0.0131146 0.0169965 -0.010098 0.0234255 0.00836008 0.0258327
internal_weight=11.2309 2.52702 8.70384 5.35153 3.3523 1.57741 3.92743 1.76143 2.9959 2.41407 0.765597 1.41201 1.09442 1.33076
internal_count=7175 1217 5958 3722 2236 152 835 917 318 279 300 192 97 143
is_linear=0
shrinkage=0.05


Tree=143
num_leaves=15
num_cat=0
split_feature=99 71 127 34 73 64 55 63 78 34 91 124 90 119
split_gain=0.787741 0.564842 0.423809 0.247998 0.223075 0.222935 0.184692 0.147703 0.150287 0.119605 0.10445 0.0982782 0.0914376 0.0778787
threshold=0.035045407712459571 48.54248237609864 49.722415924072273 30.832298278808597 999.26354980468761 32.575269699096687 263.81907653808599 535.14544677734386 0.2522264569997788 1439.4903564453127 0.035788981243968017 -0.22109694778919217 0.035281129181385047 0.051952917128801353
decision_type=8 2 8 8 2 2 8 2 2 10 10 10 10 2
left_child=10 3 5 11 6 -3 -4 8 13 -5 -1 -2 -10 -7
right_child=1 2 4 9 -6 7 -8 -9 12 -11 -12 -13 -14 -15
leaf_value=-0.026182237471780181 -0.0064652021521062883 -0.0062705163110893906 0.0076603010690378757 -0.023253845371757634 0.010103503592775204 0.00085730124208047034 -0.020564872019168703 -0.0045736173743252152 0.0087061196763078882 0.00087832248589053111 0.00010722563042686019 0.014701629486915085 -0.011164469928176775 0.031165223630232469
leaf_weight=1.6688948208466166 0.17404553643427789 0.25004049786366556 0.22812731590238366 1.2389279094932133 0.83761356960167166 0.28480619657784823 0.89212855303776462 0.12028159011970263 0.20996538852341462 0.57470911077689368 0.43065317618311372 0.43091897346312213 0.12211755971657112 2.9667810045357328
leaf_count=4266 13 161 47 783 159 4 208 71 99 28 129 80 95 1024
internal_value=-0.000710799 0.00660201 0.0142992 -0.0108916 -0.00369767 0.0221581 -0.0139151 0.0250023 0.0267762 -0.0180125 -0.022495 0.008378 -0.00149671 0.0293366
internal_weight=10.43 8.33046 5.91186 2.4186 1.95787 3.95399 1.12026 3.70395 3.58367 1.81364 2.09955 0.604965 0.332083 3.25159
internal_count=7167 2772 1868 904 414 1454 255 1293 1222 811 4395 93 194 1028
is_linear=0
shrinkage=0.05


Tree=144
num_leaves=15
num_cat=0
split_feature=25 124 120 115 65 129 11 93 31 74 91 38 103 119
split_gain=0.790394 0.772953 0.444086 0.27034 0.228316 0.215442 0.181208 0.0935064 0.0676299 0.113267 0.0674645 0.0626881 0.0546883 0.0606267
threshold=3089.032836914063 -0.074561335146427141 -4.4999999999999991 0.027506905607879165 764.50967407226574 -0.011474580038338898 0.31174089014530187 0.64170813560485851 256.13676452636724 0.65897691249847423 0.0037047861842438583 0.65989691019058239 11.500000000000002 0.051952917128801353
decision_type=10 10 2 2 2 10 10 10 8 2 8 10 2 2
left_child=1 4 5 -4 7 -3 12 11 -7 -10 -8 -1 13 -5
right_child=-2 2 3 6 -6 8 10 -9 9 -11 -12 -13 -14 -15
leaf_value=-0.023770050877135952 -0.02560288987283852 -0.01463473451838972 -0.0072282765872541069 0.0021107035835564768 0.0092821124515128067 -0.00091283181607304965 0.0068532578894257845 0.0036267476929164304 -0.0056000238476003154 0.019224423674757476 -0.010107085715369784 0.0024987689912976639 0.0010366035693527694 0.031902178498634019
leaf_weight=1.7962775687046817 1.3987657239194966 0.84089299000334028 0.27367533769574759 0.33356521301902953 0.21276716771535564 1.2368482109450265 0.25037898504524481 0.10625381034333248 0.13823171152034786 0.536912914540153 0.13611080302507617 0.05368656659265969 0.24434120120713476 2.960372063331306
leaf_count=719 3803 359 486 10 38 472 151 31 19 76 95 11 38 870
internal_value=0.000220281 0.00631925 0.0141509 0.0227624 -0.0153253 -0.00154833 0.0258968 -0.0202362 0.00725629 0.0138329 -0.00210142 -0.0223984 0.0287442 0.0300794
internal_weight=10.5191 9.12031 6.95133 4.19844 2.16899 2.75289 3.92477 1.95622 1.91199 0.675145 0.38649 1.84996 3.53828 3.29394
internal_count=7178 3375 2576 1650 799 926 1164 761 567 95 246 730 918 880
is_linear=0
shrinkage=0.05


Tree=145
num_leaves=15
num_cat=0
split_feature=99 17 35 48 69 137 124 21 19 11 33 85 92 109
split_gain=0.84158 0.487388 0.467115 0.308029 0.27721 0.218885 0.209275 0.192708 0.155678 0.113875 0.0801699 0.0713434 0.0702969 0.0673516
threshold=0.035045407712459571 0.0032630709465593104 744.83331298828136 0.12674840539693835 38.665632247924812 89.115234375000014 -1.0000000180025095e-35 0.59087947010993969 0.19999497383832934 0.56214886903762828 1423.148864746094 0.00075471162563189875 3.2155001008504773e-06 0.0040306276641786107
decision_type=8 8 8 10 2 2 10 8 10 10 10 2 8 2
left_child=11 3 6 -2 10 9 12 13 -5 -6 -4 -1 -3 -8
right_child=1 2 4 8 5 -7 7 -9 -10 -11 -12 -13 -14 -15
leaf_value=-0.026344696641951659 -0.0080222015647941954 0.0031466034973728278 -0.010384907694464606 -0.0043724037614057175 0.02898704665363909 -0.0038076448686372374 -0.015979817470697353 0.012710761854101783 0.031768904718545592 -0.0035699317992245075 0.0042199072974988911 -0.00065879103054819141 -0.025425455869314925 0.0017511140129633708
leaf_weight=1.6235649171576358 0.24266271115629878 0.014295583649072907 0.78771069468348298 0.085945725440978893 1.2940792693407273 0.4978866999153978 0.49653771606972485 0.6297487160190941 1.7109229518100617 0.075820060446858295 1.1502242407295853 0.35969426290830586 1.1509380174975377 0.55747203706414439
leaf_count=4339 48 16 766 1 274 92 101 54 828 9 85 105 371 180
internal_value=-0.000266534 0.00690104 -0.00058861 0.0234924 0.00987637 0.0198601 -0.0135019 -0.000175776 0.029095 0.0264391 -0.00323066 -0.0234686 -0.0237836 -0.010315
internal_weight=10.6775 8.69424 6.65471 2.03953 3.80572 1.86779 2.84899 1.68376 1.79687 1.3699 1.93793 1.98326 1.16523 1.05401
internal_count=7269 2825 1948 877 1226 375 722 335 829 283 851 4444 387 281
is_linear=0
shrinkage=0.05


Tree=146
num_leaves=15
num_cat=0
split_feature=67 25 123 115 62 137 91 86 129 36 35 125 85 127
split_gain=0.667535 0.388794 0.439601 0.254395 0.26732 0.208021 0.194806 0.145373 0.126099 0.085796 0.0716891 0.0705917 0.061902 0.0573951
threshold=264.14735412597662 3089.032836914063 -1241.2652587890623 0.49948395788669592 196.73565673828128 94.584484100341811 0.01714397314935923 0.41334816813468939 -0.072806466370820985 1422.6373291015627 38.548343658447273 -234.49999999999997 0.029304422438144687 41.939849853515632
decision_type=2 8 10 2 2 2 10 2 8 10 10 2 2 8
left_child=1 2 9 4 10 11 8 -6 -5 -1 -4 -2 13 -9
right_child=5 -3 3 6 7 -7 -8 12 -10 -11 -12 -13 -14 -15
leaf_value=-0.022992050489468542 -0.0024248666377464836 -0.026459789677238596 0.0033744991528249571 -0.003727785949558856 -0.010699032413149651 -0.0059095357247974109 -0.0046910730184609476 0.016287997453538636 0.025969940215500378 0.0039250344389049081 -0.019761849389339687 0.027601778515957215 -0.00041995970889352772 -0.0034605601336343801
leaf_weight=1.3276827652298377 0.048253025859594234 1.417992406437407 0.091167223145018794 0.15651395486202091 0.25266599695896763 0.25740441528614599 0.51780121997580852 1.3109568314685018 1.1583329828572457 0.040292519755894207 1.0061773630441164 1.16928499552887 0.95492438599467266 0.074250727455364873
leaf_count=569 1 3839 24 22 48 35 137 489 380 25 1061 469 12 101
internal_value=-0.00325994 -0.00913739 -0.00267125 0.00434735 -0.00346761 0.0201635 0.0157522 0.0054832 0.0223516 -0.0208765 -0.0171472 0.0258549 0.00991049 0.0142224
internal_weight=9.7837 8.30876 6.89077 5.52279 3.69014 1.47494 1.83265 2.5928 1.31485 1.36798 1.09734 1.21754 2.34013 1.38521
internal_count=7212 6707 2868 2274 1735 505 539 650 402 594 1085 470 602 590
is_linear=0
shrinkage=0.05


Tree=147
num_leaves=15
num_cat=0
split_feature=25 61 78 33 37 124 137 69 49 119 33 45 119 124
split_gain=0.698358 0.54028 0.304401 0.262329 0.23496 0.233898 0.217223 0.355052 0.160406 0.095041 0.0903438 0.0896522 0.0798137 0.0744239
threshold=3089.032836914063 54.919898986816413 0.14434523880481723 30.832298278808597 0.055749805644154556 0.50506445765495311 89.115234375000014 42.787570953369148 0.0097866458818316477 0.11543100699782373 1439.4903564453127 0.09755995869636537 0.13062583655118945 -0.26599924266338343
decision_type=10 2 2 8 8 8 2 2 10 2 10 10 2 10
left_child=1 3 5 13 12 6 7 -3 -8 10 -5 -9 -4 -1
right_child=-2 2 4 9 -6 -7 8 11 -10 -11 -12 -13 -14 -15
leaf_value=-0.004931078348612469 -0.02463335376946358 0.0024097256126791411 0.013428407364247079 -0.024768517671302885 -0.018024622956481887 -0.0057690370425216913 -0.012642185804995648 0.03659376036334696 0.010810606600405032 0.00095791339401673234 0.0034537514864336847 0.0024297451313821782 -0.0059004928151964817 0.014101920576624733
leaf_weight=0.19037043052958325 1.3049775028775918 1.4578751420776828 0.66981771952123348 1.3335569362970998 0.58745385927613836 0.53922794066602353 0.41139222029596556 2.0690983507956848 0.51125554356258363 0.42909011029405508 0.069038969522807636 0.36437199113424856 0.11617917934199795 0.39035227528074612
leaf_count=17 3783 72 146 1028 426 221 52 716 75 507 27 36 39 54
internal_value=0.000227716 0.00585707 0.0127333 -0.0114291 -0.00538299 0.017497 0.0206471 0.0248495 -0.000783031 -0.0186241 -0.02252 0.0336758 0.00886731 0.00869022
internal_weight=10.4441 9.13908 6.72667 2.41241 1.37345 5.35322 4.81399 3.89135 0.922648 1.83169 1.4026 2.43347 0.785997 0.580723
internal_count=7199 3416 1783 1633 611 1172 951 824 127 1562 1055 752 185 71
is_linear=0
shrinkage=0.05


Tree=148
num_leaves=15
num_cat=0
split_feature=18 25 124 120 45 115 130 78 121 85 36 31 49 46
split_gain=0.76885 0.369053 0.333739 0.229708 0.164534 0.120986 0.108049 0.0962922 0.0749973 0.0725418 0.070532 0.0673547 0.0590039 0.062152
threshold=0.28050974011421209 3089.032836914063 -0.083193100988864885 -4.4999999999999991 0.03718631528317929 0.027506905607879165 0.0076306217815727004 0.27411873638629919 -195415.58593749997 0.029304422438144687 1420.8262939453127 286.14962768554693 3.2110000347529426e-06 0.26147530972957617
decision_type=10 8 10 2 8 2 2 2 2 2 10 8 8 10
left_child=1 2 10 6 8 -5 -4 9 -2 12 -1 -8 -7 -14
right_child=4 -3 3 5 -6 7 11 -9 -10 -11 -12 -13 13 -15
leaf_value=-0.020937064390094261 -0.0025278042237172702 -0.025551927058476816 -0.012186220385210134 -0.0065446966898329382 -0.0035725456728313595 -0.0026953707995024485 -0.0043484505509218405 -0.004805459400873212 0.028443192021617231 0.0007458743629706519 0.0030220275083109077 0.010643453412889008 0.022669798736108582 -0.0017959054962860101
leaf_weight=1.1975021317775825 0.045736889354884513 1.3470941662817502 1.5424492638558152 0.26205299858702114 0.28646086249500524 0.058492461568677157 0.71320257190382075 0.1834612950333393 1.3239643252454703 0.71126001700758923 0.091513133724219986 0.47496326250256982 1.8233322390587998 0.13250775146298099
leaf_count=610 2 3801 666 474 60 25 204 160 763 27 44 43 249 16
internal_value=-0.00179639 -0.0082797 -0.0023194 0.00343582 0.0221604 0.0111354 -0.00609388 0.0139949 0.0267787 0.0162105 -0.018659 0.00376979 0.0196121 0.0209654
internal_weight=10.194 8.53783 7.19074 5.90172 1.65616 3.17111 2.73062 2.90905 1.3697 2.72559 1.28902 1.18817 2.01433 1.95584
internal_count=7144 6319 2518 1864 825 951 913 477 765 317 654 247 290 265
is_linear=0
shrinkage=0.05


Tree=149
num_leaves=15
num_cat=0
split_feature=127 17 34 73 49 125 124 31 70 46 125 44 96 124
split_gain=0.655734 0.656433 0.326183 0.238962 0.204268 0.155515 0.115412 0.121136 0.0978498 0.102087 0.0900448 0.0527699 0.0460803 0.0455557
threshold=0.55830812454223644 0.0010396881261840465 515.85650634765636 262.32368469238287 0.0043915924616158017 -38.499999999999993 0.071272939443588271 243.13334655761722 1413.9710083007815 0.70395550131797802 -4.4999999999999991 0.13187443464994433 0.00062539801001548778 0.016382556408643726
decision_type=8 10 10 2 8 2 10 10 2 10 2 8 10 10
left_child=1 5 8 6 -4 -1 7 -3 9 -2 -5 -7 -12 -6
right_child=2 3 4 10 13 11 -8 -9 -10 -11 12 -13 -14 -15
leaf_value=-0.0041784109798054395 -0.025902235073824539 -0.023949559475202695 -0.0099104189962246209 -0.0055200710916989129 0.016122553770890769 -0.0015208755546090422 0.0028319661197230665 0.0044641422254710662 0.0028598270448465697 0.0035917859822172157 -0.003272938046223198 0.030969841871776191 0.013249330470787791 -0.00068643596494965772
leaf_weight=0.12051516634528558 2.1480110166739914 0.8452111819497079 0.99821916254586573 0.44946365177747805 0.69896106072701492 0.035771029259194953 0.47176494452287443 0.12631322552624624 0.1562949559156549 0.076899771578609832 0.1001787984569088 2.0245849578641355 1.4330522151140028 0.42541103271651082
leaf_count=61 1525 2004 1394 189 156 109 63 338 188 22 65 751 216 78
internal_value=0.000476683 0.011057 -0.0123107 -0.00324484 0.00211682 0.027481 -0.0143233 -0.0198648 -0.0219938 -0.0240852 0.00691802 0.0300931 0.0113039 0.0124334
internal_weight=10.1107 5.60686 4.5038 3.42598 2.12259 2.18087 1.44329 0.971524 2.38121 2.22491 1.98269 2.06036 1.53323 1.12437
internal_count=7159 3796 3363 2875 1628 921 2405 2342 1735 1547 470 860 281 234
is_linear=0
shrinkage=0.05


Tree=150
num_leaves=15
num_cat=0
split_feature=52 123 120 9 61 116 127 127 69 62 61 102 3 16
split_gain=0.636728 0.629263 0.416438 0.366689 0.335854 0.136837 0.133574 0.112937 0.11276 0.102966 0.0976516 0.0854189 0.0729038 0.0677946
threshold=1.8786764740943911 -1241.2652587890623 -8.4999999999999982 0.66501650214195263 56.86970520019532 1.9267941713333132 2.0136953592300419 -1.0000000180025095e-35 42.787570953369148 246.00486755371097 1409.474548339844 7.5000000000000009 31.830239295959476 0.011912039946764709
decision_type=8 10 2 10 2 2 8 10 2 2 2 2 8 8
left_child=1 7 6 10 9 11 -3 -1 -6 12 -2 -4 -5 -10
right_child=3 2 5 4 8 -7 -8 -9 13 -11 -12 -13 -14 -15
leaf_value=-0.018973731208867702 -0.028581941544242324 0.0076766809153308206 0.032693265666745908 -0.02208066106982107 -0.00026625622306094106 -0.0038648165785929822 -0.012918726897956504 0.0041354753343106178 -0.002448400404329228 0.0041206480253133514 0.0031814188839707335 -0.0012472542776412188 0.0021312839495752508 0.021832771599617946
leaf_weight=0.76122001252952032 1.2779103605280404 0.73863858607364796 2.4141343439696361 0.89910621302260563 1.3739068924915048 0.080106821027584263 0.47523804506636225 0.32421473215799756 0.12522721581626672 0.2288575210404814 0.063065826892852672 0.12020103013492178 0.17625838995445531 0.62145900423638523
leaf_count=97 2296 53 838 2549 186 57 62 71 208 428 1 48 127 105
internal_value=0.000779215 0.0122419 0.0207808 -0.0111128 -0.000530874 0.02934 -0.00257974 -0.013398 0.0102589 -0.014913 -0.0263672 0.0311861 -0.0189974 0.0186902
internal_weight=9.67954 4.91375 3.82832 4.76579 3.42482 2.61444 1.21388 1.08543 2.12059 1.30422 1.34098 2.53434 1.07536 0.746686
internal_count=7126 1226 1058 5900 3603 943 115 168 499 3104 2297 886 2676 313
is_linear=0
shrinkage=0.05


Tree=151
num_leaves=15
num_cat=0
split_feature=65 103 96 94 129 7 60 134 117 93 116 91 122 3
split_gain=0.685625 0.338693 0.301809 0.30157 0.20335 0.168118 0.185791 0.11788 0.0930905 0.0676581 0.0659311 0.0612863 0.0566998 0.0456526
threshold=55.112583160400398 3.5000000000000004 0.5283859670162202 0.028908645734190944 0.60777598619461071 54.582815170288093 1326.0054931640627 0.029018141329288486 53.750000000000007 0.0036501199938356881 1.3826634883880617 0.0052922833710908898 51.35142898559571 19.989950180053714
decision_type=2 2 10 8 8 10 2 2 2 10 2 8 10 8
left_child=1 2 8 -2 7 6 10 11 -1 -7 -3 -5 -6 -8
right_child=3 5 -4 4 12 9 13 -9 -10 -11 -12 -13 -14 -15
leaf_value=-0.028215152184002602 -0.010054655700111504 -0.0030570706509264263 0.0084112858429526687 0.0076502142664800618 0.0061588073685903914 -0.016869441458112738 -0.01149869615846612 0.031366450631608582 -0.00017097126802982274 0.0029598611513820868 0.015967306417995885 -0.0087241534561574696 -0.00943088602510056 0.00088469191585223048
leaf_weight=1.8301801798806998 0.25073828946915488 0.20500782772433046 0.32311765861231823 0.1799891836708406 0.18983005499467331 0.51175131311174471 0.36336100455082454 1.6573486030101774 0.34413960772508279 0.24069902114570141 1.7568381354503797 0.1101066148839891 0.2317957142367959 1.3549978685041424
leaf_count=3053 625 84 67 99 38 686 982 685 390 4 323 13 14 108
internal_value=0.000169347 -0.00807591 -0.0197158 0.0181858 0.023272 0.000904154 0.00571387 0.0280562 -0.0252286 -0.0124569 0.0136184 -0.000509707 -0.00301696 -0.0050006
internal_weight=9.5499 6.93009 2.49744 2.61981 2.36907 4.43266 3.6802 1.94744 2.17432 0.75245 1.96185 0.290096 0.421626 1.71836
internal_count=7171 5697 3510 1474 849 2187 1497 797 3443 690 407 112 52 1090
is_linear=0
shrinkage=0.05


Tree=152
num_leaves=15
num_cat=0
split_feature=52 91 123 36 100 117 118 90 40 85 73 62 126 44
split_gain=0.715677 0.328161 0.442979 0.275467 0.206828 0.172426 0.114756 0.103952 0.10153 0.0905017 0.0849154 0.0803497 0.078276 0.0594985
threshold=11.651515483856203 0.0015411917120218279 256.94978332519537 1412.8868408203127 0.29467462003231054 6.7500000000000009 0.019727288745343689 0.027864956296980384 0.19677419215440753 0.029304422438144687 1005.5374145507814 230.01042938232425 -208367.18749999997 0.19723790138959887
decision_type=8 10 8 10 8 2 2 10 10 2 2 2 2 10
left_child=1 2 4 5 -1 13 -4 -7 -9 11 -2 -5 -6 -3
right_child=10 3 6 9 12 7 -8 8 -10 -11 -12 -13 -14 -15
leaf_value=-0.0031502736992111606 -0.025874664907256918 -0.0063256799587995093 -0.01462336161771482 -0.00095053536203615991 -0.0022828221729134009 0.0015343770604234624 0.0072444385342386626 -0.026039019117405283 0.0019091669560041156 -0.0028943609833144493 -0.0012307728715413707 0.019544975201925167 0.031476033609368431 0.0081781300149614197
leaf_weight=0.3456210797594389 1.4749443074688326 0.25754100993799534 0.61602770301396992 0.53269786867895186 0.045453369617462491 0.42265711222717062 0.20510065782582387 1.0093507383426183 0.23365559638477851 0.69785065134055901 0.5280464190582278 0.77822835912229493 1.8508296430809417 0.81209582521114498
leaf_count=146 3642 302 160 159 1 371 64 911 13 8 447 122 813 24
internal_value=-0.000947968 0.00632119 0.0167869 -0.00218212 0.0256353 -0.0109546 -0.00818255 -0.0179255 -0.0222765 0.00943385 -0.0219511 0.0144092 0.030158 0.00331689
internal_weight=9.8101 7.80711 3.06303 4.74408 2.2419 2.7353 0.821128 1.66566 1.24301 2.00878 2.00299 1.31093 1.89628 1.06964
internal_count=7183 3094 1184 1910 960 1621 224 1295 924 289 4089 281 814 326
is_linear=0
shrinkage=0.05


Tree=153
num_leaves=15
num_cat=0
split_feature=25 127 73 7 64 7 137 99 78 48 43 90 69 90
split_gain=0.484106 0.463979 0.39777 0.377542 0.181508 0.173376 0.147614 0.0788558 0.0760616 0.0686119 0.0616644 0.0702318 0.0574042 0.0557549
threshold=3089.032836914063 49.722415924072273 999.26354980468761 44.582815170288093 37.743314743041999 34.366773605346687 93.849788665771499 0.20263122767210009 0.2522264569997788 0.70064529776573192 0.96435630321502697 0.29470188915729528 48.658084869384773 0.037276081740856178
decision_type=10 8 2 10 2 10 2 8 2 10 8 10 2 10
left_child=1 3 9 5 12 10 8 -4 -6 -3 11 -1 -5 -10
right_child=-2 2 7 4 6 -7 -8 -9 13 -11 -12 -13 -14 -15
leaf_value=0.012078356943191912 -0.023097959677693132 -0.025292167635655435 -0.0032791367191097073 0.00572222239020884 0.028551756022803094 -0.013528595780332288 -0.0029536585325771404 0.014998030820490268 0.0074204694956680195 0.0025676614683386935 -0.0054649053969441372 -0.0054598168285121002 -0.0092536331546524842 -0.0083312004435086295
leaf_weight=1.40656969102565 1.136990730417893 1.4115137102780866 0.51116447336971749 0.37144435054506209 2.2391784103820109 1.062290584130096 0.27218558875028964 0.41445467073936015 0.19647514325333748 0.053804665920324513 0.26398222675197769 0.11818366870284092 0.25203803143813275 0.059052425232948735
leaf_count=225 3786 601 79 193 670 605 75 84 122 16 378 6 295 28
internal_value=-0.001689 0.00323605 -0.0123942 0.0101083 0.0193705 -0.00307583 0.023569 0.00844337 0.0264799 -0.0236426 0.00575701 0.00909488 -0.00230258 4.39889e-05
internal_weight=9.76933 8.63234 2.39094 6.2414 3.39037 2.85103 2.76689 0.925619 2.49471 1.46532 1.78874 1.52475 0.623482 0.255528
internal_count=7163 3377 780 2597 1383 1214 895 163 820 617 609 231 488 150
is_linear=0
shrinkage=0.05


Tree=154
num_leaves=15
num_cat=0
split_feature=97 25 61 133 35 110 92 93 31 70 7 137 11 10
split_gain=0.549332 0.297725 0.270824 0.210486 0.206579 0.13533 0.116027 0.099897 0.0980983 0.120319 0.0969063 0.112484 0.0949443 0.0852351
threshold=0.30068068206310278 2891.253540039063 52.469848632812507 0.99621212482452404 744.83331298828136 264.58280944824224 3.3515000268380395e-06 0.0036501199938356881 243.13334655761722 24.230171203613285 38.665632247924812 89.115234375000014 0.24291939288377765 0.055646380409598357
decision_type=10 10 2 2 8 2 8 10 10 2 8 2 10 10
left_child=1 2 8 -2 5 -4 -7 -8 9 -1 -6 12 13 -12
right_child=3 -3 4 -5 10 6 7 -9 -10 -11 11 -13 -14 -15
leaf_value=0.0039492783016862867 0.025090687282196891 -0.023279686174527425 0.0064023884711813086 -0.0042354290669622627 8.4455483745126425e-05 0.0069423702669996618 -0.022235214378610355 0.0023559895552371212 0.0040159484719775275 -0.023396255267907944 0.025188298959424794 -0.0022761586147174925 -0.0040393183399429818 -0.0013505607332451963
leaf_weight=0.18239342834567462 1.2842311606509618 1.1609807044442275 0.54355019680224348 0.48824490979313839 1.6994739735964688 0.040650517796165908 0.86495885584736243 0.30437107462785207 0.18831424285599485 1.0370652785786658 1.1933921775344063 0.52222677672398266 0.08634571760194365 0.23759124815114763
leaf_count=13 683 3893 55 118 144 4 554 22 235 1229 152 64 14 54
internal_value=-0.00118624 -0.00704766 -0.00171564 0.0183986 0.00379877 -0.00773105 -0.0141042 -0.0176989 -0.0158727 -0.0193696 0.00969638 0.0150428 0.0195399 0.022039
internal_weight=9.83379 8.06131 6.90033 1.77248 5.49256 1.75353 1.20998 1.16933 1.40777 1.21946 3.73903 2.03956 1.51733 1.43098
internal_count=7234 6433 2540 801 1063 635 580 576 1477 1242 428 284 220 206
is_linear=0
shrinkage=0.05


Tree=155
num_leaves=15
num_cat=0
split_feature=52 123 97 120 62 37 16 119 124 85 18 73 129 45
split_gain=0.55652 0.411024 0.227542 0.201302 0.159187 0.158782 0.115583 0.100771 0.0888979 0.0919629 0.0764572 0.0761946 0.0594972 0.0461917
threshold=12.038461685180666 -1241.2652587890623 0.26846100389957434 -9.4999999999999982 230.01042938232425 0.25757884979248052 0.21505891531705859 0.16636071354150775 0.38315427303314215 0.00075471162563189875 0.51094514131546032 518.31402587890636 -1.0000000180025095e-35 0.054040439426898963
decision_type=8 10 8 2 2 10 10 2 10 2 10 2 10 10
left_child=1 10 4 12 6 -6 11 -5 9 13 -1 -3 -4 -2
right_child=8 2 3 7 5 -7 -8 -9 -10 -11 -12 -13 -14 -15
leaf_value=-0.016805777913654552 -0.025835948828124608 -0.01844498890378269 -0.0095721184764913942 0.029983182490528094 0.014841900981567549 -0.0080391106949029185 0.0055593034920863064 -0.002354688860558285 0.0020512119039204644 0.0014675277956501891 0.0044115940439302011 0.0016612197257818376 0.0064896679245710258 0.0010631079213743852
leaf_weight=1.0063166452600851 1.3651444360439211 0.57413636524870459 0.26407328434288502 1.5071725717862134 1.9436174860747999 0.31535779796831764 0.66691953118424852 0.1138773236889391 0.28588726230373129 0.27241765739745449 0.095886792172677704 0.45541463018162176 0.1467850704211745 0.088829811109462642
leaf_count=417 3872 1225 10 740 317 193 72 73 46 97 26 22 26 51
internal_value=-6.62734e-05 0.00677093 0.0119726 0.0223927 0.00318121 0.010161 -0.00643443 0.0276798 -0.0184058 -0.0213032 -0.0137394 -0.0131148 -0.00330126 -0.024429
internal_weight=9.10184 7.08956 5.98735 2.03191 3.95545 2.25898 1.69647 1.62105 2.01228 1.72639 1.1022 1.02955 0.410858 1.45397
internal_count=7187 3121 2678 849 1829 510 1319 813 4066 4020 443 1247 36 3923
is_linear=0
shrinkage=0.05


Tree=156
num_leaves=15
num_cat=0
split_feature=101 123 120 6 91 8 39 48 124 32 128 128 49 116
split_gain=0.486922 0.588041 0.265002 0.180782 0.172106 0.141752 0.117809 0.117262 0.105915 0.0809401 0.0687261 0.0658738 0.0436187 0.0510875
threshold=0.19786551594734195 -1118.336975097656 -10.499999999999998 32.658084869384773 0.014211401343345644 261.97103881835943 0.082423273473978056 1.4422000162994666e-06 0.24001505225896838 32.575269699096687 -1.0000000180025095e-35 4.2632564145606017e-14 3.4664999475353402e-06 1.9237099885940554
decision_type=8 10 2 8 10 10 10 10 10 10 10 10 8 2
left_child=3 8 5 9 -4 -3 12 -5 10 -1 -2 -12 -6 -14
right_child=1 2 4 7 6 -7 -8 -9 -10 -11 11 -13 13 -15
leaf_value=-0.010278686171988266 -0.022664295158621187 -0.011278230342850918 0.028213780991025839 0.0035003628790911813 -0.0038032055454002931 0.0091328334048147875 -0.010856324191584318 -0.02782721933727407 0.0032582320783934686 0.0054638324143392253 0.0082744112991655887 -0.0082831431732025198 0.014557178667871186 -0.0023006082167896943
leaf_weight=0.38233480698545408 0.91271802564733651 0.84865877068659734 1.7498570575116912 0.10804846114478994 0.081695840126485231 0.61226998922938947 0.13083647325402115 1.2682579038228139 0.37618551016203117 1.0240907348343169 0.2034863021399359 0.19933678441157099 0.91825658924062736 0.27091260855377186
leaf_count=933 177 179 837 109 52 62 54 3913 29 520 54 63 126 108
internal_value=-0.00209815 0.00564416 0.0142662 -0.0164934 0.0207618 -0.0024889 0.00358491 -0.0249298 -0.0144304 -0.0013087 -0.0187112 1.70102e-05 0.00919765 0.0114201
internal_weight=9.08695 6.30421 4.61249 2.78273 3.15156 1.46093 1.4017 1.37631 1.69173 1.40643 1.31554 0.402823 1.27087 1.18917
internal_count=7216 1741 1418 5475 1177 241 340 4022 323 1453 294 117 286 234
is_linear=0
shrinkage=0.05


Tree=157
num_leaves=15
num_cat=0
split_feature=17 31 36 6 67 106 136 71 123 100 89 129 48 101
split_gain=0.518875 0.347585 0.289745 0.153198 0.199103 0.214247 0.147762 0.167511 0.115385 0.113066 0.0786014 0.0609985 0.0561593 0.0520878
threshold=0.00088158855214715015 3.4106051316484814e-13 1412.8868408203127 32.658084869384773 515.85650634765636 257.30628204345709 1.0000000180025095e-35 66.757225036621108 -103.47202682495116 0.11576012894511224 0.020646221935749057 0.13953552395105365 1.4827500081082692e-06 0.28796041011810308
decision_type=8 8 8 8 2 2 2 2 10 10 8 10 8 10
left_child=1 -1 3 9 5 8 7 -4 -5 -2 -9 -11 -7 -8
right_child=2 -3 6 4 -6 12 13 10 -10 11 -12 -13 -14 -15
leaf_value=0.025606192991043608 0.0089410028477981737 -0.0097296661954248444 -0.0036988554732351533 -0.011133269486045025 0.0070633298180849463 0.0012206225199500576 -0.01291601282560351 -0.0031972250525619896 0.0085181273101066126 -0.013351309831900034 0.021816920586253924 0.0040818380270511434 -0.032241462845515163 0.0026257738662716456
leaf_weight=1.3768243511440219 0.66175605478929422 0.37458284976310108 0.94140510544821177 0.50067988598311786 0.1677171139162964 0.057112943002720962 0.44892687168612599 0.10163270494376775 0.51224912359612129 0.59014900324109476 0.85705327958567068 0.18891216133488342 1.5575440966058522 0.41012876713648438
leaf_count=814 583 381 623 52 51 191 498 131 49 506 36 11 3138 55
internal_value=-0.00163942 0.0172592 -0.00793796 -0.0149474 -0.0202215 -0.0234301 0.00393716 0.0102797 -0.00190068 -0.000622685 0.0188866 -0.00920577 -0.0310437 -0.00807489
internal_weight=8.74667 1.75141 6.99527 4.23612 2.7953 2.62759 2.75915 1.90009 1.01293 1.44082 0.958686 0.779061 1.61466 0.859056
internal_count=7119 1195 5924 4581 3481 3430 1343 790 101 1100 167 517 3329 553
is_linear=0
shrinkage=0.05


Tree=158
num_leaves=15
num_cat=0
split_feature=61 101 127 111 53 137 43 67 21 45 16 33 66 124
split_gain=0.500683 0.430254 0.327117 0.207844 0.200877 0.192054 0.172393 0.104783 0.117523 0.0768889 0.0693849 0.0575382 0.0545264 0.0530374
threshold=54.919898986816413 0.19079033285379413 38.329046249389656 988.53652954101574 30.832298278808597 85.749347686767592 0.87156644463539135 32.575269699096687 0.00067804774153046321 0.015432787127792837 0.074269741773605361 1439.4903564453127 58.658084869384773 -0.26599924266338343
decision_type=2 8 8 2 8 2 10 2 8 8 8 10 2 10
left_child=4 6 7 9 13 11 -2 -3 -9 -4 -5 -6 -10 -1
right_child=1 2 3 10 5 -7 -8 8 12 -11 -12 -13 -14 -15
leaf_value=-0.0049121343250641374 -0.020660752972140872 0.00058196559504011119 0.0039846883149678297 -0.0030101430157792159 -0.028504555629289142 0.0032465610020575701 0.0026417342307279322 -0.0039986212715620506 0.0054162895784184871 -0.01798063306044061 0.015248797895170769 0.0009235215411120528 0.030472138756477904 0.010747964572198024
leaf_weight=0.17887288378551602 0.70331601792713616 0.5826654621632773 0.11721096490509786 0.38514926834614016 1.4560543022816999 0.41848993102030352 1.1156250126077791 0.086284746590536421 0.79098666660138439 0.71348330765613355 0.42207566928118467 0.11236657254630689 1.694923457020195 0.27247067808639291
leaf_count=17 2079 58 38 85 2526 795 297 27 84 122 89 123 769 52
internal_value=-0.000650523 0.00656262 0.0137336 -0.00335201 -0.01643 -0.0215528 -0.0105014 0.0212758 0.0244883 -0.0143977 0.0096919 -0.0268575 0.0263405 0.00543337
internal_weight=9.04997 6.61172 4.79278 1.63792 2.43825 1.98691 1.81894 3.15486 2.57219 0.830694 0.807225 1.56842 2.48591 0.451344
internal_count=7161 3648 1272 334 3513 3444 2376 938 880 160 174 2649 853 69
is_linear=0
shrinkage=0.05


Tree=159
num_leaves=15
num_cat=0
split_feature=17 31 36 97 129 89 85 40 116 8 127 83 95 10
split_gain=0.429596 0.333265 0.322438 0.16675 0.15883 0.153584 0.119884 0.119893 0.119769 0.106572 0.120015 0.0547822 0.0430774 0.0393813
threshold=0.0010396881261840465 3.4106051316484814e-13 1412.8868408203127 0.69041669368743908 -0.0017942126141861079 0.01021305099129677 0.00061443244339898239 0.19677419215440753 0.29396766424179083 53.666038513183601 38.329046249389656 0.11805555596947671 1.4729000099578118e-06 0.20076530426740649
decision_type=8 8 8 8 8 8 2 10 2 10 8 2 10 8
left_child=1 8 3 6 -5 -4 7 11 -1 -7 13 12 -2 -11
right_child=2 -3 5 4 -6 9 -8 -9 -10 10 -12 -13 -14 -15
leaf_value=-0.0027722602742305726 0.0011069739780693733 -0.0099977500923667494 -0.010931629277227302 -0.010786002653569125 0.012800210558963418 -0.0027676802219403539 0.0011009366208566921 0.0012801657359691086 0.027604215088457475 0.022202449556548438 -0.0024600412771497693 0.002015394630815169 -0.026691180144531007 -0.00085256592206804237
leaf_weight=0.18131568931857933 0.064581181592077708 0.37622484628809627 0.29834705550456453 0.36232087656389922 0.5351803209632634 0.8558257786498874 0.56410190698807117 0.39464968335232686 1.2141276038018984 0.97513186580908917 0.51969294933951449 0.041012148372828849 2.2657927032996668 0.12514803737576596
leaf_count=60 200 431 912 13 73 242 125 32 797 113 64 2 4094 30
internal_value=-0.00117835 0.0159057 -0.00694867 -0.0144286 0.00261219 0.00525301 -0.0185638 -0.0218017 0.0241477 0.00978729 0.0149448 -0.0248833 -0.0258197 0.0204228
internal_weight=8.77345 1.77167 7.00178 4.22764 0.897501 2.77415 3.33014 2.76604 1.39544 2.4758 1.61997 2.37139 2.33037 1.10028
internal_count=7188 1288 5900 4539 86 1361 4453 4328 857 449 207 4296 4294 143
is_linear=0
shrinkage=0.05


Tree=160
num_leaves=15
num_cat=0
split_feature=22 124 34 115 51 11 29 124 94 128 31 129 26 124
split_gain=0.419946 0.476845 0.237983 0.213179 0.140525 0.132437 0.11298 0.107296 0.0788099 0.065457 0.0617156 0.0594379 0.0484083 0.0510972
threshold=0.30524238944053655 -1.0000000180025095e-35 247.26355743408206 0.029268962331116203 2.5000000000000004 0.33112946152687078 1275.8401489257815 0.013067429885268213 0.00010070304779219442 786.60397338867199 274.47221374511724 0.60777598619461071 0.018842601217329506 0.50506445765495311
decision_type=8 10 10 2 2 10 2 8 8 10 10 8 10 8
left_child=2 4 9 10 6 8 -2 -5 -3 -1 -4 12 13 -10
right_child=1 5 3 7 -6 -7 -8 -9 11 -11 -12 -13 -14 -15
leaf_value=-0.022780547057232467 -0.020608373031795617 -0.0031150654963021272 -0.016416177287269119 0.013941604748360462 0.0067536220276675765 -0.0038021405352385421 0.0051698885922876539 -0.002931442611648898 0.030139480211313997 0.0029347461866415015 0.0035222786664341056 0.00060282337385394048 0.0039903967180754691 -0.0015811044533715392
leaf_weight=1.5334568673861202 0.86702145046729107 0.065872500883417007 0.87535189598565954 1.1609218859812243 0.30986999272136018 0.26190640666754905 0.11415158912132028 1.1615410463273295 1.5326477042981412 0.041664966425741912 0.10644067313114647 0.30880065949168134 0.59443911910057057 0.032387839863077583
leaf_count=2813 91 10 2421 481 120 120 17 287 647 22 138 52 3 5
internal_value=-0.000791797 0.009802 -0.00982334 -0.0007199 -0.0104188 0.0194237 -0.0165136 0.00716044 0.0222208 -0.0212248 -0.013568 0.0236001 0.0256571 0.0291225
internal_weight=8.96647 4.0871 4.87938 3.30426 1.29104 2.79605 0.981173 2.32246 2.53415 1.57512 0.981793 2.46828 2.15947 1.56504
internal_count=7227 1065 6162 3327 228 837 108 768 717 2835 2559 707 655 652
is_linear=0
shrinkage=0.05


Tree=161
num_leaves=15
num_cat=0
split_feature=25 7 122 128 119 123 68 70 50 132 31 120 31 82
split_gain=0.379031 0.409253 0.25936 0.322865 0.134408 0.130228 0.136785 0.0906614 0.0772244 0.0731557 0.0617421 0.0613986 0.0549643 0.0514519
threshold=3089.032836914063 44.582815170288093 7.428910732269288 29.940649032592777 0.16636071354150775 154.77207183837893 38.200859069824226 1407.5217895507815 0.035226115956902511 0.99617826938629161 196.0491638183594 -10.499999999999998 618.17575073242199 0.0035273478133603935
decision_type=10 8 8 8 2 8 2 2 8 2 10 2 10 2
left_child=1 5 4 13 8 6 11 9 -3 -5 -8 -1 -10 -4
right_child=-2 2 3 7 -6 -7 10 -9 12 -11 -12 -13 -14 -15
leaf_value=-0.0037250888161465146 -0.020581123202411442 0.00042044542874443495 0.017795096440591469 -0.021210947286462029 -0.0050362968317972639 -0.017826119703548627 -0.011609679457259013 0.0036119256184964097 0.028958948811855196 0.0024590389725315902 0.0015871463211900962 0.015797031367111355 -0.0016188285370384089 -0.0028896648952228972
leaf_weight=0.12020641643903218 0.98679609378450539 0.32032818935113039 0.69828626963135343 0.72537890878447775 0.087443584954598808 0.83861560272634994 1.035938191751484 0.2766349697340047 1.5778854774689532 0.16866933327401057 1.196874278859468 0.42344477755250443 0.047744355455506704 0.064379562478279695
leaf_count=27 3821 190 281 209 101 337 707 47 915 55 343 82 11 42
internal_value=-0.000985903 0.00366551 0.0133022 -0.000670408 0.0224287 -0.00749974 -0.0004863 -0.0134114 0.0249535 -0.0178048 -0.00623291 0.0118636 0.0277864 0.0154002
internal_weight=8.56863 7.58183 3.96675 1.93335 2.0334 3.61508 2.77646 1.17068 1.94596 0.894048 2.23281 0.543651 1.62563 0.762666
internal_count=7168 3347 1851 634 1217 1496 1159 311 1116 264 1050 109 926 323
is_linear=0
shrinkage=0.05


Tree=162
num_leaves=15
num_cat=0
split_feature=18 103 132 65 96 86 9 19 52 93 10 32 116 124
split_gain=0.548141 0.282816 0.299812 0.132456 0.131333 0.123628 0.168971 0.12253 0.0983689 0.091981 0.0918965 0.0797752 0.0756966 0.0462971
threshold=0.30099447071552282 3.5000000000000004 1.0000000180025095e-35 529.41552734375011 0.37716200947761541 0.96435630321502697 0.66501650214195263 0.01814671698957682 1.0500000119209292 0.0036501199938356881 0.99504950642585765 265.71488952636724 1.93260794878006 0.24001505225896838
decision_type=10 2 2 2 10 2 10 10 8 10 10 8 2 8
left_child=1 2 3 4 10 6 9 -4 12 -3 -1 13 -2 -8
right_child=8 5 7 -5 -6 -7 11 -9 -10 -11 -12 -13 -14 -15
leaf_value=-0.028249962087870912 0.026556226439021981 -0.013910344832851057 0.014685419892780494 0.0049982743938512932 0.0017200297099361176 -0.0098732034001185742 0.017846411467008952 -0.006730176284174493 -0.0037333276263117493 0.0055389561384591628 0.0028537450026621921 -0.0006880513366490427 -0.0029556083381520664 -0.00065305980901282656
leaf_weight=2.1018216966913332 1.1215214914991514 0.52018264998332631 0.44020730259944674 0.11123075010254968 0.33474591284175392 0.55403056473005552 1.6210554229910474 0.44204192027973477 0.078524280193960405 0.31599727499997243 0.070711880922317394 0.89056552742840778 0.035548948333598784 0.30938757106196191
leaf_count=3240 789 415 173 18 19 1244 370 672 12 46 9 20 12 114
internal_value=-6.06405e-05 -0.00572266 -0.0145033 -0.0212023 -0.0234584 0.00295905 0.0066056 0.00608041 0.022031 -0.00754665 -0.0266572 0.0116777 0.0246997 0.0156704
internal_weight=8.94757 7.71198 3.50076 2.61851 2.50728 4.21122 3.65719 0.882249 1.23559 0.83618 2.17253 2.82101 1.15707 1.93044
internal_count=7153 6340 4131 3286 3268 2209 965 845 813 461 3249 504 801 484
is_linear=0
shrinkage=0.05


Tree=163
num_leaves=15
num_cat=0
split_feature=52 124 120 71 116 129 132 73 93 9 45 47 10 66
split_gain=0.347272 0.378208 0.288851 0.175535 0.153734 0.127442 0.102495 0.0711419 0.0699652 0.0584081 0.0499954 0.0545032 0.0429074 0.0343288
threshold=9.4660634994506854 -0.045728966593742364 -4.4999999999999991 515.80297851562511 1.9211003780364992 -0.022168731316924092 1.0000000180025095e-35 1205.7432861328127 0.64170813560485851 0.97369673848152172 0.31930807232856756 0.20022101700305941 0.99504950642585765 1423.0373535156252
decision_type=8 10 2 2 2 10 2 2 10 10 10 8 10 2
left_child=1 3 5 8 10 -3 7 -2 12 -8 11 -4 13 -1
right_child=6 2 4 -5 -6 -7 9 -9 -10 -11 -12 -13 -14 -15
leaf_value=-0.02306702332888232 -0.022913737123875816 -0.01311656190274459 -0.0016312351494426527 0.0062779038241296756 -0.0010475316197114323 0.0049906574610754893 -0.0067982682336784634 -0.00042687510370581212 0.0033186224647880794 0.0086269276651699724 0.00081156643939520154 0.026857751716729713 0.0019412428487109005 0.00072855663600951252
leaf_weight=1.0914317520364418 1.2733381720172485 0.6208443707582777 0.06153641204582494 0.48213729169219721 0.68189483672904305 1.5365678477101026 0.20448909069818899 0.46172496146755282 0.070828603697009274 0.29296132484159898 0.28906529024243344 1.8235497819987359 0.041728067066287511 0.098932737862924003
leaf_count=551 3069 222 111 94 549 432 474 292 34 472 19 848 10 21
internal_value=-0.00174703 0.00413211 0.0107735 -0.0116916 0.0190316 -0.00272399 -0.0153901 -0.0192736 -0.0181798 0.0019806 0.0236752 0.0256847 -0.0203487 -0.0216596
internal_weight=9.03103 6.79852 5.01346 1.78506 2.85605 2.15741 2.23251 1.73506 1.30292 0.49745 2.17415 1.88509 1.23209 1.19036
internal_count=7198 2891 2181 710 1527 654 4307 3361 616 946 978 959 582 572
is_linear=0
shrinkage=0.05


Tree=164
num_leaves=15
num_cat=0
split_feature=127 27 7 71 7 78 91 115 12 134 46 48 90 125
split_gain=0.445956 0.354722 0.264918 0.192792 0.1467 0.137641 0.0946692 0.107929 0.0979675 0.0759147 0.0527325 0.0483373 0.047127 0.042044
threshold=41.939849853515632 7991.0905761718759 39.930795669555671 827.07943725585949 34.366773605346687 0.2522264569997788 0.19398049265146258 0.028984922915697101 0.34666667878627783 0.96897748112678539 0.70395550131797802 1.4934499859009522e-06 0.036561561748385436 -162.99999999999997
decision_type=8 10 10 2 10 2 10 2 10 2 10 10 10 2
left_child=1 2 4 10 9 6 7 -4 13 -1 -2 -3 -7 -9
right_child=3 11 5 -5 -6 12 -8 8 -10 -11 -12 -13 -14 -15
leaf_value=0.0091081283807949321 -0.02534984621942173 0.0019153533041871417 -0.0035324706266358281 0.0028438834864177678 -0.013680679795383134 0.0055427421940445649 0.0012296081647020219 -0.0013779893682690407 -0.001210915543010626 -0.0066039438392746916 0.0019843385634451829 -0.019582282086188608 -0.0085700869837895752 0.028780800213846876
leaf_weight=1.362184610887198 1.7788189299171793 0.11450719412823662 0.11350354996102519 0.60490327767911356 0.86235559023043595 0.1699143308069323 0.73541878047399212 0.028283364634263175 0.2319075867999344 0.29945385191240337 0.041107314056716748 0.66619541046384256 0.34037253889255226 1.6865815232304147
leaf_count=337 1185 443 282 172 539 165 21 25 94 276 14 2733 150 768
internal_value=-0.00391005 0.00322878 0.00806246 -0.0186323 -0.0035598 0.0157017 0.0191306 0.0230306 0.0252525 0.00485925 -0.0242477 -0.0171243 -0.00331233 0.027959
internal_weight=9.03551 6.61068 5.82998 2.42483 2.52399 3.30598 2.79569 2.06028 1.94677 1.66164 1.81993 0.780703 0.510287 1.71486
internal_count=7204 5833 2657 1371 1152 1505 1190 1169 887 613 1199 3176 315 793
is_linear=0
shrinkage=0.05


Tree=165
num_leaves=15
num_cat=0
split_feature=65 128 27 125 120 62 89 0 14 4 122 125 73 76
split_gain=0.411686 0.277427 0.254244 0.14421 0.12985 0.116468 0.151472 0.0987726 0.0891978 0.0795109 0.0866544 0.0631297 0.0554487 0.0504132
threshold=66.15021133422853 -1048.762023925781 8225.4809570312518 -10.499999999999998 -14.499999999999998 230.01042938232425 0.21720667183399203 97.500000000000014 0.0048553985543549069 38.200859069824226 -1336.181945800781 -12.499999999999998 518.31402587890636 0.20076530426740649
decision_type=2 10 10 2 2 2 8 2 10 8 10 2 2 2
left_child=1 -1 5 -2 -5 6 12 -6 9 10 -7 -8 -3 -12
right_child=3 2 -4 4 7 8 11 -9 -10 -11 13 -13 -14 -15
leaf_value=-0.021400542167164263 -0.0049016994025681496 -0.015123634122395525 -0.016003558333220223 -0.0042927387886744625 0.026646825792363733 -0.0031461127441923318 -0.0051668557722906478 -0.0034123125482357023 -0.00066343338427702009 -0.003214342840333589 0.024637109919799321 0.011928837768341402 0.0012607670826964713 -0.0019842878266966416
leaf_weight=0.95826610995572981 0.2629762165743158 0.68251503957435511 0.75766890987870272 0.15268356587330334 1.4013340035453437 0.11454660956223972 0.11185643292265013 0.073230215770308749 0.87749158067163069 0.13977698076632816 0.98100963961041976 0.90620678663253762 0.53935359236493241 0.040910132142016664
leaf_count=989 46 1353 2851 32 770 118 7 392 48 29 298 148 40 20
internal_value=0.00121826 -0.00537621 0.000599101 0.0170183 0.0210782 0.00589844 -0.00200959 0.0243783 0.0121523 0.0173842 0.0202364 0.00842096 -0.0105789 0.0231171
internal_weight=7.99983 6.1096 5.15134 1.89022 1.62725 4.39367 2.23993 1.47456 2.15373 1.27624 1.13647 1.01806 1.22187 1.02192
internal_count=7141 5901 4912 1240 1194 2061 1548 1162 513 465 436 155 1393 318
is_linear=0
shrinkage=0.05


Tree=166
num_leaves=15
num_cat=0
split_feature=46 73 125 124 55 31 66 123 71 117 36 127 51 117
split_gain=0.49288 0.304015 0.21481 0.151647 0.15073 0.102403 0.0976923 0.0804668 0.0678147 0.06345 0.0583415 0.0498081 0.0463446 0.0372924
threshold=0.16695995628833774 255.45772552490237 -10.499999999999998 -0.0712999291718006 199.50000000000003 243.13334655761722 247.26355743408206 -60.137214660644524 46.548343658447273 6.7500000000000009 1422.6373291015627 21.380952835083011 3.5000000000000004 76.750000000000014
decision_type=10 2 2 10 8 10 2 10 2 2 10 8 2 2
left_child=1 4 13 10 7 -6 9 -1 -8 -5 -3 -10 -7 -2
right_child=2 3 -4 6 5 12 8 -9 11 -11 -12 -13 -14 -15
leaf_value=-0.0074828511619120051 0.0039272037520223643 -0.014583546216212466 0.026199334652364587 0.0039131982823685726 -0.02687351115696765 -0.0063307217956192832 -0.0016643271325833449 0.0095005475739820874 0.016888998245694311 -0.011365781100512784 0.0034600883469314198 -1.1828695710735931e-05 0.0080340981759129456 -0.0096973526626409588
leaf_weight=0.49798649788135663 0.15467853000154708 0.55861848714994256 1.1382693604100493 0.67059000616427544 1.2539137603162087 0.14761838321282983 0.65340638162160791 0.30864739271055475 1.4812087117170445 0.29128022318764124 0.18118457522359677 0.52715809868823327 0.11874030809849501 0.19052185583859682
leaf_count=103 15 512 848 173 4073 429 65 68 255 299 46 71 284 6
internal_value=0.00040767 -0.00588674 0.0197349 0.00230319 -0.0173206 -0.0233498 0.00670385 0.000677313 0.0106875 -0.00414862 -0.0107157 0.0139235 0.00136045 -0.00521131
internal_weight=8.17382 6.69035 1.48347 4.36345 2.32691 1.52027 3.62364 0.806634 2.66177 0.96187 0.739803 2.00837 0.266359 0.3452
internal_count=7247 6378 869 1421 4957 4786 863 171 391 472 558 326 713 21
is_linear=0
shrinkage=0.05


Tree=167
num_leaves=15
num_cat=0
split_feature=17 103 116 64 58 61 86 73 136 85 14 128 52 114
split_gain=0.287239 0.32302 0.303289 0.237631 0.123297 0.11038 0.0904065 0.141869 0.0771502 0.0766796 0.0711159 0.0669247 0.0593772 0.0497041
threshold=0.0010396881261840465 3.5000000000000004 0.78227055072784435 999.26354980468761 523.61111450195324 55.288377761840827 0.96332675218582164 278.37718200683599 1.0000000180025095e-35 0.0008433363400399686 0.00049564251094125222 -2.1316282072803002e-14 2208.5000000000005 0.50975635647773754
decision_type=8 2 2 2 2 2 2 2 2 2 10 10 8 2
left_child=2 3 11 4 5 -2 7 13 10 -6 -9 -1 -4 -3
right_child=1 6 12 -5 9 -7 -8 8 -10 -11 -12 -13 -14 -15
leaf_value=-0.012722558612677515 -0.012667174934850579 0.021072868126547753 0.024490033853702381 0.0085496553266337007 -0.0301446553368955 0.0062264104731266654 -0.0086346994724814715 0.0098715640285302209 -0.0083264624797296013 0.0023158249393254397 -0.0041533226289836083 0.0050119240380268283 -0.0022772021963522078 -0.0010702391928858639
leaf_weight=0.51989572129969019 0.59828615178412448 0.3820452208456121 0.95698537110001747 0.24151069641811762 1.3456073510751592 0.64786445281060878 0.53644629522750609 1.1153274540120039 0.950288907799404 0.050535754271549993 0.82966006684000593 0.16599140811012958 0.053872461605351529 0.19730241708748508
leaf_count=234 99 300 766 65 3461 57 1243 158 296 37 77 85 177 105
internal_value=-0.00250146 -0.0070966 0.0118786 -0.0174174 -0.0214865 -0.0044456 0.00231865 0.00556151 -0.000759018 -0.0284936 0.00451018 -0.00800356 0.0226405 0.017629
internal_weight=8.59162 6.89487 1.69674 2.8838 2.64229 1.24615 4.01107 3.47462 2.89528 1.39614 1.94499 0.685887 1.01086 0.579348
internal_count=7160 5898 1262 3719 3654 156 2179 936 531 3498 235 319 943 405
is_linear=0
shrinkage=0.05


Tree=168
num_leaves=15
num_cat=0
split_feature=123 20 73 122 9 49 129 89 120 32 69 3 31 122
split_gain=0.41781 0.428174 0.247201 0.143997 0.105742 0.0810622 0.0766032 0.0731584 0.0672043 0.0654532 0.0599126 0.0563169 0.0528612 0.0440906
threshold=-1118.336975097656 0.1212231256067753 244.47453308105472 4.1207077503204355 0.66501650214195263 0.31882172822952276 0.54387021064758312 0.23845994472503665 -15.499999999999998 245.89290618896487 38.665632247924812 69.11359024047853 259.04983520507818 -444.14540100097651
decision_type=10 8 2 10 10 8 10 10 2 10 2 10 10 8
left_child=6 2 12 8 5 -4 9 -5 -3 13 -6 -10 -2 -1
right_child=1 3 4 7 10 -7 -8 -9 11 -11 -12 -13 -14 -15
leaf_value=0.0017373375568548401 -0.019517323088196269 -0.0022449681559729351 -0.013594546621894216 -0.0093241894221527365 0.00065664703325782803 0.004906365132651299 0.0020707868313133157 0.0078999015812156754 0.027664967526437979 0.0019040478913532066 0.012920891535126581 -0.001240191556117964 0.0013492745655358752 -0.024625033607644609
leaf_weight=0.035590735729783773 1.0780269750539444 0.065997994417557382 0.50760523381177325 0.30409584510198318 2.1104557550133909 0.31866913905832916 0.21381778367504001 0.19364107586443424 1.3219716380117459 0.12629825176554721 1.1006640713312661 0.092089789643068687 0.2117305424180812 1.2808541630220132
leaf_count=6 3640 13 452 36 212 19 19 84 766 55 241 37 618 950
internal_value=-0.00157728 0.00409356 -0.00375572 0.0193968 0.00300941 -0.00767975 -0.0187117 -0.00182274 0.0243904 -0.0213786 0.00693044 0.0260486 -0.0169986 -0.02347
internal_weight=8.96151 7.30495 5.32715 1.9778 4.03739 0.826274 1.65656 0.497737 1.48006 1.44274 3.21112 1.41406 1.28976 1.31644
internal_count=7148 6118 5182 936 924 471 1030 120 816 1011 453 803 4258 956
is_linear=0
shrinkage=0.05


Tree=169
num_leaves=15
num_cat=0
split_feature=93 73 38 30 116 137 37 101 69 4 52 34 10 55
split_gain=0.39094 0.250085 0.255046 0.175141 0.147599 0.104375 0.081246 0.0675283 0.0615945 0.0459342 0.0447414 0.0424494 0.0456662 0.0309998
threshold=0.36146178841590887 244.47453308105472 1.0000000180025095e-35 30.665631294250492 0.78227055072784435 45.804527282714851 0.16029196977615359 0.78113174438476574 44.582815170288093 1409.474548339844 1.9761904478073122 1439.4903564453127 0.99504950642585765 38.323677062988288
decision_type=10 2 8 10 2 2 10 10 2 10 10 10 10 10
left_child=1 3 5 -1 13 -3 8 9 -7 -4 -8 12 -5 -2
right_child=4 2 7 11 -6 6 10 -9 -10 -11 -12 -13 -14 -15
leaf_value=0.0046249803261825149 -0.0087139215771356877 -0.0039276731864338627 -0.018398386413605302 -0.024887270062601392 0.022449902019675099 0.0009011797380510917 0.0051365935095451613 0.0037617730114515853 0.019073563557555222 0.002518981496727692 -0.0083252794697561971 0.0012516921896115454 -4.3637120849439562e-05 0.0039181231072173122
leaf_weight=0.38946339569520239 0.18559368047863223 1.0566302207444098 1.0279095297300953 1.7383858760003934 0.85937990719685331 0.72627897569327649 0.29181829633307632 0.10904630899312895 1.165531735983677 0.050105083733796962 0.26034155966772232 0.08382675569737319 0.20214298651262641 0.083837817830499262
leaf_count=51 5 79 744 4664 734 96 32 34 278 1 257 127 47 29
internal_value=-0.0026359 -0.00740463 7.5969e-05 -0.0176988 0.0167504 0.00687134 0.011325 -0.0139425 0.0148212 -0.0166818 -0.00248502 -0.0221028 -0.0231943 -0.00479314
internal_weight=8.23029 7.10148 4.68766 2.41382 1.12881 3.5006 2.44397 1.18706 1.89181 1.07801 0.55216 2.02436 1.94053 0.269431
internal_count=7178 6410 1521 4889 768 742 663 779 374 745 289 4838 4711 34
is_linear=0
shrinkage=0.05


Tree=170
num_leaves=15
num_cat=0
split_feature=67 127 21 73 136 73 45 17 38 31 119 46 4 50
split_gain=0.277405 0.244523 0.225776 0.203273 0.133985 0.108787 0.104324 0.101328 0.0800171 0.0610314 0.0486535 0.0464575 0.0407198 0.0341993
threshold=529.41552734375011 49.722415924072273 0.21599281579256061 244.47453308105472 1.0000000180025095e-35 1005.5374145507814 0.032601838931441314 0.31383256614208227 1.0000000180025095e-35 234.74912261962893 0.051952917128801353 0.70395550131797802 37.832799911499031 0.21494668722152713
decision_type=2 8 8 2 2 2 8 10 10 10 2 10 8 8
left_child=1 2 3 9 7 11 -6 -4 12 10 -1 -3 -5 -7
right_child=-2 5 4 8 6 13 -8 -9 -10 -11 -12 -13 -14 -15
leaf_value=0.00039264689656237184 0.017319798584515662 -0.023127409450750785 0.02099289034635321 0.0082169657617594 0.0084158706503656509 -0.0047659752327078439 -0.012073919005751763 -0.0046050091828961316 -0.0077315780689464902 0.001548836583336227 -0.02267456343923107 0.0019544528778021389 -0.003371113927743895 0.0065949063472402541
leaf_weight=0.2224626521783637 0.52524385222932402 1.4468779567105223 1.0761011349677572 2.0394878187216823 0.21461496372648969 0.55740389249694988 0.37407648554653861 0.093656036304309853 0.605050326019409 0.22889097440929607 0.85381213552318513 0.040481249801814445 0.39950881441473063 0.15287495404481888
leaf_count=100 362 1001 312 345 218 229 44 3 502 679 3353 15 42 33
internal_value=-0.00280589 -0.00580318 5.28275e-05 -0.00594539 0.0116655 -0.017005 -0.00400861 0.0177656 0.0019406 -0.0172009 -0.0200139 -0.0219335 0.00589052 0.00010557
internal_weight=8.83054 8.3053 6.10766 4.34921 1.75845 2.19764 0.588691 1.16976 3.04405 1.30517 1.07627 1.48736 2.439 0.710279
internal_count=7238 6876 5598 5021 577 1278 262 315 889 4132 3453 1016 387 262
is_linear=0
shrinkage=0.05


Tree=171
num_leaves=15
num_cat=0
split_feature=101 123 127 43 115 52 122 137 71 69 90 90 120 62
split_gain=0.36838 0.281862 0.268168 0.119674 0.150465 0.115672 0.118545 0.0919652 0.0903706 0.0678715 0.0503619 0.0351813 0.0321198 0.0319636
threshold=0.19786551594734195 -1.0658141036401501e-14 34.62660217285157 0.87156644463539135 0.028628574684262279 1.9761904478073122 -3.4106051316484804e-13 86.584484100341811 533.70712280273449 44.582815170288093 0.21270547807216647 0.048135047778487212 84.500000000000014 292.27099609375006
decision_type=8 10 8 10 2 10 8 2 2 2 10 8 2 2
left_child=3 2 7 -1 13 6 -3 9 -4 11 -11 -2 -7 -5
right_child=1 5 8 4 -6 12 -8 -9 -10 10 -12 -13 -14 -15
leaf_value=-0.021115515725863652 0.0058269366959834232 -0.0040493849780597838 -0.020246808559335527 -0.013959220627043046 0.008670891752685473 -0.0046676722356974315 0.027436185309413042 -0.0066167372764452358 0.0039901962512669566 0.018395178954328736 0.00019148744716825138 -0.0058912826169969963 0.0060250985524113836 0.0024386555549083971
leaf_weight=0.78456262992403969 0.12851136593963097 0.076316083723213524 0.75356903531064778 0.59223221809952498 0.90805564406036865 0.36659103119745839 1.2509108167578236 0.28725199040491123 0.1279308294178918 0.88205591532459926 0.50266083015594631 0.53607394399296027 0.4934058864164399 0.044721026293700561
leaf_count=2585 43 14 209 2087 761 194 807 49 40 153 13 124 66 73
internal_value=0.00138697 0.00826365 -0.00167995 -0.0122586 -0.00123145 0.0188305 0.0246637 0.0071683 -0.0164781 0.0106368 0.0146384 -0.00148606 0.00140813 -0.0120215
internal_weight=7.73485 5.40528 3.21805 2.32957 1.54501 2.18722 1.32723 2.33655 0.8815 2.0493 1.38472 0.664585 0.859997 0.636953
internal_count=7218 1712 631 5506 2921 1081 821 382 249 333 166 167 260 2160
is_linear=0
shrinkage=0.05


Tree=172
num_leaves=15
num_cat=0
split_feature=65 103 137 116 9 43 18 129 4 124 96 129 48 48
split_gain=0.334141 0.293704 0.187848 0.157968 0.135847 0.138035 0.125214 0.0706193 0.0690274 0.0612866 0.056616 0.0486454 0.0479548 0.0428986
threshold=55.112583160400398 2.5000000000000004 88.205596923828139 1.9211003780364992 0.66501650214195263 0.96435630321502697 0.6900669038295747 -0.55527138710021962 13.826340198516847 0.013067429885268213 0.28957584500312811 0.60777598619461071 0.19786955416202548 1.4934499859009522e-06
decision_type=2 2 2 2 10 10 10 10 8 8 10 10 10 8
left_child=1 6 3 7 10 9 8 -2 -1 -6 -3 -9 -4 -10
right_child=2 4 12 -5 5 -7 -8 11 13 -11 -12 -13 -14 -15
leaf_value=0.0029513859863103242 -0.00035927751149701019 -0.014791927460587396 -0.010836619876513989 -0.0061614686547326776 0.014994531548673343 -0.0088289879999103784 0.0054584407525711783 0.027056399640960078 0.001220494154073207 0.0016454403367852461 0.0029241454528635535 -0.0017159919732925241 0.0046681674899743874 -0.023420306945659601
leaf_weight=0.06270565456361521 0.25843790145881929 0.43766138319915615 0.30961403336550564 0.12769531190861005 1.4836757263983602 0.4443150264705763 0.12088360532652576 1.2599363851186356 0.08659934606112063 1.7410047260636932 0.25030841073021293 0.035089233890175708 0.10256696253782138 1.7318135131936288
leaf_count=7 51 688 163 484 336 1138 28 711 379 297 16 3 76 2849
internal_value=9.68557e-05 -0.00570852 0.0138764 0.0193831 0.00212624 0.00621116 -0.0177878 0.0230735 -0.0206577 0.00988281 -0.0104325 0.0258688 -0.00640486 -0.0222301
internal_weight=8.45231 6.35897 2.09334 1.68116 4.35697 3.669 2.002 1.55346 1.88112 3.22468 0.68797 1.29503 0.412181 1.81841
internal_count=7226 5738 1488 1249 2475 1771 3263 765 3235 633 704 714 239 3228
is_linear=0
shrinkage=0.05


Tree=173
num_leaves=15
num_cat=0
split_feature=20 103 69 122 39 122 9 30 34 45 4 73 64 48
split_gain=0.241042 0.235523 0.257448 0.202649 0.175189 0.154123 0.0975754 0.12277 0.0799739 0.0656699 0.0569211 0.0541555 0.037357 0.0327816
threshold=0.38328719139099127 3.5000000000000004 529.41552734375011 1.0000000180025095e-35 0.50125628709793102 -0.042252914980053895 0.66501650214195263 1323.9351806640627 226.36625671386722 0.02530839387327433 115.83333206176759 278.37718200683599 268.08662414550787 1.5039000231809043e-06
decision_type=10 2 2 8 8 10 10 10 10 8 10 2 2 8
left_child=1 2 3 5 -2 10 8 11 -3 -6 -1 -8 -4 -5
right_child=4 6 12 13 9 -7 7 -9 -10 -11 -12 -13 -14 -15
leaf_value=-0.013899471758756127 0.020562835612162215 -0.014492532328957912 -0.0033096579071979016 0.00062106311126284251 0.0052743461366947398 0.01129395232830558 0.018683096449118069 -0.0036431604249961753 0.0044413957795837117 -0.013332500519402872 0.0040434745722835964 0.0025152040616284528 0.012062200732221473 -0.02919965217311012
leaf_weight=0.7579227870592149 0.69890380011929654 0.47785572284192301 0.070382103644078486 0.053190339545835852 0.11761203006608412 0.39535559885553107 0.46015463558433145 1.7341881807369643 0.30888463341398165 0.11990234779659659 0.098616506933467463 1.3835381528188007 0.30366703803883865 1.3801306122768437
leaf_count=1617 649 637 23 221 92 136 198 1177 63 26 46 195 44 2031
internal_value=-0.00291527 -0.00631367 -0.0150016 -0.01983 0.0133741 -0.0018797 0.00143712 0.00509279 -0.00873356 -0.00730208 -0.0107684 0.0117014 0.00886613 -0.0282926
internal_weight=8.3603 7.42389 3.05926 2.68522 0.936418 1.25189 4.36462 3.57788 0.78674 0.237514 0.856539 1.84369 0.374049 1.43332
internal_count=7155 6388 4118 4051 767 1799 2270 1570 700 118 1663 393 67 2252
is_linear=0
shrinkage=0.05


Tree=174
num_leaves=15
num_cat=0
split_feature=17 9 7 116 32 124 7 124 110 127 49 89 52 122
split_gain=0.236608 0.243779 0.261927 0.211253 0.208406 0.124771 0.0980442 0.0803918 0.0676536 0.0772968 0.0710459 0.0575677 0.0515569 0.0513128
threshold=0.0010396881261840465 0.66501650214195263 45.661996841430671 0.78227055072784435 515.85650634765636 0.38315427303314215 32.696172714233406 -0.59049183130264271 133.97103118896487 -91.720874786376939 0.76339235901832592 0.010064162313938143 2208.5000000000005 -169.35871124267575
decision_type=8 8 8 2 10 10 10 10 2 8 10 8 8 8
left_child=3 4 6 13 5 8 -3 -4 -2 -10 -11 -9 -5 -1
right_child=1 2 7 12 -6 -7 -8 11 9 10 -12 -13 -14 -15
leaf_value=0.005066563799909031 0.0022171585531643267 0.00086492075320887497 -0.0039873504323445011 0.022800094196479062 0.008253370437734801 0.0036750977903288436 -0.014418186159829283 -0.0017982354030674271 -0.0015221473033327482 -0.030906583195888189 0.0021293251842612678 0.019233944129621983 -0.0021606222684176549 -0.010346340562617113
leaf_weight=0.11321300467534456 0.073809000838083505 1.9213870068633698 0.17273305017442897 0.83459528094681446 0.1985501849267165 0.19422285420296237 1.0628266069543313 0.19495219005329967 0.40958129202772398 1.2128734681755302 0.043118764180689939 1.1676537929306505 0.051330210932064801 0.4798842996242445
leaf_count=13 13 667 212 778 73 19 1520 903 88 2161 3 249 185 327
internal_value=-0.00154606 -0.00575072 0.00138638 0.0120556 -0.0164919 -0.02098 -0.00683082 0.0137526 -0.0240697 -0.0256293 -0.0293313 0.0167373 0.0209751 -0.0060707
internal_weight=8.13073 6.65171 4.51955 1.47902 2.13216 1.93361 2.98421 1.53534 1.73938 1.66557 1.25599 1.36261 0.885925 0.593097
internal_count=7211 5908 3551 1303 2357 2284 2187 1364 2265 2252 2164 1152 963 340
is_linear=0
shrinkage=0.05


Tree=175
num_leaves=15
num_cat=0
split_feature=65 133 103 94 24 9 60 85 91 120 127 38 125 129
split_gain=0.303777 0.2421 0.190979 0.148231 0.132926 0.110304 0.095208 0.0746475 0.0740433 0.0692251 0.065911 0.0640595 0.042794 0.0349128
threshold=55.112583160400398 0.99621212482452404 3.5000000000000004 0.54001721739768993 1.3550000190734866 0.66501650214195263 1316.8518066406252 0.00075471162563189875 0.0010132278548553588 -14.499999999999998 -105.22142410278319 0.65989691019058239 -304.49999999999994 0.066018011420965209
decision_type=2 2 2 10 8 10 2 2 8 2 8 10 2 8
left_child=2 4 3 7 9 -4 13 10 -3 -2 -1 -12 -11 -7
right_child=1 8 5 -5 -6 6 -8 -9 -10 12 11 -13 -14 -15
leaf_value=0.00096729983846988686 -0.0021726915361722724 0.0050888580013730969 -0.010861310913467597 0.0058748138346046723 -0.0041538436954250881 0.012583206969956738 -0.0033677203070784931 0.0027975769129301668 -0.014186670547513883 -0.0015993522854684948 -0.026883077480945351 -8.5171445359366181e-05 0.025929119772017641 -0.0010654350940972411
leaf_weight=0.20539633418957237 0.095913023251341767 0.16376022750046093 0.70388293640280597 0.20905448519624759 0.22855792962946009 1.3179498550744031 1.7732755940960485 0.10705897904699657 0.31356029442395084 0.031918495893478283 1.2995694899727825 0.25401465143659141 1.2416995164821854 0.40382733252772585
leaf_count=79 15 112 635 55 441 256 1204 48 212 1 2972 310 717 73
internal_value=-0.0015463 0.0117961 -0.00697478 -0.0164419 0.0188564 -3.35574e-05 0.00407825 -0.0201195 -0.00860533 0.0228289 -0.0220227 -0.0242507 0.0248392 0.0101667
internal_weight=8.34944 2.07541 6.27403 2.07509 1.59809 4.19894 3.49505 1.86604 0.477321 1.36953 1.75898 1.55358 1.27362 1.72178
internal_count=7130 1498 5632 3464 1174 2168 1533 3409 324 733 3361 3282 718 329
is_linear=0
shrinkage=0.05


Tree=176
num_leaves=15
num_cat=0
split_feature=27 128 125 45 67 4 115 121 78 69 48 133 97 118
split_gain=0.228876 0.221349 0.222815 0.230762 0.097856 0.0971313 0.0841642 0.0714075 0.0562626 0.0524475 0.0428325 0.038492 0.0360802 0.0317939
threshold=8225.4809570312518 -1133.0358886718748 -10.499999999999998 0.02803666424006224 34.357757568359382 54.880825042724616 0.028306949883699421 -1050.743469238281 0.27411873638629919 42.787570953369148 1.4839000073152422e-06 0.99621212482452404 0.0020567774772644047 0.062818344682455077
decision_type=8 10 2 10 2 10 2 2 2 2 8 2 10 2
left_child=1 5 4 6 12 -1 -4 -7 9 -5 -2 -6 -3 -8
right_child=10 2 3 8 11 7 13 -9 -10 -11 -12 -13 -14 -15
leaf_value=-0.01790586413087554 0.0017750542588254551 -0.0048139367715589187 -0.0027942385302335022 -0.0027301258961758943 -0.016982738537347577 -0.0076350267091416365 0.02700383144929145 0.0090296893405177794 -0.0078183614290697097 0.0091777228830921421 -0.020089795059978981 0.0013949342944182255 0.0066058573694693923 -0.0010836629806015702
leaf_weight=0.72370241029420845 0.083190128279966191 0.22876345287659139 0.081399587666965867 0.99231239984510544 0.4716732118395156 0.21253091459220741 1.1440974217402979 0.41655731978244148 0.30945396499009792 1.1586196296120759 0.72046445517480606 0.17793945912853815 0.85971703570976388 0.027062709312303812
leaf_count=647 350 215 272 446 323 17 946 57 160 180 3258 98 150 102
internal_value=-0.00221363 0.0017411 0.0063429 0.012285 -0.00620142 -0.0116164 0.023868 0.00216892 0.00119471 0.00456117 -0.0180972 -0.0141548 0.00304999 0.0261546
internal_weight=7.60748 6.80383 5.45104 3.71295 1.73809 1.35279 1.25256 0.629088 2.46039 2.15093 0.803655 0.649613 1.08848 1.17116
internal_count=7221 3613 2892 2106 786 721 1320 74 786 626 3608 421 365 1048
is_linear=0
shrinkage=0.05


Tree=177
num_leaves=15
num_cat=0
split_feature=95 103 14 77 91 9 30 93 129 70 3 65 124 28
split_gain=0.249593 0.250955 0.129118 0.136584 0.107872 0.0919888 0.1348 0.0789251 0.0572749 0.0638628 0.0567803 0.0418043 0.0405903 0.0328516
threshold=0.38375161588191992 3.5000000000000004 0.00082034952356480073 0.48993107676506048 0.018619817681610588 0.66501650214195263 1323.9351806640627 0.0036501199938356881 0.54387021064758312 24.230171203613285 686.14263916015636 529.41552734375011 -0.054772848263382905 1.0000000180025095e-35
decision_type=10 2 8 2 10 10 10 10 10 2 10 2 10 2
left_child=1 2 3 8 13 7 12 -3 9 -1 11 -11 -7 -2
right_child=4 5 -4 -5 -6 6 -8 -9 -10 10 -12 -13 -14 -15
leaf_value=0.0010121413927251166 -0.0016200091421839865 -0.013594056318213785 0.0058074786885354392 0.0028672994959034739 -0.0061558904632409341 -0.0021810166949869005 -0.0040156854624181304 0.0043916030252889636 0.0012704318898343842 -0.027028662416117205 0.002048858283232063 0.0014750763357928255 0.013891247237941799 0.020525578959250418
leaf_weight=0.17389462233404795 0.033050456084310897 0.51983058794576198 0.19495049092074612 0.43150573760067334 0.038564068381674588 0.17225441730988666 1.6053853233897823 0.39408401597756892 0.15074856118008018 1.7712758068591936 0.042805105535080545 0.030209919903427251 1.7540789183840391 0.69157450005877763
leaf_count=11 3 650 171 600 9 124 1182 69 27 3315 13 9 270 714
internal_value=-0.00224335 -0.00568537 -0.015164 -0.0179125 0.0151168 0.00196489 0.00556929 -0.00759616 -0.0216469 -0.0232125 -0.0250494 -0.0261948 0.0121999 0.0191618
internal_weight=8.00421 7.24102 2.79539 2.60044 0.763189 4.44563 3.53172 0.913915 2.16893 2.01819 1.84429 1.80149 1.92633 0.724625
internal_count=7167 6441 4146 3975 726 2295 1576 719 3375 3348 3337 3324 394 717
is_linear=0
shrinkage=0.05


Tree=178
num_leaves=15
num_cat=0
split_feature=17 128 103 126 85 99 123 70 47 18 115 97 32 125
split_gain=0.281485 0.263356 0.235779 0.112272 0.0991365 0.0953118 0.0757332 0.0618313 0.079439 0.0957651 0.054075 0.0537575 0.0496043 0.0427457
threshold=0.0010396881261840465 -1330.0451660156248 3.5000000000000004 -633.52023315429676 0.00052517766016535472 0.20263122767210009 -1.7053025658242402e-13 1412.8868408203127 0.10090876370668413 0.00370602949988097 0.64382019639015209 0.73771873116493236 1420.8262939453127 -252.49999999999997
decision_type=10 10 2 2 2 8 10 2 10 8 2 10 10 2
left_child=1 3 4 -1 11 -3 -5 8 -4 -10 13 12 -2 -7
right_child=2 5 7 6 -6 10 -8 -9 9 -11 -12 -13 -14 -15
leaf_value=0.0074611854378304797 -0.026919227203454146 -0.0028118003649441671 0.0055023239699458918 -0.017222058805249098 0.0033212774489755565 -0.0016315255760121666 0.0032362536543434541 0.0043196242092722187 -0.016146365608088957 0.0038159617520320526 -0.001447784530491626 0.0014633420391609623 0.001758005793795052 0.025485194220715292
leaf_weight=0.32525367812195327 1.0035883385498889 0.20100623097096071 0.41943847567017689 0.54602507715753745 0.13818403845652927 0.032557677477598079 0.25635426578810461 2.2962742004019674 0.79424641246441718 0.42709164960251667 0.10568485519615944 0.088387915806379058 0.036648653825977706 1.1495956195867618
leaf_count=21 3496 295 436 200 57 1 85 464 1262 62 12 11 15 799
internal_value=-0.00144746 0.00980195 -0.00777188 -0.00595586 -0.0206192 0.0193344 -0.0125167 -0.000298955 -0.00595076 -0.0105904 0.0225092 -0.0237336 -0.0255424 0.0243329
internal_weight=7.82034 2.61648 5.20386 1.12763 1.26681 1.48884 0.802379 3.93705 1.64078 1.22134 1.28784 1.12862 1.04024 1.18215
internal_count=7216 1413 5803 306 3579 1107 285 2224 1760 1324 812 3522 3511 800
is_linear=0
shrinkage=0.05


Tree=179
num_leaves=15
num_cat=0
split_feature=78 124 52 121 123 33 128 21 6 127 128 128 108 114
split_gain=0.238667 0.190323 0.266592 0.163254 0.141561 0.103217 0.0873681 0.0796697 0.0517002 0.0500976 0.0456776 0.0388156 0.0334552 0.0270741
threshold=1.0000000180025095e-35 -0.074561335146427141 1.8284313678741457 -19070.416015624996 -267.89274597167963 1420.8050537109377 1.0000000180025095e-35 0.67113015055656444 32.658084869384773 -50.571344375610344 -1.7053025658242402e-13 913.62738037109386 0.010006838943809273 0.47831371426582342
decision_type=2 10 10 2 8 10 8 10 10 8 10 10 2 2
left_child=1 6 3 -3 -2 7 10 11 13 -10 -1 -6 -5 -4
right_child=4 2 8 12 5 -7 -8 -9 9 -11 -12 -13 -14 -15
leaf_value=-0.0042329510890068102 0.0047296642713156225 -0.0027469762149060347 -0.0014320637568492724 0.026004222784475301 -0.023051388809138481 0.0035116388245014711 -0.015446841006882976 0.003122916731731133 0.002878495767742394 -0.012428848810468166 0.0090656215763156352 0.001381409922263306 -0.0012500596077475135 0.0079694285908811623
leaf_weight=0.49720654576958623 0.58014017257664818 0.4368518557603237 1.1594758467836075 1.3700712344725614 1.4468728598440068 0.25566740697831836 0.50861497083678842 0.10342208261135954 0.35033955440303544 0.50109830059955118 0.22220862937683683 0.057901936947018728 0.02507054098532524 0.38933118613203976
leaf_count=92 113 58 660 739 2572 244 226 59 60 1979 84 60 12 214
internal_value=-0.000961476 0.00480666 0.0094822 0.0199165 -0.0115022 -0.0164418 -0.00833061 -0.0197441 -0.00199701 -0.00797757 0.00275819 -0.0219351 0.025197 0.00313075
internal_weight=7.90427 5.46027 4.23224 1.83199 2.444 1.86386 1.22803 1.6082 2.40024 0.851438 0.719415 1.50477 1.39514 1.54881
internal_count=7172 4124 3722 809 3048 2935 402 2691 2913 2039 176 2632 751 874
is_linear=0
shrinkage=0.05


Tree=180
num_leaves=15
num_cat=0
split_feature=93 9 69 133 116 32 115 6 38 49 116 61 58 93
split_gain=0.244563 0.209647 0.216361 0.139522 0.105646 0.105359 0.0949788 0.0817213 0.081027 0.0760812 0.0703906 0.0583455 0.0489013 0.0370397
threshold=0.008777164854109289 0.66501650214195263 44.582815170288093 0.99621212482452404 1.9211003780364992 515.85650634765636 0.0298191336914897 30.858586311340336 0.99509802460670482 0.53236433863639843 0.29396766424179083 1409.474548339844 801.14468383789074 2.4344999474124056e-06
decision_type=10 8 2 2 2 10 2 8 10 10 2 2 2 10
left_child=1 5 7 4 10 8 -4 -3 9 11 -2 -1 -5 -8
right_child=3 2 6 12 -6 -7 13 -9 -10 -11 -12 -13 -14 -15
leaf_value=-0.025576475841942409 -0.0029963507671997977 0.0010495786492079604 -0.0041265392031329205 -0.01042711245141756 -0.0048083567843491748 0.0049929626501153289 0.018964010091124892 -0.013079626319995208 0.0035368149002676856 0.0014325078710340521 0.022591481495026107 0.0021955978913791221 0.0048835947216406706 -0.00056093318292105765
leaf_weight=1.2830098851991349 0.062798356841085368 1.7114976537122859 0.28446484767482605 0.26361351262312371 0.10516030248254526 0.11490106166456815 0.92508061639091443 1.1253214517273589 0.080646116635762044 0.21050822734832753 1.1672191139659842 0.043731700628995784 0.12992245086934417 0.21375954922405072
leaf_count=2212 24 451 910 60 202 48 584 1786 25 2 729 1 149 71
internal_value=-0.000756626 -0.00563476 0.00105958 0.0120219 0.0173272 -0.0164582 0.0125969 -0.00650343 -0.019307 -0.021427 0.0205273 -0.0241109 -0.0054952 0.0167504
internal_weight=7.72163 5.99292 4.26012 1.72871 1.33518 1.7328 1.42331 2.83682 1.6179 1.53725 1.23002 1.32674 0.393536 1.13884
internal_count=7254 6090 3802 1164 955 2288 1565 2237 2240 2215 753 2213 209 655
is_linear=0
shrinkage=0.05


Tree=181
num_leaves=15
num_cat=0
split_feature=65 5 91 106 9 124 52 122 122 7 129 116 62 103
split_gain=0.260848 0.209165 0.173317 0.102967 0.0920752 0.0722303 0.0713204 0.0704963 0.0696176 0.0693295 0.0534165 0.0429565 0.0376253 0.0405778
threshold=55.112583160400398 245.878044128418 0.0011240079184062781 32.147355079650886 0.66501650214195263 0.50506445765495311 1.0500000119209292 -34.626602172851555 -45.535810470581048 39.930795669555671 0.60777598619461071 1.4427098631858828 259.74577331542974 4.5000000000000009
decision_type=2 10 10 2 10 8 8 10 8 10 10 2 2 2
left_child=1 3 5 -1 6 10 -3 -4 -5 -6 -2 -11 -10 -14
right_child=2 4 7 8 9 -7 -8 -9 12 11 -12 -13 13 -15
leaf_value=0.0041264718617505169 0.024206954344674705 0.005727681936655668 0.006029986448316837 0.00076487373243136871 -0.00052596213829902321 -0.0015816902531407559 -0.011731113598168792 -0.011998209986340658 -0.022878207712949503 -0.0030217186158056301 -0.002136518738933532 0.013877301915157958 -0.0065364687071940986 0.0070128170312982845
leaf_weight=0.26840032992186014 1.1025140276469754 0.16536743741016824 0.15505308398860507 0.3605888068996137 1.9239020118548071 0.21381794457556669 0.72328274993924424 0.25560196883452579 1.1304752709838792 0.078669525333680101 0.044104427099227794 1.2666740319400558 0.16220826439530345 0.053768705984111875
leaf_count=59 770 24 31 138 356 46 1030 646 3084 166 4 245 527 84
internal_value=0.00102062 -0.00414347 0.0139457 -0.0143419 0.00254306 0.0198035 -0.00716976 -0.00574203 -0.0176974 0.0062442 0.0226704 0.0120221 -0.0208606 -0.000170111
internal_weight=7.90443 6.13334 1.77109 1.97544 4.1579 1.36044 0.88865 0.410655 1.70704 3.26925 1.14662 1.34534 1.34645 0.215977
internal_count=7210 5713 1497 3892 1821 820 1054 677 3833 767 774 411 3695 611
is_linear=0
shrinkage=0.05


Tree=182
num_leaves=15
num_cat=0
split_feature=123 62 73 91 103 35 126 113 21 86 99 123 9 119
split_gain=0.210945 0.196227 0.195228 0.150453 0.114451 0.0769737 0.0634768 0.054228 0.0518776 0.0509209 0.0459766 0.0358111 0.0317293 0.0301893
threshold=4.2632564145606017e-14 2.1316282072803009e-14 999.26354980468761 0.018619817681610588 3.5000000000000004 1423.0373535156252 -208367.18749999997 77.707798004150405 0.67113015055656444 0.96230155229568493 0.18035651743412021 345.66242980957037 0.66501650214195263 0.051952917128801353
decision_type=8 2 2 10 2 10 2 2 10 2 8 10 10 2
left_child=1 3 5 6 8 7 -1 -2 13 12 -4 -9 -6 -3
right_child=2 4 10 -5 9 -7 -8 11 -10 -11 -12 -13 -14 -15
leaf_value=-0.0025383884560351774 0.0012118832162161875 0.0006540970676617129 -0.0020901053347179058 -0.0073427225870494189 -0.0022381048651457674 0.0014251775426248373 0.024161950763504483 -0.021646538736660843 0.0038409942881563169 -0.0054546928970228732 0.01037791116611924 0.00025421661821689259 0.0098516404241057835 -0.016086795069589443
leaf_weight=0.052066488424315938 0.21313856239430684 0.23363709652767317 0.94509914904483561 0.032873943346203194 0.28848997842578672 0.44371575176774047 0.9962704491335902 1.4984781440580262 0.084043872862821445 0.2015784769100718 0.4691415572888219 0.17685003868245974 1.455066613605595 0.58228260134637821
leaf_count=5 32 108 413 41 185 270 760 2702 14 655 119 116 224 1527
internal_value=-0.000787632 0.00654535 -0.00823259 0.0182486 -0.00149144 -0.0150822 0.022244 -0.0181114 -0.0107808 0.00500772 0.00463134 -0.0201038 0.00776461 -0.0135727
internal_weight=7.67273 3.92631 3.74642 1.08121 2.8451 2.33218 1.04834 1.88847 0.899964 1.94514 1.41424 1.67533 1.74356 0.81592
internal_count=7171 3519 3652 806 2713 3120 765 2850 1649 1064 532 2818 409 1635
is_linear=0
shrinkage=0.05


Tree=183
num_leaves=15
num_cat=0
split_feature=123 91 7 122 3 120 64 31 34 89 123 129 129 44
split_gain=0.229324 0.231883 0.225073 0.200379 0.0980254 0.0768408 0.0704064 0.0692347 0.0627238 0.05286 0.0506942 0.0425992 0.0410245 0.0288267
threshold=-1241.2652587890623 0.00090707818162627529 67.687007904052749 3.4106051316484814e-13 20.473155021667484 -12.499999999999998 999.26354980468761 238.96514129638675 267.63208007812506 0.23845994472503665 -671.73440551757801 0.54387021064758312 -0.020726656541228291 0.19723790138959887
decision_type=10 10 8 10 10 2 2 10 10 10 10 10 10 8
left_child=6 3 4 5 7 -2 11 -3 10 -5 -4 -1 -6 -7
right_child=1 2 8 9 12 13 -8 -9 -10 -11 -12 -13 -14 -15
leaf_value=-0.019760754365188506 -0.002772227134280116 -0.013187557244032665 0.00038660636215821824 -0.010648123031201316 -0.00094096537132338067 -0.001147142357732653 0.003744138421742631 0.0054412982762052156 0.0028607521605806463 0.0051536263714197479 -0.023716338521747891 0.0011872248361405474 0.0095129644317781502 0.024670790857531752
leaf_weight=1.1945784139461464 0.091902489119092823 0.46503624791512299 0.21655567911511753 0.34992640974814992 1.1355435044897606 0.023463911791622771 0.087390933767892309 0.096672954139648937 0.077438671709387563 0.11740462080342695 0.57327332190470759 0.15093087551940687 1.9350454314044325 1.036968122178223
leaf_count=998 61 2085 50 176 256 102 28 222 44 81 1843 18 506 744
internal_value=-0.00253654 0.00228058 -0.00385505 0.0142908 0.00271109 0.0213966 -0.0155899 -0.0085502 -0.0180797 -0.00587154 -0.0205841 -0.0179066 0.00636554 0.02382
internal_weight=7.55213 6.11923 4.49957 1.61967 3.6323 1.15233 1.4329 0.561709 0.867268 0.467331 0.789829 1.34551 3.07059 1.06043
internal_count=7214 6170 5006 1164 3069 907 1044 2307 1937 257 1893 1016 762 846
is_linear=0
shrinkage=0.05


Tree=184
num_leaves=15
num_cat=0
split_feature=52 129 71 62 62 132 74 85 97 123 91 35 73 4
split_gain=0.261444 0.201248 0.166137 0.150705 0.121391 0.0846712 0.0625298 0.0542044 0.0524459 0.039694 0.0382142 0.0381436 0.0356502 0.0343461
threshold=12.038461685180666 -0.020726656541228291 515.80297851562511 2.1316282072803009e-14 220.21801757812503 0.99617826938629161 0.65897691249847423 0.01213235314935446 0.51967641711235057 -41.859365463256829 0.028040750883519653 1420.8262939453127 477.06686401367193 9.9265222549438494
decision_type=8 10 2 2 2 2 2 2 10 8 10 8 2 8
left_child=1 2 8 -3 9 10 -6 -8 11 -5 -2 13 -11 -1
right_child=5 3 -4 4 6 -7 7 -9 -10 12 -12 -13 -14 -15
leaf_value=0.0018926354603197089 -0.021045270353812665 0.020982145579385506 0.00855536704343581 0.0021266421253776069 -0.0034713724104352747 0.002466638400669274 0.016742019999351872 0.00079920115851072184 0.003572521691352431 -0.014716040598472511 0.00052945318593775753 -0.0005271248236315137 0.00079850891922543142 -0.01842016668428129
leaf_weight=0.0383632560260595 0.91098338515439514 0.89629733072069928 0.57428970233013377 0.46884478400170337 0.42276890239736564 0.32346935506939178 0.74701164900034178 0.91918837127741426 0.076504031399963313 0.35009343535784887 0.1760459801153047 0.48430108267348271 0.37573337290086783 1.1439486548479179
leaf_count=4 3220 735 119 47 175 777 247 14 53 790 115 54 51 805
internal_value=-0.000823838 0.00386688 -0.00632862 0.00964992 0.00238059 -0.0150716 0.00836634 0.0115454 -0.0125635 -0.00712899 -0.0189717 -0.0143662 -0.0108757 -0.0171958
internal_weight=7.90784 6.49734 2.31741 4.17994 3.28364 1.4105 2.08897 1.6662 1.74312 1.19467 1.08703 1.66661 0.725827 1.18231
internal_count=7206 3094 1035 2059 1324 4112 436 261 916 888 3335 863 841 809
is_linear=0
shrinkage=0.05


Tree=185
num_leaves=15
num_cat=0
split_feature=127 73 125 91 103 137 123 137 50 123 96 46 98 119
split_gain=0.207522 0.215283 0.167181 0.185004 0.104839 0.0998789 0.0721378 0.0545467 0.053764 0.0293053 0.0268354 0.025139 0.0234689 0.0196983
threshold=0.019328249618411068 999.26354980468761 -10.499999999999998 0.0010408111847937109 5.5000000000000009 94.584484100341811 -21.892576217651364 85.749347686767592 0.21494668722152713 8.7698788642883319 0.59086209535598766 0.70395550131797802 0.23169913142919543 0.08350583910942079
decision_type=8 2 2 10 2 2 10 2 8 8 10 10 8 2
left_child=2 4 7 5 11 12 -5 -1 -3 10 -8 13 -4 -2
right_child=1 8 3 6 -6 -7 9 -9 -10 -11 -12 -13 -14 -15
leaf_value=-0.013696871438129749 -0.00061660368309298199 -0.0024670371509196588 -0.00088371229544949271 0.005682780160714644 -0.00022728993437555977 -0.0035033618378136409 -0.012915013385300218 0.0035689642091671103 0.011185041267209204 0.0010461269209277291 0.0022154886802017004 0.0010951424341192827 0.023664731641844208 -0.023938554878428258
leaf_weight=0.53536254249775073 0.15014252994296917 1.0063942585838954 0.028760168395820296 1.1924262171887678 0.71803592526703131 0.1476968157076044 0.47018236107396627 0.1699437904972001 0.28877172392094519 0.52007348520419339 0.046079512336291373 0.022306630038656183 0.96768044638156425 1.3892247675903489
leaf_count=760 455 408 95 296 731 38 995 240 84 362 14 13 750 1903
internal_value=-0.00295266 -0.0104286 0.00436374 0.0089218 -0.0174329 0.0194179 -0.000811637 -0.00988337 0.00412394 -0.00740529 -0.010994 -0.0221668 0.0228684 -0.0228024
internal_weight=7.65308 3.57488 4.07821 3.3729 2.27971 1.14414 2.22876 0.705306 1.29517 1.03634 0.516262 1.56167 0.996441 1.53937
internal_count=7144 3594 3550 2550 3102 883 1667 1000 492 1371 1009 2371 845 2358
is_linear=0
shrinkage=0.05


Tree=186
num_leaves=15
num_cat=0
split_feature=47 103 132 65 128 101 93 36 100 123 10 31 126 85
split_gain=0.185569 0.168341 0.265388 0.126038 0.120789 0.0935996 0.0849306 0.113668 0.0835051 0.0683899 0.05429 0.0487394 0.0480848 0.0347875
threshold=0.64113470911979686 3.5000000000000004 1.0000000180025095e-35 529.41552734375011 -935.87802124023426 0.9512033760547639 0.0036501199938356881 1413.7432861328127 0.10111146420240404 -234.72235107421872 0.99504950642585765 318.16894531250006 266.02473449707037 0.015772478654980663
decision_type=10 2 2 2 8 10 10 10 10 8 10 10 2 2
left_child=1 2 3 4 -1 -2 7 8 -3 -6 13 -9 -4 -11
right_child=5 6 12 -5 9 -7 -8 11 -10 10 -12 -13 -14 -15
leaf_value=0.0038603976852912658 0.01425292921071312 0.0033064363205032553 0.011818010381492876 0.0049479418176031527 0.0015415510539498768 -0.0051337460171631639 0.011188637239716918 -0.001713944015099114 -0.015471939258376134 -0.029684062901163905 0.0016627929493000185 0.010350995778058592 -0.0038406427442656261 0.00043974065543104314
leaf_weight=0.12599672700162046 1.3990390830877002 0.43793415562686344 0.42749962462403335 0.11148198231239792 0.10992828157759504 0.27041687065502618 0.63570548320421938 1.1935599862772504 0.81874313095613616 1.4057554477112719 0.044906888884724938 0.68175424395303696 0.16606254143698607 0.0697293838020413
leaf_count=59 554 431 375 58 122 161 220 296 1345 3019 30 63 443 7
internal_value=-0.00101363 -0.00507551 -0.0130745 -0.0201016 -0.0229099 0.0103659 0.00179635 -0.00235646 -0.0103626 -0.0256599 -0.0274579 0.00474668 0.00777615 -0.0286579
internal_weight=7.89851 6.22906 2.46136 1.8678 1.75632 1.66946 3.7677 3.13199 1.25668 1.63032 1.52039 1.87531 0.593562 1.47548
internal_count=7183 6468 4113 3295 3237 715 2355 2135 1776 3178 3056 359 818 3026
is_linear=0
shrinkage=0.05


Tree=187
num_leaves=15
num_cat=0
split_feature=73 123 17 106 103 23 110 31 129 86 46 11 115 18
split_gain=0.232266 0.186026 0.227456 0.131336 0.118063 0.0941519 0.0658701 0.0526488 0.0454995 0.0429897 0.0394112 0.0319162 0.0301456 0.0261455
threshold=877.57525634765636 4.2632564145606017e-14 0.0010724407620728018 1432.9322509765627 2.5000000000000004 6.5000000000000009 256.6648788452149 7.99979591369629 0.54387021064758312 0.95759403705596935 1.6234999975495159e-06 0.046693313866853721 0.75019729137420665 0.0013180014793761077
decision_type=2 8 10 2 2 2 2 10 10 2 10 10 2 8
left_child=1 2 7 11 8 6 -4 12 -3 -7 -5 -2 -1 -6
right_child=3 4 5 10 13 9 -8 -9 -10 -11 -12 -13 -14 -15
leaf_value=0.018838349634685836 0.018847501843367351 -0.023757647308952967 0.0020487416093987183 0.0036041960214811316 -0.0049664684005235812 0.0070664746780732639 -0.019115381031892243 -0.002986141238084588 0.00058884746497100916 -0.0056778718172795636 -0.0073103104816598027 -0.0016596595844584458 -0.0012859738894779298 0.0043116349045238646
leaf_weight=0.71573596225061953 0.85834677555249106 1.1421850436745447 0.25318488618358947 0.94771882804343455 0.61910843593068388 0.6784827712472179 0.50233488009689609 0.073194898286601529 0.15863989686476987 0.17930680438439595 0.48243574393563904 0.042425705323694274 0.072821361609385349 0.45070315319753729
leaf_count=494 393 2023 26 349 866 211 1543 128 20 630 291 17 3 198
internal_value=-0.00192834 -0.00773993 0.001943 0.00884979 -0.0154266 -0.00803014 -0.014896 0.0148985 -0.021823 0.00278019 -0.00157073 0.0175166 0.0173 -0.000863049
internal_weight=7.17663 4.8457 2.47506 2.33093 2.37064 1.61331 0.75552 0.861752 1.30082 0.85779 1.43015 0.900772 0.788557 1.06981
internal_count=7192 6142 3035 1050 3107 2410 1569 625 2043 841 640 410 497 1064
is_linear=0
shrinkage=0.05


Tree=188
num_leaves=15
num_cat=0
split_feature=17 30 116 114 106 2 31 137 118 3 33 122 52 124
split_gain=0.175902 0.206759 0.175135 0.116546 0.0766247 0.0763501 0.0577711 0.06366 0.0568077 0.0519614 0.0452721 0.0399639 0.0396733 0.0271473
threshold=0.00088158855214715015 517.74331665039074 0.67885988950729381 0.47747613489627844 257.30628204345709 55.451335906982429 558.07388305664074 86.584484100341811 0.066730201244354262 109.97529983520509 1439.4903564453127 -169.35871124267575 1.0500000119209292 0.032427094876766212
decision_type=8 8 2 2 2 10 8 2 2 10 10 8 8 10
left_child=2 4 11 9 5 -2 8 -8 -5 10 -3 -1 -4 -7
right_child=1 3 12 6 -6 13 7 -9 -10 -11 -12 -13 -14 -15
leaf_value=0.0041279918362169274 -0.0099012464077343348 -0.014309659547235032 0.020692720066105782 0.01503153450917805 -0.022910017904509649 0.010006441770773856 0.0055354927281686984 -0.009846158342375887 -0.0020536018340862093 0.00070984376729246951 0.0027284242014646558 -0.010215333278075871 -0.0019014283739761399 -0.0022981360422212414
leaf_weight=0.091534897452220321 0.34166345038829582 0.68849174051865736 0.7012133241223637 1.0201705352810679 0.72796310232661199 0.26887981420441065 0.53968844655901183 0.23001278614538023 0.35602332187409036 1.4708001934632191 0.14648413425311446 0.36678462140844181 0.042219421316985972 0.22139677722589113
leaf_count=10 65 2746 776 355 1898 68 223 109 190 140 102 288 138 16
internal_value=-0.00176582 -0.00545783 0.0107935 0.000864652 -0.0167904 -0.00185274 0.00762694 -0.00202744 0.0116074 -0.00583214 -0.0114626 -0.00648439 0.019055 0.00663638
internal_weight=7.21333 6.01157 1.20175 4.45167 1.5599 0.83194 2.1459 0.769701 1.37619 2.30578 0.834976 0.45832 0.743433 0.490277
internal_count=7124 5912 1212 3865 2047 149 877 332 545 2988 2848 298 914 84
is_linear=0
shrinkage=0.05


Tree=189
num_leaves=15
num_cat=0
split_feature=25 127 90 71 49 126 3 116 48 63 17 17 115 96
split_gain=0.165085 0.186455 0.172292 0.166079 0.112233 0.0851898 0.0843859 0.0448396 0.0446406 0.0442139 0.0418246 0.0339337 0.0287563 0.0281502
threshold=3089.032836914063 41.939849853515632 0.027123004198074344 529.41552734375011 0.0043915924616158017 -97227.437499999985 20.473155021667484 1.9211003780364992 1.5039000231809043e-06 203.53153991699222 0.018800960853695873 0.002664151601493359 0.027968198060989383 0.033499877899885185
decision_type=10 8 10 2 8 2 10 2 8 2 10 8 2 8
left_child=1 2 4 11 -1 -6 10 -8 -2 12 -4 -3 -7 -5
right_child=8 3 6 13 5 9 7 -9 -10 -11 -12 -13 -14 -15
leaf_value=-0.0041400681520051101 0.0023626053081100625 0.00032800892697400826 0.0032012658294285736 -0.0022701698773667776 -0.0031161080605395493 -0.001040772367963473 0.0069556725042555501 -0.0030443080774400278 -0.016968577999838783 -0.00035316454987673393 -0.013767716917670515 -0.018047009191363771 0.025724047393572303 0.01099135572821518
leaf_weight=0.20371473825798569 0.098836373734229599 0.24960061035380898 0.069991765602026468 0.16860775445820753 0.10825807139917687 0.026041991339298298 2.1028713253326718 1.0424146505683891 0.54696357837383403 0.15799072926165547 0.30704204105131794 0.87118714764801564 1.1411887074500553 0.24785522511228919
leaf_count=546 483 215 71 24 27 94 266 174 3329 5 633 476 798 74
internal_value=1.3216e-06 0.00307463 0.00746186 -0.00878777 0.0171266 0.0206082 0.00017583 0.00370658 -0.0143721 0.0230529 -0.0105805 -0.0157297 0.0249222 0.00781008
internal_weight=7.34256 6.69676 5.15951 1.53725 1.63719 1.43348 3.52232 3.14529 0.6458 1.32522 0.377034 1.12079 1.16723 0.416463
internal_count=7215 3403 2614 789 1470 924 1144 440 3812 897 704 691 892 98
is_linear=0
shrinkage=0.05


Tree=190
num_leaves=15
num_cat=0
split_feature=127 73 27 7 133 39 6 99 49 128 124 50 43 5
split_gain=0.139558 0.165532 0.165229 0.121946 0.0918821 0.0972199 0.0905693 0.076093 0.0617656 0.0454081 0.0384026 0.0375414 0.0331736 0.0342098
threshold=19.976470947265629 999.26354980468761 8225.4809570312518 44.582815170288093 0.99621212482452404 0.22310206294059756 34.357757568359382 0.20263122767210009 0.0024001385318115358 25.065630912780765 0.010578451212495567 0.76794075965881359 0.95881515741348278 507.57017517089849
decision_type=8 2 10 10 2 8 10 8 8 10 8 10 10 10
left_child=2 11 3 6 8 -6 10 -3 -5 -10 12 -2 13 -1
right_child=1 7 -4 4 5 -7 -8 -9 9 -11 -12 -13 -14 -15
leaf_value=0.014868363188046633 -0.018754355065821335 -0.0043054534814183573 -0.011873564555302314 0.00077558387902675291 0.0078527377271512128 -0.012308942061058792 -0.011056178887498521 0.011970352544474518 0.022407425967571656 -0.00070925242153954769 -0.0024078573519289437 0.0006074485945345722 -0.0024587048174489323 -0.0004888975265440349
leaf_weight=0.33849123903200973 1.233203651790973 0.78072951670037549 0.54976544143573836 0.59258171000692539 0.28827572271256929 0.15793399706308264 0.50250676461291721 0.31355922605143871 1.0674079916425396 0.17001394701947004 0.846005861509184 0.21300828590756271 0.20390752956882352 0.41291050851577893
leaf_count=114 1097 286 3067 206 263 50 545 87 791 38 252 27 310 18
internal_value=-0.00158035 -0.00934572 0.00316265 0.00677193 0.013001 -0.0028602 -0.00145485 0.00384709 0.0165126 0.0203339 0.00421425 -0.0168201 0.00831089 0.0109686
internal_weight=7.6703 2.5405 5.1298 4.58004 2.27621 0.44621 2.30382 1.09429 1.83 1.23742 1.80132 1.44621 0.955309 0.751402
internal_count=7151 1497 5654 2587 1348 313 1239 373 1035 829 694 1124 442 132
is_linear=0
shrinkage=0.05


Tree=191
num_leaves=15
num_cat=0
split_feature=128 22 78 122 7 17 30 115 69 124 126 7 100 31
split_gain=0.165553 0.159646 0.14386 0.10749 0.116307 0.10214 0.0982756 0.090484 0.0716637 0.0578492 0.0420526 0.0410388 0.0347959 0.0280669
threshold=37.204080581665046 0.21206715703010562 0.3747659176588059 3.2573081254959111 45.661996841430671 0.2501120418310166 1221.9670410156252 0.028715878725051883 741.55838012695324 0.38315427303314215 -499.15753173828119 38.054365158081062 0.30995784699916845 274.47221374511724
decision_type=8 8 2 8 8 10 10 2 2 8 2 10 8 10
left_child=1 6 5 4 -2 9 -1 13 -5 -3 -4 -9 -6 -8
right_child=3 2 10 8 12 -7 7 11 -10 -11 -12 -13 -14 -15
leaf_value=-0.014145792031391935 -0.0095073370006229282 0.023118463585144241 -0.011225722362415667 -0.020732251829627912 -0.0024287112550844862 -0.00069536243193042268 -0.010857978571946921 0.00016208203484182113 0.0031351845427091381 -0.00039233069906362467 0.0031827172376929684 0.012753397759350443 0.011864875108155669 0.0027287896236827896
leaf_weight=0.54816688300343264 0.65264002953335842 1.0529667942755625 0.16133380487008253 0.88677907740930129 0.18734371486061729 0.6879695284878834 0.45545313414186273 1.2481664685983558 0.094869965454563498 0.26212015766213914 0.29779936805425666 0.40508570962992951 0.57253746871720068 0.065349374126526527
leaf_count=1976 388 693 44 850 284 28 1792 108 35 70 115 567 138 85
internal_value=-0.00177751 0.00329442 0.010654 -0.0104952 2.57158e-05 0.0152486 -0.00443612 0.00169746 -0.0180075 0.020287 -0.00610382 0.00689117 0.00896324 -0.00847984
internal_weight=7.57858 5.18441 2.46219 2.39417 1.41252 2.00306 2.72222 2.17405 0.981649 1.31509 0.459133 1.65325 0.759881 0.520803
internal_count=7173 5478 950 1695 810 791 4528 2552 885 763 159 675 422 1877
is_linear=0
shrinkage=0.05


Tree=192
num_leaves=15
num_cat=0
split_feature=95 103 132 122 67 128 38 97 60 34 73 122 128 73
split_gain=0.161953 0.175502 0.237739 0.114266 0.105481 0.0765903 0.0651785 0.086812 0.0662899 0.0644221 0.0405536 0.0365451 0.0270582 0.025569
threshold=0.57055988907814037 3.5000000000000004 1.0000000180025095e-35 -38.342811584472649 529.41552734375011 -935.87802124023426 0.039063083007931716 0.0020567774772644047 1342.9459228515627 377.74736022949224 1404.5828247070315 -14.050100803375242 103.47202682495119 133.83280181884768
decision_type=10 2 2 8 2 8 10 10 2 8 2 8 10 2
left_child=1 2 3 -1 5 -5 7 10 11 -4 -3 -9 -13 -8
right_child=-2 6 9 4 -6 -7 13 8 -10 -11 -12 12 -14 -15
leaf_value=0.0011992847471716675 0.015214798865185487 -0.00565608055661966 -0.0042166558790539699 0.0020725842571777823 0.0038136767648262551 -0.027095718631832844 0.0029905538066561481 -0.00074355261406376032 -0.0021603385615256449 0.01263222288250916 0.005348498726374204 0.017795609506055205 -0.00057760171066105015 -0.0089522479054551674
leaf_weight=0.52524413861101493 0.45627265871735279 1.3365212206772414 0.31038445594458597 0.10035448159032967 0.090713403915287816 1.2765731248728118 0.081125304277520516 0.26605828769243089 0.49906933459715208 0.42667489196173847 0.37450498819816846 1.1426627379914864 0.15337678721698456 0.46551199833629653
leaf_count=190 580 1182 468 70 35 3087 48 92 391 387 69 370 48 184
internal_value=-0.000144503 -0.00290552 -0.0109705 -0.0178477 -0.0223879 -0.0249923 0.00329648 0.00574577 0.010873 0.00719413 -0.00216302 0.0142549 0.0163167 -0.00639223
internal_weight=7.50505 7.04878 2.72994 1.99289 1.46764 1.37693 4.31883 3.77219 2.06117 0.737059 1.71103 1.5621 1.29604 0.546637
internal_count=7201 6621 4237 3382 3192 3157 2384 2152 901 855 1251 510 418 232
is_linear=0
shrinkage=0.05


Tree=193
num_leaves=15
num_cat=0
split_feature=78 69 115 27 27 35 35 121 49 85 21 40 124 2
split_gain=0.145513 0.234023 0.14866 0.129798 0.114927 0.0980408 0.0912221 0.0796682 0.0736012 0.0614274 0.0599511 0.0508508 0.031143 0.0291541
threshold=0.14434523880481723 44.582815170288093 0.50145685672760021 7991.0905761718759 525.26052856445324 30.832298278808597 1423.0373535156252 -89489.527343749985 0.0021351482719182972 0.0089687905274331587 0.67113015055656444 0.19677419215440753 -0.22109694778919217 262.16984558105474
decision_type=2 2 2 8 10 8 10 2 8 2 10 10 10 10
left_child=1 5 3 7 -4 12 9 -3 -9 -7 11 13 -1 -2
right_child=10 2 4 -5 -6 6 -8 8 -10 -11 -12 -13 -14 -15
leaf_value=-0.0032179639879505516 -0.019760460392649129 -0.0028893852140554547 0.0077545512580165206 -0.0033716762593853293 -0.012723657324190696 -0.018320781538313038 0.0010687281143985422 0.0028355341568516487 0.028049799307110598 -6.5014776472039107e-06 0.0038818072008123643 0.00091205735343780005 0.0096678050719711875 0.0010924032044914674
leaf_weight=0.11978378021740355 0.6951555464256669 0.10648532621416951 0.41942625978845161 0.39070572379569046 0.4096593314607162 1.0856171088016711 1.3084424387270699 0.63417298087006257 0.90515270960167993 0.58754062349908043 0.095546835073036962 0.31637386543297907 0.43218696027179282 0.074712030815135222
leaf_count=28 1160 77 28 1533 577 2149 290 282 827 16 60 26 103 57
internal_value=-0.00106312 0.00239853 0.0111904 0.0165278 -0.00378824 -0.00562706 -0.00897965 0.0207407 0.0228694 -0.0142979 -0.0123155 -0.0149179 0.00659979 -0.018263
internal_weight=7.58096 6.39917 2.8656 2.03652 0.829086 3.53357 2.9816 1.64581 1.53933 1.67316 1.18179 1.08624 0.551971 0.769868
internal_count=7213 5910 3324 2719 605 2586 2455 1186 1109 2165 1303 1243 131 1217
is_linear=0
shrinkage=0.05


Tree=194
num_leaves=15
num_cat=0
split_feature=73 103 93 27 106 43 73 38 9 121 43 49 4 133
split_gain=0.148964 0.139527 0.18989 0.125866 0.100903 0.0967352 0.131036 0.08995 0.0755447 0.0591772 0.038233 0.0339497 0.0330935 0.0265697
threshold=999.26354980468761 3.5000000000000004 0.64170813560485851 525.26052856445324 1432.9322509765627 0.96435630321502697 278.37718200683599 0.65989691019058239 0.71642351150512706 -4079.703735351562 0.91404446959495556 0.0016565879923291507 264.58280944824224 0.99140444397926342
decision_type=2 2 8 8 2 10 2 10 10 2 10 8 10 2
left_child=1 2 7 9 11 6 8 12 -3 -4 -6 -2 -1 -11
right_child=4 5 3 -5 10 -7 -8 -9 -10 13 -12 -13 -14 -15
leaf_value=-0.02368358484124955 -0.0019733457218649025 -0.00084589627300740613 -0.0038224086195269799 -0.0099443845160650888 -0.0050417099091016456 -0.0083931389769935898 -0.0035143233483625651 0.0014959964955460221 0.021654606665513165 0.015740729400309933 0.0050930230439304204 0.017599661317042884 0.0013744243630388088 -0.00085182298731245078
leaf_weight=1.157011589377362 0.040938296617241909 0.40468225408403691 0.17274747131159529 0.33954858739161875 0.99784993279899914 0.36025050973694295 0.99188675615005195 0.32224892023805285 0.45093228221230675 0.60016273063956727 0.74658596978406422 0.80801243483438157 0.028229452378582098 0.16856980719603598
leaf_count=3230 16 446 30 29 470 1021 212 531 301 266 169 380 35 69
internal_value=-0.00010507 -0.00491833 -0.0109029 0.00280076 0.00795603 0.00368303 0.00815839 -0.0190208 0.0162917 0.0101518 -0.000428932 0.016099 -0.0227309 0.0136778
internal_weight=7.58966 4.99627 2.78852 1.28103 2.59339 2.20775 1.8475 1.50749 0.855615 0.94148 1.74444 0.848951 1.18524 0.768733
internal_count=7205 6170 4190 394 1035 1980 959 3796 747 365 639 396 3265 335
is_linear=0
shrinkage=0.05


Tree=195
num_leaves=15
num_cat=0
split_feature=61 78 26 120 53 137 13 49 35 53 123 32 25 69
split_gain=0.158555 0.172158 0.179625 0.113965 0.0903875 0.11309 0.0734619 0.0791589 0.0556691 0.052089 0.0443978 0.0432122 0.0421696 0.0421126
threshold=54.919898986816413 0.13360107690095904 0.016048143617808822 -157.49999999999997 30.832298278808597 85.749347686767592 0.83333334326744091 0.0016565879923291507 1439.4903564453127 255.20329284667972 -60.137214660644524 265.71488952636724 3890.349487304688 32.575269699096687
decision_type=2 2 8 2 8 2 10 8 10 8 8 10 10 2
left_child=4 2 3 -2 -1 8 7 -5 -6 -3 -11 -12 -4 -7
right_child=1 9 12 6 5 13 -8 -9 -10 10 11 -13 -14 -15
leaf_value=0.0047136187524010123 -0.0048913562935753267 0.0041011566387160713 0.0025365842280447061 -0.0029784293891723392 -0.021553740979708268 -0.0053497294267142621 -0.0028857972325073687 0.025027476968874241 0.0019858796427245991 0.00040818592301577333 -0.018409342920596507 0.0023834924607913166 -0.0081778767720410185 0.0083329106215223395
leaf_weight=0.31275160785298761 0.11922349684755307 0.14463927649194341 2.6574446920712949 0.063018344502779322 0.90949455065128837 0.11871014232747268 0.077777766680810489 1.3087678215815686 0.10787150723626837 0.49683164394082269 0.43495765326952107 0.052539381984388456 0.22668116012937378 0.28211717701924499
leaf_count=69 18 89 333 37 2560 236 20 756 128 129 1067 42 1179 565
internal_value=-0.000167806 0.00405278 0.00830336 0.0179196 -0.0102784 -0.0141666 0.0210267 0.0230276 -0.0193107 -0.00873784 -0.0117405 -0.0160726 -0.000194183 0.00335443
internal_weight=7.31283 5.58188 4.45291 1.56879 1.73094 1.41819 1.44956 1.37179 1.01737 1.12897 0.984329 0.487497 2.88413 0.400827
internal_count=7228 3670 2343 831 3558 3489 813 793 2688 1327 1238 1109 1512 801
is_linear=0
shrinkage=0.05


Tree=196
num_leaves=15
num_cat=0
split_feature=46 36 132 50 17 46 65 10 104 19 19 1 14 6
split_gain=0.190627 0.115506 0.148473 0.117464 0.11173 0.0959953 0.0759856 0.0716872 0.0628356 0.0491042 0.0481983 0.0467809 0.0421955 0.0289027
threshold=0.040352545678615577 1413.7432861328127 1.0000000180025095e-35 0.57679292559623729 0.028771162964403633 1.5475000054721024e-06 529.41552734375011 0.99504950642585765 50.549999237060554 0.19999497383832934 0.10969583690166475 678.24957275390636 0.061862245202064521 10.597628116607668
decision_type=10 10 2 10 8 10 2 10 2 10 10 2 10 8
left_child=1 2 3 6 9 10 7 13 12 -2 -4 -6 -3 -1
right_child=4 8 5 -5 11 -7 -8 -9 -10 -11 -12 -13 -14 -15
leaf_value=0.0012765403947585154 -0.0019895499186946392 0.010327445480716107 0.014419898783104124 0.0022757388160887823 -0.0091378813665994839 -0.007310488809801504 0.0036503546526194964 0.0029802408126086491 -0.00675652171719266 0.021802552273157045 -0.0028398453424970521 0.0054932071701365012 -0.0021886444765375859 -0.022546535723156746
leaf_weight=0.025496264919639189 0.069370619254186416 1.6564427366247407 0.61119725958269533 0.71265201317146409 0.2057180148549379 0.29362718832271639 0.076919446932151803 0.081390237333834992 0.15619341439014522 0.76560411433456466 0.16292830136080738 0.12397514504846185 0.49762099981307972 1.4988428390643094
leaf_count=1 10 404 513 34 19 704 21 11 952 843 175 36 4 3450
internal_value=0.00180932 -0.00253366 -0.00750741 -0.0129531 0.0145628 0.00506527 -0.017847 -0.0198825 0.00493758 0.0198189 0.0112341 -0.00364255 0.00765885 -0.0218002
internal_weight=6.93798 5.77331 3.46305 2.3953 1.16467 1.06775 1.68265 1.60573 2.31026 0.834975 0.774126 0.329693 2.15406 1.52434
internal_count=7177 6269 4909 3517 908 1392 3483 3462 1360 853 688 55 408 3451
is_linear=0
shrinkage=0.05


Tree=197
num_leaves=15
num_cat=0
split_feature=61 78 25 137 120 137 137 69 123 91 69 17 49 96
split_gain=0.16122 0.164699 0.116279 0.106201 0.116659 0.0926565 0.0866676 0.110582 0.0836223 0.068251 0.0551984 0.0511636 0.0451073 0.0398495
threshold=54.919898986816413 0.13360107690095904 3890.349487304688 45.804527282714851 -30.499999999999996 89.115234375000014 72.073478698730483 30.925942420959476 -60.137214660644524 0.0010132278548553588 44.582815170288093 0.026559825055301193 2.5628000003052879e-05 0.0025033900747075681
decision_type=2 2 10 2 2 2 2 2 8 8 2 8 8 10
left_child=6 2 3 -2 -5 10 7 -1 -3 -10 -6 -8 -12 -7
right_child=1 8 -4 4 5 13 11 -9 9 -11 12 -13 -14 -15
leaf_value=0.0046408584827411625 -0.0020237931371474877 0.0031571340339585949 -0.0082856406416204429 -0.0016202683387905486 0.00045409213915014796 -0.0076203207951890872 0.0082029997956783885 -0.020454492674322353 0.0029980172260965169 -0.018964419080794142 0.0010322485959557192 -0.006022132274030742 0.025750020143253269 0.0056169942232742083
leaf_weight=0.16402890066092346 1.06197461024567 0.59048864454962313 0.22851723307394411 0.76217224114952875 0.33474599011970063 0.18407107365055697 0.36690387698763505 0.84157690287247533 0.15237133065238573 0.42194549788109725 0.29363127267424682 0.23557679587247549 1.3728180461330339 0.14140048444096465
leaf_count=166 102 147 1210 94 89 41 802 2295 251 903 59 290 715 87
internal_value=-0.000461486 0.00377932 0.00803493 0.0103676 0.0140809 0.0181653 -0.0109255 -0.0160881 -0.00854125 -0.0149344 0.0210055 0.00235379 0.0234152 -0.00197044
internal_weight=7.15222 5.54414 4.37933 4.15081 3.08884 2.32667 1.60809 1.00561 1.16481 0.574317 2.0012 0.602481 1.66645 0.325472
internal_count=7251 3698 2397 1187 1085 991 3553 2461 1301 1154 863 1092 774 128
is_linear=0
shrinkage=0.05


Tree=198
num_leaves=15
num_cat=0
split_feature=17 103 122 85 58 116 79 95 67 78 31 89 38 115
split_gain=0.166992 0.179902 0.16315 0.083481 0.0776899 0.0647887 0.0632324 0.0617242 0.0486724 0.0415587 0.0460579 0.0375517 0.0370839 0.0332519
threshold=0.00088158855214715015 3.5000000000000004 3.4106051316484814e-13 0.00075471162563189875 44.180795669555671 0.78227055072784435 0.038218110799789436 6.8192498474672911e-06 529.41552734375011 0.001416564511600882 278.29408264160162 0.70141530036926281 0.65989691019058239 0.32168674468994146
decision_type=10 2 8 2 2 2 2 10 2 2 10 10 10 2
left_child=2 3 4 11 -1 8 9 -8 -4 10 -3 12 -2 -6
right_child=1 6 5 -5 13 -7 7 -9 -10 -11 -12 -13 -14 -15
leaf_value=-0.0022520652462735611 -0.023886865473980029 -0.0035495414507914417 -0.012552220140137847 0.0035650633271712574 -0.0014413705669138138 0.0063359293183440045 0.014891616291479368 -0.0022022222604211722 0.003974365080097457 -0.0084122292218347643 0.0069199247934408695 0.0017588596870909375 -0.00070522895323789608 0.022054805183349756
leaf_weight=0.23263904894702114 0.77444965872564331 1.4869837701699009 0.64270715703605663 0.13227438658941526 0.036922050225257408 0.19127198519709054 0.23811287559510663 0.53644508574507199 0.083017497963737696 0.86270616520050669 0.84865227888803918 0.036240958288544678 0.26024786807101918 0.79521220464084763
leaf_count=47 3119 1331 248 59 93 179 37 213 17 442 195 13 473 748
internal_value=-0.000920742 -0.00551581 0.00890578 -0.0169823 0.0171072 -0.00457356 0.000673506 0.00848319 -0.00945418 -0.00278792 0.00118864 -0.0200161 -0.0212684 0.0207946
internal_weight=7.15788 5.17611 1.98177 1.20321 1.06477 0.916997 3.9729 0.774558 0.725725 3.19834 2.33564 1.07094 1.0347 0.832134
internal_count=7214 5882 1332 3664 888 444 2218 250 265 1968 1526 3605 3592 841
is_linear=0
shrinkage=0.05


Tree=199
num_leaves=15
num_cat=0
split_feature=17 3 9 69 88 62 77 67 58 122 44 62 114 34
split_gain=0.132413 0.160291 0.105027 0.107335 0.105987 0.0906966 0.0870231 0.0928524 0.0867948 0.0480618 0.0448086 0.0364052 0.0328536 0.0245532
threshold=0.00088158855214715015 35.963920593261726 0.66501650214195263 42.787570953369148 0.38114164769649511 3.9653607606887822 0.0099305748008191603 529.41552734375011 103.63375854492189 -4.9998769760131827 0.19723790138959887 282.28967285156256 0.51028877496719371 64.903869628906264
decision_type=8 8 8 2 10 2 2 2 2 10 10 2 2 10
left_child=5 6 4 -4 -3 10 7 8 9 -2 -1 -10 -5 -8
right_child=1 2 3 12 -6 -7 13 -9 11 -11 -12 -13 -14 -15
leaf_value=-0.0023070986930022381 -0.0066147966746698504 -0.014788197560113753 -0.00072673677257383809 0.016770697438348008 0.0049717366432016769 -0.0043173616560527759 -0.0035487559022335576 0.0047290028048670718 -0.023837013147028231 0.007664237075341921 0.018821416374503401 0.0006730255867090076 -0.00042181328819199777 0.0077080995676501842
leaf_weight=0.062158961431123205 0.16586680224281736 0.57872450048307633 2.4489776595000881 0.84530358341726219 0.52600102957512718 0.25956503557245014 0.075963831804983672 0.10259394595050242 1.0391328409605192 0.20621470047626633 0.59793576135416515 0.10559046109847248 0.27056024402554613 0.17165100680722389
leaf_count=52 31 1075 338 317 48 394 387 41 3167 21 748 118 50 421
internal_value=-0.000185789 -0.00315236 0.00214213 0.00611294 -0.00748773 0.0115577 -0.0125228 -0.0156967 -0.0184083 0.00111709 0.0166406 -0.0223165 0.0143729 0.00417827
internal_weight=7.45624 6.53658 4.66957 3.56484 1.10473 0.91966 1.86701 1.6194 1.5168 0.372082 0.660095 1.14472 1.11586 0.247615
internal_count=7208 6014 1828 705 1123 1194 4186 3378 3337 52 800 3285 367 808
is_linear=0
shrinkage=0.05


Tree=200
num_leaves=15
num_cat=0
split_feature=124 27 78 115 31 120 52 5 45 121 95 93 5 51
split_gain=0.211464 0.126713 0.0957034 0.103785 0.0967193 0.0938154 0.0500397 0.0485671 0.0451319 0.0397656 0.03921 0.0331064 0.0324388 0.0299075
threshold=-0.074561335146427141 8225.4809570312518 0.27411873638629919 0.47012203931808477 217.11323547363284 -4.4999999999999991 1.9761904478073122 279.64814758300787 0.033549560233950622 -992.15496826171864 1.4934499859009522e-06 0.64170813560485851 421.83279418945318 3.5000000000000004
decision_type=10 10 2 2 10 2 10 10 8 2 10 10 8 2
left_child=11 2 3 4 12 9 -7 -6 -4 -5 -3 13 -2 -1
right_child=1 10 8 5 7 6 -8 -9 -10 -11 -12 -13 -14 -15
leaf_value=-0.019096072847158984 -0.012132409348532221 0.002994352140403942 0.0037765563890547861 -0.005900347691587815 0.014002535647487171 0.021389622357371092 -0.0022973757743818819 0.00082962055372361784 -0.012340745602333433 0.0064796150785298564 -0.013315566284365091 0.0020576783624116982 0.00049378962893799848 -0.0018075993008881059
leaf_weight=0.7318338404948006 0.3283513151400258 0.081406814300862496 0.11452682852541318 0.48594920957839349 0.28904549250728484 1.1389617435779653 0.048006087505200301 1.8337268167088039 0.18134966845536837 0.1586693488570744 0.43246154209191445 0.057868754753144347 0.70330279093468573 0.5610977082469617
leaf_count=846 973 425 180 115 308 687 82 134 165 20 2793 53 26 409
internal_value=-0.00156042 0.00309079 0.0058645 0.00788669 0.00123382 0.0148624 0.0198192 0.00653292 -0.00800205 -0.000766066 -0.0104606 -0.0143425 -0.00751852 -0.0156538
internal_weight=7.14656 5.79576 5.28189 4.98601 3.15443 1.83159 1.18697 2.12277 0.295876 0.644619 0.513868 1.3508 1.03165 1.29293
internal_count=7216 5908 2690 2345 1441 904 769 442 345 135 3218 1308 999 1255
is_linear=0
shrinkage=0.05


Tree=201
num_leaves=15
num_cat=0
split_feature=123 92 103 69 7 114 129 126 32 97 115 114 35 137
split_gain=0.181142 0.161644 0.156857 0.0879248 0.0542355 0.0753018 0.0469469 0.0441048 0.0427832 0.0320552 0.0269239 0.0255043 0.0215204 0.0206446
threshold=4.2632564145606017e-14 0.37994848191738134 2.5000000000000004 529.41552734375011 85.864738464355483 0.47831371426582342 0.54387021064758312 -208367.18749999997 245.89290618896487 0.0020567774772644047 0.83014479279518139 0.50975635647773754 1413.3459472656252 51.057607650756843
decision_type=8 8 2 2 8 2 10 2 10 10 2 2 8 2
left_child=1 4 3 6 5 -1 -2 -3 -6 12 -9 -7 -4 -11
right_child=2 7 9 -5 8 11 -8 10 -10 13 -12 -13 -14 -15
leaf_value=-0.005250070543915776 -0.021741215203481441 -0.002232938265191867 -0.0075474185709598065 0.0041511996266812177 -0.012247121596668579 0.01229644368023443 0.00099223820242758001 0.021114437069921804 0.0028354487972316145 -0.0012288478797583403 -0.00092556348200066433 0.00069238018816475237 0.0015846655861506719 0.0087593333783958539
leaf_weight=0.86518027951388043 0.99786882103944685 0.04567800322547555 0.22434198424889484 0.1057273335463832 0.33695819959393691 0.54177622060524278 0.16113489893177757 0.75481482694158319 0.25079284403909696 0.45175873360130925 0.062328806146979332 0.86699506719014607 0.78662166614958562 0.54637944939167937
leaf_count=1332 2240 3 607 48 1108 282 23 709 40 153 2 95 177 412
internal_value=-0.000122141 0.00663879 -0.00756746 -0.0166439 -0.000613363 0.00319452 -0.0195849 0.0181089 -0.00807893 0.00177855 0.0198491 0.00840721 -0.00318724 0.00588611
internal_weight=6.99836 3.72452 3.27383 1.26473 2.8617 2.27395 1.159 0.862822 0.587751 2.0091 0.817144 1.40877 1.01096 0.998138
internal_count=7231 3571 3660 2311 2857 1709 2263 714 1148 1349 711 377 784 565
is_linear=0
shrinkage=0.05


Tree=202
num_leaves=15
num_cat=0
split_feature=17 36 31 128 34 122 22 122 30 116 78 116 119 18
split_gain=0.16497 0.181912 0.134467 0.0996102 0.107593 0.0825024 0.0496305 0.0470293 0.046303 0.0362655 0.0270942 0.0258454 0.024877 0.0246052
threshold=0.0010396881261840465 1412.8868408203127 3.4106051316484814e-13 -396.03181457519526 515.85650634765636 -45.535810470581048 0.042040761560201652 607.27377319335949 1304.334411621094 0.29396766424179083 0.0003406193718547002 1.9792317748069765 0.17677872627973559 0.57500889897346508
decision_type=8 10 8 8 10 8 8 10 10 2 2 2 2 10
left_child=2 3 9 10 5 -5 -3 13 -6 -1 -2 -8 -10 -7
right_child=1 6 -4 4 8 7 11 -9 12 -11 -12 -13 -14 -15
leaf_value=-0.0012408418708581203 0.0065180222408871185 -0.0045742314129432575 -0.0069166104305245467 -0.0008805227900032693 0.0065619501335075318 -0.025970431044331777 0.0089483194477846788 0.0014377063458197209 -0.008875850716938475 0.019338522520607342 -0.0043013416874697957 -0.001655962576620286 0.003016674559807208 0.00090428314220582793
leaf_weight=0.11474319695844304 0.47430382489255862 0.54085788142401758 0.21151927878236165 0.56268205807282357 0.42129026589100238 1.2063922509623815 1.5771533268925848 0.065888414028449804 0.35996768723271089 0.62394299765583128 0.097510929466807283 0.38578540344315104 0.070023514519562013 0.020312201115302631
leaf_count=54 64 1016 437 217 279 2199 253 39 1319 775 79 44 428 11
internal_value=-0.00200322 -0.00547487 0.0110972 -0.0118853 -0.0150378 -0.0196905 0.00391522 -0.0239231 0.000261159 0.0172667 0.00311027 0.00700871 -0.00618392 -0.0253192
internal_weight=6.73237 5.78217 0.950205 3.27837 2.70656 1.85527 2.5038 1.29259 0.851281 0.738686 0.571815 1.96294 0.429991 1.2267
internal_count=7214 5948 1266 4635 4492 2466 1313 2249 2026 829 143 297 1747 2210
is_linear=0
shrinkage=0.05


Tree=203
num_leaves=15
num_cat=0
split_feature=127 71 27 7 119 80 7 126 34 48 115 134 63 21
split_gain=0.118703 0.11536 0.110744 0.106308 0.0899002 0.0712866 0.0694036 0.0549639 0.0491944 0.0419784 0.0416239 0.0383444 0.0293051 0.029192
threshold=41.939849853515632 529.41552734375011 8225.4809570312518 44.582815170288093 0.16636071354150775 0.014815627597272398 34.366773605346687 -144731.69531249997 59.665632247924812 1.4934499859009522e-06 0.028984922915697101 0.92711213231086742 178.7834167480469 0.035056671127676971
decision_type=8 2 10 10 2 2 10 2 8 10 2 2 2 8
left_child=2 7 3 6 5 8 11 -2 -5 -4 -10 -1 -8 -3
right_child=1 13 9 4 -6 -7 12 -9 10 -11 -12 -13 -14 -15
leaf_value=0.0088592455720349021 0.0029896195876848975 -0.003296137615281307 0.0033173366801969384 0.00031543440235646083 -0.0047831504250169495 0.0017059574617913971 -0.011716698294946704 -0.016903648921177721 -0.0016302456455808787 -0.013036501463557702 0.024040768298516708 -0.0025021695328274456 0.00054288639796983744 0.0083448129568128165
leaf_weight=0.73774386370496381 0.096076014830032253 0.20384922216180701 0.084273131185909622 0.31891159424412818 0.25554913736414153 1.0456298927019814 0.48031080896180334 1.1654838846588971 0.040788200654788054 0.37679789988033008 0.8151668436548789 0.69499394774902612 0.60080745953018777 0.36240736796753481
leaf_count=241 62 109 421 139 190 189 642 1125 182 2753 736 356 10 70
internal_value=-0.000695544 -0.00916847 0.00312642 0.00576307 0.0114618 0.014236 -0.00151439 -0.0147366 0.0194758 -0.00982275 0.0225982 0.00458493 -0.00791656 0.00472527
internal_weight=7.27879 1.82782 5.45097 4.9899 2.47605 2.2205 2.51386 1.26156 1.17487 0.461071 0.855955 1.43274 1.08112 0.566257
internal_count=7225 1366 5859 2685 1436 1246 1249 1187 1057 3174 918 597 652 179
is_linear=0
shrinkage=0.05


Tree=204
num_leaves=15
num_cat=0
split_feature=125 126 128 46 126 34 123 123 25 123 38 114 45 127
split_gain=0.14676 0.146733 0.157431 0.0796873 0.136495 0.0690784 0.0628855 0.0617753 0.0404672 0.0375178 0.0204889 0.0192548 0.0157382 0.0154949
threshold=-10.499999999999998 -633.52023315429676 -696.43569946289051 0.012171410024166109 -499.15753173828119 517.74331665039074 -21.892576217651364 -1.0000000180025095e-35 1432.9322509765627 -179.41035461425778 0.99509802460670482 0.47068931162357336 0.067961465567350401 -939.71133422851551
decision_type=2 2 10 8 2 10 8 10 10 8 10 2 10 8
left_child=5 8 7 6 -5 9 -4 -3 12 -1 -11 -7 -2 -8
right_child=1 2 3 4 -6 11 13 -9 -10 10 -12 -13 -14 -15
leaf_value=0.0014598065922378489 0.01837797534615427 -0.017435746243079264 0.0052200182864820185 -0.0082490904962179284 0.017044429351307996 -0.003706696956200275 0.0011003814332268904 0.0025667527397201257 -0.0022755588407906936 -0.019428404471499336 0.0010880266977624827 0.0042663189277971471 -0.00055285135498688769 -0.0081442361891583496
leaf_weight=0.11390298266633181 0.66003558389638772 0.58526064824400237 1.1526742454952907 0.070754603708337527 0.82072817940934317 0.67582081242289838 0.30187612592999358 0.2093623889741133 0.060247321387578268 0.65071822783647792 0.021785419317893684 0.38230271663633175 0.056513840361731127 1.1416168320211011
leaf_count=94 288 735 293 35 794 1026 7 246 308 604 2 160 45 2568
internal_value=-0.00116958 0.00336743 -0.0013456 0.0038836 0.0117371 -0.0104226 -0.00132704 -0.013672 0.0154837 -0.0164201 -0.0185106 -0.000152768 0.0174326 -0.0065518
internal_weight=6.9036 5.05907 4.28227 3.48765 0.891483 1.84453 2.59617 0.794623 0.776797 0.786407 0.672504 1.05812 0.716549 1.44349
internal_count=7205 5319 4678 3697 829 1886 2868 981 641 700 606 1186 333 2575
is_linear=0
shrinkage=0.05


Tree=205
num_leaves=15
num_cat=0
split_feature=127 54 125 128 129 123 126 85 4 89 38 97 71 128
split_gain=0.182827 0.142507 0.0987468 0.0826282 0.0722559 0.0470177 0.0465998 0.0463672 0.0290144 0.0271003 0.023151 0.0173977 0.0133561 0.0132555
threshold=0.55830812454223644 1.0000000180025095e-35 -10.499999999999998 -44.31651306152343 0.01978116296231747 0.60530567169189464 5556.0029296875009 0.02870879136025906 253.64044952392581 0.062769595533609404 0.99509802460670482 0.0024419585242867474 48.54248237609864 717.13366699218761
decision_type=8 8 2 10 10 8 2 2 10 8 10 8 2 8
left_child=1 2 -1 7 6 9 -3 8 10 -5 -2 -6 -13 -4
right_child=3 4 13 5 11 -7 -8 -9 -10 -11 -12 12 -14 -15
leaf_value=-0.0039982982225943986 -0.020438729548163188 -0.011446529498874945 0.020610871422470946 -0.0017503557538725628 -0.0020055223204674777 -0.0063947218113082531 0.0011278853387129569 0.002261163593643633 0.00073794354827355114 0.008899632811945923 0.00038182808373675149 -0.0015517665356344556 0.0083772941553059751 -0.00058078798522577958
leaf_weight=0.18653479844215326 0.89333234279183693 0.76060391432110941 0.7389314773899972 0.5796467726540866 0.19494019460398671 0.7992825125111267 0.98800770367961377 0.098180679051438235 0.12247290683444589 0.36936794652137905 0.1047551334486343 0.076707052321580704 0.99833880910591688 0.021064487402327359
leaf_count=16 1310 1702 812 887 251 982 918 21 34 95 13 39 62 7
internal_value=-0.00148527 0.00508881 0.0156708 -0.00933895 -0.00130323 -0.000758282 -0.00651622 -0.0157585 -0.0176591 0.0048342 -0.0191561 0.00558303 0.00726243 0.0200272
internal_weight=6.93217 3.96513 0.946531 2.96704 3.0186 1.7483 1.74861 1.21874 1.12056 0.949015 0.998087 1.26999 1.07505 0.759996
internal_count=7149 3807 835 3342 2972 1964 2620 1378 1357 982 1323 352 101 819
is_linear=0
shrinkage=0.05


Tree=206
num_leaves=15
num_cat=0
split_feature=124 116 120 6 47 127 91 7 7 19 116 93 3 63
split_gain=0.173465 0.162008 0.178368 0.085793 0.0528338 0.0492952 0.0428892 0.0400403 0.0514761 0.0285124 0.0279241 0.0212379 0.0201474 0.0217218
threshold=0.50506445765495311 1.9211003780364992 -4.4999999999999991 32.658084869384773 0.20022101700305941 -26.746062278747555 0.39583818614482885 82.582817077636733 39.930795669555671 0.13530398905277255 1.6071713566780093 0.33770819008350378 9.0111832618713397 93.940536499023452
decision_type=8 2 2 10 8 8 10 10 8 8 2 10 10 2
left_child=1 2 7 9 -4 -6 -7 8 -1 12 -9 -2 -3 -14
right_child=11 3 4 -5 5 6 -8 10 -10 -11 -12 -13 13 -15
leaf_value=-0.0048506049211872867 -0.015117723980490145 -0.0026295304128682011 -0.0024556344178217927 -0.012734938875376776 0.0038421977840913538 0.02340040956384988 -0.0017914102831227371 -0.010639864074931463 0.0083000749600775133 -0.0029309610155281596 0.0019596658800784474 0.0013403241771290258 0.011602060239545936 -0.00033904936490680823
leaf_weight=0.49122981000982657 0.593061068902898 0.061595511469931918 0.11710015083372161 0.77623944546212431 1.0401863414590478 1.1961414266115755 0.037025664845714235 0.42212554845900729 0.62989118996483751 0.81052436892787239 0.25214553432306275 0.05033872666535899 0.22802956946543418 0.47230349705205299
leaf_count=271 929 276 295 3057 104 935 14 152 155 270 70 31 613 50
internal_value=0.00105165 0.00415102 0.00930338 -0.00506762 0.0161124 0.0175269 0.0221805 -0.00228325 0.0029677 0.00219651 -0.00757191 -0.013798 0.00621875 0.00808576
internal_weight=7.17794 6.53454 4.18585 2.34869 2.39045 2.27335 1.23317 1.79539 1.12112 1.57245 0.674271 0.6434 0.761929 0.700333
internal_count=7222 6262 1996 4266 1348 1053 949 648 426 1209 222 960 939 663
is_linear=0
shrinkage=0.05


Tree=207
num_leaves=15
num_cat=0
split_feature=103 92 134 129 5 86 122 85 78 114 123 129 45 51
split_gain=0.122902 0.220627 0.121549 0.0874119 0.0613944 0.144686 0.0608157 0.04952 0.0472053 0.0430706 0.0382442 0.0302086 0.029569 0.022484
threshold=3.5000000000000004 0.57594114542007457 0.92711213231086742 -0.0063322503119707099 279.64814758300787 0.96435630321502697 -45.535810470581048 0.00061443244339898239 0.00083833723329007636 0.51028877496719371 -325.95875549316401 0.54387021064758312 0.026869038119912151 8.5000000000000018
decision_type=2 8 2 8 10 2 8 2 2 2 8 10 8 2
left_child=1 6 3 -3 5 9 -1 -8 13 -2 -10 12 -4 -6
right_child=4 2 11 -5 8 -7 7 -9 10 -11 -12 -13 -14 -15
leaf_value=0.00020503753227252465 0.02020934474066724 -0.0041830265396146362 0.0024656642490846498 0.016567307147227813 0.0077321988940077697 -0.0078278322412473553 -0.022935711441500688 0.0021741958085786648 0.0035366050694467634 0.00037738993657237727 -0.009941528904666045 0.0028287739084263603 -0.01283635330310943 -0.00057490031499230409
leaf_weight=0.36853215669543715 0.51281960436608665 0.25082421267870814 0.051698428811505437 0.68311006267322205 0.47761556811019623 0.20806256635114551 0.9546411527117018 0.038526524760527536 0.17060112618491985 0.38157787805539556 0.70003575234295556 0.11597166303545237 0.35078322977642529 1.5357076406653503
leaf_count=203 433 71 94 506 174 999 3814 54 9 87 367 7 39 340
internal_value=-0.00158771 -0.00818789 0.0045112 0.0117131 0.00377915 0.0102917 -0.0179077 -0.0213595 -0.000719256 0.0164139 -0.00682174 -0.00763222 -0.0105142 0.00330779
internal_weight=6.80051 2.81409 1.45239 0.933934 3.98642 1.10246 1.3617 0.993168 2.88396 0.894397 0.870637 0.518453 0.402482 2.01332
internal_count=7197 4788 717 577 2409 1519 4071 3868 890 520 376 140 133 514
is_linear=0
shrinkage=0.05


Tree=208
num_leaves=15
num_cat=0
split_feature=127 93 73 32 123 63 101 125 75 31 17 36 41 63
split_gain=0.142619 0.146639 0.124418 0.0993135 0.0745311 0.0570427 0.056788 0.0437921 0.0372222 0.0300283 0.0282602 0.0246653 0.0239017 0.023338
threshold=41.939849853515632 0.33770819008350378 244.47453308105472 515.85650634765636 -13.980594158172606 93.940536499023452 0.70402806997299205 -38.499999999999993 0.052805855870246894 234.74912261962893 0.00055586459347978245 1405.9577636718752 1.9111040273855909e-05 240.7077331542969
decision_type=8 8 2 10 8 2 10 2 2 10 8 10 10 2
left_child=1 2 4 6 -1 8 10 -3 12 -6 -2 -7 -4 -9
right_child=3 7 5 -5 9 11 -8 13 -10 -11 -12 -13 -14 -15
leaf_value=0.0033957608170599543 0.00069596543999884866 -0.0023192412086821441 0.016649733272087987 0.005422054526135844 -0.016579285237204221 -0.0041141951215423189 0.0027359197241458699 0.019793417510805645 -0.00099091117344716909 0.0013305414659785704 -0.018357311724602851 0.0033353318521550396 -0.0012312838122650906 -0.001166893115575838
leaf_weight=0.38610200410766993 0.13849787590879692 0.051759367575868964 0.44848484762769691 0.33531455464981252 0.62128975908854023 0.98229255589103592 0.15713282143406104 0.7731534678605384 0.3216487776953727 0.11074328404356493 0.82475705419346923 1.5288454505571278 0.065903254129807465 0.028490796510595828
leaf_count=526 203 7 232 115 3228 305 82 745 80 418 972 99 204 5
internal_value=0.00131673 0.00514917 0.000197382 -0.00908062 -0.00977042 0.00500873 -0.0139312 0.0169727 0.0117072 -0.014666 -0.0166587 7.94615e-05 0.0150585 0.0188143
internal_weight=6.77442 5.31871 4.46531 1.4557 1.11814 3.34717 1.12039 0.853404 0.836037 0.732033 0.963255 2.51114 0.514388 0.801644
internal_count=7221 5849 5092 1372 4172 920 1257 757 516 3646 1175 404 436 750
is_linear=0
shrinkage=0.05


Tree=209
num_leaves=15
num_cat=0
split_feature=127 17 73 3 31 117 37 125 99 3 38 93 44 128
split_gain=0.0997484 0.151334 0.126341 0.110886 0.08813 0.0844091 0.0532673 0.0517737 0.0460977 0.0289169 0.0266522 0.0257696 0.0182054 0.0163226
threshold=41.939849853515632 0.00088158855214715015 999.26354980468761 23.079708099365238 234.74912261962893 1.7500000000000002 0.048003071919083602 -38.499999999999993 0.20263122767210009 98.38608551025392 0.99509802460670482 0.57368382811546337 0.73916974663734447 -30.014245033264157
decision_type=8 10 2 10 10 2 10 2 8 10 10 10 10 8
left_child=1 5 10 4 11 -1 9 -7 -4 -5 12 -3 -2 -8
right_child=2 3 8 6 -6 7 13 -9 -10 -11 -12 -13 -14 -15
leaf_value=-0.0040866087259263419 -0.017497479887645103 -0.018451663826587025 -0.0034341473105179801 0.011423879503481185 0.0049882091492458487 -0.0024588822629685184 0.0010969688967006851 0.019761710941939813 0.010133876051732878 0.0010887869988906995 0.0016476050730028149 0.0014432812150128778 0.0010826328845800813 -0.0064060037809950624
leaf_weight=0.16265947872307129 0.90408373380341778 0.53902760634082358 0.51652143943647388 0.51362198939023151 0.12017948487482499 0.069792078065802343 0.82737588835152565 0.87775165194761939 0.26408527389867231 1.6606579139188395 0.033901807793881744 0.029588136269012466 0.022046539408620447 0.71016677530860739
leaf_count=220 1024 3094 239 593 225 12 153 723 87 142 13 16 12 668
internal_value=-0.000395712 0.00301642 -0.00835739 -0.00186763 -0.0126267 0.0140867 0.00238497 0.0177029 0.0042694 0.00635997 -0.0155644 -0.0171563 -0.0167227 -0.00352733
internal_weight=7.25146 5.51082 1.74064 4.40062 0.688795 1.1102 3.71182 0.947544 0.780607 2.17428 0.960032 0.568616 0.92613 1.53754
internal_count=7221 5846 1375 4891 3335 955 1556 735 326 735 1049 3110 1036 821
is_linear=0
shrinkage=0.05


Tree=210
num_leaves=15
num_cat=0
split_feature=65 73 91 53 31 123 9 79 32 78 117 103 18 95
split_gain=0.109872 0.160651 0.129501 0.107587 0.0691646 0.0582668 0.0557503 0.0490937 0.0436934 0.0367498 0.0307134 0.0293831 0.0260828 0.0259773
threshold=55.112583160400398 244.47453308105472 0.0011675049900077286 30.832298278808597 243.13334655761722 -15.659729957580565 0.66501650214195263 0.016001024283468727 261.97103881835943 1.0000000180025095e-35 0.75000000000000011 3.5000000000000004 0.51094514131546032 1.3920800029154636e-05
decision_type=2 2 10 8 10 10 10 2 10 2 2 2 10 10
left_child=1 3 10 -1 12 -4 8 9 -3 -8 -2 -6 -5 -9
right_child=2 6 5 4 11 -7 7 13 -10 -11 -12 -13 -14 -15
leaf_value=0.0049533959018472802 -0.0018181987979087749 -0.010216939858431098 0.0049820963727753862 -0.021586397310617792 -0.0047585943760326196 -0.012418156577126893 0.00366355728882926 0.014469166776518131 0.0036726972554373956 -0.0059442328038278869 0.017112340570640244 0.0069060289561221821 0.0012144106086733816 -0.00070252247674338427
leaf_weight=0.20566213736310568 0.041944169061025383 0.44722792547690948 0.11820153277221834 1.038799138375907 0.1152897343854421 0.16272917095921002 1.7841750594525372 0.37633828549587622 0.27762412690208293 0.55078351587144414 0.76283360426896252 0.10211129050003365 0.024685591866727807 0.24353626374795567
leaf_count=57 4 623 62 3524 590 602 140 96 21 481 814 154 7 26
internal_value=-0.000711165 -0.00398316 0.00930321 -0.0138706 -0.0177396 -0.00692306 0.00212166 0.00506282 -0.00585205 0.000294386 0.0156649 0.00189256 -0.0207251 0.0117545
internal_weight=6.25194 5.16623 1.08571 1.48655 1.28089 0.280931 3.67969 2.95483 0.724852 2.33496 0.804778 0.217401 1.06348 0.619875
internal_count=7201 5719 1482 4332 4275 664 1387 743 644 621 818 744 3531 122
is_linear=0
shrinkage=0.05


Tree=211
num_leaves=15
num_cat=0
split_feature=136 93 30 50 127 114 36 127 128 91 124 117 79 1
split_gain=0.0967336 0.15422 0.129424 0.122862 0.0869393 0.0839355 0.0709297 0.0457312 0.0380494 0.0359959 0.035814 0.0345329 0.024541 0.0181156
threshold=1.0000000180025095e-35 0.016667738556861881 999.58758544921886 0.63949251174926769 41.939849853515632 0.46202041208744055 1405.9577636718752 -2.4889876842498775 63.269477844238288 0.19398049265146258 0.071272939443588271 78.250000000000014 0.023952954448759559 984.08123779296886
decision_type=2 8 10 10 10 2 10 10 10 10 10 2 2 2
left_child=1 6 3 9 8 -4 10 -7 -3 11 -1 -2 -8 -6
right_child=2 4 5 -5 13 7 12 -9 -10 -11 -12 -13 -14 -15
leaf_value=-0.01346281371816046 -0.021541617342348093 0.019668510673789164 -0.0072358503576337154 0.0034161205979510233 -0.0064959294439686484 -0.0018293725169267827 -0.000799184669312587 0.013485277453364154 -0.0019595531712706038 0.00036397349257119533 0.0014548858299219182 0.001039971172198348 0.0077373165604000945 0.00313640460140116
leaf_weight=0.50177190730028121 0.96998738363981851 0.89228263261611551 0.30913447269995209 0.55116430195630517 0.17716372941504233 0.3965312888904009 1.9014968811898145 0.59466170978703303 0.039063729345798492 0.20149606197082892 0.30743895519844955 0.088055015752615873 0.31363557991426194 0.066610829147975892
leaf_count=1818 1480 485 1255 169 19 142 1036 448 1 10 112 140 94 37
internal_value=-0.00068369 0.00392543 -0.00634681 -0.0126548 0.0141973 0.00411984 -0.00260185 0.00951675 0.0182165 -0.0180868 -0.0101237 -0.0200701 0.00244008 -0.00345838
internal_weight=7.31049 4.19946 3.11103 1.8107 1.17512 1.30033 3.02434 0.991193 0.931346 1.25954 0.809211 1.05804 2.21513 0.243775
internal_count=7246 3602 3644 1799 542 1845 3060 590 486 1630 1930 1620 1130 56
is_linear=0
shrinkage=0.05


Tree=212
num_leaves=15
num_cat=0
split_feature=127 71 27 17 3 117 63 62 125 69 106 8 44 76
split_gain=0.146012 0.131803 0.111762 0.082069 0.127758 0.0697694 0.0496192 0.0514286 0.0460072 0.036321 0.0278922 0.0219079 0.0174282 0.0159073
threshold=41.939849853515632 529.41552734375011 8225.4809570312518 0.013080116827040912 8.6240105628967303 1.7500000000000002 93.940536499023452 230.01042938232425 -10.499999999999998 30.832298278808597 1432.9322509765627 46.952684402465827 0.73916974663734447 0.10039787739515306
decision_type=8 2 10 10 10 2 2 2 2 2 2 10 10 2
left_child=2 12 3 5 -5 -1 7 -6 -7 -9 -3 -4 -2 -11
right_child=1 10 11 4 6 8 -8 9 -10 13 -12 -13 -14 -15
leaf_value=-0.0033090692065379959 -0.017126988652652424 0.0088661746411681074 0.0020192420004063014 -0.01340671881312778 -0.00091761778379041258 -0.0010163039900384896 -7.6848273023505815e-05 -0.002187934170983495 0.019324692899772167 0.018088208077013276 -0.0025406526143183479 -0.011651790441371292 0.0010588935580538843 -0.00084646090666466831
leaf_weight=0.1881239706854102 1.1765173604326262 0.21595645934576158 0.04524401021626534 0.22910311817395301 0.57199182703334395 0.21472481257660536 2.4041568996326532 0.045105143915861845 0.83558705813629774 0.46803887089481577 0.34883089385402855 0.39854129887680756 0.021577531850198173 0.026946676342049614
leaf_count=198 1166 87 182 595 485 98 189 29 895 198 110 2962 15 24
internal_value=-0.000916235 -0.0104389 0.00331963 0.00593638 0.00109918 0.0135389 0.0048036 0.0103953 0.0166987 0.0151928 0.00469966 -0.00982481 -0.0164667 0.0171807
internal_weight=7.19045 1.76288 5.42756 4.98378 3.74534 1.23844 3.51624 1.11208 1.05031 0.540091 0.564787 0.443785 1.19809 0.494986
internal_count=7233 1378 5855 2711 1520 1191 925 736 993 251 197 3144 1181 222
is_linear=0
shrinkage=0.05


Tree=213
num_leaves=15
num_cat=0
split_feature=122 91 103 7 93 120 137 43 99 76 34 69 48 101
split_gain=0.106185 0.146676 0.141228 0.114233 0.0618819 0.0569068 0.0485242 0.0335576 0.0320352 0.0279616 0.0273148 0.0243759 0.0223768 0.0203334
threshold=3.4106051316484814e-13 0.0010408111847937109 3.5000000000000004 132.99542236328128 0.36146178841590887 -14.499999999999998 94.584484100341811 0.95920813083648693 0.1491062864661217 0.14121989160776141 274.68342590332037 529.41552734375011 1.5039000231809043e-06 0.056703871116042144
decision_type=8 10 2 10 10 2 2 8 10 2 10 2 8 10
left_child=1 5 4 7 11 -1 -7 13 -4 -10 -5 12 -2 -3
right_child=2 3 8 10 -6 6 -8 -9 9 -11 -12 -13 -14 -15
leaf_value=-0.0030029885705974216 0.00090066005017231862 -0.0028345508667010854 -0.0032206774403617392 -0.01658421008815299 0.0025425553397504454 0.019847687461834546 -0.0020894537161961161 -0.0042935444182756266 0.0075462086238557817 -0.0035429447641286953 0.0017320755881465391 0.0012235127268323028 -0.020858271000784665 0.0072448887425686712
leaf_weight=0.091565157817967702 0.040832340237102804 0.061034914040647092 1.1671708788780963 0.22948313672895881 0.15053040906786919 0.78306912910920834 0.088742967447615229 0.32090529952256486 1.128585467347875 0.1160723498178412 0.037033395492471755 0.028418790010618977 0.76381629188836087 1.5989241453426073
leaf_count=89 227 535 975 671 83 846 39 1211 104 37 25 15 2032 290
internal_value=-0.000676709 0.0050806 -0.00603817 -0.00260019 -0.0159655 0.0151968 0.0176914 0.00340505 0.00150324 0.00539439 -0.014681 -0.0188724 -0.0198669 0.00594797
internal_weight=6.60618 3.21076 3.39543 2.24738 0.983598 0.963377 0.871812 1.98086 2.41183 1.24466 0.266517 0.833067 0.804649 1.65996
internal_count=7179 3706 3473 2732 2357 974 885 2036 1116 141 696 2274 2259 825
is_linear=0
shrinkage=0.05


Tree=214
num_leaves=15
num_cat=0
split_feature=61 78 91 52 120 7 53 114 17 11 127 124 129 61
split_gain=0.0940527 0.108071 0.0938578 0.0918547 0.118492 0.0824237 0.0773105 0.0430482 0.0395986 0.0375789 0.0236168 0.0205508 0.0199856 0.0161319
threshold=40.081111907958991 1.0000000180025095e-35 0.049031311646103866 1.8284313678741457 -14.499999999999998 67.687007904052749 30.832298278808597 0.51028877496719371 0.0010724407620728018 0.026229790411889557 2.4383451938629155 -0.22109694778919217 -0.16750355809926984 1409.474548339844
decision_type=2 2 8 8 2 8 8 2 8 10 8 10 10 2
left_child=6 3 8 4 -2 10 11 9 -3 -4 -5 -1 -11 -7
right_child=1 2 7 5 -6 13 -8 -9 -10 12 -12 -13 -14 -15
leaf_value=-0.0030629804824410588 -0.0036402164583260298 0.0017185195314132818 -0.0033564364626358701 0.0077585125238971075 0.019193165736836118 -0.011829429888175338 -0.014956802821008697 -0.0037152554279449891 -0.01571879887596157 -0.0016177727257958515 -0.00057622332593208335 0.0073134808799032352 0.012619146358377879 0.0014994756322744584
leaf_weight=0.092787487024907023 0.4103494873852469 0.18224281656148411 0.11311877411208093 1.004595505306497 0.9837398561430748 0.29884227123329754 0.63980543702200521 0.67801443119242322 0.60744051728397608 0.049788573116529733 1.2530885892447265 0.17362922700704064 0.46449544867209624 0.029933175072073936
leaf_count=13 31 413 45 1014 739 910 1222 99 2072 66 388 56 82 1
internal_value=-0.000293037 0.0023957 -0.00530623 0.00670096 0.013759 0.000121065 -0.0101196 0.00295478 -0.0129829 0.00801661 0.00437562 0.0041346 0.0110827 -0.0104007
internal_weight=6.98187 6.07565 2.0951 3.98055 1.39409 2.58646 0.906222 1.30542 0.789683 0.627403 2.25768 0.266417 0.514284 0.328775
internal_count=7151 5860 2777 3083 770 2313 1291 292 2485 193 1402 69 148 911
is_linear=0
shrinkage=0.05


Tree=215
num_leaves=15
num_cat=0
split_feature=30 49 17 124 111 116 69 91 99 73 27 120 95 40
split_gain=0.096511 0.159945 0.124068 0.114105 0.0692113 0.0659596 0.0658136 0.0632883 0.0489235 0.0391626 0.0365647 0.0239732 0.0154024 0.0186247
threshold=517.74331665039074 0.0021351482719182972 0.0012203946826048198 -1.0000000180025095e-35 523.19812011718761 0.84001222252845775 42.787570953369148 0.15586910396814349 0.20263122767210009 1405.5205688476565 6890.8627929687509 -48.499999999999993 1.6095000319182875e-06 0.02312215976417065
decision_type=10 8 10 10 2 2 2 8 8 2 10 2 10 8
left_child=2 9 3 5 8 -1 -3 -4 -5 12 11 -8 -2 -14
right_child=1 6 7 4 -6 -7 10 -9 -10 -11 -12 -13 13 -15
leaf_value=-0.013227406129811667 0.00080835591585755621 0.0013824847461302058 -0.020293645423101709 -0.0031388972965439433 -0.0047191935240138696 0.0050302468268808584 7.5371439073494679e-05 0.00017573779485701606 0.015883773189044801 0.0032402388615089804 -0.0019872449040122795 0.020658875993411326 -0.012244618658994021 -0.00090942109734843801
leaf_weight=0.45576821263966849 0.2535465914916134 1.400624420741224 0.63622802359532182 0.064634244001354313 0.16411237984721083 0.11792986064392608 0.1639330514590257 0.46877541962021507 0.72759967058664188 0.41878488488146093 0.041380520997336134 0.53286561665299792 0.76378138507789084 0.67383730424626276
leaf_count=181 813 364 1855 67 76 100 101 71 438 135 251 507 1996 163
internal_value=-0.00158278 0.00295228 -0.00769567 0.00196549 0.00951026 -0.00866276 0.0105149 -0.0156517 0.0134464 -0.00562985 0.0170785 0.0187147 -0.00821419 -0.00948428
internal_weight=6.8838 4.24875 2.63505 1.53004 0.956346 0.573698 2.1388 1.105 0.792234 2.10995 0.738179 0.696799 1.69117 1.43762
internal_count=7118 4330 2788 862 581 281 1223 1926 505 3107 859 608 2972 2159
is_linear=0
shrinkage=0.05


Tree=216
num_leaves=15
num_cat=0
split_feature=128 11 108 134 122 125 67 124 25 43 5 127 44 91
split_gain=0.131583 0.0975935 0.129023 0.0599995 0.0552571 0.0528035 0.0522306 0.0474135 0.0296495 0.0271492 0.0358511 0.0261703 0.0254306 0.024782
threshold=41.45008850097657 0.2522264569997788 0.017733237706124786 0.99585920572280895 3.4106051316484814e-13 -304.49999999999994 46.797708511352546 0.38315427303314215 2891.253540039063 0.96435630321502697 353.57527160644537 -91.720874786376939 0.053956307470798499 0.00086491651018150162
decision_type=8 10 2 2 8 2 2 10 10 10 10 10 8 8
left_child=1 2 3 5 6 -1 -2 -6 9 10 -4 -3 -7 -13
right_child=4 11 8 -5 7 12 -8 -9 -10 -11 -12 13 -14 -15
leaf_value=-0.0027982396428779498 -0.0055932059356418344 0.0016194093731081674 0.010196171492897591 -0.0034917137438686499 -0.01668786208230395 -0.0001845500019158644 0.0079548023941040345 0.002176599417096452 -0.006974977413411289 -0.0046886621356854331 -0.00038589500598097118 0.0016085334213224438 0.02009543665226235 -0.014031171820546763
leaf_weight=0.058145245995547046 0.66799053020076804 0.21866709928144701 0.34063407473149832 0.072482305215089471 0.88889919715802512 0.14743149057176164 0.24134256502293283 0.15023284970811801 0.33332709118985793 0.33057179374009127 1.8154371146374613 0.086473267096152884 1.0868762980026077 0.17989859615045134
leaf_count=26 512 14 188 16 977 73 155 14 2563 871 126 152 832 682
internal_value=-0.00121332 0.00339145 0.00618401 0.0148077 -0.00965685 0.0169094 0.000285555 -0.0142306 -0.000773738 0.00181959 0.00398688 -0.00864234 0.0186747 -0.011693
internal_weight=6.61841 4.66994 4.18491 1.36494 1.94847 1.29245 0.909333 1.03913 2.81997 2.48664 2.15607 0.485039 1.23431 0.266372
internal_count=7201 5543 4695 947 1658 931 667 991 3748 1185 314 848 905 834
is_linear=0
shrinkage=0.05


Tree=217
num_leaves=15
num_cat=0
split_feature=78 7 115 124 123 6 137 115 31 118 91 123 78 42
split_gain=0.0824428 0.122991 0.0986721 0.106877 0.070207 0.0654968 0.0605261 0.0593011 0.0555048 0.0471303 0.0435527 0.038125 0.0353866 0.0288215
threshold=0.13360107690095904 44.582815170288093 0.50145685672760021 0.16564821451902392 -267.89274597167963 30.858586311340336 81.895030975341811 0.028984922915697101 618.17575073242199 0.15941108018159869 0.0010132278548553588 -1241.2652587890623 0.074902836233377471 1.0000000180025095e-35
decision_type=2 8 2 10 8 10 2 2 10 2 8 8 2 8
left_child=1 5 7 -4 -2 13 12 -3 9 11 -6 -9 -7 -1
right_child=4 2 3 -5 10 6 -8 8 -10 -11 -12 -13 -14 -15
leaf_value=0.0058841698047592981 0.0032215454992134025 -0.0026799121446343735 -0.012092192729868476 0.0078179578423097276 0.002066303073548448 -0.015436225585838077 0.0022821006863688151 -0.0014859312916754423 -0.0027912693602559842 -0.0021648725524127275 -0.016951954570691877 0.021310546222023802 0.0020419244621103032 -0.0034645333361031498
leaf_weight=1.0519186586607248 0.41548617087391904 0.18378007347564596 0.3660912308441765 0.39556317903043237 0.12982823426500523 0.82714619572288917 0.51662668415519875 0.064864552878134418 0.08198105764313357 0.065919934910198097 0.52880355566958315 1.1679059701273216 0.092390150188293774 0.54117902967846032
leaf_count=433 69 770 850 47 283 1505 154 5 160 459 981 1334 74 69
internal_value=-0.000577635 0.00231774 0.00917236 -0.0031837 -0.00917093 -0.0039159 -0.00924099 0.0140836 0.0165034 0.0184059 -0.0142175 0.0199828 -0.0135312 0.00259704
internal_weight=6.42948 5.35537 2.32611 0.761654 1.07412 3.02926 1.43616 1.56445 1.38067 1.29869 0.658632 1.23277 0.919536 1.5931
internal_count=7193 5860 3625 897 1333 2235 1733 2728 1958 1798 1264 1339 1579 502
is_linear=0
shrinkage=0.05


Tree=218
num_leaves=15
num_cat=0
split_feature=17 30 69 106 46 96 61 27 120 49 129 58 34 125
split_gain=0.117109 0.151055 0.116069 0.0841969 0.0628284 0.0566948 0.0414049 0.0357047 0.0316421 0.0283336 0.0270898 0.0264211 0.0252461 0.0214602
threshold=0.0010396881261840465 517.74331665039074 44.582815170288093 257.30628204345709 0.16695995628833774 0.0011552620562724771 55.288377761840827 7991.0905761718759 -249.49999999999997 0.00294115545693785 0.60777598619461071 272.41487121582037 1439.4903564453127 -162.99999999999997
decision_type=8 8 2 2 10 8 2 10 2 10 8 2 10 2
left_child=4 3 9 6 -1 -4 -2 10 -5 12 13 -10 -3 -7
right_child=1 2 5 8 -6 7 -8 -9 11 -11 -12 -13 -14 -15
leaf_value=-0.0031294648361180296 -0.0065998496296024722 -0.010776680845045114 -0.002075174852828402 -2.3465462328413559e-05 0.016059702058239918 -0.0012534116865250112 0.0054145228706102451 -0.0020078930726219776 0.0012130235012004626 0.0010262789092655188 -0.0013211076856475389 -0.021974667217399733 0.00064198169701263762 0.017706531131312472
leaf_weight=0.20965453908138432 0.29078742962155935 0.57222492126675228 0.44839602647698451 0.20843537031760206 0.47106048912974074 0.025672618816315662 0.61385075418365886 0.095552900653274375 0.024683209230715875 1.3957427710265617 0.076237585111812223 0.56772889007334015 0.54599501166376285 0.94535087195254142
leaf_count=496 74 1486 846 77 773 41 69 609 3 355 65 1808 105 359
internal_value=-1.82684e-05 -0.00293306 0.00255435 -0.0122035 0.011804 0.0102395 0.000115103 0.0137848 -0.0184556 -0.00383959 0.0155027 -0.0208535 -0.00753032 0.0168237
internal_weight=6.49137 5.81066 4.10517 1.70549 0.680715 1.59121 0.904638 1.14281 0.800847 2.51396 1.04726 0.592412 1.11822 0.971023
internal_count=7166 5897 3866 2031 1269 1920 143 1074 1888 1946 465 1811 1591 400
is_linear=0
shrinkage=0.05


Tree=219
num_leaves=15
num_cat=0
split_feature=123 17 9 60 120 90 116 51 3 129 96 108 14 80
split_gain=0.140518 0.139813 0.107888 0.073992 0.0628216 0.0601956 0.0419108 0.0395045 0.0353196 0.0267884 0.024563 0.0234626 0.0224486 0.0195803
threshold=-1241.2652587890623 0.0010724407620728018 0.66501650214195263 1305.149353027344 -10.499999999999998 0.1036001890897751 1.6071713566780093 3.5000000000000004 20.187676429748539 0.54387021064758312 0.28957584500312811 6.8527751864166944e-05 0.0062819088343530902 0.13714733719825747
decision_type=10 10 10 2 2 8 2 2 10 10 10 2 10 2
left_child=6 4 5 7 -2 -3 9 -4 -5 -1 -7 -6 13 -9
right_child=1 2 3 8 11 10 -8 12 -10 -11 -12 -13 -14 -15
leaf_value=-0.016806460290156616 -0.0024842654357985741 -0.017642644937014545 -0.0034639338878596272 -0.0094263375790545716 0.018192263564745636 -0.0051350075274946934 0.0019839951207098259 0.015112485394909718 0.00097365240613478919 0.0008929657529727188 0.0043663514303554285 -0.0012424816123483753 0.00082353951772859305 -0.00013254356860454709
leaf_weight=0.75671819165290777 0.24030055665207328 0.32547416692250375 0.1334527250946852 0.33511057728901539 0.71947496448410664 0.24948583339573827 0.1841419950578711 0.62718893907731377 1.6872180108111932 0.13328467583050951 0.493139676109422 0.037360599206294864 0.63214980298653245 0.2221155747101875
leaf_count=810 151 1981 265 2160 792 74 181 190 246 15 35 244 19 11
internal_value=-0.00137017 0.00231372 -0.00199872 0.00256145 0.0134748 -0.0112574 -0.0126138 0.00835472 -0.00329838 -0.0150858 5.93664e-05 0.0170717 0.0103863 0.0132098
internal_weight=6.77662 5.70247 4.70534 3.63724 0.997136 1.0681 1.07414 1.61491 2.02233 0.890003 0.742626 0.756836 1.48145 0.849305
internal_count=7174 6168 4981 2891 1187 2090 1006 485 2406 825 109 1036 220 201
is_linear=0
shrinkage=0.05


Tree=220
num_leaves=15
num_cat=0
split_feature=127 62 73 73 117 77 63 125 21 36 80 54 115 44
split_gain=0.122518 0.143107 0.104684 0.086262 0.0716672 0.053828 0.0445512 0.0287183 0.024582 0.022468 0.0188837 0.0153706 0.0149319 0.0140216
threshold=41.939849853515632 2.1316282072803009e-14 999.26354980468761 244.47453308105472 1.7500000000000002 0.010465727653354408 96.050815582275405 -38.499999999999993 0.0093884938396513479 1405.9577636718752 0.013201463967561724 1.0000000180025095e-35 0.028628574684262279 0.73916974663734447
decision_type=8 2 2 2 2 2 2 2 8 10 2 8 2 10
left_child=1 4 13 5 -1 -3 10 -6 -4 11 12 -8 -5 -2
right_child=2 3 8 6 7 -7 9 -9 -10 -11 -12 -13 -14 -15
leaf_value=-0.0033453309252768891 -0.016091228765359036 -0.014420657879234614 -0.0029934716803184445 -0.0011336085102948749 -0.0014933589542830395 0.002369438363654794 0.0023041191272381526 0.019330975698472544 0.0084361314097604525 0.0019979904792202284 -0.00017798841589429133 -0.0072096916557880869 0.012594563671778497 0.00091911612219500866
leaf_weight=0.15237225650344033 0.95759902834470245 0.5750476892681039 0.13090671712416224 0.052585926801839711 0.033606837510887999 0.33271728552062996 0.0477158154244538 0.71921749580360483 0.202817665420298 1.4074877570674287 0.439238645369187 0.6712095531183877 0.36990891114692204 0.018675921543035656
leaf_count=85 1040 3153 223 154 14 833 12 765 103 99 143 290 235 14
internal_value=-0.000638815 0.00331995 -0.0103039 -0.00175169 0.0146103 -0.0102504 0.00275299 0.0180797 0.00506986 -0.00154321 0.00848887 -0.00560516 0.0112902 -0.0154654
internal_weight=6.11111 4.80111 1.31 3.89591 0.905197 0.907765 2.98815 0.752824 0.333724 2.12641 0.861733 0.718925 0.422495 0.976275
internal_count=7163 5783 1380 4919 864 3986 933 779 326 401 532 302 389 1054
is_linear=0
shrinkage=0.05


Tree=221
num_leaves=15
num_cat=0
split_feature=65 51 53 9 43 5 120 24 85 71 124 129 62 125
split_gain=0.14529 0.125434 0.0908056 0.0529485 0.055505 0.0745281 0.0484483 0.0483246 0.0352005 0.0351105 0.0231917 0.0221688 0.0205182 0.0196599
threshold=58.707345962524421 3.5000000000000004 34.366773605346687 0.66501650214195263 0.96435630321502697 279.64814758300787 -143.49999999999997 1.2264957427978518 0.00052517766016535472 211.771598815918 -0.26599924266338343 0.60777598619461071 687.51232910156261 -252.49999999999997
decision_type=2 2 8 10 10 10 2 8 2 2 10 10 2 2
left_child=1 2 10 -3 5 -5 -2 11 12 -7 -1 13 -4 -8
right_child=6 3 8 4 -6 9 7 -9 -10 -11 -12 -13 -14 -15
leaf_value=-0.0034835138626177113 -0.0029389241769991184 -0.0066106849758263038 -0.019141526418962732 0.016362332892961119 -0.005426209679441487 -0.0031231520234198153 -0.0010540863892214113 -0.0021869678067343093 0.0019282402706511136 0.0057151887734853144 0.0073052120589776467 -0.001243379249749097 0.0011014485718460879 0.019233090160063315
leaf_weight=0.086180245532887056 0.11327844237530371 0.4451305808797773 0.85762263080323475 0.38155063136946488 0.37756444255501254 1.41460203112365 0.021187880076467991 0.13380478217368363 0.043311836838256568 1.1666218601312719 0.20520945859607276 0.025313786463811994 0.022459391155280173 0.77166380391281542
leaf_count=26 31 948 3040 297 1121 225 2 527 45 46 57 4 12 812
internal_value=0.00127256 -0.00282998 -0.0123711 0.00217714 0.00460147 0.00692618 0.0125757 0.0149816 -0.0168555 0.00135191 0.00388774 0.017448 -0.0183139 0.0184054
internal_weight=6.0655 5.00025 1.21478 3.78547 3.34034 2.96277 1.06525 0.95197 0.923394 2.58122 0.29139 0.818165 0.880082 0.792852
internal_count=7193 5817 3180 2637 1689 568 1376 1345 3097 271 83 818 3052 814
is_linear=0
shrinkage=0.05


Tree=222
num_leaves=15
num_cat=0
split_feature=116 116 64 8 117 76 122 120 129 1 46 17 128 81
split_gain=0.129278 0.130513 0.0952786 0.053572 0.0502396 0.0466924 0.0452726 0.0430778 0.0406752 0.0361283 0.0319063 0.0289351 0.0238977 0.0217844
threshold=1.3380094766616824 1.9211003780364992 969.91561889648449 51.232297897338874 51.250000000000007 0.66057851910591137 1.0000000180025095e-35 -5.4999999999999991 0.54387021064758312 12142.815917968752 0.55259269475936901 0.023125207051634792 913.62738037109386 0.039736840873956687
decision_type=2 2 2 10 2 2 8 2 10 2 10 8 10 2
left_child=2 7 4 11 5 8 -6 -2 10 13 12 -3 -1 -9
right_child=1 3 -4 -5 6 -7 -8 9 -10 -11 -12 -13 -14 -15
leaf_value=-0.021840431155332393 0.0010786754346833953 0.0074657454058097115 0.0065060039134215656 -0.0089094395272908463 0.0075823919319544884 0.00042847330076001408 -0.0063087060951722536 0.017955485958549448 0.0015386037741816645 -0.00084643531648748941 0.0015253623006595191 -0.0025619496104204234 0.0010877717528631856 4.1734361425629378e-05
leaf_weight=0.90087336313445099 1.1212692258304744 0.39057119711651478 0.18815377838473057 1.152203885183553 0.21385924628702913 0.35379362159437722 0.15685984092851868 0.87431467902206328 0.097546888086071704 0.24895197380101297 0.031440088903764263 0.7358430165477331 0.023637504680664279 0.19174169229518156
leaf_count=1197 222 464 235 3382 138 64 84 602 22 124 76 521 32 72
internal_value=-0.000680894 0.00379614 -0.00907722 -0.00403842 -0.0124746 -0.0151873 0.00139027 0.0101665 -0.0180864 0.0141022 -0.0198518 0.00279085 -0.0209936 0.0163132
internal_weight=6.68106 4.7149 1.96616 2.27862 1.77801 1.40729 0.370719 2.43628 1.0535 1.31501 0.955951 1.12641 0.924511 1.06606
internal_count=7235 5387 1848 4367 1613 1391 222 1020 1327 798 1305 985 1229 674
is_linear=0
shrinkage=0.05


Tree=223
num_leaves=15
num_cat=0
split_feature=78 69 80 25 116 91 120 134 97 97 35 128 115 128
split_gain=0.0995224 0.101929 0.0970282 0.076986 0.0530475 0.0454303 0.0505779 0.0416905 0.0401773 0.0365975 0.041788 0.0333202 0.0267431 0.0214028
threshold=0.13360107690095904 44.582815170288093 4.8645926653989597e-05 4242.7849121093759 1.3580807447433474 0.13122770190238955 -157.49999999999997 0.92711213231086742 0.69041669368743908 0.0069040064699947843 1423.0373535156252 -1.0000000180025095e-35 0.027868903242051605 -484.29939270019526
decision_type=2 2 2 8 2 10 2 2 10 10 10 10 2 8
left_child=1 4 3 5 11 6 -3 -4 -2 10 -6 13 -8 -1
right_child=8 2 7 -5 9 -7 12 -9 -10 -11 -12 -13 -14 -15
leaf_value=0.001103282775704341 -0.013657529459986573 -0.0020031720328835953 0.0034856863839124669 -0.0031495436928998116 -0.0093204397795686959 -0.00057930172488972762 -0.001165267835046546 -0.0082112699369122268 0.0028986548864811455 0.0046773176645157144 0.0031265751633409674 0.0023300423904343533 0.022724745313752279 -0.014983222941662308
leaf_weight=0.090688204465550371 0.80483137466217147 0.076306080736685544 0.82063820935582021 0.25723176137398707 0.50376894673900119 0.25773025030503049 0.024986414835439064 0.3900346315385832 0.081943641416728497 1.3376010451320324 0.54351080231572269 0.10253963014110956 0.77896574472106295 0.45769899809602066
leaf_count=32 1281 45 339 1509 1391 19 127 472 58 264 188 135 806 576
internal_value=-0.00139712 0.00165547 0.0075765 0.0135219 -0.00404502 0.0170008 0.0197186 -0.00229241 -0.0114022 0.000515178 -0.00448883 -0.0109446 0.0217479 -0.0133285
internal_weight=6.52848 5.6417 2.60589 1.39522 3.03581 1.13799 0.880258 1.21067 0.886775 2.38488 1.04728 0.650927 0.803952 0.548387
internal_count=7242 5903 3317 2506 2586 997 978 811 1339 1843 1579 743 933 608
is_linear=0
shrinkage=0.05


Tree=224
num_leaves=15
num_cat=0
split_feature=123 17 103 31 5 120 122 8 64 115 116 129 128 128
split_gain=0.13899 0.14448 0.0752494 0.0435478 0.0736638 0.041002 0.035721 0.0340735 0.034071 0.0298042 0.0250848 0.0234806 0.0240467 0.0244315
threshold=-1241.2652587890623 0.0010396881261840465 3.5000000000000004 224.89231109619143 274.71488952636724 -10.499999999999998 -42.071723937988274 48.658084869384773 999.26354980468761 0.7058580517768861 1.8933527469635012 0.54387021064758312 -1.0000000180025095e-35 4.2632564145606017e-14
decision_type=10 10 2 10 8 2 8 10 2 2 2 10 10 10
left_child=8 5 6 -4 -5 -2 -3 -8 11 -7 -6 12 -1 -14
right_child=1 2 3 4 10 9 7 -9 -10 -11 -12 -13 13 -15
leaf_value=-0.017616144743199655 -0.0013543375355628147 0.0014378137732581108 -0.0033322453131821544 0.014819316528550334 0.0033197611555238569 0.018390972322695751 0.00218962743236197 -0.016117090685427982 0.0024812560282761863 -0.0016719467817717243 -0.0049608238082603229 0.00095065718252713516 0.0051330097469909049 -0.0052559210189506997
leaf_weight=0.64958292899973447 0.20304160475643585 0.27811276273496333 1.6200366948833109 0.2567454936506689 0.97235781566996593 0.64470803103904462 0.048967785169224842 0.39351542856093147 0.058333775792561826 0.0335208035830874 0.72615005679836031 0.12375801331654657 0.11145106835465401 0.15472936034348095
leaf_count=724 138 154 1468 212 71 963 246 2638 29 19 263 17 42 221
internal_value=-0.00127633 0.00266202 -0.00197261 0.00172189 0.00562007 0.0142938 -0.0106503 -0.0139777 -0.0122645 0.016994 -0.000746846 -0.0139028 -0.0153586 -0.00028754
internal_weight=6.27501 5.17716 4.29589 3.57529 1.95525 0.88127 0.720596 0.442483 1.09786 0.678229 1.69851 1.03952 0.915763 0.26618
internal_count=7205 6172 5052 2014 546 1120 3038 2884 1033 982 334 1004 987 263
is_linear=0
shrinkage=0.05


Tree=225
num_leaves=15
num_cat=0
split_feature=65 67 52 47 120 128 85 115 78 40 67 82 58 48
split_gain=0.157702 0.110637 0.107114 0.0863252 0.0625659 0.0552391 0.0298205 0.041321 0.0347817 0.0369206 0.0272135 0.0239744 0.0222998 0.0186744
threshold=55.112583160400398 34.357757568359382 1.3452380895614626 0.31372407078742987 -185.49999999999997 94.814819335937514 0.01213235314935446 0.027506905607879165 0.13360107690095904 0.033491062000393874 37.743314743041999 0.0010772998211905362 523.61111450195324 1.4130000067780204e-06
decision_type=2 2 8 10 2 8 2 2 2 8 2 2 2 8
left_child=1 5 4 13 -2 6 7 -1 9 11 -5 -9 -4 -3
right_child=2 3 12 10 -6 -7 -8 8 -10 -11 -12 -13 -14 -15
leaf_value=-0.0027753948783189202 -0.0026793922811853797 0.0011503826355323808 0.0029550994522466456 -0.0059009452218904846 0.0202149812737379 -0.0064093377351225351 -0.0015037522652495692 0.017095040469522867 -0.0029091559744129636 0.00065756310376186217 0.0039519694621308358 -0.0014177795548440662 -0.0073185333728136978 -0.018691263842887048
leaf_weight=0.33409507082615197 0.10493952815886587 0.0085202473346723817 0.20454310043714952 0.13164696251624264 0.72714282736706048 0.54695987147715674 0.88968158862553526 0.64703674314659987 0.070046804001321905 0.64128365440410573 0.84526833400013857 0.034977803537913132 0.22976639057378634 0.73954419586516451
leaf_count=905 8 30 19 91 841 565 19 689 184 35 113 89 636 2969
internal_value=0.000554748 -0.00382804 0.0116984 -0.0112806 0.0174411 0.00196823 0.00500698 0.0076821 0.0103015 0.011952 0.000310917 0.0158672 -0.00379314 -0.0179365
internal_weight=6.15545 4.88906 1.26639 1.72498 0.832082 3.16408 2.61712 1.72744 1.39335 1.3233 0.976915 0.682015 0.434309 0.748064
internal_count=7193 5689 1504 3203 849 2486 1921 1902 997 813 204 778 655 2999
is_linear=0
shrinkage=0.05


Tree=226
num_leaves=15
num_cat=0
split_feature=30 124 68 44 69 99 129 31 46 93 41 45 121 1
split_gain=0.0948211 0.134503 0.123165 0.0896693 0.0579717 0.0530013 0.0443839 0.0425027 0.0374416 0.0334356 0.0308667 0.0264187 0.0250906 0.0230954
threshold=517.74331665039074 -1.0000000180025095e-35 133.97103118896487 0.010313056875020267 38.054365158081062 0.2201226279139519 0.16974841803312304 618.17575073242199 0.55259269475936901 0.64170813560485851 0.028131005354225639 0.19994306564331057 -5705.9794921874991 12142.815917968752
decision_type=10 10 2 8 2 8 10 10 10 10 10 10 2 2
left_child=1 9 5 -2 -5 -3 8 10 11 -1 13 -4 -7 -6
right_child=3 2 6 4 7 12 -8 -9 -10 -11 -12 -13 -14 -15
leaf_value=-0.017669514739666315 -0.007960094456073678 -0.0041351741968884935 -0.016007467779116834 -0.00016499197726754742 0.017439625038180157 -0.00071028692207210148 0.0036658268075516198 -0.0030200641207058249 0.0028788636256024355 0.0019367113651536884 6.9415756923412883e-06 0.00057857109988621903 0.01479525152776306 0.00014708176669429903
leaf_weight=0.80062187880685121 0.38228735047232509 0.087855622743517992 0.41234995958438947 1.6279476005365725 0.95670192905527052 0.20350154576590285 0.15799378805968445 0.087545752074220107 0.061015312006929889 0.040130250665242784 0.36859841618570488 0.20792150319903158 0.73170380332157958 0.23322832583653508
leaf_count=1136 2519 400 778 833 724 20 43 166 121 33 56 15 292 75
internal_value=-0.000618243 -0.00651989 0.00197668 0.00420802 0.00715883 0.0100183 -0.00794319 0.011727 -0.0112145 -0.0161899 0.013412 -0.013522 0.0127977 0.0156651
internal_weight=6.3594 2.70309 1.86234 3.65631 3.27402 1.02306 0.839281 1.64607 0.681287 0.840752 1.55853 0.620271 0.935205 1.18993
internal_count=7211 2838 1669 4373 1854 712 957 1021 914 1169 855 793 312 799
is_linear=0
shrinkage=0.05


Tree=227
num_leaves=15
num_cat=0
split_feature=17 123 63 115 136 73 34 46 73 114 128 82 1 119
split_gain=0.0723396 0.115833 0.109078 0.0657247 0.0546688 0.0479981 0.0473265 0.0464791 0.040754 0.0360571 0.0334561 0.0257389 0.0242242 0.0222511
threshold=0.0010396881261840465 -1328.8312988281248 8.9869537353515643 0.41566656529903417 1.0000000180025095e-35 270.66563415527349 261.97103881835943 0.0059461377095431098 1413.7432861328127 0.47462353110313421 786.60397338867199 0.0025919014587998395 60.486841201782234 0.066479537636041655
decision_type=10 10 2 2 2 2 10 10 2 2 10 2 2 2
left_child=1 4 5 -3 12 -2 7 8 10 -8 -4 -11 -1 -5
right_child=2 3 6 13 -6 -7 9 -9 -10 11 -12 -13 -14 -15
leaf_value=-0.0034447776528623193 -0.017395950651292777 -0.0026599116030732459 -0.013287449272525804 -0.0011608162166788841 -0.010847643301940969 0.0027477144653534008 -0.00072946393158058922 0.0034768015694820577 0.0031666432441510581 0.01078154862600076 0.0026029857677607026 -0.0017612689544382063 0.0075940673848941716 0.018848935484565604
leaf_weight=0.090315571462269872 0.43399100306487515 0.21169276803266235 0.79264935629544175 0.031003442119981628 0.31775998963712482 0.069793178750842344 1.703409068144538 0.60617040678698675 0.16592339817725588 0.8759283370709452 0.056763900611258578 0.20532967751205433 0.2581192347643082 0.64457480153942015
leaf_count=25 2256 255 1568 40 120 47 1268 219 92 228 20 54 105 844
internal_value=5.54915e-05 0.00708153 -0.00298958 0.0140831 -0.00509919 -0.0146338 0.000802391 -0.0044984 -0.00862235 0.00426206 -0.0113923 0.00869787 0.00430006 0.0177859
internal_weight=6.46342 1.55347 4.90996 0.887271 0.666195 0.503784 4.40617 1.62151 1.01534 2.78467 0.849413 1.08126 0.348435 0.675578
internal_count=7141 1389 5752 1139 250 2303 3449 1899 1680 1550 1588 282 130 884
is_linear=0
shrinkage=0.05


Tree=228
num_leaves=15
num_cat=0
split_feature=17 46 46 40 79 61 124 117 52 43 67 85 62 5
split_gain=0.0876312 0.113419 0.0695515 0.0572204 0.0571042 0.0518312 0.0441098 0.0689779 0.0366794 0.0270695 0.0174004 0.0171547 0.0168969 0.0195951
threshold=0.0010396881261840465 3.5814999819194786e-06 0.16695995628833774 0.19677419215440753 0.016001024283468727 268.60145568847662 0.20322173833847049 39.750000000000007 32.733333587646491 0.91404446959495556 32.575269699096687 0.051881721243262298 234.31866455078128 421.83279418945318
decision_type=8 10 10 8 2 2 10 2 8 10 2 2 2 8
left_child=2 4 -1 5 6 -3 7 9 10 11 -6 -2 13 -11
right_child=1 3 -4 -5 8 -7 -8 -9 -10 12 -12 -13 -14 -15
leaf_value=-0.0041411969487506117 -0.012705052485591329 -0.01877349334486221 0.014528966724066623 0.0010818006694063268 -0.00096654367377382888 0.0021984998987510337 0.006955141019711869 0.0047807760470120544 -0.0031307908757639371 -0.0078050759682387408 0.013755325437658698 9.0717505099102862e-05 0.0032688879286505569 0.0016103988687627135
leaf_weight=0.22079525095614361 0.85253351662322641 0.7141546770908459 0.46239065342524555 0.49171377963648422 0.089940062825917155 0.12455914659949485 0.26292038585961552 0.90824395783420175 0.071282520806562388 0.19262310465637689 0.40212855159188621 0.28865259053418413 0.52114555357547943 0.51607836002222029
leaf_count=526 466 1794 776 39 53 107 55 1047 286 1485 87 8 274 154
internal_value=-0.000622453 -0.0032043 0.00961954 -0.0120556 0.00146346 -0.0161571 -0.00163082 -0.00378366 0.00951757 -0.00750933 0.0122201 -0.0109377 -0.000849641 -0.00401885
internal_weight=6.11916 5.43598 0.683186 1.33043 4.10555 0.838714 3.5422 3.27928 0.563351 2.37103 0.492069 1.14119 1.22985 0.708701
internal_count=7157 5855 1302 1940 3915 1901 3489 3434 426 2387 140 474 1913 1639
is_linear=0
shrinkage=0.05


Tree=229
num_leaves=15
num_cat=0
split_feature=116 116 95 123 30 114 122 130 120 1 35 127 81 84
split_gain=0.0942407 0.1382 0.108841 0.0653546 0.0547275 0.0486118 0.0443459 0.0359008 0.0342011 0.026431 0.0203629 0.0195042 0.0177444 0.0164323
threshold=1.3380094766616824 1.9211003780364992 0.57055988907814037 256.94978332519537 1221.9670410156252 0.47068931162357336 -224.60557556152341 0.0075967577286064633 -5.4999999999999991 13080.527832031252 1423.0373535156252 -176.55372619628903 0.043167702853679664 0.020468011498451236
decision_type=2 2 8 8 10 2 8 2 2 2 10 8 2 2
left_child=2 8 6 -4 -3 10 -1 -5 -2 12 13 -8 -10 -6
right_child=1 4 3 7 5 -7 11 -9 9 -11 -12 -13 -14 -15
leaf_value=0.0023389892814853703 0.00088216295418334272 -0.01226617229339811 0.0098989214122634905 -0.0097403787308134489 -0.010074492957450235 0.0071754674147545341 0.00076334769964699436 0.003581835801567733 0.016395153641958132 -0.00067589995096843311 0.00072593884682379119 -0.019235416664481437 2.1330624681493837e-05 0.0018740835114027677
leaf_weight=0.068022438659681939 0.94105266205951954 0.41028180512512369 0.39098935038782667 0.2602657251409255 0.27196464265944065 0.57216616441655777 0.051924664359830786 0.18031659949338064 0.91532521883345885 0.21397541640908446 0.8819624285606551 0.60761865615131649 0.18396328357630409 0.023849228171457071
leaf_count=49 220 1982 378 50 1708 392 51 31 582 131 252 1242 69 49
internal_value=-0.000735432 0.00309757 -0.00855781 0.00312384 -0.00491964 0.000636958 -0.0159891 -0.00558647 0.00993115 0.013231 -0.00437576 -0.0181497 0.0149705 -0.00840832
internal_weight=5.97368 4.41454 1.55914 0.831572 2.16022 1.74994 0.727566 0.440582 2.25432 1.31326 1.17778 0.659543 1.09929 0.295814
internal_count=7186 5385 1801 459 4383 2401 1342 81 1002 782 2009 1293 651 1757
is_linear=0
shrinkage=0.05


Tree=230
num_leaves=15
num_cat=0
split_feature=61 91 9 137 91 62 64 32 108 129 129 79 116 78
split_gain=0.0772345 0.090013 0.117487 0.0914009 0.0628628 0.0420263 0.0585067 0.0334829 0.0287928 0.0305409 0.0265303 0.0252102 0.020445 0.0180973
threshold=54.919898986816413 0.0010408111847937109 0.66501650214195263 89.115234375000014 0.15586910396814349 225.41595458984378 30.832298278808597 268.08662414550787 3.4695249269134372e-05 -0.55527138710021962 0.60777598619461071 0.023392613045871261 1.9824637174606325 0.00025927028036676353
decision_type=2 10 10 2 8 2 2 10 2 8 10 2 2 2
left_child=5 3 4 8 7 6 -1 -3 9 -2 -11 13 -13 -4
right_child=1 2 11 -5 -6 -7 -8 -9 -10 10 -12 12 -14 -15
leaf_value=0.0026076877195166555 -0.0017108635835710155 -0.018505770302693934 0.0023465295047261883 -0.005081588596687333 0.0012874066477663489 0.0026382512177716387 -0.015122595056345361 0.0018268353899903002 -0.0016996160892283542 0.019381323127012316 -0.0014009361036290936 0.01064913684558866 -0.0017288156636964679 -0.0043621045662510663
leaf_weight=0.28227372228138825 0.036178263369947672 0.45048929630866008 2.2347759282420165 0.21176900297723478 0.52291117569257051 0.2872610887097834 0.77709756854528678 0.042605155453202315 0.044447534695791546 0.70552814156690125 0.028606427367776632 0.38847709223773552 0.11777339330001269 0.46250681956735196
leaf_count=404 2 1819 147 106 72 558 2623 34 190 727 4 82 131 314
internal_value=-0.000940152 0.00208069 -0.00170755 0.010811 -0.0113974 -0.00858014 -0.0114261 -0.0167021 0.0154657 0.0168567 0.0182306 0.00334589 0.00853355 0.000327508
internal_weight=6.5927 5.24607 4.21954 1.02653 1.01601 1.34663 1.05937 0.493094 0.81476 0.770313 0.734135 3.20353 0.50625 2.69728
internal_count=7213 3628 2599 1029 1925 3585 3027 1853 923 733 731 674 213 461
is_linear=0
shrinkage=0.05


Tree=231
num_leaves=15
num_cat=0
split_feature=69 78 27 51 125 123 97 46 30 44 35 18 119 73
split_gain=0.0896268 0.0933102 0.0870815 0.0718587 0.0635481 0.0413387 0.0379903 0.0362509 0.0361533 0.0287842 0.0290602 0.0252641 0.0206947 0.0181505
threshold=44.582815170288093 0.13360107690095904 2711.0456542968755 2.5000000000000004 -105.49999999999999 -93.437553405761705 2.0410750039445705e-05 0.55259269475936901 1267.110046386719 0.19723790138959887 1423.0373535156252 0.51094514131546032 0.071829076856374754 260.99748229980474
decision_type=2 2 8 2 2 8 8 10 10 10 10 10 2 2
left_child=3 2 4 11 -2 -3 -6 -7 -4 10 -5 -1 -8 -10
right_child=1 5 8 9 6 7 12 -9 13 -11 -12 -13 -14 -15
leaf_value=-0.015374400436710145 -0.0032634183534959865 0.002862982974808928 -0.0073358860528708386 -0.0073986872727626902 -0.0020822026237132508 -0.01351065524565403 0.00099104571069611835 0.0028570343283610255 -0.0028840964942493971 0.0050337630711879289 0.0015664905542925008 0.0017264707058685725 0.01974629684712248 0.0065710441834075572
leaf_weight=0.61475197055187925 0.14529701071296575 0.3973485925271234 0.4058061449213709 0.81188484065569433 0.052210097834177405 0.29456739838497004 0.27862943938816898 0.060384150128811598 0.099590024681674549 0.6100363735022255 1.2427260465556171 0.035543894919101149 0.93067432130919769 0.40185667121841107
leaf_count=1101 66 107 1143 1319 39 1022 26 67 963 71 153 17 872 176
internal_value=-0.000825909 0.00460597 0.00880787 -0.00575345 0.0139032 -0.00596948 0.0164491 -0.0106726 -0.00224013 -0.000487856 -0.0032385 -0.0139599 0.0178295 0.00402301
internal_weight=6.38131 3.06636 2.31406 3.31494 1.40681 0.7523 1.26151 0.354952 0.907253 2.66465 2.05461 0.650296 1.2093 0.501447
internal_count=7142 4481 3285 2661 1003 1196 937 1089 2282 1543 1472 1118 898 1139
is_linear=0
shrinkage=0.05


Tree=232
num_leaves=15
num_cat=0
split_feature=128 17 124 123 67 123 125 127 31 96 48 119 107 115
split_gain=0.111334 0.0830496 0.0561184 0.0621664 0.0536468 0.0467202 0.0389648 0.038868 0.03077 0.0316439 0.0220472 0.020709 0.0179181 0.0188035
threshold=34.491918563842781 0.0010724407620728018 0.27687054872512823 0.31586590409278875 34.357757568359382 -1.0000000180025095e-35 -304.49999999999994 -44.666765213012688 286.14962768554693 0.0088359639048576372 1.6559999949095074e-06 0.087680689990520491 587.25695800781261 0.028628574684262279
decision_type=8 10 10 8 2 10 2 10 10 10 8 2 2 2
left_child=1 6 3 5 8 -2 -1 -6 12 -10 -5 -9 -3 -14
right_child=2 4 -4 10 7 -7 -8 11 9 -11 -12 -13 13 -15
leaf_value=-0.0026696492241879994 -0.005424231570803884 -0.0034248424477305211 0.003426023404377249 0.00091769051068969613 0.0015727885734496639 0.0077026364229740955 0.014974195753234908 0.0013011325140252496 -0.0025544093907630913 0.010653901538629848 -0.016944354054058908 -0.012322527862003335 -0.0030059830783357691 0.0069364752947794518
leaf_weight=0.058626185506000184 0.54918175266357139 1.2216260627974413 0.38041858960787056 0.081743230693973712 0.75560150143792282 0.20822062421575549 0.67423753657931218 0.12751992539415336 0.17629580158245506 0.71595276865991764 0.86524606419698102 0.50495232245521038 0.070570936590229283 0.21352134918197407
leaf_count=72 432 535 57 99 87 136 980 266 218 128 988 2391 530 236
internal_value=-0.000550359 0.00376799 -0.00809773 -0.0109856 -0.000302755 0.000514033 0.0128367 -0.00599503 0.00378685 0.00807338 -0.0157231 -0.0104613 -0.000961511 0.00404912
internal_weight=6.60371 4.5189 2.08481 1.70439 3.78604 0.757402 0.732864 1.38807 2.39797 0.892249 0.946989 0.632472 1.50572 0.284092
internal_count=7155 5443 1712 1655 4391 568 1052 2744 1647 346 1087 2657 1301 766
is_linear=0
shrinkage=0.05


Tree=233
num_leaves=15
num_cat=0
split_feature=34 68 127 5 7 49 127 46 123 122 116 76 35 18
split_gain=0.0943304 0.0919095 0.113307 0.072278 0.0880381 0.0442591 0.0405917 0.0339069 0.0284067 0.0281497 0.0249234 0.0243217 0.0218447 0.0175213
threshold=264.14735412597662 133.97103118896487 -1.7053025658242402e-13 261.97103881835943 44.582815170288093 0.00294115545693785 -105.22142410278319 0.55259269475936901 -1.7053025658242402e-13 607.27377319335949 1.9267941713333132 0.014516166877001526 133.3161315917969 0.22929443418979648
decision_type=10 2 10 8 8 10 8 10 10 10 2 2 10 8
left_child=1 2 8 5 -5 -2 -3 9 12 -8 -4 -6 -1 -10
right_child=3 6 10 4 11 -7 7 -9 13 -11 -12 -13 -14 -15
leaf_value=-0.012759972169416151 -0.010992334595849151 0.00069850745977026408 0.011931773662092714 -0.00061185277113092081 0.016695834612567153 0.0041171239083564615 -0.019592048038614297 0.0018782696747604917 -0.0035199870027639345 0.0012995966781346683 -0.0021412661459052989 4.7712564134317941e-05 0.0009473302801643285 0.0056224604880702874
leaf_weight=0.42156757626071339 0.35322887460279195 0.29974445211701095 0.62353475570853356 1.9841512626881015 0.55822666743188154 0.11723230180723476 0.82013194230239583 0.038945722655626014 0.079145349816826638 0.047093135824979981 0.06024539087593439 0.26201996454619803 0.20269659769837745 0.13889544599805959
leaf_count=442 2367 86 348 298 642 406 1931 47 146 55 304 80 2 49
internal_value=-0.00210633 -0.00769926 0.00107138 0.00326909 0.00637427 -0.00698785 -0.0142526 -0.0169701 -0.00781358 -0.0183691 0.0101565 0.0143256 -0.0104662 0.00213853
internal_weight=6.00686 2.732 1.52609 3.27486 2.8044 0.470461 1.20592 0.906171 0.842305 0.867225 0.68378 0.820247 0.624264 0.218041
internal_count=7203 3410 1291 3793 1020 2773 2119 2033 639 1986 652 722 444 195
is_linear=0
shrinkage=0.05


Tree=234
num_leaves=15
num_cat=0
split_feature=127 127 73 49 137 35 125 97 124 52 79 27 33 115
split_gain=0.0985667 0.0940653 0.06709 0.0558216 0.0592084 0.0457524 0.0431113 0.0355415 0.0312111 0.0171383 0.0117301 0.0117215 0.0110988 0.00987845
threshold=0.87090134620666515 -1.7053025658242402e-13 999.26354980468761 0.0058646474499255427 94.584484100341811 1413.9710083007815 -6.4999999999999991 0.69041669368743908 0.0035444113891571765 55.523809432983406 0.087337911128997817 4176.7595214843759 24.230171203613285 0.038500431925058372
decision_type=8 10 2 8 2 10 2 10 8 8 2 10 8 2
left_child=1 6 5 -3 11 7 13 12 -4 -8 -7 -5 -2 -1
right_child=2 3 8 4 -6 10 9 -9 -10 -11 -12 -13 -14 -15
leaf_value=0.00036098737964327749 0.0006981083983368312 -0.0034122988001972564 0.0070381873823073832 0.019516936616320642 -0.0028680611326333681 -0.0025728069616915406 0.0040188312905273206 0.002193509358431421 -0.0035734685230132662 -0.0036842501630412021 0.0042808720714984268 -0.00062209634600621537 -0.016501515109861212 -0.0092349641765447493
leaf_weight=0.24332651749864531 0.015843133864109515 0.085610106583771883 0.44154099443403527 0.60111303174198838 0.094814923824742436 0.47191574328098784 1.9894753315384153 0.05658169210073527 0.47993979548482457 0.10378645332821168 0.097409271729702596 0.012597442226251587 1.001971057139599 0.36905688257320435
leaf_count=733 4 444 215 742 68 411 832 22 267 711 35 173 2210 248
internal_value=-0.000667073 0.00433969 -0.0067992 0.0132512 0.0160834 -0.0110064 -0.00114603 -0.0144663 0.0025279 0.00256932 0.000580449 0.0189742 -0.0160205 -0.00756294
internal_weight=6.06498 3.49978 2.5652 0.794136 0.708525 1.64372 2.70565 1.0744 0.921481 2.09326 0.569325 0.61371 1.01781 0.612383
internal_count=7115 3951 3164 1427 983 2682 2524 2236 482 1543 446 915 2214 981
is_linear=0
shrinkage=0.05


Tree=235
num_leaves=15
num_cat=0
split_feature=103 21 73 38 127 93 9 31 34 84 4 96 3 81
split_gain=0.110098 0.138107 0.105728 0.0935835 0.0463137 0.0340129 0.0436189 0.043263 0.0199662 0.0198241 0.0282864 0.0209237 0.017227 0.0141781
threshold=3.5000000000000004 0.67113015055656444 999.26354980468761 0.65989691019058239 -143.43685150146482 0.016667738556861881 0.66501650214195263 224.89231109619143 274.68342590332037 0.0013080495409667494 32.696172714233406 0.0050922869704663762 47.370885848999031 0.090097405016422286
decision_type=2 10 2 10 8 10 10 10 8 2 10 10 8 2
left_child=1 2 3 4 -1 6 -2 12 -4 10 11 -9 -8 -13
right_child=5 -3 8 -5 -6 -7 7 9 -10 -11 -12 13 -14 -15
leaf_value=0.001364742289381322 -0.0067759232746932409 0.0080900150390682754 -0.0030123329854887825 0.0022864966811770742 -0.022848135618089002 0.010273191020377314 -0.0072878503918058475 -0.0013442705020111671 0.0073997471553069547 0.00062649132087616057 -0.00096971090266726985 0.015355777579831122 0.00093464922215677709 -8.342725062515553e-05
leaf_weight=0.099024897746858187 0.5239797096801343 0.26348120253533114 0.06400217496411631 0.30706108782760555 1.07993044646355 0.25662287890736468 0.18577327363163942 0.075434841492097227 0.20333974750974448 1.176148661834304 0.35539810406044126 0.405256350444688 0.95924167141492955 0.15426905834465288
leaf_count=58 628 488 203 517 3246 234 1042 64 225 108 104 168 60 4
internal_value=-0.00158318 -0.00898728 -0.0135597 -0.0173104 -0.0211214 0.00311431 0.000609848 0.00307903 0.00449704 0.00634321 0.00940659 0.0122552 -0.00317505 0.013775
internal_weight=6.10896 2.01684 1.75336 1.48602 1.17896 4.09212 3.8355 3.31152 0.267342 2.16651 0.990358 0.63496 1.14501 0.559525
internal_count=7149 4737 4249 3821 3304 2412 2178 1550 428 448 340 236 1102 172
is_linear=0
shrinkage=0.05


end of trees

feature_importances:
Column_127=138
Column_123=132
Column_124=105
Column_128=92
Column_115=83
Column_125=79
Column_85=78
Column_122=73
Column_116=69
Column_73=67
Column_52=61
Column_49=60
Column_120=60
Column_129=60
Column_17=52
Column_46=52
Column_65=52
Column_91=52
Column_137=52
Column_35=50
Column_93=47
Column_31=44
Column_71=44
Column_33=42
Column_7=41
Column_69=40
Column_78=38
Column_18=37
Column_61=35
Column_67=35
Column_34=34
Column_48=34
Column_126=34
Column_99=31
Column_32=30
Column_44=30
Column_50=30
Column_108=29
Column_25=28
Column_30=28
Column_45=27
Column_103=27
Column_3=25
Column_62=25
Column_4=24
Column_89=24
Column_101=24
Column_6=23
Column_36=23
Column_9=22
Column_38=21
Column_97=21
Column_117=21
Column_27=20
Column_95=20
Column_2=18
Column_5=18
Column_90=17
Column_96=17
Column_53=16
Column_81=16
Column_118=16
Column_119=16
Column_14=15
Column_59=15
Column_106=15
Column_43=14
Column_51=13
Column_58=13
Column_1=12
Column_8=12
Column_16=12
Column_37=12
Column_47=12
Column_63=12
Column_98=12
Column_114=12
Column_133=12
Column_11=11
Column_19=11
Column_20=11
Column_40=11
Column_64=11
Column_70=11
Column_121=11
Column_134=11
Column_21=10
Column_22=10
Column_54=10
Column_68=10
Column_94=10
Column_60=9
Column_80=9
Column_110=9
Column_10=8
Column_88=8
Column_55=7
Column_77=7
Column_92=7
Column_111=7
Column_113=7
Column_132=7
Column_12=6
Column_39=6
Column_66=6
Column_72=6
Column_76=6
Column_79=6
Column_82=6
Column_86=6
Column_26=5
Column_100=5
Column_107=5
Column_109=5
Column_136=5
Column_23=4
Column_75=4
Column_84=4
Column_104=4
Column_24=3
Column_42=3
Column_74=3
Column_87=3
Column_28=2
Column_29=2
Column_41=2
Column_56=2
Column_130=2
Column_0=1
Column_13=1
Column_83=1
Column_102=1

parameters:
[boosting: gbdt]
[objective: cross_entropy]
[metric: cross_entropy]
[tree_learner: serial]
[device_type: cpu]
[data_sample_strategy: bagging]
[data: ]
[valid: ]
[num_iterations: 236]
[learning_rate: 0.05]
[num_leaves: 15]
[num_threads: 4]
[seed: 26006]
[deterministic: 1]
[force_col_wise: 0]
[force_row_wise: 1]
[histogram_pool_size: -1]
[max_depth: -1]
[min_data_in_leaf: 10]
[min_sum_hessian_in_leaf: 0.001]
[bagging_fraction: 0.8]
[pos_bagging_fraction: 1]
[neg_bagging_fraction: 1]
[bagging_freq: 1]
[bagging_seed: 19736]
[bagging_by_query: 0]
[feature_fraction: 0.8]
[feature_fraction_bynode: 1]
[feature_fraction_seed: 22478]
[extra_trees: 0]
[extra_seed: 25246]
[early_stopping_round: 0]
[early_stopping_min_delta: 0]
[first_metric_only: 0]
[max_delta_step: 0]
[lambda_l1: 0]
[lambda_l2: 1]
[linear_lambda: 0]
[min_gain_to_split: 0]
[drop_rate: 0.1]
[max_drop: 50]
[skip_drop: 0.5]
[xgboost_dart_mode: 0]
[uniform_drop: 0]
[drop_seed: 12177]
[top_rate: 0.2]
[other_rate: 0.1]
[min_data_per_group: 100]
[max_cat_threshold: 32]
[cat_l2: 10]
[cat_smooth: 10]
[max_cat_to_onehot: 4]
[top_k: 20]
[monotone_constraints: ]
[monotone_constraints_method: basic]
[monotone_penalty: 0]
[feature_contri: ]
[forcedsplits_filename: ]
[refit_decay_rate: 0.9]
[cegb_tradeoff: 1]
[cegb_penalty_split: 0]
[cegb_penalty_feature_lazy: ]
[cegb_penalty_feature_coupled: ]
[path_smooth: 0]
[interaction_constraints: ]
[verbosity: -1]
[saved_feature_importance_type: 0]
[use_quantized_grad: 0]
[num_grad_quant_bins: 4]
[quant_train_renew_leaf: 0]
[stochastic_rounding: 1]
[linear_tree: 0]
[max_bin: 255]
[max_bin_by_feature: ]
[min_data_in_bin: 3]
[bin_construct_sample_cnt: 200000]
[data_random_seed: 19427]
[is_enable_sparse: 1]
[enable_bundle: 1]
[use_missing: 1]
[zero_as_missing: 0]
[feature_pre_filter: 1]
[pre_partition: 0]
[two_round: 0]
[header: 0]
[label_column: ]
[weight_column: ]
[group_column: ]
[ignore_column: ]
[categorical_feature: ]
[forcedbins_filename: ]
[precise_float_parser: 0]
[parser_config_file: ]
[objective_seed: 10829]
[num_class: 1]
[is_unbalance: 0]
[scale_pos_weight: 1]
[sigmoid: 1]
[boost_from_average: 1]
[reg_sqrt: 0]
[alpha: 0.9]
[fair_c: 1]
[poisson_max_delta_step: 0.7]
[tweedie_variance_power: 1.5]
[lambdarank_truncation_level: 30]
[lambdarank_norm: 1]
[label_gain: ]
[lambdarank_position_bias_regularization: 0]
[eval_at: ]
[multi_error_top_k: 1]
[auc_mu_weights: ]
[num_machines: 1]
[local_listen_port: 12400]
[time_out: 120]
[machine_list_filename: ]
[machines: ]
[gpu_platform_id: -1]
[gpu_device_id: -1]
[gpu_device_id_list: ]
[gpu_use_dp: 0]
[num_gpu: 1]

end of parameters

pandas_categorical:null
